departureTime,travelTime,totalDeltaV,longWay,departureDate,travelDuration
838814400,10368000,18111.473,False,"2026-08-01 00:00:00 UTC","120d, 00:00:00"
838814400,10783594.937,16870.151,False,"2026-08-01 00:00:00 UTC","124d, 19:26:34"
838814400,11199189.873,15707.721,False,"2026-08-01 00:00:00 UTC","129d, 14:53:09"
838814400,11614784.81,14617.353,False,"2026-08-01 00:00:00 UTC","134d, 10:19:44"
838814400,12030379.747,13593.423,False,"2026-08-01 00:00:00 UTC","139d, 05:46:19"
838814400,12445974.684,12631.29,False,"2026-08-01 00:00:00 UTC","144d, 01:12:54"
838814400,12861569.62,11727.121,False,"2026-08-01 00:00:00 UTC","148d, 20:39:29"
838814400,13277164.557,10877.734,False,"2026-08-01 00:00:00 UTC","153d, 16:06:04"
838814400,13692759.494,10080.479,False,"2026-08-01 00:00:00 UTC","158d, 11:32:39"
838814400,14108354.43,9333.136,False,"2026-08-01 00:00:00 UTC","163d, 06:59:14"
838814400,14523949.367,8633.823,False,"2026-08-01 00:00:00 UTC","168d, 02:25:49"
838814400,14939544.304,7980.926,False,"2026-08-01 00:00:00 UTC","172d, 21:52:24"
838814400,15355139.241,7373.029,False,"2026-08-01 00:00:00 UTC","177d, 17:18:59"
838814400,15770734.177,6808.861,False,"2026-08-01 00:00:00 UTC","182d, 12:45:34"
838814400,16186329.114,6287.243,False,"2026-08-01 00:00:00 UTC","187d, 08:12:09"
838814400,16601924.051,5807.043,False,"2026-08-01 00:00:00 UTC","192d, 03:38:44"
838814400,17017518.987,5367.131,False,"2026-08-01 00:00:00 UTC","196d, 23:05:18"
838814400,17433113.924,4966.342,False,"2026-08-01 00:00:00 UTC","201d, 18:31:53"
838814400,17848708.861,4603.441,False,"2026-08-01 00:00:00 UTC","206d, 13:58:28"
838814400,18264303.797,4277.087,False,"2026-08-01 00:00:00 UTC","211d, 09:25:03"
838814400,18679898.734,3985.805,False,"2026-08-01 00:00:00 UTC","216d, 04:51:38"
838814400,19095493.671,3727.956,False,"2026-08-01 00:00:00 UTC","221d, 00:18:13"
838814400,19511088.608,3501.716,False,"2026-08-01 00:00:00 UTC","225d, 19:44:48"
838814400,19926683.544,3305.056,False,"2026-08-01 00:00:00 UTC","230d, 15:11:23"
838814400,20342278.481,3135.727,False,"2026-08-01 00:00:00 UTC","235d, 10:37:58"
838814400,20757873.418,2991.251,False,"2026-08-01 00:00:00 UTC","240d, 06:04:33"
838814400,21173468.354,2868.917,False,"2026-08-01 00:00:00 UTC","245d, 01:31:08"
838814400,21589063.291,2765.766,False,"2026-08-01 00:00:00 UTC","249d, 20:57:43"
838814400,22004658.228,2678.555,False,"2026-08-01 00:00:00 UTC","254d, 16:24:18"
838814400,22420253.165,2603.63,False,"2026-08-01 00:00:00 UTC","259d, 11:50:53"
838814400,22835848.101,2536.57,False,"2026-08-01 00:00:00 UTC","264d, 07:17:28"
838814400,23251443.038,2471.197,False,"2026-08-01 00:00:00 UTC","269d, 02:44:03"
838814400,23667037.975,2396.529,False,"2026-08-01 00:00:00 UTC","273d, 22:10:37"
838814400,24082632.911,2286.228,False,"2026-08-01 00:00:00 UTC","278d, 17:37:12"
838814400,24498227.848,2133.675,False,"2026-08-01 00:00:00 UTC","283d, 13:03:47"
838814400,24913822.785,4177.988,True,"2026-08-01 00:00:00 UTC","288d, 08:30:22"
838814400,25329417.722,2921.304,True,"2026-08-01 00:00:00 UTC","293d, 03:56:57"
838814400,25745012.658,2728.883,True,"2026-08-01 00:00:00 UTC","297d, 23:23:32"
838814400,26160607.595,2650.657,True,"2026-08-01 00:00:00 UTC","302d, 18:50:07"
838814400,26576202.532,2607.602,True,"2026-08-01 00:00:00 UTC","307d, 14:16:42"
838814400,26991797.468,2580.221,True,"2026-08-01 00:00:00 UTC","312d, 09:43:17"
838814400,27407392.405,2561.422,True,"2026-08-01 00:00:00 UTC","317d, 05:09:52"
838814400,27822987.342,2548.06,True,"2026-08-01 00:00:00 UTC","322d, 00:36:27"
838814400,28238582.278,2538.615,True,"2026-08-01 00:00:00 UTC","326d, 20:03:02"
838814400,28654177.215,2532.389,True,"2026-08-01 00:00:00 UTC","331d, 15:29:37"
838814400,29069772.152,2529.186,True,"2026-08-01 00:00:00 UTC","336d, 10:56:12"
838814400,29485367.089,2529.198,True,"2026-08-01 00:00:00 UTC","341d, 06:22:47"
838814400,29900962.025,2532.972,True,"2026-08-01 00:00:00 UTC","346d, 01:49:22"
838814400,30316556.962,2541.431,True,"2026-08-01 00:00:00 UTC","350d, 21:15:56"
838814400,30732151.899,2555.916,True,"2026-08-01 00:00:00 UTC","355d, 16:42:31"
838814400,31147746.835,2578.248,True,"2026-08-01 00:00:00 UTC","360d, 12:09:06"
838814400,31563341.772,2610.787,True,"2026-08-01 00:00:00 UTC","365d, 07:35:41"
838814400,31978936.709,2656.489,True,"2026-08-01 00:00:00 UTC","370d, 03:02:16"
838814400,32394531.646,2718.954,True,"2026-08-01 00:00:00 UTC","374d, 22:28:51"
838814400,32810126.582,2802.474,True,"2026-08-01 00:00:00 UTC","379d, 17:55:26"
838814400,33225721.519,2912.083,True,"2026-08-01 00:00:00 UTC","384d, 13:22:01"
838814400,33641316.456,3053.636,True,"2026-08-01 00:00:00 UTC","389d, 08:48:36"
838814400,34056911.392,3233.938,True,"2026-08-01 00:00:00 UTC","394d, 04:15:11"
838814400,34472506.329,3460.945,True,"2026-08-01 00:00:00 UTC","398d, 23:41:46"
838814400,34888101.266,3744.07,True,"2026-08-01 00:00:00 UTC","403d, 19:08:21"
838814400,35303696.203,4094.618,True,"2026-08-01 00:00:00 UTC","408d, 14:34:56"
838814400,35719291.139,4526.384,True,"2026-08-01 00:00:00 UTC","413d, 10:01:31"
838814400,36134886.076,5056.466,True,"2026-08-01 00:00:00 UTC","418d, 05:28:06"
838814400,36550481.013,5706.346,True,"2026-08-01 00:00:00 UTC","423d, 00:54:41"
838814400,36966075.949,6503.309,True,"2026-08-01 00:00:00 UTC","427d, 20:21:15"
838814400,37381670.886,7482.245,True,"2026-08-01 00:00:00 UTC","432d, 15:47:50"
838814400,37797265.823,8687.743,True,"2026-08-01 00:00:00 UTC","437d, 11:14:25"
838814400,38212860.759,10176.012,True,"2026-08-01 00:00:00 UTC","442d, 06:41:00"
838814400,38628455.696,12015.167,True,"2026-08-01 00:00:00 UTC","447d, 02:07:35"
838814400,39044050.633,14280.224,True,"2026-08-01 00:00:00 UTC","451d, 21:34:10"
838814400,39459645.57,17035.328,True,"2026-08-01 00:00:00 UTC","456d, 17:00:45"
838814400,39875240.506,20292.812,True,"2026-08-01 00:00:00 UTC","461d, 12:27:20"
838814400,40290835.443,23948.984,True,"2026-08-01 00:00:00 UTC","466d, 07:53:55"
838814400,40706430.38,27739.181,True,"2026-08-01 00:00:00 UTC","471d, 03:20:30"
838814400,41122025.316,28841.067,False,"2026-08-01 00:00:00 UTC","475d, 22:47:05"
838814400,41537620.253,28211.235,False,"2026-08-01 00:00:00 UTC","480d, 18:13:40"
838814400,41953215.19,27577.836,False,"2026-08-01 00:00:00 UTC","485d, 13:40:15"
838814400,42368810.127,26941.782,False,"2026-08-01 00:00:00 UTC","490d, 09:06:50"
838814400,42784405.063,26303.992,False,"2026-08-01 00:00:00 UTC","495d, 04:33:25"
838814400,43200000,25665.387,False,"2026-08-01 00:00:00 UTC","500d, 00:00:00"
840090713.924,10368000,15593.316,False,"2026-08-15 18:31:53 UTC","120d, 00:00:00"
840090713.924,10783594.937,14416.061,False,"2026-08-15 18:31:53 UTC","124d, 19:26:34"
840090713.924,11199189.873,13319.863,False,"2026-08-15 18:31:53 UTC","129d, 14:53:09"
840090713.924,11614784.81,12298.137,False,"2026-08-15 18:31:53 UTC","134d, 10:19:44"
840090713.924,12030379.747,11345.455,False,"2026-08-15 18:31:53 UTC","139d, 05:46:19"
840090713.924,12445974.684,10457.331,False,"2026-08-15 18:31:53 UTC","144d, 01:12:54"
840090713.924,12861569.62,9630.036,False,"2026-08-15 18:31:53 UTC","148d, 20:39:29"
840090713.924,13277164.557,8860.457,False,"2026-08-15 18:31:53 UTC","153d, 16:06:04"
840090713.924,13692759.494,8145.966,False,"2026-08-15 18:31:53 UTC","158d, 11:32:39"
840090713.924,14108354.43,7484.317,False,"2026-08-15 18:31:53 UTC","163d, 06:59:14"
840090713.924,14523949.367,6873.553,False,"2026-08-15 18:31:53 UTC","168d, 02:25:49"
840090713.924,14939544.304,6311.92,False,"2026-08-15 18:31:53 UTC","172d, 21:52:24"
840090713.924,15355139.241,5797.79,False,"2026-08-15 18:31:53 UTC","177d, 17:18:59"
840090713.924,15770734.177,5329.596,False,"2026-08-15 18:31:53 UTC","182d, 12:45:34"
840090713.924,16186329.114,4905.763,False,"2026-08-15 18:31:53 UTC","187d, 08:12:09"
840090713.924,16601924.051,4524.65,False,"2026-08-15 18:31:53 UTC","192d, 03:38:44"
840090713.924,17017518.987,4184.487,False,"2026-08-15 18:31:53 UTC","196d, 23:05:18"
840090713.924,17433113.924,3883.331,False,"2026-08-15 18:31:53 UTC","201d, 18:31:53"
840090713.924,17848708.861,3619.015,False,"2026-08-15 18:31:53 UTC","206d, 13:58:28"
840090713.924,18264303.797,3389.119,False,"2026-08-15 18:31:53 UTC","211d, 09:25:03"
840090713.924,18679898.734,3190.94,False,"2026-08-15 18:31:53 UTC","216d, 04:51:38"
840090713.924,19095493.671,3021.49,False,"2026-08-15 18:31:53 UTC","221d, 00:18:13"
840090713.924,19511088.608,2877.51,False,"2026-08-15 18:31:53 UTC","225d, 19:44:48"
840090713.924,19926683.544,2755.496,False,"2026-08-15 18:31:53 UTC","230d, 15:11:23"
840090713.924,20342278.481,2651.746,False,"2026-08-15 18:31:53 UTC","235d, 10:37:58"
840090713.924,20757873.418,2562.399,False,"2026-08-15 18:31:53 UTC","240d, 06:04:33"
840090713.924,21173468.354,2483.445,False,"2026-08-15 18:31:53 UTC","245d, 01:31:08"
840090713.924,21589063.291,2410.674,False,"2026-08-15 18:31:53 UTC","249d, 20:57:43"
840090713.924,22004658.228,2339.576,False,"2026-08-15 18:31:53 UTC","254d, 16:24:18"
840090713.924,22420253.165,2265.434,False,"2026-08-15 18:31:53 UTC","259d, 11:50:53"
840090713.924,22835848.101,2185.603,False,"2026-08-15 18:31:53 UTC","264d, 07:17:28"
840090713.924,23251443.038,2120.215,False,"2026-08-15 18:31:53 UTC","269d, 02:44:03"
840090713.924,23667037.975,2328.943,False,"2026-08-15 18:31:53 UTC","273d, 22:10:37"
840090713.924,24082632.911,6206.695,False,"2026-08-15 18:31:53 UTC","278d, 17:37:12"
840090713.924,24498227.848,5110.973,True,"2026-08-15 18:31:53 UTC","283d, 13:03:47"
840090713.924,24913822.785,3596.795,True,"2026-08-15 18:31:53 UTC","288d, 08:30:22"
840090713.924,25329417.722,3161.066,True,"2026-08-15 18:31:53 UTC","293d, 03:56:57"
840090713.924,25745012.658,2956.986,True,"2026-08-15 18:31:53 UTC","297d, 23:23:32"
840090713.924,26160607.595,2838.579,True,"2026-08-15 18:31:53 UTC","302d, 18:50:07"
840090713.924,26576202.532,2760.735,True,"2026-08-15 18:31:53 UTC","307d, 14:16:42"
840090713.924,26991797.468,2705.234,True,"2026-08-15 18:31:53 UTC","312d, 09:43:17"
840090713.924,27407392.405,2663.438,True,"2026-08-15 18:31:53 UTC","317d, 05:09:52"
840090713.924,27822987.342,2630.834,True,"2026-08-15 18:31:53 UTC","322d, 00:36:27"
840090713.924,28238582.278,2604.963,True,"2026-08-15 18:31:53 UTC","326d, 20:03:02"
840090713.924,28654177.215,2584.548,True,"2026-08-15 18:31:53 UTC","331d, 15:29:37"
840090713.924,29069772.152,2569.105,True,"2026-08-15 18:31:53 UTC","336d, 10:56:12"
840090713.924,29485367.089,2558.783,True,"2026-08-15 18:31:53 UTC","341d, 06:22:47"
840090713.924,29900962.025,2554.331,True,"2026-08-15 18:31:53 UTC","346d, 01:49:22"
840090713.924,30316556.962,2557.113,True,"2026-08-15 18:31:53 UTC","350d, 21:15:56"
840090713.924,30732151.899,2569.166,True,"2026-08-15 18:31:53 UTC","355d, 16:42:31"
840090713.924,31147746.835,2593.243,True,"2026-08-15 18:31:53 UTC","360d, 12:09:06"
840090713.924,31563341.772,2632.848,True,"2026-08-15 18:31:53 UTC","365d, 07:35:41"
840090713.924,31978936.709,2692.239,True,"2026-08-15 18:31:53 UTC","370d, 03:02:16"
840090713.924,32394531.646,2776.424,True,"2026-08-15 18:31:53 UTC","374d, 22:28:51"
840090713.924,32810126.582,2891.153,True,"2026-08-15 18:31:53 UTC","379d, 17:55:26"
840090713.924,33225721.519,3042.965,True,"2026-08-15 18:31:53 UTC","384d, 13:22:01"
840090713.924,33641316.456,3239.306,True,"2026-08-15 18:31:53 UTC","389d, 08:48:36"
840090713.924,34056911.392,3488.759,True,"2026-08-15 18:31:53 UTC","394d, 04:15:11"
840090713.924,34472506.329,3801.397,True,"2026-08-15 18:31:53 UTC","398d, 23:41:46"
840090713.924,34888101.266,4189.289,True,"2026-08-15 18:31:53 UTC","403d, 19:08:21"
840090713.924,35303696.203,4667.169,True,"2026-08-15 18:31:53 UTC","408d, 14:34:56"
840090713.924,35719291.139,5253.315,True,"2026-08-15 18:31:53 UTC","413d, 10:01:31"
840090713.924,36134886.076,5970.692,True,"2026-08-15 18:31:53 UTC","418d, 05:28:06"
840090713.924,36550481.013,6848.386,True,"2026-08-15 18:31:53 UTC","423d, 00:54:41"
840090713.924,36966075.949,7923.323,True,"2026-08-15 18:31:53 UTC","427d, 20:21:15"
840090713.924,37381670.886,9242.006,True,"2026-08-15 18:31:53 UTC","432d, 15:47:50"
840090713.924,37797265.823,10861.472,True,"2026-08-15 18:31:53 UTC","437d, 11:14:25"
840090713.924,38212860.759,12847.311,True,"2026-08-15 18:31:53 UTC","442d, 06:41:00"
840090713.924,38628455.696,15264.124,True,"2026-08-15 18:31:53 UTC","447d, 02:07:35"
840090713.924,39044050.633,18150.621,True,"2026-08-15 18:31:53 UTC","451d, 21:34:10"
840090713.924,39459645.57,21473.104,True,"2026-08-15 18:31:53 UTC","456d, 17:00:45"
840090713.924,39875240.506,25071.314,True,"2026-08-15 18:31:53 UTC","461d, 12:27:20"
840090713.924,40290835.443,28673.05,False,"2026-08-15 18:31:53 UTC","466d, 07:53:55"
840090713.924,40706430.38,28045.929,False,"2026-08-15 18:31:53 UTC","471d, 03:20:30"
840090713.924,41122025.316,27415.023,False,"2026-08-15 18:31:53 UTC","475d, 22:47:05"
840090713.924,41537620.253,26781.263,False,"2026-08-15 18:31:53 UTC","480d, 18:13:40"
840090713.924,41953215.19,26145.586,False,"2026-08-15 18:31:53 UTC","485d, 13:40:15"
840090713.924,42368810.127,25508.929,False,"2026-08-15 18:31:53 UTC","490d, 09:06:50"
840090713.924,42784405.063,24872.23,False,"2026-08-15 18:31:53 UTC","495d, 04:33:25"
840090713.924,43200000,24236.42,False,"2026-08-15 18:31:53 UTC","500d, 00:00:00"
841367027.848,10368000,13099.283,False,"2026-08-30 13:03:47 UTC","120d, 00:00:00"
841367027.848,10783594.937,12006.273,False,"2026-08-30 13:03:47 UTC","124d, 19:26:34"
841367027.848,11199189.873,10996.635,False,"2026-08-30 13:03:47 UTC","129d, 14:53:09"
841367027.848,11614784.81,10064.085,False,"2026-08-30 13:03:47 UTC","134d, 10:19:44"
841367027.848,12030379.747,9203.429,False,"2026-08-30 13:03:47 UTC","139d, 05:46:19"
841367027.848,12445974.684,8410.348,False,"2026-08-30 13:03:47 UTC","144d, 01:12:54"
841367027.848,12861569.62,7681.211,False,"2026-08-30 13:03:47 UTC","148d, 20:39:29"
841367027.848,13277164.557,7012.922,False,"2026-08-30 13:03:47 UTC","153d, 16:06:04"
841367027.848,13692759.494,6402.782,False,"2026-08-30 13:03:47 UTC","158d, 11:32:39"
841367027.848,14108354.43,5848.366,False,"2026-08-30 13:03:47 UTC","163d, 06:59:14"
841367027.848,14523949.367,5347.408,False,"2026-08-30 13:03:47 UTC","168d, 02:25:49"
841367027.848,14939544.304,4897.699,False,"2026-08-30 13:03:47 UTC","172d, 21:52:24"
841367027.848,15355139.241,4496.984,False,"2026-08-30 13:03:47 UTC","177d, 17:18:59"
841367027.848,15770734.177,4142.876,False,"2026-08-30 13:03:47 UTC","182d, 12:45:34"
841367027.848,16186329.114,3832.776,False,"2026-08-30 13:03:47 UTC","187d, 08:12:09"
841367027.848,16601924.051,3563.815,False,"2026-08-30 13:03:47 UTC","192d, 03:38:44"
841367027.848,17017518.987,3332.814,False,"2026-08-30 13:03:47 UTC","196d, 23:05:18"
841367027.848,17433113.924,3136.278,False,"2026-08-30 13:03:47 UTC","201d, 18:31:53"
841367027.848,17848708.861,2970.429,False,"2026-08-30 13:03:47 UTC","206d, 13:58:28"
841367027.848,18264303.797,2831.274,False,"2026-08-30 13:03:47 UTC","211d, 09:25:03"
841367027.848,18679898.734,2714.717,False,"2026-08-30 13:03:47 UTC","216d, 04:51:38"
841367027.848,19095493.671,2616.692,False,"2026-08-30 13:03:47 UTC","221d, 00:18:13"
841367027.848,19511088.608,2533.294,False,"2026-08-30 13:03:47 UTC","225d, 19:44:48"
841367027.848,19926683.544,2460.897,False,"2026-08-30 13:03:47 UTC","230d, 15:11:23"
841367027.848,20342278.481,2396.259,False,"2026-08-30 13:03:47 UTC","235d, 10:37:58"
841367027.848,20757873.418,2336.68,False,"2026-08-30 13:03:47 UTC","240d, 06:04:33"
841367027.848,21173468.354,2280.457,False,"2026-08-30 13:03:47 UTC","245d, 01:31:08"
841367027.848,21589063.291,2228.5,False,"2026-08-30 13:03:47 UTC","249d, 20:57:43"
841367027.848,22004658.228,2190.477,False,"2026-08-30 13:03:47 UTC","254d, 16:24:18"
841367027.848,22420253.165,2210.849,False,"2026-08-30 13:03:47 UTC","259d, 11:50:53"
841367027.848,22835848.101,2493.063,False,"2026-08-30 13:03:47 UTC","264d, 07:17:28"
841367027.848,23251443.038,4012.134,False,"2026-08-30 13:03:47 UTC","269d, 02:44:03"
841367027.848,23667037.975,25097.545,True,"2026-08-30 13:03:47 UTC","273d, 22:10:37"
841367027.848,24082632.911,5196.394,True,"2026-08-30 13:03:47 UTC","278d, 17:37:12"
841367027.848,24498227.848,3910.348,True,"2026-08-30 13:03:47 UTC","283d, 13:03:47"
841367027.848,24913822.785,3418.112,True,"2026-08-30 13:03:47 UTC","288d, 08:30:22"
841367027.848,25329417.722,3159.592,True,"2026-08-30 13:03:47 UTC","293d, 03:56:57"
841367027.848,25745012.658,3000.206,True,"2026-08-30 13:03:47 UTC","297d, 23:23:32"
841367027.848,26160607.595,2891.271,True,"2026-08-30 13:03:47 UTC","302d, 18:50:07"
841367027.848,26576202.532,2811.239,True,"2026-08-30 13:03:47 UTC","307d, 14:16:42"
841367027.848,26991797.468,2749.292,True,"2026-08-30 13:03:47 UTC","312d, 09:43:17"
841367027.848,27407392.405,2699.538,True,"2026-08-30 13:03:47 UTC","317d, 05:09:52"
841367027.848,27822987.342,2658.649,True,"2026-08-30 13:03:47 UTC","322d, 00:36:27"
841367027.848,28238582.278,2624.791,True,"2026-08-30 13:03:47 UTC","326d, 20:03:02"
841367027.848,28654177.215,2597.139,True,"2026-08-30 13:03:47 UTC","331d, 15:29:37"
841367027.848,29069772.152,2575.68,True,"2026-08-30 13:03:47 UTC","336d, 10:56:12"
841367027.848,29485367.089,2561.157,True,"2026-08-30 13:03:47 UTC","341d, 06:22:47"
841367027.848,29900962.025,2555.111,True,"2026-08-30 13:03:47 UTC","346d, 01:49:22"
841367027.848,30316556.962,2559.941,True,"2026-08-30 13:03:47 UTC","350d, 21:15:56"
841367027.848,30732151.899,2578.95,True,"2026-08-30 13:03:47 UTC","355d, 16:42:31"
841367027.848,31147746.835,2616.347,True,"2026-08-30 13:03:47 UTC","360d, 12:09:06"
841367027.848,31563341.772,2677.182,True,"2026-08-30 13:03:47 UTC","365d, 07:35:41"
841367027.848,31978936.709,2767.262,True,"2026-08-30 13:03:47 UTC","370d, 03:02:16"
841367027.848,32394531.646,2893.081,True,"2026-08-30 13:03:47 UTC","374d, 22:28:51"
841367027.848,32810126.582,3061.831,True,"2026-08-30 13:03:47 UTC","379d, 17:55:26"
841367027.848,33225721.519,3281.549,True,"2026-08-30 13:03:47 UTC","384d, 13:22:01"
841367027.848,33641316.456,3561.403,True,"2026-08-30 13:03:47 UTC","389d, 08:48:36"
841367027.848,34056911.392,3912.128,True,"2026-08-30 13:03:47 UTC","394d, 04:15:11"
841367027.848,34472506.329,4346.616,True,"2026-08-30 13:03:47 UTC","398d, 23:41:46"
841367027.848,34888101.266,4880.657,True,"2026-08-30 13:03:47 UTC","403d, 19:08:21"
841367027.848,35303696.203,5533.881,True,"2026-08-30 13:03:47 UTC","408d, 14:34:56"
841367027.848,35719291.139,6330.934,True,"2026-08-30 13:03:47 UTC","413d, 10:01:31"
841367027.848,36134886.076,7302.877,True,"2026-08-30 13:03:47 UTC","418d, 05:28:06"
841367027.848,36550481.013,8488.7,True,"2026-08-30 13:03:47 UTC","423d, 00:54:41"
841367027.848,36966075.949,9936.442,True,"2026-08-30 13:03:47 UTC","427d, 20:21:15"
841367027.848,37381670.886,11702.628,True,"2026-08-30 13:03:47 UTC","432d, 15:47:50"
841367027.848,37797265.823,13847.092,True,"2026-08-30 13:03:47 UTC","437d, 11:14:25"
841367027.848,38212860.759,16417.773,True,"2026-08-30 13:03:47 UTC","442d, 06:41:00"
841367027.848,38628455.696,19418.923,True,"2026-08-30 13:03:47 UTC","447d, 02:07:35"
841367027.848,39044050.633,22764.331,True,"2026-08-30 13:03:47 UTC","451d, 21:34:10"
841367027.848,39459645.57,26245.039,True,"2026-08-30 13:03:47 UTC","456d, 17:00:45"
841367027.848,39875240.506,27877.06,False,"2026-08-30 13:03:47 UTC","461d, 12:27:20"
841367027.848,40290835.443,27249.057,False,"2026-08-30 13:03:47 UTC","466d, 07:53:55"
841367027.848,40706430.38,26618.032,False,"2026-08-30 13:03:47 UTC","471d, 03:20:30"
841367027.848,41122025.316,25984.939,False,"2026-08-30 13:03:47 UTC","475d, 22:47:05"
841367027.848,41537620.253,25350.731,False,"2026-08-30 13:03:47 UTC","480d, 18:13:40"
841367027.848,41953215.19,24716.363,False,"2026-08-30 13:03:47 UTC","485d, 13:40:15"
841367027.848,42368810.127,24082.778,False,"2026-08-30 13:03:47 UTC","490d, 09:06:50"
841367027.848,42784405.063,23450.913,False,"2026-08-30 13:03:47 UTC","495d, 04:33:25"
841367027.848,43200000,22821.687,False,"2026-08-30 13:03:47 UTC","500d, 00:00:00"
842643341.772,10368000,10713.772,False,"2026-09-14 07:35:41 UTC","120d, 00:00:00"
842643341.772,10783594.937,9729.813,False,"2026-09-14 07:35:41 UTC","124d, 19:26:34"
842643341.772,11199189.873,8831.923,False,"2026-09-14 07:35:41 UTC","129d, 14:53:09"
842643341.772,11614784.81,8014.129,False,"2026-09-14 07:35:41 UTC","134d, 10:19:44"
842643341.772,12030379.747,7271.424,False,"2026-09-14 07:35:41 UTC","139d, 05:46:19"
842643341.772,12445974.684,6599.536,False,"2026-09-14 07:35:41 UTC","144d, 01:12:54"
842643341.772,12861569.62,5994.718,False,"2026-09-14 07:35:41 UTC","148d, 20:39:29"
842643341.772,13277164.557,5453.566,False,"2026-09-14 07:35:41 UTC","153d, 16:06:04"
842643341.772,13692759.494,4972.844,False,"2026-09-14 07:35:41 UTC","158d, 11:32:39"
842643341.772,14108354.43,4549.334,False,"2026-09-14 07:35:41 UTC","163d, 06:59:14"
842643341.772,14523949.367,4179.698,False,"2026-09-14 07:35:41 UTC","168d, 02:25:49"
842643341.772,14939544.304,3860.37,False,"2026-09-14 07:35:41 UTC","172d, 21:52:24"
842643341.772,15355139.241,3587.481,False,"2026-09-14 07:35:41 UTC","177d, 17:18:59"
842643341.772,15770734.177,3356.837,False,"2026-09-14 07:35:41 UTC","182d, 12:45:34"
842643341.772,16186329.114,3163.948,False,"2026-09-14 07:35:41 UTC","187d, 08:12:09"
842643341.772,16601924.051,3004.127,False,"2026-09-14 07:35:41 UTC","192d, 03:38:44"
842643341.772,17017518.987,2872.635,False,"2026-09-14 07:35:41 UTC","196d, 23:05:18"
842643341.772,17433113.924,2764.855,False,"2026-09-14 07:35:41 UTC","201d, 18:31:53"
842643341.772,17848708.861,2676.464,False,"2026-09-14 07:35:41 UTC","206d, 13:58:28"
842643341.772,18264303.797,2603.571,False,"2026-09-14 07:35:41 UTC","211d, 09:25:03"
842643341.772,18679898.734,2542.797,False,"2026-09-14 07:35:41 UTC","216d, 04:51:38"
842643341.772,19095493.671,2491.337,False,"2026-09-14 07:35:41 UTC","221d, 00:18:13"
842643341.772,19511088.608,2447.029,False,"2026-09-14 07:35:41 UTC","225d, 19:44:48"
842643341.772,19926683.544,2408.583,False,"2026-09-14 07:35:41 UTC","230d, 15:11:23"
842643341.772,20342278.481,2376.217,False,"2026-09-14 07:35:41 UTC","235d, 10:37:58"
842643341.772,20757873.418,2353.49,False,"2026-09-14 07:35:41 UTC","240d, 06:04:33"
842643341.772,21173468.354,2352.734,False,"2026-09-14 07:35:41 UTC","245d, 01:31:08"
842643341.772,21589063.291,2412.536,False,"2026-09-14 07:35:41 UTC","249d, 20:57:43"
842643341.772,22004658.228,2659.47,False,"2026-09-14 07:35:41 UTC","254d, 16:24:18"
842643341.772,22420253.165,3541.904,False,"2026-09-14 07:35:41 UTC","259d, 11:50:53"
842643341.772,22835848.101,7546.267,False,"2026-09-14 07:35:41 UTC","264d, 07:17:28"
842643341.772,23251443.038,9854.674,True,"2026-09-14 07:35:41 UTC","269d, 02:44:03"
842643341.772,23667037.975,5053.207,True,"2026-09-14 07:35:41 UTC","273d, 22:10:37"
842643341.772,24082632.911,4011.737,True,"2026-09-14 07:35:41 UTC","278d, 17:37:12"
842643341.772,24498227.848,3542.206,True,"2026-09-14 07:35:41 UTC","283d, 13:03:47"
842643341.772,24913822.785,3275.289,True,"2026-09-14 07:35:41 UTC","288d, 08:30:22"
842643341.772,25329417.722,3101.868,True,"2026-09-14 07:35:41 UTC","293d, 03:56:57"
842643341.772,25745012.658,2978.408,True,"2026-09-14 07:35:41 UTC","297d, 23:23:32"
842643341.772,26160607.595,2884.5,True,"2026-09-14 07:35:41 UTC","302d, 18:50:07"
842643341.772,26576202.532,2809.53,True,"2026-09-14 07:35:41 UTC","307d, 14:16:42"
842643341.772,26991797.468,2747.613,True,"2026-09-14 07:35:41 UTC","312d, 09:43:17"
842643341.772,27407392.405,2695.398,True,"2026-09-14 07:35:41 UTC","317d, 05:09:52"
842643341.772,27822987.342,2651.053,True,"2026-09-14 07:35:41 UTC","322d, 00:36:27"
842643341.772,28238582.278,2613.803,True,"2026-09-14 07:35:41 UTC","326d, 20:03:02"
842643341.772,28654177.215,2583.739,True,"2026-09-14 07:35:41 UTC","331d, 15:29:37"
842643341.772,29069772.152,2561.816,True,"2026-09-14 07:35:41 UTC","336d, 10:56:12"
842643341.772,29485367.089,2549.919,True,"2026-09-14 07:35:41 UTC","341d, 06:22:47"
842643341.772,29900962.025,2550.964,True,"2026-09-14 07:35:41 UTC","346d, 01:49:22"
842643341.772,30316556.962,2568.941,True,"2026-09-14 07:35:41 UTC","350d, 21:15:56"
842643341.772,30732151.899,2608.864,True,"2026-09-14 07:35:41 UTC","355d, 16:42:31"
842643341.772,31147746.835,2676.629,True,"2026-09-14 07:35:41 UTC","360d, 12:09:06"
842643341.772,31563341.772,2778.824,True,"2026-09-14 07:35:41 UTC","365d, 07:35:41"
842643341.772,31978936.709,2922.606,True,"2026-09-14 07:35:41 UTC","370d, 03:02:16"
842643341.772,32394531.646,3115.724,True,"2026-09-14 07:35:41 UTC","374d, 22:28:51"
842643341.772,32810126.582,3366.725,True,"2026-09-14 07:35:41 UTC","379d, 17:55:26"
842643341.772,33225721.519,3685.344,True,"2026-09-14 07:35:41 UTC","384d, 13:22:01"
842643341.772,33641316.456,4083.035,True,"2026-09-14 07:35:41 UTC","389d, 08:48:36"
842643341.772,34056911.392,4573.634,True,"2026-09-14 07:35:41 UTC","394d, 04:15:11"
842643341.772,34472506.329,5174.166,True,"2026-09-14 07:35:41 UTC","398d, 23:41:46"
842643341.772,34888101.266,5905.819,True,"2026-09-14 07:35:41 UTC","403d, 19:08:21"
842643341.772,35303696.203,6795.111,True,"2026-09-14 07:35:41 UTC","408d, 14:34:56"
842643341.772,35719291.139,7875.182,True,"2026-09-14 07:35:41 UTC","413d, 10:01:31"
842643341.772,36134886.076,9186.892,True,"2026-09-14 07:35:41 UTC","418d, 05:28:06"
842643341.772,36550481.013,10778.921,True,"2026-09-14 07:35:41 UTC","423d, 00:54:41"
842643341.772,36966075.949,12704.938,True,"2026-09-14 07:35:41 UTC","427d, 20:21:15"
842643341.772,37381670.886,15014.142,True,"2026-09-14 07:35:41 UTC","432d, 15:47:50"
842643341.772,37797265.823,17729.746,True,"2026-09-14 07:35:41 UTC","437d, 11:14:25"
842643341.772,38212860.759,20812.696,True,"2026-09-14 07:35:41 UTC","442d, 06:41:00"
842643341.772,38628455.696,24123.606,True,"2026-09-14 07:35:41 UTC","447d, 02:07:35"
842643341.772,39044050.633,27711.126,False,"2026-09-14 07:35:41 UTC","451d, 21:34:10"
842643341.772,39459645.57,27086.296,False,"2026-09-14 07:35:41 UTC","456d, 17:00:45"
842643341.772,39875240.506,26458.306,False,"2026-09-14 07:35:41 UTC","461d, 12:27:20"
842643341.772,40290835.443,25828.126,False,"2026-09-14 07:35:41 UTC","466d, 07:53:55"
842643341.772,40706430.38,25196.724,False,"2026-09-14 07:35:41 UTC","471d, 03:20:30"
842643341.772,41122025.316,24565.067,False,"2026-09-14 07:35:41 UTC","475d, 22:47:05"
842643341.772,41537620.253,23934.113,False,"2026-09-14 07:35:41 UTC","480d, 18:13:40"
842643341.772,41953215.19,23304.811,False,"2026-09-14 07:35:41 UTC","485d, 13:40:15"
842643341.772,42368810.127,22678.093,False,"2026-09-14 07:35:41 UTC","490d, 09:06:50"
842643341.772,42784405.063,22054.871,False,"2026-09-14 07:35:41 UTC","495d, 04:33:25"
842643341.772,43200000,21436.034,False,"2026-09-14 07:35:41 UTC","500d, 00:00:00"
843919655.696,10368000,8559.48,False,"2026-09-29 02:07:35 UTC","120d, 00:00:00"
843919655.696,10783594.937,7716.052,False,"2026-09-29 02:07:35 UTC","124d, 19:26:34"
843919655.696,11199189.873,6961.71,False,"2026-09-29 02:07:35 UTC","129d, 14:53:09"
843919655.696,11614784.81,6290.481,False,"2026-09-29 02:07:35 UTC","134d, 10:19:44"
843919655.696,12030379.747,5697.059,False,"2026-09-29 02:07:35 UTC","139d, 05:46:19"
843919655.696,12445974.684,5176.532,False,"2026-09-29 02:07:35 UTC","144d, 01:12:54"
843919655.696,12861569.62,4724.132,False,"2026-09-29 02:07:35 UTC","148d, 20:39:29"
843919655.696,13277164.557,4335.042,False,"2026-09-29 02:07:35 UTC","153d, 16:06:04"
843919655.696,13692759.494,4004.248,False,"2026-09-29 02:07:35 UTC","158d, 11:32:39"
843919655.696,14108354.43,3726.461,False,"2026-09-29 02:07:35 UTC","163d, 06:59:14"
843919655.696,14523949.367,3496.126,False,"2026-09-29 02:07:35 UTC","168d, 02:25:49"
843919655.696,14939544.304,3307.513,False,"2026-09-29 02:07:35 UTC","172d, 21:52:24"
843919655.696,15355139.241,3154.877,False,"2026-09-29 02:07:35 UTC","177d, 17:18:59"
843919655.696,15770734.177,3032.656,False,"2026-09-29 02:07:35 UTC","182d, 12:45:34"
843919655.696,16186329.114,2935.646,False,"2026-09-29 02:07:35 UTC","187d, 08:12:09"
843919655.696,16601924.051,2859.143,False,"2026-09-29 02:07:35 UTC","192d, 03:38:44"
843919655.696,17017518.987,2799.016,False,"2026-09-29 02:07:35 UTC","196d, 23:05:18"
843919655.696,17433113.924,2751.721,False,"2026-09-29 02:07:35 UTC","201d, 18:31:53"
843919655.696,17848708.861,2714.294,False,"2026-09-29 02:07:35 UTC","206d, 13:58:28"
843919655.696,18264303.797,2684.364,False,"2026-09-29 02:07:35 UTC","211d, 09:25:03"
843919655.696,18679898.734,2660.224,False,"2026-09-29 02:07:35 UTC","216d, 04:51:38"
843919655.696,19095493.671,2641.06,False,"2026-09-29 02:07:35 UTC","221d, 00:18:13"
843919655.696,19511088.608,2627.532,False,"2026-09-29 02:07:35 UTC","225d, 19:44:48"
843919655.696,19926683.544,2623.209,False,"2026-09-29 02:07:35 UTC","230d, 15:11:23"
843919655.696,20342278.481,2638.314,False,"2026-09-29 02:07:35 UTC","235d, 10:37:58"
843919655.696,20757873.418,2700.287,False,"2026-09-29 02:07:35 UTC","240d, 06:04:33"
843919655.696,21173468.354,2886.697,False,"2026-09-29 02:07:35 UTC","245d, 01:31:08"
843919655.696,21589063.291,3439.184,False,"2026-09-29 02:07:35 UTC","249d, 20:57:43"
843919655.696,22004658.228,5279.613,False,"2026-09-29 02:07:35 UTC","254d, 16:24:18"
843919655.696,22420253.165,22840.022,False,"2026-09-29 02:07:35 UTC","259d, 11:50:53"
843919655.696,22835848.101,7287.107,True,"2026-09-29 02:07:35 UTC","264d, 07:17:28"
843919655.696,23251443.038,4846.142,True,"2026-09-29 02:07:35 UTC","269d, 02:44:03"
843919655.696,23667037.975,4021.865,True,"2026-09-29 02:07:35 UTC","273d, 22:10:37"
843919655.696,24082632.911,3604.983,True,"2026-09-29 02:07:35 UTC","278d, 17:37:12"
843919655.696,24498227.848,3351.189,True,"2026-09-29 02:07:35 UTC","283d, 13:03:47"
843919655.696,24913822.785,3177.197,True,"2026-09-29 02:07:35 UTC","288d, 08:30:22"
843919655.696,25329417.722,3047.471,True,"2026-09-29 02:07:35 UTC","293d, 03:56:57"
843919655.696,25745012.658,2944.724,True,"2026-09-29 02:07:35 UTC","297d, 23:23:32"
843919655.696,26160607.595,2859.806,True,"2026-09-29 02:07:35 UTC","302d, 18:50:07"
843919655.696,26576202.532,2787.637,True,"2026-09-29 02:07:35 UTC","307d, 14:16:42"
843919655.696,26991797.468,2725.387,True,"2026-09-29 02:07:35 UTC","312d, 09:43:17"
843919655.696,27407392.405,2671.615,True,"2026-09-29 02:07:35 UTC","317d, 05:09:52"
843919655.696,27822987.342,2625.884,True,"2026-09-29 02:07:35 UTC","322d, 00:36:27"
843919655.696,28238582.278,2588.633,True,"2026-09-29 02:07:35 UTC","326d, 20:03:02"
843919655.696,28654177.215,2561.223,True,"2026-09-29 02:07:35 UTC","331d, 15:29:37"
843919655.696,29069772.152,2546.053,True,"2026-09-29 02:07:35 UTC","336d, 10:56:12"
843919655.696,29485367.089,2546.69,True,"2026-09-29 02:07:35 UTC","341d, 06:22:47"
843919655.696,29900962.025,2567.898,True,"2026-09-29 02:07:35 UTC","346d, 01:49:22"
843919655.696,30316556.962,2615.521,True,"2026-09-29 02:07:35 UTC","350d, 21:15:56"
843919655.696,30732151.899,2696.227,True,"2026-09-29 02:07:35 UTC","355d, 16:42:31"
843919655.696,31147746.835,2817.244,True,"2026-09-29 02:07:35 UTC","360d, 12:09:06"
843919655.696,31563341.772,2986.229,True,"2026-09-29 02:07:35 UTC","365d, 07:35:41"
843919655.696,31978936.709,3211.354,True,"2026-09-29 02:07:35 UTC","370d, 03:02:16"
843919655.696,32394531.646,3501.633,True,"2026-09-29 02:07:35 UTC","374d, 22:28:51"
843919655.696,32810126.582,3867.415,True,"2026-09-29 02:07:35 UTC","379d, 17:55:26"
843919655.696,33225721.519,4321,True,"2026-09-29 02:07:35 UTC","384d, 13:22:01"
843919655.696,33641316.456,4877.35,True,"2026-09-29 02:07:35 UTC","389d, 08:48:36"
843919655.696,34056911.392,5554.93,True,"2026-09-29 02:07:35 UTC","394d, 04:15:11"
843919655.696,34472506.329,6376.687,True,"2026-09-29 02:07:35 UTC","398d, 23:41:46"
843919655.696,34888101.266,7371.157,True,"2026-09-29 02:07:35 UTC","403d, 19:08:21"
843919655.696,35303696.203,8573.483,True,"2026-09-29 02:07:35 UTC","408d, 14:34:56"
843919655.696,35719291.139,10025.808,True,"2026-09-29 02:07:35 UTC","413d, 10:01:31"
843919655.696,36134886.076,11775.754,True,"2026-09-29 02:07:35 UTC","418d, 05:28:06"
843919655.696,36550481.013,13870.38,True,"2026-09-29 02:07:35 UTC","423d, 00:54:41"
843919655.696,36966075.949,16341.47,True,"2026-09-29 02:07:35 UTC","427d, 20:21:15"
843919655.696,37381670.886,19178.383,True,"2026-09-29 02:07:35 UTC","432d, 15:47:50"
843919655.696,37797265.823,22292.943,True,"2026-09-29 02:07:35 UTC","437d, 11:14:25"
843919655.696,38212860.759,25501.318,True,"2026-09-29 02:07:35 UTC","442d, 06:41:00"
843919655.696,38628455.696,26932.369,False,"2026-09-29 02:07:35 UTC","447d, 02:07:35"
843919655.696,39044050.633,26307.592,False,"2026-09-29 02:07:35 UTC","451d, 21:34:10"
843919655.696,39459645.57,25680.527,False,"2026-09-29 02:07:35 UTC","456d, 17:00:45"
843919655.696,39875240.506,25052.158,False,"2026-09-29 02:07:35 UTC","461d, 12:27:20"
843919655.696,40290835.443,24423.462,False,"2026-09-29 02:07:35 UTC","466d, 07:53:55"
843919655.696,40706430.38,23795.41,False,"2026-09-29 02:07:35 UTC","471d, 03:20:30"
843919655.696,41122025.316,23168.961,False,"2026-09-29 02:07:35 UTC","475d, 22:47:05"
843919655.696,41537620.253,22545.057,False,"2026-09-29 02:07:35 UTC","480d, 18:13:40"
843919655.696,41953215.19,21924.62,False,"2026-09-29 02:07:35 UTC","485d, 13:40:15"
843919655.696,42368810.127,21308.547,False,"2026-09-29 02:07:35 UTC","490d, 09:06:50"
843919655.696,42784405.063,20697.706,False,"2026-09-29 02:07:35 UTC","495d, 04:33:25"
843919655.696,43200000,20092.935,False,"2026-09-29 02:07:35 UTC","500d, 00:00:00"
845195969.62,10368000,6814.588,False,"2026-10-13 20:39:29 UTC","120d, 00:00:00"
845195969.62,10783594.937,6149.257,False,"2026-10-13 20:39:29 UTC","124d, 19:26:34"
845195969.62,11199189.873,5574.121,False,"2026-10-13 20:39:29 UTC","129d, 14:53:09"
845195969.62,11614784.81,5081.906,False,"2026-10-13 20:39:29 UTC","134d, 10:19:44"
845195969.62,12030379.747,4665.483,False,"2026-10-13 20:39:29 UTC","139d, 05:46:19"
845195969.62,12445974.684,4317.674,False,"2026-10-13 20:39:29 UTC","144d, 01:12:54"
845195969.62,12861569.62,4031.18,False,"2026-10-13 20:39:29 UTC","148d, 20:39:29"
845195969.62,13277164.557,3798.622,False,"2026-10-13 20:39:29 UTC","153d, 16:06:04"
845195969.62,13692759.494,3612.68,False,"2026-10-13 20:39:29 UTC","158d, 11:32:39"
845195969.62,14108354.43,3466.281,False,"2026-10-13 20:39:29 UTC","163d, 06:59:14"
845195969.62,14523949.367,3352.79,False,"2026-10-13 20:39:29 UTC","168d, 02:25:49"
845195969.62,14939544.304,3266.155,False,"2026-10-13 20:39:29 UTC","172d, 21:52:24"
845195969.62,15355139.241,3200.985,False,"2026-10-13 20:39:29 UTC","177d, 17:18:59"
845195969.62,15770734.177,3152.577,False,"2026-10-13 20:39:29 UTC","182d, 12:45:34"
845195969.62,16186329.114,3116.899,False,"2026-10-13 20:39:29 UTC","187d, 08:12:09"
845195969.62,16601924.051,3090.562,False,"2026-10-13 20:39:29 UTC","192d, 03:38:44"
845195969.62,17017518.987,3070.801,False,"2026-10-13 20:39:29 UTC","196d, 23:05:18"
845195969.62,17433113.924,3055.475,False,"2026-10-13 20:39:29 UTC","201d, 18:31:53"
845195969.62,17848708.861,3043.128,False,"2026-10-13 20:39:29 UTC","206d, 13:58:28"
845195969.62,18264303.797,3033.167,False,"2026-10-13 20:39:29 UTC","211d, 09:25:03"
845195969.62,18679898.734,3026.283,False,"2026-10-13 20:39:29 UTC","216d, 04:51:38"
845195969.62,19095493.671,3025.447,False,"2026-10-13 20:39:29 UTC","221d, 00:18:13"
845195969.62,19511088.608,3038.365,False,"2026-10-13 20:39:29 UTC","225d, 19:44:48"
845195969.62,19926683.544,3083.912,False,"2026-10-13 20:39:29 UTC","230d, 15:11:23"
845195969.62,20342278.481,3210.863,False,"2026-10-13 20:39:29 UTC","235d, 10:37:58"
845195969.62,20757873.418,3559.355,False,"2026-10-13 20:39:29 UTC","240d, 06:04:33"
845195969.62,21173468.354,4603.982,False,"2026-10-13 20:39:29 UTC","245d, 01:31:08"
845195969.62,21589063.291,9131.706,False,"2026-10-13 20:39:29 UTC","249d, 20:57:43"
845195969.62,22004658.228,14017.78,True,"2026-10-13 20:39:29 UTC","254d, 16:24:18"
845195969.62,22420253.165,6172.068,True,"2026-10-13 20:39:29 UTC","259d, 11:50:53"
845195969.62,22835848.101,4657.397,True,"2026-10-13 20:39:29 UTC","264d, 07:17:28"
845195969.62,23251443.038,4015.098,True,"2026-10-13 20:39:29 UTC","269d, 02:44:03"
845195969.62,23667037.975,3656.704,True,"2026-10-13 20:39:29 UTC","273d, 22:10:37"
845195969.62,24082632.911,3422.399,True,"2026-10-13 20:39:29 UTC","278d, 17:37:12"
845195969.62,24498227.848,3251.84,True,"2026-10-13 20:39:29 UTC","283d, 13:03:47"
845195969.62,24913822.785,3117.965,True,"2026-10-13 20:39:29 UTC","288d, 08:30:22"
845195969.62,25329417.722,3007.274,True,"2026-10-13 20:39:29 UTC","293d, 03:56:57"
845195969.62,25745012.658,2912.588,True,"2026-10-13 20:39:29 UTC","297d, 23:23:32"
845195969.62,26160607.595,2830.003,True,"2026-10-13 20:39:29 UTC","302d, 18:50:07"
845195969.62,26576202.532,2757.487,True,"2026-10-13 20:39:29 UTC","307d, 14:16:42"
845195969.62,26991797.468,2694.218,True,"2026-10-13 20:39:29 UTC","312d, 09:43:17"
845195969.62,27407392.405,2640.3,True,"2026-10-13 20:39:29 UTC","317d, 05:09:52"
845195969.62,27822987.342,2596.711,True,"2026-10-13 20:39:29 UTC","322d, 00:36:27"
845195969.62,28238582.278,2565.397,True,"2026-10-13 20:39:29 UTC","326d, 20:03:02"
845195969.62,28654177.215,2549.433,True,"2026-10-13 20:39:29 UTC","331d, 15:29:37"
845195969.62,29069772.152,2553.15,True,"2026-10-13 20:39:29 UTC","336d, 10:56:12"
845195969.62,29485367.089,2582.116,True,"2026-10-13 20:39:29 UTC","341d, 06:22:47"
845195969.62,29900962.025,2642.92,True,"2026-10-13 20:39:29 UTC","346d, 01:49:22"
845195969.62,30316556.962,2742.825,True,"2026-10-13 20:39:29 UTC","350d, 21:15:56"
845195969.62,30732151.899,2889.48,True,"2026-10-13 20:39:29 UTC","355d, 16:42:31"
845195969.62,31147746.835,3090.86,True,"2026-10-13 20:39:29 UTC","360d, 12:09:06"
845195969.62,31563341.772,3355.486,True,"2026-10-13 20:39:29 UTC","365d, 07:35:41"
845195969.62,31978936.709,3692.876,True,"2026-10-13 20:39:29 UTC","370d, 03:02:16"
845195969.62,32394531.646,4114.125,True,"2026-10-13 20:39:29 UTC","374d, 22:28:51"
845195969.62,32810126.582,4632.557,True,"2026-10-13 20:39:29 UTC","379d, 17:55:26"
845195969.62,33225721.519,5264.464,True,"2026-10-13 20:39:29 UTC","384d, 13:22:01"
845195969.62,33641316.456,6029.951,True,"2026-10-13 20:39:29 UTC","389d, 08:48:36"
845195969.62,34056911.392,6953.886,True,"2026-10-13 20:39:29 UTC","394d, 04:15:11"
845195969.62,34472506.329,8066.823,True,"2026-10-13 20:39:29 UTC","398d, 23:41:46"
845195969.62,34888101.266,9405.536,True,"2026-10-13 20:39:29 UTC","403d, 19:08:21"
845195969.62,35303696.203,11012.224,True,"2026-10-13 20:39:29 UTC","408d, 14:34:56"
845195969.62,35719291.139,12930.572,True,"2026-10-13 20:39:29 UTC","413d, 10:01:31"
845195969.62,36134886.076,15195.493,True,"2026-10-13 20:39:29 UTC","418d, 05:28:06"
845195969.62,36550481.013,17812.926,True,"2026-10-13 20:39:29 UTC","423d, 00:54:41"
845195969.62,36966075.949,20730.17,True,"2026-10-13 20:39:29 UTC","427d, 20:21:15"
845195969.62,37381670.886,23811.041,True,"2026-10-13 20:39:29 UTC","432d, 15:47:50"
845195969.62,37797265.823,26792.204,False,"2026-10-13 20:39:29 UTC","437d, 11:14:25"
845195969.62,38212860.759,26170.706,False,"2026-10-13 20:39:29 UTC","442d, 06:41:00"
845195969.62,38628455.696,25546.848,False,"2026-10-13 20:39:29 UTC","447d, 02:07:35"
845195969.62,39044050.633,24921.624,False,"2026-10-13 20:39:29 UTC","451d, 21:34:10"
845195969.62,39459645.57,24296.023,False,"2026-10-13 20:39:29 UTC","456d, 17:00:45"
845195969.62,39875240.506,23671.025,False,"2026-10-13 20:39:29 UTC","461d, 12:27:20"
845195969.62,40290835.443,23047.599,False,"2026-10-13 20:39:29 UTC","466d, 07:53:55"
845195969.62,40706430.38,22426.693,False,"2026-10-13 20:39:29 UTC","471d, 03:20:30"
845195969.62,41122025.316,21809.237,False,"2026-10-13 20:39:29 UTC","475d, 22:47:05"
845195969.62,41537620.253,21196.135,False,"2026-10-13 20:39:29 UTC","480d, 18:13:40"
845195969.62,41953215.19,20588.26,False,"2026-10-13 20:39:29 UTC","485d, 13:40:15"
845195969.62,42368810.127,19986.455,False,"2026-10-13 20:39:29 UTC","490d, 09:06:50"
845195969.62,42784405.063,19391.528,False,"2026-10-13 20:39:29 UTC","495d, 04:33:25"
845195969.62,43200000,18804.246,False,"2026-10-13 20:39:29 UTC","500d, 00:00:00"
846472283.544,10368000,5706.759,False,"2026-10-28 15:11:23 UTC","120d, 00:00:00"
846472283.544,10783594.937,5248.305,False,"2026-10-28 15:11:23 UTC","124d, 19:26:34"
846472283.544,11199189.873,4872.177,False,"2026-10-28 15:11:23 UTC","129d, 14:53:09"
846472283.544,11614784.81,4568.179,False,"2026-10-28 15:11:23 UTC","134d, 10:19:44"
846472283.544,12030379.747,4326.401,False,"2026-10-28 15:11:23 UTC","139d, 05:46:19"
846472283.544,12445974.684,4137.367,False,"2026-10-28 15:11:23 UTC","144d, 01:12:54"
846472283.544,12861569.62,3992.206,False,"2026-10-28 15:11:23 UTC","148d, 20:39:29"
846472283.544,13277164.557,3882.809,False,"2026-10-28 15:11:23 UTC","153d, 16:06:04"
846472283.544,13692759.494,3801.926,False,"2026-10-28 15:11:23 UTC","158d, 11:32:39"
846472283.544,14108354.43,3743.204,False,"2026-10-28 15:11:23 UTC","163d, 06:59:14"
846472283.544,14523949.367,3701.179,False,"2026-10-28 15:11:23 UTC","168d, 02:25:49"
846472283.544,14939544.304,3671.235,False,"2026-10-28 15:11:23 UTC","172d, 21:52:24"
846472283.544,15355139.241,3649.549,False,"2026-10-28 15:11:23 UTC","177d, 17:18:59"
846472283.544,15770734.177,3633.024,False,"2026-10-28 15:11:23 UTC","182d, 12:45:34"
846472283.544,16186329.114,3619.242,False,"2026-10-28 15:11:23 UTC","187d, 08:12:09"
846472283.544,16601924.051,3606.436,False,"2026-10-28 15:11:23 UTC","192d, 03:38:44"
846472283.544,17017518.987,3593.499,False,"2026-10-28 15:11:23 UTC","196d, 23:05:18"
846472283.544,17433113.924,3580.098,False,"2026-10-28 15:11:23 UTC","201d, 18:31:53"
846472283.544,17848708.861,3566.95,False,"2026-10-28 15:11:23 UTC","206d, 13:58:28"
846472283.544,18264303.797,3556.504,False,"2026-10-28 15:11:23 UTC","211d, 09:25:03"
846472283.544,18679898.734,3554.539,False,"2026-10-28 15:11:23 UTC","216d, 04:51:38"
846472283.544,19095493.671,3574.206,False,"2026-10-28 15:11:23 UTC","221d, 00:18:13"
846472283.544,19511088.608,3647.143,False,"2026-10-28 15:11:23 UTC","225d, 19:44:48"
846472283.544,19926683.544,3858.228,False,"2026-10-28 15:11:23 UTC","230d, 15:11:23"
846472283.544,20342278.481,4474.247,False,"2026-10-28 15:11:23 UTC","235d, 10:37:58"
846472283.544,20757873.418,6623.858,False,"2026-10-28 15:11:23 UTC","240d, 06:04:33"
846472283.544,21173468.354,23764.046,False,"2026-10-28 15:11:23 UTC","245d, 01:31:08"
846472283.544,21589063.291,8654.807,True,"2026-10-28 15:11:23 UTC","249d, 20:57:43"
846472283.544,22004658.228,5539.308,True,"2026-10-28 15:11:23 UTC","254d, 16:24:18"
846472283.544,22420253.165,4531.875,True,"2026-10-28 15:11:23 UTC","259d, 11:50:53"
846472283.544,22835848.101,4032.141,True,"2026-10-28 15:11:23 UTC","264d, 07:17:28"
846472283.544,23251443.038,3724.737,True,"2026-10-28 15:11:23 UTC","269d, 02:44:03"
846472283.544,23667037.975,3507.554,True,"2026-10-28 15:11:23 UTC","273d, 22:10:37"
846472283.544,24082632.911,3339.001,True,"2026-10-28 15:11:23 UTC","278d, 17:37:12"
846472283.544,24498227.848,3199.688,True,"2026-10-28 15:11:23 UTC","283d, 13:03:47"
846472283.544,24913822.785,3079.805,True,"2026-10-28 15:11:23 UTC","288d, 08:30:22"
846472283.544,25329417.722,2974.201,True,"2026-10-28 15:11:23 UTC","293d, 03:56:57"
846472283.544,25745012.658,2880.241,True,"2026-10-28 15:11:23 UTC","297d, 23:23:32"
846472283.544,26160607.595,2796.795,True,"2026-10-28 15:11:23 UTC","302d, 18:50:07"
846472283.544,26576202.532,2723.778,True,"2026-10-28 15:11:23 UTC","307d, 14:16:42"
846472283.544,26991797.468,2661.972,True,"2026-10-28 15:11:23 UTC","312d, 09:43:17"
846472283.544,27407392.405,2613.047,True,"2026-10-28 15:11:23 UTC","317d, 05:09:52"
846472283.544,27822987.342,2579.691,True,"2026-10-28 15:11:23 UTC","322d, 00:36:27"
846472283.544,28238582.278,2565.784,True,"2026-10-28 15:11:23 UTC","326d, 20:03:02"
846472283.544,28654177.215,2576.479,True,"2026-10-28 15:11:23 UTC","331d, 15:29:37"
846472283.544,29069772.152,2618.095,True,"2026-10-28 15:11:23 UTC","336d, 10:56:12"
846472283.544,29485367.089,2697.791,True,"2026-10-28 15:11:23 UTC","341d, 06:22:47"
846472283.544,29900962.025,2823.183,True,"2026-10-28 15:11:23 UTC","346d, 01:49:22"
846472283.544,30316556.962,3002.133,True,"2026-10-28 15:11:23 UTC","350d, 21:15:56"
846472283.544,30732151.899,3242.836,True,"2026-10-28 15:11:23 UTC","355d, 16:42:31"
846472283.544,31147746.835,3554.198,True,"2026-10-28 15:11:23 UTC","360d, 12:09:06"
846472283.544,31563341.772,3946.377,True,"2026-10-28 15:11:23 UTC","365d, 07:35:41"
846472283.544,31978936.709,4431.391,True,"2026-10-28 15:11:23 UTC","370d, 03:02:16"
846472283.544,32394531.646,5023.783,True,"2026-10-28 15:11:23 UTC","374d, 22:28:51"
846472283.544,32810126.582,5741.366,True,"2026-10-28 15:11:23 UTC","379d, 17:55:26"
846472283.544,33225721.519,6606.045,True,"2026-10-28 15:11:23 UTC","384d, 13:22:01"
846472283.544,33641316.456,7644.664,True,"2026-10-28 15:11:23 UTC","389d, 08:48:36"
846472283.544,34056911.392,8889.573,True,"2026-10-28 15:11:23 UTC","394d, 04:15:11"
846472283.544,34472506.329,10378.291,True,"2026-10-28 15:11:23 UTC","398d, 23:41:46"
846472283.544,34888101.266,12150.873,True,"2026-10-28 15:11:23 UTC","403d, 19:08:21"
846472283.544,35303696.203,14242.609,True,"2026-10-28 15:11:23 UTC","408d, 14:34:56"
846472283.544,35719291.139,16668.877,True,"2026-10-28 15:11:23 UTC","413d, 10:01:31"
846472283.544,36134886.076,19400.904,True,"2026-10-28 15:11:23 UTC","418d, 05:28:06"
846472283.544,36550481.013,22340.069,True,"2026-10-28 15:11:23 UTC","423d, 00:54:41"
846472283.544,36966075.949,25313.609,True,"2026-10-28 15:11:23 UTC","427d, 20:21:15"
846472283.544,37381670.886,26051.837,False,"2026-10-28 15:11:23 UTC","432d, 15:47:50"
846472283.544,37797265.823,25431.181,False,"2026-10-28 15:11:23 UTC","437d, 11:14:25"
846472283.544,38212860.759,24809.117,False,"2026-10-28 15:11:23 UTC","442d, 06:41:00"
846472283.544,38628455.696,24186.643,False,"2026-10-28 15:11:23 UTC","447d, 02:07:35"
846472283.544,39044050.633,23564.748,False,"2026-10-28 15:11:23 UTC","451d, 21:34:10"
846472283.544,39459645.57,22944.405,False,"2026-10-28 15:11:23 UTC","456d, 17:00:45"
846472283.544,39875240.506,22326.571,False,"2026-10-28 15:11:23 UTC","461d, 12:27:20"
846472283.544,40290835.443,21712.181,False,"2026-10-28 15:11:23 UTC","466d, 07:53:55"
846472283.544,40706430.38,21102.142,False,"2026-10-28 15:11:23 UTC","471d, 03:20:30"
846472283.544,41122025.316,20497.333,False,"2026-10-28 15:11:23 UTC","475d, 22:47:05"
846472283.544,41537620.253,19898.599,False,"2026-10-28 15:11:23 UTC","480d, 18:13:40"
846472283.544,41953215.19,19306.75,False,"2026-10-28 15:11:23 UTC","485d, 13:40:15"
846472283.544,42368810.127,18722.558,False,"2026-10-28 15:11:23 UTC","490d, 09:06:50"
846472283.544,42784405.063,18146.752,False,"2026-10-28 15:11:23 UTC","495d, 04:33:25"
846472283.544,43200000,17580.023,False,"2026-10-28 15:11:23 UTC","500d, 00:00:00"
847748597.468,10368000,5422.43,False,"2026-11-12 09:43:17 UTC","120d, 00:00:00"
847748597.468,10783594.937,5156.697,False,"2026-11-12 09:43:17 UTC","124d, 19:26:34"
847748597.468,11199189.873,4951.74,False,"2026-11-12 09:43:17 UTC","129d, 14:53:09"
847748597.468,11614784.81,4796.239,False,"2026-11-12 09:43:17 UTC","134d, 10:19:44"
847748597.468,12030379.747,4680.128,False,"2026-11-12 09:43:17 UTC","139d, 05:46:19"
847748597.468,12445974.684,4594.63,False,"2026-11-12 09:43:17 UTC","144d, 01:12:54"
847748597.468,12861569.62,4532.227,False,"2026-11-12 09:43:17 UTC","148d, 20:39:29"
847748597.468,13277164.557,4486.6,False,"2026-11-12 09:43:17 UTC","153d, 16:06:04"
847748597.468,13692759.494,4452.527,False,"2026-11-12 09:43:17 UTC","158d, 11:32:39"
847748597.468,14108354.43,4425.766,False,"2026-11-12 09:43:17 UTC","163d, 06:59:14"
847748597.468,14523949.367,4402.947,False,"2026-11-12 09:43:17 UTC","168d, 02:25:49"
847748597.468,14939544.304,4381.462,False,"2026-11-12 09:43:17 UTC","172d, 21:52:24"
847748597.468,15355139.241,4359.377,False,"2026-11-12 09:43:17 UTC","177d, 17:18:59"
847748597.468,15770734.177,4335.369,False,"2026-11-12 09:43:17 UTC","182d, 12:45:34"
847748597.468,16186329.114,4308.712,False,"2026-11-12 09:43:17 UTC","187d, 08:12:09"
847748597.468,16601924.051,4279.33,False,"2026-11-12 09:43:17 UTC","192d, 03:38:44"
847748597.468,17017518.987,4247.982,False,"2026-11-12 09:43:17 UTC","196d, 23:05:18"
847748597.468,17433113.924,4216.728,False,"2026-11-12 09:43:17 UTC","201d, 18:31:53"
847748597.468,17848708.861,4189.995,False,"2026-11-12 09:43:17 UTC","206d, 13:58:28"
847748597.468,18264303.797,4177.169,False,"2026-11-12 09:43:17 UTC","211d, 09:25:03"
847748597.468,18679898.734,4199.43,False,"2026-11-12 09:43:17 UTC","216d, 04:51:38"
847748597.468,19095493.671,4310.031,False,"2026-11-12 09:43:17 UTC","221d, 00:18:13"
847748597.468,19511088.608,4665.292,False,"2026-11-12 09:43:17 UTC","225d, 19:44:48"
847748597.468,19926683.544,5844.314,False,"2026-11-12 09:43:17 UTC","230d, 15:11:23"
847748597.468,20342278.481,11625.786,False,"2026-11-12 09:43:17 UTC","235d, 10:37:58"
847748597.468,20757873.418,14558.66,True,"2026-11-12 09:43:17 UTC","240d, 06:04:33"
847748597.468,21173468.354,6836.623,True,"2026-11-12 09:43:17 UTC","245d, 01:31:08"
847748597.468,21589063.291,5185.791,True,"2026-11-12 09:43:17 UTC","249d, 20:57:43"
847748597.468,22004658.228,4487.793,True,"2026-11-12 09:43:17 UTC","254d, 16:24:18"
847748597.468,22420253.165,4090.7,True,"2026-11-12 09:43:17 UTC","259d, 11:50:53"
847748597.468,22835848.101,3820.437,True,"2026-11-12 09:43:17 UTC","264d, 07:17:28"
847748597.468,23251443.038,3613.689,True,"2026-11-12 09:43:17 UTC","269d, 02:44:03"
847748597.468,23667037.975,3443.107,True,"2026-11-12 09:43:17 UTC","273d, 22:10:37"
847748597.468,24082632.911,3295.579,True,"2026-11-12 09:43:17 UTC","278d, 17:37:12"
847748597.468,24498227.848,3164.484,True,"2026-11-12 09:43:17 UTC","283d, 13:03:47"
847748597.468,24913822.785,3046.509,True,"2026-11-12 09:43:17 UTC","288d, 08:30:22"
847748597.468,25329417.722,2940.229,True,"2026-11-12 09:43:17 UTC","293d, 03:56:57"
847748597.468,25745012.658,2845.432,True,"2026-11-12 09:43:17 UTC","297d, 23:23:32"
847748597.468,26160607.595,2762.825,True,"2026-11-12 09:43:17 UTC","302d, 18:50:07"
847748597.468,26576202.532,2693.967,True,"2026-11-12 09:43:17 UTC","307d, 14:16:42"
847748597.468,26991797.468,2641.33,True,"2026-11-12 09:43:17 UTC","312d, 09:43:17"
847748597.468,27407392.405,2608.463,True,"2026-11-12 09:43:17 UTC","317d, 05:09:52"
847748597.468,27822987.342,2600.115,True,"2026-11-12 09:43:17 UTC","322d, 00:36:27"
847748597.468,28238582.278,2622.236,True,"2026-11-12 09:43:17 UTC","326d, 20:03:02"
847748597.468,28654177.215,2681.741,True,"2026-11-12 09:43:17 UTC","331d, 15:29:37"
847748597.468,29069772.152,2786.128,True,"2026-11-12 09:43:17 UTC","336d, 10:56:12"
847748597.468,29485367.089,2943.152,True,"2026-11-12 09:43:17 UTC","341d, 06:22:47"
847748597.468,29900962.025,3160.783,True,"2026-11-12 09:43:17 UTC","346d, 01:49:22"
847748597.468,30316556.962,3447.479,True,"2026-11-12 09:43:17 UTC","350d, 21:15:56"
847748597.468,30732151.899,3812.673,True,"2026-11-12 09:43:17 UTC","355d, 16:42:31"
847748597.468,31147746.835,4267.342,True,"2026-11-12 09:43:17 UTC","360d, 12:09:06"
847748597.468,31563341.772,4824.611,True,"2026-11-12 09:43:17 UTC","365d, 07:35:41"
847748597.468,31978936.709,5500.42,True,"2026-11-12 09:43:17 UTC","370d, 03:02:16"
847748597.468,32394531.646,6314.254,True,"2026-11-12 09:43:17 UTC","374d, 22:28:51"
847748597.468,32810126.582,7289.91,True,"2026-11-12 09:43:17 UTC","379d, 17:55:26"
847748597.468,33225721.519,8456.085,True,"2026-11-12 09:43:17 UTC","384d, 13:22:01"
847748597.468,33641316.456,9846.304,True,"2026-11-12 09:43:17 UTC","389d, 08:48:36"
847748597.468,34056911.392,11497.153,True,"2026-11-12 09:43:17 UTC","394d, 04:15:11"
847748597.468,34472506.329,13442.976,True,"2026-11-12 09:43:17 UTC","398d, 23:41:46"
847748597.468,34888101.266,15704.367,True,"2026-11-12 09:43:17 UTC","403d, 19:08:21"
847748597.468,35303696.203,18268.565,True,"2026-11-12 09:43:17 UTC","408d, 14:34:56"
847748597.468,35719291.139,21065.436,True,"2026-11-12 09:43:17 UTC","413d, 10:01:31"
847748597.468,36134886.076,23954.97,True,"2026-11-12 09:43:17 UTC","418d, 05:28:06"
847748597.468,36550481.013,25954.619,False,"2026-11-12 09:43:17 UTC","423d, 00:54:41"
847748597.468,36966075.949,25337.077,False,"2026-11-12 09:43:17 UTC","427d, 20:21:15"
847748597.468,37381670.886,24718.102,False,"2026-11-12 09:43:17 UTC","432d, 15:47:50"
847748597.468,37797265.823,24098.699,False,"2026-11-12 09:43:17 UTC","437d, 11:14:25"
847748597.468,38212860.759,23479.863,False,"2026-11-12 09:43:17 UTC","442d, 06:41:00"
847748597.468,38628455.696,22862.572,False,"2026-11-12 09:43:17 UTC","447d, 02:07:35"
847748597.468,39044050.633,22247.788,False,"2026-11-12 09:43:17 UTC","451d, 21:34:10"
847748597.468,39459645.57,21636.449,False,"2026-11-12 09:43:17 UTC","456d, 17:00:45"
847748597.468,39875240.506,21029.465,False,"2026-11-12 09:43:17 UTC","461d, 12:27:20"
847748597.468,40290835.443,20427.717,False,"2026-11-12 09:43:17 UTC","466d, 07:53:55"
847748597.468,40706430.38,19832.052,False,"2026-11-12 09:43:17 UTC","471d, 03:20:30"
847748597.468,41122025.316,19243.281,False,"2026-11-12 09:43:17 UTC","475d, 22:47:05"
847748597.468,41537620.253,18662.177,False,"2026-11-12 09:43:17 UTC","480d, 18:13:40"
847748597.468,41953215.19,18089.471,False,"2026-11-12 09:43:17 UTC","485d, 13:40:15"
847748597.468,42368810.127,17525.853,False,"2026-11-12 09:43:17 UTC","490d, 09:06:50"
847748597.468,42784405.063,16971.969,False,"2026-11-12 09:43:17 UTC","495d, 04:33:25"
847748597.468,43200000,16428.423,False,"2026-11-12 09:43:17 UTC","500d, 00:00:00"
849024911.392,10368000,5956.135,False,"2026-11-27 04:15:11 UTC","120d, 00:00:00"
849024911.392,10783594.937,5814.276,False,"2026-11-27 04:15:11 UTC","124d, 19:26:34"
849024911.392,11199189.873,5706.673,False,"2026-11-27 04:15:11 UTC","129d, 14:53:09"
849024911.392,11614784.81,5624.355,False,"2026-11-27 04:15:11 UTC","134d, 10:19:44"
849024911.392,12030379.747,5559.955,False,"2026-11-27 04:15:11 UTC","139d, 05:46:19"
849024911.392,12445974.684,5507.514,False,"2026-11-27 04:15:11 UTC","144d, 01:12:54"
849024911.392,12861569.62,5462.292,False,"2026-11-27 04:15:11 UTC","148d, 20:39:29"
849024911.392,13277164.557,5420.582,False,"2026-11-27 04:15:11 UTC","153d, 16:06:04"
849024911.392,13692759.494,5379.552,False,"2026-11-27 04:15:11 UTC","158d, 11:32:39"
849024911.392,14108354.43,5337.104,False,"2026-11-27 04:15:11 UTC","163d, 06:59:14"
849024911.392,14523949.367,5291.768,False,"2026-11-27 04:15:11 UTC","168d, 02:25:49"
849024911.392,14939544.304,5242.62,False,"2026-11-27 04:15:11 UTC","172d, 21:52:24"
849024911.392,15355139.241,5189.25,False,"2026-11-27 04:15:11 UTC","177d, 17:18:59"
849024911.392,15770734.177,5131.786,False,"2026-11-27 04:15:11 UTC","182d, 12:45:34"
849024911.392,16186329.114,5071.013,False,"2026-11-27 04:15:11 UTC","187d, 08:12:09"
849024911.392,16601924.051,5008.697,False,"2026-11-27 04:15:11 UTC","192d, 03:38:44"
849024911.392,17017518.987,4948.305,False,"2026-11-27 04:15:11 UTC","196d, 23:05:18"
849024911.392,17433113.924,4896.715,False,"2026-11-27 04:15:11 UTC","201d, 18:31:53"
849024911.392,17848708.861,4868.527,False,"2026-11-27 04:15:11 UTC","206d, 13:58:28"
849024911.392,18264303.797,4898.253,False,"2026-11-27 04:15:11 UTC","211d, 09:25:03"
849024911.392,18679898.734,5080.596,False,"2026-11-27 04:15:11 UTC","216d, 04:51:38"
849024911.392,19095493.671,5736.427,False,"2026-11-27 04:15:11 UTC","221d, 00:18:13"
849024911.392,19511088.608,8432.646,False,"2026-11-27 04:15:11 UTC","225d, 19:44:48"
849024911.392,19926683.544,28845.883,True,"2026-11-27 04:15:11 UTC","230d, 15:11:23"
849024911.392,20342278.481,8934.218,True,"2026-11-27 04:15:11 UTC","235d, 10:37:58"
849024911.392,20757873.418,6022.05,True,"2026-11-27 04:15:11 UTC","240d, 06:04:33"
849024911.392,21173468.354,5033.272,True,"2026-11-27 04:15:11 UTC","245d, 01:31:08"
849024911.392,21589063.291,4524.46,True,"2026-11-27 04:15:11 UTC","249d, 20:57:43"
849024911.392,22004658.228,4193.858,True,"2026-11-27 04:15:11 UTC","254d, 16:24:18"
849024911.392,22420253.165,3945.422,True,"2026-11-27 04:15:11 UTC","259d, 11:50:53"
849024911.392,22835848.101,3741.098,True,"2026-11-27 04:15:11 UTC","264d, 07:17:28"
849024911.392,23251443.038,3563.696,True,"2026-11-27 04:15:11 UTC","269d, 02:44:03"
849024911.392,23667037.975,3404.875,True,"2026-11-27 04:15:11 UTC","273d, 22:10:37"
849024911.392,24082632.911,3260.568,True,"2026-11-27 04:15:11 UTC","278d, 17:37:12"
849024911.392,24498227.848,3129.026,True,"2026-11-27 04:15:11 UTC","283d, 13:03:47"
849024911.392,24913822.785,3009.916,True,"2026-11-27 04:15:11 UTC","288d, 08:30:22"
849024911.392,25329417.722,2903.916,True,"2026-11-27 04:15:11 UTC","293d, 03:56:57"
849024911.392,25745012.658,2812.561,True,"2026-11-27 04:15:11 UTC","297d, 23:23:32"
849024911.392,26160607.595,2738.247,True,"2026-11-27 04:15:11 UTC","302d, 18:50:07"
849024911.392,26576202.532,2684.334,True,"2026-11-27 04:15:11 UTC","307d, 14:16:42"
849024911.392,26991797.468,2655.275,True,"2026-11-27 04:15:11 UTC","312d, 09:43:17"
849024911.392,27407392.405,2656.673,True,"2026-11-27 04:15:11 UTC","317d, 05:09:52"
849024911.392,27822987.342,2695.137,True,"2026-11-27 04:15:11 UTC","322d, 00:36:27"
849024911.392,28238582.278,2777.965,True,"2026-11-27 04:15:11 UTC","326d, 20:03:02"
849024911.392,28654177.215,2912.779,True,"2026-11-27 04:15:11 UTC","331d, 15:29:37"
849024911.392,29069772.152,3107.373,True,"2026-11-27 04:15:11 UTC","336d, 10:56:12"
849024911.392,29485367.089,3369.875,True,"2026-11-27 04:15:11 UTC","341d, 06:22:47"
849024911.392,29900962.025,3709.159,True,"2026-11-27 04:15:11 UTC","346d, 01:49:22"
849024911.392,30316556.962,4135.37,True,"2026-11-27 04:15:11 UTC","350d, 21:15:56"
849024911.392,30732151.899,4660.477,True,"2026-11-27 04:15:11 UTC","355d, 16:42:31"
849024911.392,31147746.835,5298.874,True,"2026-11-27 04:15:11 UTC","360d, 12:09:06"
849024911.392,31563341.772,6068.04,True,"2026-11-27 04:15:11 UTC","365d, 07:35:41"
849024911.392,31978936.709,6989.241,True,"2026-11-27 04:15:11 UTC","370d, 03:02:16"
849024911.392,32394531.646,8088.126,True,"2026-11-27 04:15:11 UTC","374d, 22:28:51"
849024911.392,32810126.582,9394.821,True,"2026-11-27 04:15:11 UTC","379d, 17:55:26"
849024911.392,33225721.519,10942.758,True,"2026-11-27 04:15:11 UTC","384d, 13:22:01"
849024911.392,33641316.456,12764.751,True,"2026-11-27 04:15:11 UTC","389d, 08:48:36"
849024911.392,34056911.392,14884.143,True,"2026-11-27 04:15:11 UTC","394d, 04:15:11"
849024911.392,34472506.329,17298.924,True,"2026-11-27 04:15:11 UTC","398d, 23:41:46"
849024911.392,34888101.266,19960.253,True,"2026-11-27 04:15:11 UTC","403d, 19:08:21"
849024911.392,35303696.203,22756.102,True,"2026-11-27 04:15:11 UTC","408d, 14:34:56"
849024911.392,35719291.139,25882.216,False,"2026-11-27 04:15:11 UTC","413d, 10:01:31"
849024911.392,36134886.076,25267.629,False,"2026-11-27 04:15:11 UTC","418d, 05:28:06"
849024911.392,36550481.013,24651.598,False,"2026-11-27 04:15:11 UTC","423d, 00:54:41"
849024911.392,36966075.949,24035.134,False,"2026-11-27 04:15:11 UTC","427d, 20:21:15"
849024911.392,37381670.886,23419.234,False,"2026-11-27 04:15:11 UTC","432d, 15:47:50"
849024911.392,37797265.823,22804.881,False,"2026-11-27 04:15:11 UTC","437d, 11:14:25"
849024911.392,38212860.759,22193.04,False,"2026-11-27 04:15:11 UTC","442d, 06:41:00"
849024911.392,38628455.696,21584.648,False,"2026-11-27 04:15:11 UTC","447d, 02:07:35"
849024911.392,39044050.633,20980.62,False,"2026-11-27 04:15:11 UTC","451d, 21:34:10"
849024911.392,39459645.57,20381.836,False,"2026-11-27 04:15:11 UTC","456d, 17:00:45"
849024911.392,39875240.506,19789.144,False,"2026-11-27 04:15:11 UTC","461d, 12:27:20"
849024911.392,40290835.443,19203.354,False,"2026-11-27 04:15:11 UTC","466d, 07:53:55"
849024911.392,40706430.38,18625.239,False,"2026-11-27 04:15:11 UTC","471d, 03:20:30"
849024911.392,41122025.316,18055.529,False,"2026-11-27 04:15:11 UTC","475d, 22:47:05"
849024911.392,41537620.253,17494.914,False,"2026-11-27 04:15:11 UTC","480d, 18:13:40"
849024911.392,41953215.19,16944.041,False,"2026-11-27 04:15:11 UTC","485d, 13:40:15"
849024911.392,42368810.127,16403.512,False,"2026-11-27 04:15:11 UTC","490d, 09:06:50"
849024911.392,42784405.063,15873.889,False,"2026-11-27 04:15:11 UTC","495d, 04:33:25"
849024911.392,43200000,15355.688,False,"2026-11-27 04:15:11 UTC","500d, 00:00:00"
850301225.316,10368000,7095.275,False,"2026-12-11 22:47:05 UTC","120d, 00:00:00"
850301225.316,10783594.937,6989.975,False,"2026-12-11 22:47:05 UTC","124d, 19:26:34"
850301225.316,11199189.873,6899.033,False,"2026-12-11 22:47:05 UTC","129d, 14:53:09"
850301225.316,11614784.81,6816.918,False,"2026-12-11 22:47:05 UTC","134d, 10:19:44"
850301225.316,12030379.747,6739.362,False,"2026-12-11 22:47:05 UTC","139d, 05:46:19"
850301225.316,12445974.684,6663.132,False,"2026-12-11 22:47:05 UTC","144d, 01:12:54"
850301225.316,12861569.62,6585.841,False,"2026-12-11 22:47:05 UTC","148d, 20:39:29"
850301225.316,13277164.557,6505.791,False,"2026-12-11 22:47:05 UTC","153d, 16:06:04"
850301225.316,13692759.494,6421.857,False,"2026-12-11 22:47:05 UTC","158d, 11:32:39"
850301225.316,14108354.43,6333.403,False,"2026-12-11 22:47:05 UTC","163d, 06:59:14"
850301225.316,14523949.367,6240.233,False,"2026-12-11 22:47:05 UTC","168d, 02:25:49"
850301225.316,14939544.304,6142.596,False,"2026-12-11 22:47:05 UTC","172d, 21:52:24"
850301225.316,15355139.241,6041.266,False,"2026-12-11 22:47:05 UTC","177d, 17:18:59"
850301225.316,15770734.177,5937.759,False,"2026-12-11 22:47:05 UTC","182d, 12:45:34"
850301225.316,16186329.114,5834.836,False,"2026-12-11 22:47:05 UTC","187d, 08:12:09"
850301225.316,16601924.051,5737.644,False,"2026-12-11 22:47:05 UTC","192d, 03:38:44"
850301225.316,17017518.987,5656.508,False,"2026-12-11 22:47:05 UTC","196d, 23:05:18"
850301225.316,17433113.924,5614.446,False,"2026-12-11 22:47:05 UTC","201d, 18:31:53"
850301225.316,17848708.861,5670.656,False,"2026-12-11 22:47:05 UTC","206d, 13:58:28"
850301225.316,18264303.797,6010.364,False,"2026-12-11 22:47:05 UTC","211d, 09:25:03"
850301225.316,18679898.734,7414.286,False,"2026-12-11 22:47:05 UTC","216d, 04:51:38"
850301225.316,19095493.671,15971.619,False,"2026-12-11 22:47:05 UTC","221d, 00:18:13"
850301225.316,19511088.608,12861.642,True,"2026-12-11 22:47:05 UTC","225d, 19:44:48"
850301225.316,19926683.544,7121.239,True,"2026-12-11 22:47:05 UTC","230d, 15:11:23"
850301225.316,20342278.481,5680.709,True,"2026-12-11 22:47:05 UTC","235d, 10:37:58"
850301225.316,20757873.418,5029.74,True,"2026-12-11 22:47:05 UTC","240d, 06:04:33"
850301225.316,21173468.354,4630.399,True,"2026-12-11 22:47:05 UTC","245d, 01:31:08"
850301225.316,21589063.291,4336.69,True,"2026-12-11 22:47:05 UTC","249d, 20:57:43"
850301225.316,22004658.228,4096.202,True,"2026-12-11 22:47:05 UTC","254d, 16:24:18"
850301225.316,22420253.165,3886.761,True,"2026-12-11 22:47:05 UTC","259d, 11:50:53"
850301225.316,22835848.101,3698.074,True,"2026-12-11 22:47:05 UTC","264d, 07:17:28"
850301225.316,23251443.038,3525.248,True,"2026-12-11 22:47:05 UTC","269d, 02:44:03"
850301225.316,23667037.975,3366.179,True,"2026-12-11 22:47:05 UTC","273d, 22:10:37"
850301225.316,24082632.911,3220.402,True,"2026-12-11 22:47:05 UTC","278d, 17:37:12"
850301225.316,24498227.848,3088.564,True,"2026-12-11 22:47:05 UTC","283d, 13:03:47"
850301225.316,24913822.785,2972.202,True,"2026-12-11 22:47:05 UTC","288d, 08:30:22"
850301225.316,25329417.722,2873.697,True,"2026-12-11 22:47:05 UTC","293d, 03:56:57"
850301225.316,25745012.658,2796.326,True,"2026-12-11 22:47:05 UTC","297d, 23:23:32"
850301225.316,26160607.595,2744.362,True,"2026-12-11 22:47:05 UTC","302d, 18:50:07"
850301225.316,26576202.532,2723.141,True,"2026-12-11 22:47:05 UTC","307d, 14:16:42"
850301225.316,26991797.468,2738.991,True,"2026-12-11 22:47:05 UTC","312d, 09:43:17"
850301225.316,27407392.405,2798.982,True,"2026-12-11 22:47:05 UTC","317d, 05:09:52"
850301225.316,27822987.342,2910.582,True,"2026-12-11 22:47:05 UTC","322d, 00:36:27"
850301225.316,28238582.278,3081.435,True,"2026-12-11 22:47:05 UTC","326d, 20:03:02"
850301225.316,28654177.215,3319.422,True,"2026-12-11 22:47:05 UTC","331d, 15:29:37"
850301225.316,29069772.152,3632.989,True,"2026-12-11 22:47:05 UTC","336d, 10:56:12"
850301225.316,29485367.089,4031.617,True,"2026-12-11 22:47:05 UTC","341d, 06:22:47"
850301225.316,29900962.025,4526.33,True,"2026-12-11 22:47:05 UTC","346d, 01:49:22"
850301225.316,30316556.962,5130.235,True,"2026-12-11 22:47:05 UTC","350d, 21:15:56"
850301225.316,30732151.899,5859.126,True,"2026-12-11 22:47:05 UTC","355d, 16:42:31"
850301225.316,31147746.835,6732.144,True,"2026-12-11 22:47:05 UTC","360d, 12:09:06"
850301225.316,31563341.772,7772.36,True,"2026-12-11 22:47:05 UTC","365d, 07:35:41"
850301225.316,31978936.709,9007,True,"2026-12-11 22:47:05 UTC","370d, 03:02:16"
850301225.316,32394531.646,10466.683,True,"2026-12-11 22:47:05 UTC","374d, 22:28:51"
850301225.316,32810126.582,12182.5,True,"2026-12-11 22:47:05 UTC","379d, 17:55:26"
850301225.316,33225721.519,14179.104,True,"2026-12-11 22:47:05 UTC","384d, 13:22:01"
850301225.316,33641316.456,16461.787,True,"2026-12-11 22:47:05 UTC","389d, 08:48:36"
850301225.316,34056911.392,18997.64,True,"2026-12-11 22:47:05 UTC","394d, 04:15:11"
850301225.316,34472506.329,21697.813,True,"2026-12-11 22:47:05 UTC","398d, 23:41:46"
850301225.316,34888101.266,24417.563,True,"2026-12-11 22:47:05 UTC","403d, 19:08:21"
850301225.316,35303696.203,25225.55,False,"2026-12-11 22:47:05 UTC","408d, 14:34:56"
850301225.316,35719291.139,24612.255,False,"2026-12-11 22:47:05 UTC","413d, 10:01:31"
850301225.316,36134886.076,23998.529,False,"2026-12-11 22:47:05 UTC","418d, 05:28:06"
850301225.316,36550481.013,23385.373,False,"2026-12-11 22:47:05 UTC","423d, 00:54:41"
850301225.316,36966075.949,22773.772,False,"2026-12-11 22:47:05 UTC","427d, 20:21:15"
850301225.316,37381670.886,22164.689,False,"2026-12-11 22:47:05 UTC","432d, 15:47:50"
850301225.316,37797265.823,21559.066,False,"2026-12-11 22:47:05 UTC","437d, 11:14:25"
850301225.316,38212860.759,20957.815,False,"2026-12-11 22:47:05 UTC","442d, 06:41:00"
850301225.316,38628455.696,20361.815,False,"2026-12-11 22:47:05 UTC","447d, 02:07:35"
850301225.316,39044050.633,19771.913,False,"2026-12-11 22:47:05 UTC","451d, 21:34:10"
850301225.316,39459645.57,19188.919,False,"2026-12-11 22:47:05 UTC","456d, 17:00:45"
850301225.316,39875240.506,18613.603,False,"2026-12-11 22:47:05 UTC","461d, 12:27:20"
850301225.316,40290835.443,18046.696,False,"2026-12-11 22:47:05 UTC","466d, 07:53:55"
850301225.316,40706430.38,17488.885,False,"2026-12-11 22:47:05 UTC","471d, 03:20:30"
850301225.316,41122025.316,16940.815,False,"2026-12-11 22:47:05 UTC","475d, 22:47:05"
850301225.316,41537620.253,16403.09,False,"2026-12-11 22:47:05 UTC","480d, 18:13:40"
850301225.316,41953215.19,15876.269,False,"2026-12-11 22:47:05 UTC","485d, 13:40:15"
850301225.316,42368810.127,15360.87,False,"2026-12-11 22:47:05 UTC","490d, 09:06:50"
850301225.316,42784405.063,14857.371,False,"2026-12-11 22:47:05 UTC","495d, 04:33:25"
850301225.316,43200000,14366.211,False,"2026-12-11 22:47:05 UTC","500d, 00:00:00"
851577539.241,10368000,8572.618,False,"2026-12-26 17:18:59 UTC","120d, 00:00:00"
851577539.241,10783594.937,8435.175,False,"2026-12-26 17:18:59 UTC","124d, 19:26:34"
851577539.241,11199189.873,8301.911,False,"2026-12-26 17:18:59 UTC","129d, 14:53:09"
851577539.241,11614784.81,8169.837,False,"2026-12-26 17:18:59 UTC","134d, 10:19:44"
851577539.241,12030379.747,8036.797,False,"2026-12-26 17:18:59 UTC","139d, 05:46:19"
851577539.241,12445974.684,7901.3,False,"2026-12-26 17:18:59 UTC","144d, 01:12:54"
851577539.241,12861569.62,7762.395,False,"2026-12-26 17:18:59 UTC","148d, 20:39:29"
851577539.241,13277164.557,7619.58,False,"2026-12-26 17:18:59 UTC","153d, 16:06:04"
851577539.241,13692759.494,7472.748,False,"2026-12-26 17:18:59 UTC","158d, 11:32:39"
851577539.241,14108354.43,7322.169,False,"2026-12-26 17:18:59 UTC","163d, 06:59:14"
851577539.241,14523949.367,7168.545,False,"2026-12-26 17:18:59 UTC","168d, 02:25:49"
851577539.241,14939544.304,7013.15,False,"2026-12-26 17:18:59 UTC","172d, 21:52:24"
851577539.241,15355139.241,6858.184,False,"2026-12-26 17:18:59 UTC","177d, 17:18:59"
851577539.241,15770734.177,6707.542,False,"2026-12-26 17:18:59 UTC","182d, 12:45:34"
851577539.241,16186329.114,6568.659,False,"2026-12-26 17:18:59 UTC","187d, 08:12:09"
851577539.241,16601924.051,6457.254,False,"2026-12-26 17:18:59 UTC","192d, 03:38:44"
851577539.241,17017518.987,6411.368,False,"2026-12-26 17:18:59 UTC","196d, 23:05:18"
851577539.241,17433113.924,6541.499,False,"2026-12-26 17:18:59 UTC","201d, 18:31:53"
851577539.241,17848708.861,7266.124,False,"2026-12-26 17:18:59 UTC","206d, 13:58:28"
851577539.241,18264303.797,11087.684,False,"2026-12-26 17:18:59 UTC","211d, 09:25:03"
851577539.241,18679898.734,21269.611,True,"2026-12-26 17:18:59 UTC","216d, 04:51:38"
851577539.241,19095493.671,8646.79,True,"2026-12-26 17:18:59 UTC","221d, 00:18:13"
851577539.241,19511088.608,6448.652,True,"2026-12-26 17:18:59 UTC","225d, 19:44:48"
851577539.241,19926683.544,5611.205,True,"2026-12-26 17:18:59 UTC","230d, 15:11:23"
851577539.241,20342278.481,5133.033,True,"2026-12-26 17:18:59 UTC","235d, 10:37:58"
851577539.241,20757873.418,4790.219,True,"2026-12-26 17:18:59 UTC","240d, 06:04:33"
851577539.241,21173468.354,4511.038,True,"2026-12-26 17:18:59 UTC","245d, 01:31:08"
851577539.241,21589063.291,4267.297,True,"2026-12-26 17:18:59 UTC","249d, 20:57:43"
851577539.241,22004658.228,4046.518,True,"2026-12-26 17:18:59 UTC","254d, 16:24:18"
851577539.241,22420253.165,3842.934,True,"2026-12-26 17:18:59 UTC","259d, 11:50:53"
851577539.241,22835848.101,3654.076,True,"2026-12-26 17:18:59 UTC","264d, 07:17:28"
851577539.241,23251443.038,3479.329,True,"2026-12-26 17:18:59 UTC","269d, 02:44:03"
851577539.241,23667037.975,3319.287,True,"2026-12-26 17:18:59 UTC","273d, 22:10:37"
851577539.241,24082632.911,3175.484,True,"2026-12-26 17:18:59 UTC","278d, 17:37:12"
851577539.241,24498227.848,3050.296,True,"2026-12-26 17:18:59 UTC","283d, 13:03:47"
851577539.241,24913822.785,2946.961,True,"2026-12-26 17:18:59 UTC","288d, 08:30:22"
851577539.241,25329417.722,2869.648,True,"2026-12-26 17:18:59 UTC","293d, 03:56:57"
851577539.241,25745012.658,2823.512,True,"2026-12-26 17:18:59 UTC","297d, 23:23:32"
851577539.241,26160607.595,2814.657,True,"2026-12-26 17:18:59 UTC","302d, 18:50:07"
851577539.241,26576202.532,2849.952,True,"2026-12-26 17:18:59 UTC","307d, 14:16:42"
851577539.241,26991797.468,2936.715,True,"2026-12-26 17:18:59 UTC","312d, 09:43:17"
851577539.241,27407392.405,3082.468,True,"2026-12-26 17:18:59 UTC","317d, 05:09:52"
851577539.241,27822987.342,3294.914,True,"2026-12-26 17:18:59 UTC","322d, 00:36:27"
851577539.241,28238582.278,3582.178,True,"2026-12-26 17:18:59 UTC","326d, 20:03:02"
851577539.241,28654177.215,3953.217,True,"2026-12-26 17:18:59 UTC","331d, 15:29:37"
851577539.241,29069772.152,4418.28,True,"2026-12-26 17:18:59 UTC","336d, 10:56:12"
851577539.241,29485367.089,4989.399,True,"2026-12-26 17:18:59 UTC","341d, 06:22:47"
851577539.241,29900962.025,5680.943,True,"2026-12-26 17:18:59 UTC","346d, 01:49:22"
851577539.241,30316556.962,6510.239,True,"2026-12-26 17:18:59 UTC","350d, 21:15:56"
851577539.241,30732151.899,7498.156,True,"2026-12-26 17:18:59 UTC","355d, 16:42:31"
851577539.241,31147746.835,8669.427,True,"2026-12-26 17:18:59 UTC","360d, 12:09:06"
851577539.241,31563341.772,10052.183,True,"2026-12-26 17:18:59 UTC","365d, 07:35:41"
851577539.241,31978936.709,11675.781,True,"2026-12-26 17:18:59 UTC","370d, 03:02:16"
851577539.241,32394531.646,13565.358,True,"2026-12-26 17:18:59 UTC","374d, 22:28:51"
851577539.241,32810126.582,15731.25,True,"2026-12-26 17:18:59 UTC","379d, 17:55:26"
851577539.241,33225721.519,18152.6,True,"2026-12-26 17:18:59 UTC","384d, 13:22:01"
851577539.241,33641316.456,20759.568,True,"2026-12-26 17:18:59 UTC","389d, 08:48:36"
851577539.241,34056911.392,23427.333,True,"2026-12-26 17:18:59 UTC","394d, 04:15:11"
851577539.241,34472506.329,25213.247,False,"2026-12-26 17:18:59 UTC","398d, 23:41:46"
851577539.241,34888101.266,24602.423,False,"2026-12-26 17:18:59 UTC","403d, 19:08:21"
851577539.241,35303696.203,23991.177,False,"2026-12-26 17:18:59 UTC","408d, 14:34:56"
851577539.241,35719291.139,23380.511,False,"2026-12-26 17:18:59 UTC","413d, 10:01:31"
851577539.241,36134886.076,22771.409,False,"2026-12-26 17:18:59 UTC","418d, 05:28:06"
851577539.241,36550481.013,22164.836,False,"2026-12-26 17:18:59 UTC","423d, 00:54:41"
851577539.241,36966075.949,21561.731,False,"2026-12-26 17:18:59 UTC","427d, 20:21:15"
851577539.241,37381670.886,20963.004,False,"2026-12-26 17:18:59 UTC","432d, 15:47:50"
851577539.241,37797265.823,20369.533,False,"2026-12-26 17:18:59 UTC","437d, 11:14:25"
851577539.241,38212860.759,19782.163,False,"2026-12-26 17:18:59 UTC","442d, 06:41:00"
851577539.241,38628455.696,19201.701,False,"2026-12-26 17:18:59 UTC","447d, 02:07:35"
851577539.241,39044050.633,18628.915,False,"2026-12-26 17:18:59 UTC","451d, 21:34:10"
851577539.241,39459645.57,18064.533,False,"2026-12-26 17:18:59 UTC","456d, 17:00:45"
851577539.241,39875240.506,17509.241,False,"2026-12-26 17:18:59 UTC","461d, 12:27:20"
851577539.241,40290835.443,16963.682,False,"2026-12-26 17:18:59 UTC","466d, 07:53:55"
851577539.241,40706430.38,16428.458,False,"2026-12-26 17:18:59 UTC","471d, 03:20:30"
851577539.241,41122025.316,15904.128,False,"2026-12-26 17:18:59 UTC","475d, 22:47:05"
851577539.241,41537620.253,15391.21,False,"2026-12-26 17:18:59 UTC","480d, 18:13:40"
851577539.241,41953215.19,14890.181,False,"2026-12-26 17:18:59 UTC","485d, 13:40:15"
851577539.241,42368810.127,14401.481,False,"2026-12-26 17:18:59 UTC","490d, 09:06:50"
851577539.241,42784405.063,13925.517,False,"2026-12-26 17:18:59 UTC","495d, 04:33:25"
851577539.241,43200000,13462.665,False,"2026-12-26 17:18:59 UTC","500d, 00:00:00"
852853853.165,10368000,10182.817,False,"2027-01-10 11:50:53 UTC","120d, 00:00:00"
852853853.165,10783594.937,9970.293,False,"2027-01-10 11:50:53 UTC","124d, 19:26:34"
852853853.165,11199189.873,9759.18,False,"2027-01-10 11:50:53 UTC","129d, 14:53:09"
852853853.165,11614784.81,9547.915,False,"2027-01-10 11:50:53 UTC","134d, 10:19:44"
852853853.165,12030379.747,9335.483,False,"2027-01-10 11:50:53 UTC","139d, 05:46:19"
852853853.165,12445974.684,9121.32,False,"2027-01-10 11:50:53 UTC","144d, 01:12:54"
852853853.165,12861569.62,8905.242,False,"2027-01-10 11:50:53 UTC","148d, 20:39:29"
852853853.165,13277164.557,8687.414,False,"2027-01-10 11:50:53 UTC","153d, 16:06:04"
852853853.165,13692759.494,8468.372,False,"2027-01-10 11:50:53 UTC","158d, 11:32:39"
852853853.165,14108354.43,8249.113,False,"2027-01-10 11:50:53 UTC","163d, 06:59:14"
852853853.165,14523949.367,8031.336,False,"2027-01-10 11:50:53 UTC","168d, 02:25:49"
852853853.165,14939544.304,7817.972,False,"2027-01-10 11:50:53 UTC","172d, 21:52:24"
852853853.165,15355139.241,7614.408,False,"2027-01-10 11:50:53 UTC","177d, 17:18:59"
852853853.165,15770734.177,7431.539,False,"2027-01-10 11:50:53 UTC","182d, 12:45:34"
852853853.165,16186329.114,7294.353,False,"2027-01-10 11:50:53 UTC","187d, 08:12:09"
852853853.165,16601924.051,7270.639,False,"2027-01-10 11:50:53 UTC","192d, 03:38:44"
852853853.165,17017518.987,7594.231,False,"2027-01-10 11:50:53 UTC","196d, 23:05:18"
852853853.165,17433113.924,9448.208,False,"2027-01-10 11:50:53 UTC","201d, 18:31:53"
852853853.165,17848708.861,24078.443,False,"2027-01-10 11:50:53 UTC","206d, 13:58:28"
852853853.165,18264303.797,10972.219,True,"2027-01-10 11:50:53 UTC","211d, 09:25:03"
852853853.165,18679898.734,7368.356,True,"2027-01-10 11:50:53 UTC","216d, 04:51:38"
852853853.165,19095493.671,6275.58,True,"2027-01-10 11:50:53 UTC","221d, 00:18:13"
852853853.165,19511088.608,5705.885,True,"2027-01-10 11:50:53 UTC","225d, 19:44:48"
852853853.165,19926683.544,5309.693,True,"2027-01-10 11:50:53 UTC","230d, 15:11:23"
852853853.165,20342278.481,4989.033,True,"2027-01-10 11:50:53 UTC","235d, 10:37:58"
852853853.165,20757873.418,4708.467,True,"2027-01-10 11:50:53 UTC","240d, 06:04:33"
852853853.165,21173468.354,4453.121,True,"2027-01-10 11:50:53 UTC","245d, 01:31:08"
852853853.165,21589063.291,4216.331,True,"2027-01-10 11:50:53 UTC","249d, 20:57:43"
852853853.165,22004658.228,3995.257,True,"2027-01-10 11:50:53 UTC","254d, 16:24:18"
852853853.165,22420253.165,3789.126,True,"2027-01-10 11:50:53 UTC","259d, 11:50:53"
852853853.165,22835848.101,3598.463,True,"2027-01-10 11:50:53 UTC","264d, 07:17:28"
852853853.165,23251443.038,3424.77,True,"2027-01-10 11:50:53 UTC","269d, 02:44:03"
852853853.165,23667037.975,3270.401,True,"2027-01-10 11:50:53 UTC","273d, 22:10:37"
852853853.165,24082632.911,3138.558,True,"2027-01-10 11:50:53 UTC","278d, 17:37:12"
852853853.165,24498227.848,3033.332,True,"2027-01-10 11:50:53 UTC","283d, 13:03:47"
852853853.165,24913822.785,2959.752,True,"2027-01-10 11:50:53 UTC","288d, 08:30:22"
852853853.165,25329417.722,2923.761,True,"2027-01-10 11:50:53 UTC","293d, 03:56:57"
852853853.165,25745012.658,2932.063,True,"2027-01-10 11:50:53 UTC","297d, 23:23:32"
852853853.165,26160607.595,2991.863,True,"2027-01-10 11:50:53 UTC","302d, 18:50:07"
852853853.165,26576202.532,3110.598,True,"2027-01-10 11:50:53 UTC","307d, 14:16:42"
852853853.165,26991797.468,3295.855,True,"2027-01-10 11:50:53 UTC","312d, 09:43:17"
852853853.165,27407392.405,3555.532,True,"2027-01-10 11:50:53 UTC","317d, 05:09:52"
852853853.165,27822987.342,3898.186,True,"2027-01-10 11:50:53 UTC","322d, 00:36:27"
852853853.165,28238582.278,4333.438,True,"2027-01-10 11:50:53 UTC","326d, 20:03:02"
852853853.165,28654177.215,4872.422,True,"2027-01-10 11:50:53 UTC","331d, 15:29:37"
852853853.165,29069772.152,5528.292,True,"2027-01-10 11:50:53 UTC","336d, 10:56:12"
852853853.165,29485367.089,6316.817,True,"2027-01-10 11:50:53 UTC","341d, 06:22:47"
852853853.165,29900962.025,7256.963,True,"2027-01-10 11:50:53 UTC","346d, 01:49:22"
852853853.165,30316556.962,8371.292,True,"2027-01-10 11:50:53 UTC","350d, 21:15:56"
852853853.165,30732151.899,9685.738,True,"2027-01-10 11:50:53 UTC","355d, 16:42:31"
852853853.165,31147746.835,11227.998,True,"2027-01-10 11:50:53 UTC","360d, 12:09:06"
852853853.165,31563341.772,13023.226,True,"2027-01-10 11:50:53 UTC","365d, 07:35:41"
852853853.165,31978936.709,15085.319,True,"2027-01-10 11:50:53 UTC","370d, 03:02:16"
852853853.165,32394531.646,17402.699,True,"2027-01-10 11:50:53 UTC","374d, 22:28:51"
852853853.165,32810126.582,19921.169,True,"2027-01-10 11:50:53 UTC","379d, 17:55:26"
852853853.165,33225721.519,22533.984,True,"2027-01-10 11:50:53 UTC","384d, 13:22:01"
852853853.165,33641316.456,25232.891,False,"2027-01-10 11:50:53 UTC","389d, 08:48:36"
852853853.165,34056911.392,24624.221,False,"2027-01-10 11:50:53 UTC","394d, 04:15:11"
852853853.165,34472506.329,24015.143,False,"2027-01-10 11:50:53 UTC","398d, 23:41:46"
852853853.165,34888101.266,23406.657,False,"2027-01-10 11:50:53 UTC","403d, 19:08:21"
852853853.165,35303696.203,22799.745,False,"2027-01-10 11:50:53 UTC","408d, 14:34:56"
852853853.165,35719291.139,22195.37,False,"2027-01-10 11:50:53 UTC","413d, 10:01:31"
852853853.165,36134886.076,21594.469,False,"2027-01-10 11:50:53 UTC","418d, 05:28:06"
852853853.165,36550481.013,20997.947,False,"2027-01-10 11:50:53 UTC","423d, 00:54:41"
852853853.165,36966075.949,20406.682,False,"2027-01-10 11:50:53 UTC","427d, 20:21:15"
852853853.165,37381670.886,19821.514,False,"2027-01-10 11:50:53 UTC","432d, 15:47:50"
852853853.165,37797265.823,19243.247,False,"2027-01-10 11:50:53 UTC","437d, 11:14:25"
852853853.165,38212860.759,18672.646,False,"2027-01-10 11:50:53 UTC","442d, 06:41:00"
852853853.165,38628455.696,18110.436,False,"2027-01-10 11:50:53 UTC","447d, 02:07:35"
852853853.165,39044050.633,17557.3,False,"2027-01-10 11:50:53 UTC","451d, 21:34:10"
852853853.165,39459645.57,17013.88,False,"2027-01-10 11:50:53 UTC","456d, 17:00:45"
852853853.165,39875240.506,16480.775,False,"2027-01-10 11:50:53 UTC","461d, 12:27:20"
852853853.165,40290835.443,15958.544,False,"2027-01-10 11:50:53 UTC","466d, 07:53:55"
852853853.165,40706430.38,15447.701,False,"2027-01-10 11:50:53 UTC","471d, 03:20:30"
852853853.165,41122025.316,14948.726,False,"2027-01-10 11:50:53 UTC","475d, 22:47:05"
852853853.165,41537620.253,14462.059,False,"2027-01-10 11:50:53 UTC","480d, 18:13:40"
852853853.165,41953215.19,13988.107,False,"2027-01-10 11:50:53 UTC","485d, 13:40:15"
852853853.165,42368810.127,13527.246,False,"2027-01-10 11:50:53 UTC","490d, 09:06:50"
852853853.165,42784405.063,13079.829,False,"2027-01-10 11:50:53 UTC","495d, 04:33:25"
852853853.165,43200000,12646.193,False,"2027-01-10 11:50:53 UTC","500d, 00:00:00"
854130167.089,10368000,11794.985,False,"2027-01-25 06:22:47 UTC","120d, 00:00:00"
854130167.089,10783594.937,11483.258,False,"2027-01-25 06:22:47 UTC","124d, 19:26:34"
854130167.089,11199189.873,11174.928,False,"2027-01-25 06:22:47 UTC","129d, 14:53:09"
854130167.089,11614784.81,10869.082,False,"2027-01-25 06:22:47 UTC","134d, 10:19:44"
854130167.089,12030379.747,10565.223,False,"2027-01-25 06:22:47 UTC","139d, 05:46:19"
854130167.089,12445974.684,10263.221,False,"2027-01-25 06:22:47 UTC","144d, 01:12:54"
854130167.089,12861569.62,9963.302,False,"2027-01-25 06:22:47 UTC","148d, 20:39:29"
854130167.089,13277164.557,9666.095,False,"2027-01-25 06:22:47 UTC","153d, 16:06:04"
854130167.089,13692759.494,9372.787,False,"2027-01-25 06:22:47 UTC","158d, 11:32:39"
854130167.089,14108354.43,9085.483,False,"2027-01-25 06:22:47 UTC","163d, 06:59:14"
854130167.089,14523949.367,8808.024,False,"2027-01-25 06:22:47 UTC","168d, 02:25:49"
854130167.089,14939544.304,8547.975,False,"2027-01-25 06:22:47 UTC","172d, 21:52:24"
854130167.089,15355139.241,8321.958,False,"2027-01-25 06:22:47 UTC","177d, 17:18:59"
854130167.089,15770734.177,8172.463,False,"2027-01-25 06:22:47 UTC","182d, 12:45:34"
854130167.089,16186329.114,8234.266,False,"2027-01-25 06:22:47 UTC","187d, 08:12:09"
854130167.089,16601924.051,9106.035,False,"2027-01-25 06:22:47 UTC","192d, 03:38:44"
854130167.089,17017518.987,15597.987,False,"2027-01-25 06:22:47 UTC","196d, 23:05:18"
854130167.089,17433113.924,15047.296,True,"2027-01-25 06:22:47 UTC","201d, 18:31:53"
854130167.089,17848708.861,8496.741,True,"2027-01-25 06:22:47 UTC","206d, 13:58:28"
854130167.089,18264303.797,7032.799,True,"2027-01-25 06:22:47 UTC","211d, 09:25:03"
854130167.089,18679898.734,6354.772,True,"2027-01-25 06:22:47 UTC","216d, 04:51:38"
854130167.089,19095493.671,5900.228,True,"2027-01-25 06:22:47 UTC","221d, 00:18:13"
854130167.089,19511088.608,5534.88,True,"2027-01-25 06:22:47 UTC","225d, 19:44:48"
854130167.089,19926683.544,5214.552,True,"2027-01-25 06:22:47 UTC","230d, 15:11:23"
854130167.089,20342278.481,4921.769,True,"2027-01-25 06:22:47 UTC","235d, 10:37:58"
854130167.089,20757873.418,4648.964,True,"2027-01-25 06:22:47 UTC","240d, 06:04:33"
854130167.089,21173468.354,4392.944,True,"2027-01-25 06:22:47 UTC","245d, 01:31:08"
854130167.089,21589063.291,4152.77,True,"2027-01-25 06:22:47 UTC","249d, 20:57:43"
854130167.089,22004658.228,3928.879,True,"2027-01-25 06:22:47 UTC","254d, 16:24:18"
854130167.089,22420253.165,3722.711,True,"2027-01-25 06:22:47 UTC","259d, 11:50:53"
854130167.089,22835848.101,3536.568,True,"2027-01-25 06:22:47 UTC","264d, 07:17:28"
854130167.089,23251443.038,3373.591,True,"2027-01-25 06:22:47 UTC","269d, 02:44:03"
854130167.089,23667037.975,3237.789,True,"2027-01-25 06:22:47 UTC","273d, 22:10:37"
854130167.089,24082632.911,3134.082,True,"2027-01-25 06:22:47 UTC","278d, 17:37:12"
854130167.089,24498227.848,3068.281,True,"2027-01-25 06:22:47 UTC","283d, 13:03:47"
854130167.089,24913822.785,3046.97,True,"2027-01-25 06:22:47 UTC","288d, 08:30:22"
854130167.089,25329417.722,3077.274,True,"2027-01-25 06:22:47 UTC","293d, 03:56:57"
854130167.089,25745012.658,3166.591,True,"2027-01-25 06:22:47 UTC","297d, 23:23:32"
854130167.089,26160607.595,3322.457,True,"2027-01-25 06:22:47 UTC","302d, 18:50:07"
854130167.089,26576202.532,3552.631,True,"2027-01-25 06:22:47 UTC","307d, 14:16:42"
854130167.089,26991797.468,3865.381,True,"2027-01-25 06:22:47 UTC","312d, 09:43:17"
854130167.089,27407392.405,4269.833,True,"2027-01-25 06:22:47 UTC","317d, 05:09:52"
854130167.089,27822987.342,4776.378,True,"2027-01-25 06:22:47 UTC","322d, 00:36:27"
854130167.089,28238582.278,5397.14,True,"2027-01-25 06:22:47 UTC","326d, 20:03:02"
854130167.089,28654177.215,6146.537,True,"2027-01-25 06:22:47 UTC","331d, 15:29:37"
854130167.089,29069772.152,7041.874,True,"2027-01-25 06:22:47 UTC","336d, 10:56:12"
854130167.089,29485367.089,8103.805,True,"2027-01-25 06:22:47 UTC","341d, 06:22:47"
854130167.089,29900962.025,9356.31,True,"2027-01-25 06:22:47 UTC","346d, 01:49:22"
854130167.089,30316556.962,10825.531,True,"2027-01-25 06:22:47 UTC","350d, 21:15:56"
854130167.089,30732151.899,12536.379,True,"2027-01-25 06:22:47 UTC","355d, 16:42:31"
854130167.089,31147746.835,14505.331,True,"2027-01-25 06:22:47 UTC","360d, 12:09:06"
854130167.089,31563341.772,16728.12,True,"2027-01-25 06:22:47 UTC","365d, 07:35:41"
854130167.089,31978936.709,19163.568,True,"2027-01-25 06:22:47 UTC","370d, 03:02:16"
854130167.089,32394531.646,21721.174,True,"2027-01-25 06:22:47 UTC","374d, 22:28:51"
854130167.089,32810126.582,25286.466,False,"2027-01-25 06:22:47 UTC","379d, 17:55:26"
854130167.089,33225721.519,24679.59,False,"2027-01-25 06:22:47 UTC","384d, 13:22:01"
854130167.089,33641316.456,24072.319,False,"2027-01-25 06:22:47 UTC","389d, 08:48:36"
854130167.089,34056911.392,23465.65,False,"2027-01-25 06:22:47 UTC","394d, 04:15:11"
854130167.089,34472506.329,22860.565,False,"2027-01-25 06:22:47 UTC","398d, 23:41:46"
854130167.089,34888101.266,22258.02,False,"2027-01-25 06:22:47 UTC","403d, 19:08:21"
854130167.089,35303696.203,21658.948,False,"2027-01-25 06:22:47 UTC","408d, 14:34:56"
854130167.089,35719291.139,21064.253,False,"2027-01-25 06:22:47 UTC","413d, 10:01:31"
854130167.089,36134886.076,20474.806,False,"2027-01-25 06:22:47 UTC","418d, 05:28:06"
854130167.089,36550481.013,19891.444,False,"2027-01-25 06:22:47 UTC","423d, 00:54:41"
854130167.089,36966075.949,19314.967,False,"2027-01-25 06:22:47 UTC","427d, 20:21:15"
854130167.089,37381670.886,18746.137,False,"2027-01-25 06:22:47 UTC","432d, 15:47:50"
854130167.089,37797265.823,18185.674,False,"2027-01-25 06:22:47 UTC","437d, 11:14:25"
854130167.089,38212860.759,17634.26,False,"2027-01-25 06:22:47 UTC","442d, 06:41:00"
854130167.089,38628455.696,17092.532,False,"2027-01-25 06:22:47 UTC","447d, 02:07:35"
854130167.089,39044050.633,16561.089,False,"2027-01-25 06:22:47 UTC","451d, 21:34:10"
854130167.089,39459645.57,16040.485,False,"2027-01-25 06:22:47 UTC","456d, 17:00:45"
854130167.089,39875240.506,15531.238,False,"2027-01-25 06:22:47 UTC","461d, 12:27:20"
854130167.089,40290835.443,15033.823,False,"2027-01-25 06:22:47 UTC","466d, 07:53:55"
854130167.089,40706430.38,14548.682,False,"2027-01-25 06:22:47 UTC","471d, 03:20:30"
854130167.089,41122025.316,14076.222,False,"2027-01-25 06:22:47 UTC","475d, 22:47:05"
854130167.089,41537620.253,13616.819,False,"2027-01-25 06:22:47 UTC","480d, 18:13:40"
854130167.089,41953215.19,13170.826,False,"2027-01-25 06:22:47 UTC","485d, 13:40:15"
854130167.089,42368810.127,12738.579,False,"2027-01-25 06:22:47 UTC","490d, 09:06:50"
854130167.089,42784405.063,12320.409,False,"2027-01-25 06:22:47 UTC","495d, 04:33:25"
854130167.089,43200000,11916.653,False,"2027-01-25 06:22:47 UTC","500d, 00:00:00"
855406481.013,10368000,13329.586,False,"2027-02-09 00:54:41 UTC","120d, 00:00:00"
855406481.013,10783594.937,12906.42,False,"2027-02-09 00:54:41 UTC","124d, 19:26:34"
855406481.013,11199189.873,12491.63,False,"2027-02-09 00:54:41 UTC","129d, 14:53:09"
855406481.013,11614784.81,12084.491,False,"2027-02-09 00:54:41 UTC","134d, 10:19:44"
855406481.013,12030379.747,11684.68,False,"2027-02-09 00:54:41 UTC","139d, 05:46:19"
855406481.013,12445974.684,11292.283,False,"2027-02-09 00:54:41 UTC","144d, 01:12:54"
855406481.013,12861569.62,10907.875,False,"2027-02-09 00:54:41 UTC","148d, 20:39:29"
855406481.013,13277164.557,10532.755,False,"2027-02-09 00:54:41 UTC","153d, 16:06:04"
855406481.013,13692759.494,10169.486,False,"2027-02-09 00:54:41 UTC","158d, 11:32:39"
855406481.013,14108354.43,9823.188,False,"2027-02-09 00:54:41 UTC","163d, 06:59:14"
855406481.013,14523949.367,9504.893,False,"2027-02-09 00:54:41 UTC","168d, 02:25:49"
855406481.013,14939544.304,9241.545,False,"2027-02-09 00:54:41 UTC","172d, 21:52:24"
855406481.013,15355139.241,9112.635,False,"2027-02-09 00:54:41 UTC","177d, 17:18:59"
855406481.013,15770734.177,9433.445,False,"2027-02-09 00:54:41 UTC","182d, 12:45:34"
855406481.013,16186329.114,12295.129,False,"2027-02-09 00:54:41 UTC","187d, 08:12:09"
855406481.013,16601924.051,22993.679,True,"2027-02-09 00:54:41 UTC","192d, 03:38:44"
855406481.013,17017518.987,9948.126,True,"2027-02-09 00:54:41 UTC","196d, 23:05:18"
855406481.013,17433113.924,7897.656,True,"2027-02-09 00:54:41 UTC","201d, 18:31:53"
855406481.013,17848708.861,7087.646,True,"2027-02-09 00:54:41 UTC","206d, 13:58:28"
855406481.013,18264303.797,6568.733,True,"2027-02-09 00:54:41 UTC","211d, 09:25:03"
855406481.013,18679898.734,6154.878,True,"2027-02-09 00:54:41 UTC","216d, 04:51:38"
855406481.013,19095493.671,5791.276,True,"2027-02-09 00:54:41 UTC","221d, 00:18:13"
855406481.013,19511088.608,5457.645,True,"2027-02-09 00:54:41 UTC","225d, 19:44:48"
855406481.013,19926683.544,5145.531,True,"2027-02-09 00:54:41 UTC","230d, 15:11:23"
855406481.013,20342278.481,4851.402,True,"2027-02-09 00:54:41 UTC","235d, 10:37:58"
855406481.013,20757873.418,4574.156,True,"2027-02-09 00:54:41 UTC","240d, 06:04:33"
855406481.013,21173468.354,4314.124,True,"2027-02-09 00:54:41 UTC","245d, 01:31:08"
855406481.013,21589063.291,4072.652,True,"2027-02-09 00:54:41 UTC","249d, 20:57:43"
855406481.013,22004658.228,3851.949,True,"2027-02-09 00:54:41 UTC","254d, 16:24:18"
855406481.013,22420253.165,3655.059,True,"2027-02-09 00:54:41 UTC","259d, 11:50:53"
855406481.013,22835848.101,3485.879,True,"2027-02-09 00:54:41 UTC","264d, 07:17:28"
855406481.013,23251443.038,3349.207,True,"2027-02-09 00:54:41 UTC","269d, 02:44:03"
855406481.013,23667037.975,3250.725,True,"2027-02-09 00:54:41 UTC","273d, 22:10:37"
855406481.013,24082632.911,3196.916,True,"2027-02-09 00:54:41 UTC","278d, 17:37:12"
855406481.013,24498227.848,3194.851,True,"2027-02-09 00:54:41 UTC","283d, 13:03:47"
855406481.013,24913822.785,3251.929,True,"2027-02-09 00:54:41 UTC","288d, 08:30:22"
855406481.013,25329417.722,3375.698,True,"2027-02-09 00:54:41 UTC","293d, 03:56:57"
855406481.013,25745012.658,3573.865,True,"2027-02-09 00:54:41 UTC","297d, 23:23:32"
855406481.013,26160607.595,3854.51,True,"2027-02-09 00:54:41 UTC","302d, 18:50:07"
855406481.013,26576202.532,4226.392,True,"2027-02-09 00:54:41 UTC","307d, 14:16:42"
855406481.013,26991797.468,4699.305,True,"2027-02-09 00:54:41 UTC","312d, 09:43:17"
855406481.013,27407392.405,5284.503,True,"2027-02-09 00:54:41 UTC","317d, 05:09:52"
855406481.013,27822987.342,5995.235,True,"2027-02-09 00:54:41 UTC","322d, 00:36:27"
855406481.013,28238582.278,6847.346,True,"2027-02-09 00:54:41 UTC","326d, 20:03:02"
855406481.013,28654177.215,7859.798,True,"2027-02-09 00:54:41 UTC","331d, 15:29:37"
855406481.013,29069772.152,9054.812,True,"2027-02-09 00:54:41 UTC","336d, 10:56:12"
855406481.013,29485367.089,10457.088,True,"2027-02-09 00:54:41 UTC","341d, 06:22:47"
855406481.013,29900962.025,12091.144,True,"2027-02-09 00:54:41 UTC","346d, 01:49:22"
855406481.013,30316556.962,13975.38,True,"2027-02-09 00:54:41 UTC","350d, 21:15:56"
855406481.013,30732151.899,16111.434,True,"2027-02-09 00:54:41 UTC","355d, 16:42:31"
855406481.013,31147746.835,18469.155,True,"2027-02-09 00:54:41 UTC","360d, 12:09:06"
855406481.013,31563341.772,20972.685,True,"2027-02-09 00:54:41 UTC","365d, 07:35:41"
855406481.013,31978936.709,23500.169,True,"2027-02-09 00:54:41 UTC","370d, 03:02:16"
855406481.013,32394531.646,24770.335,False,"2027-02-09 00:54:41 UTC","374d, 22:28:51"
855406481.013,32810126.582,24164.463,False,"2027-02-09 00:54:41 UTC","379d, 17:55:26"
855406481.013,33225721.519,23559.203,False,"2027-02-09 00:54:41 UTC","384d, 13:22:01"
855406481.013,33641316.456,22955.527,False,"2027-02-09 00:54:41 UTC","389d, 08:48:36"
855406481.013,34056911.392,22354.39,False,"2027-02-09 00:54:41 UTC","394d, 04:15:11"
855406481.013,34472506.329,21756.719,False,"2027-02-09 00:54:41 UTC","398d, 23:41:46"
855406481.013,34888101.266,21163.412,False,"2027-02-09 00:54:41 UTC","403d, 19:08:21"
855406481.013,35303696.203,20575.336,False,"2027-02-09 00:54:41 UTC","408d, 14:34:56"
855406481.013,35719291.139,19993.323,False,"2027-02-09 00:54:41 UTC","413d, 10:01:31"
855406481.013,36134886.076,19418.167,False,"2027-02-09 00:54:41 UTC","418d, 05:28:06"
855406481.013,36550481.013,18850.627,False,"2027-02-09 00:54:41 UTC","423d, 00:54:41"
855406481.013,36966075.949,18291.42,False,"2027-02-09 00:54:41 UTC","427d, 20:21:15"
855406481.013,37381670.886,17741.222,False,"2027-02-09 00:54:41 UTC","432d, 15:47:50"
855406481.013,37797265.823,17200.67,False,"2027-02-09 00:54:41 UTC","437d, 11:14:25"
855406481.013,38212860.759,16670.359,False,"2027-02-09 00:54:41 UTC","442d, 06:41:00"
855406481.013,38628455.696,16150.843,False,"2027-02-09 00:54:41 UTC","447d, 02:07:35"
855406481.013,39044050.633,15642.636,False,"2027-02-09 00:54:41 UTC","451d, 21:34:10"
855406481.013,39459645.57,15146.215,False,"2027-02-09 00:54:41 UTC","456d, 17:00:45"
855406481.013,39875240.506,14662.02,False,"2027-02-09 00:54:41 UTC","461d, 12:27:20"
855406481.013,40290835.443,14190.457,False,"2027-02-09 00:54:41 UTC","466d, 07:53:55"
855406481.013,40706430.38,13731.904,False,"2027-02-09 00:54:41 UTC","471d, 03:20:30"
855406481.013,41122025.316,13286.712,False,"2027-02-09 00:54:41 UTC","475d, 22:47:05"
855406481.013,41537620.253,12855.216,False,"2027-02-09 00:54:41 UTC","480d, 18:13:40"
855406481.013,41953215.19,12437.743,False,"2027-02-09 00:54:41 UTC","485d, 13:40:15"
855406481.013,42368810.127,12034.623,False,"2027-02-09 00:54:41 UTC","490d, 09:06:50"
855406481.013,42784405.063,11646.214,False,"2027-02-09 00:54:41 UTC","495d, 04:33:25"
855406481.013,43200000,11272.934,False,"2027-02-09 00:54:41 UTC","500d, 00:00:00"
856682794.937,10368000,14738.427,False,"2027-02-23 19:26:34 UTC","120d, 00:00:00"
856682794.937,10783594.937,14199.152,False,"2027-02-23 19:26:34 UTC","124d, 19:26:34"
856682794.937,11199189.873,13675.191,False,"2027-02-23 19:26:34 UTC","129d, 14:53:09"
856682794.937,11614784.81,13165.773,False,"2027-02-23 19:26:34 UTC","134d, 10:19:44"
856682794.937,12030379.747,12670.642,False,"2027-02-23 19:26:34 UTC","139d, 05:46:19"
856682794.937,12445974.684,12190.176,False,"2027-02-23 19:26:34 UTC","144d, 01:12:54"
856682794.937,12861569.62,11725.733,False,"2027-02-23 19:26:34 UTC","148d, 20:39:29"
856682794.937,13277164.557,11280.481,False,"2027-02-23 19:26:34 UTC","153d, 16:06:04"
856682794.937,13692759.494,10861.505,False,"2027-02-23 19:26:34 UTC","158d, 11:32:39"
856682794.937,14108354.43,10485.819,False,"2027-02-23 19:26:34 UTC","163d, 06:59:14"
856682794.937,14523949.367,10200.896,False,"2027-02-23 19:26:34 UTC","168d, 02:25:49"
856682794.937,14939544.304,10177.444,False,"2027-02-23 19:26:34 UTC","172d, 21:52:24"
856682794.937,15355139.241,11372.623,False,"2027-02-23 19:26:34 UTC","177d, 17:18:59"
856682794.937,15770734.177,24773.161,False,"2027-02-23 19:26:34 UTC","182d, 12:45:34"
856682794.937,16186329.114,11984.592,True,"2027-02-23 19:26:34 UTC","187d, 08:12:09"
856682794.937,16601924.051,8892.811,True,"2027-02-23 19:26:34 UTC","192d, 03:38:44"
856682794.937,17017518.987,7915.08,True,"2027-02-23 19:26:34 UTC","196d, 23:05:18"
856682794.937,17433113.924,7324.249,True,"2027-02-23 19:26:34 UTC","201d, 18:31:53"
856682794.937,17848708.861,6857.241,True,"2027-02-23 19:26:34 UTC","206d, 13:58:28"
856682794.937,18264303.797,6446.102,True,"2027-02-23 19:26:34 UTC","211d, 09:25:03"
856682794.937,18679898.734,6067.517,True,"2027-02-23 19:26:34 UTC","216d, 04:51:38"
856682794.937,19095493.671,5712.168,True,"2027-02-23 19:26:34 UTC","221d, 00:18:13"
856682794.937,19511088.608,5376.212,True,"2027-02-23 19:26:34 UTC","225d, 19:44:48"
856682794.937,19926683.544,5058.383,True,"2027-02-23 19:26:34 UTC","230d, 15:11:23"
856682794.937,20342278.481,4758.882,True,"2027-02-23 19:26:34 UTC","235d, 10:37:58"
856682794.937,20757873.418,4478.927,True,"2027-02-23 19:26:34 UTC","240d, 06:04:33"
856682794.937,21173468.354,4220.592,True,"2027-02-23 19:26:34 UTC","245d, 01:31:08"
856682794.937,21589063.291,3986.774,True,"2027-02-23 19:26:34 UTC","249d, 20:57:43"
856682794.937,22004658.228,3781.218,True,"2027-02-23 19:26:34 UTC","254d, 16:24:18"
856682794.937,22420253.165,3608.558,True,"2027-02-23 19:26:34 UTC","259d, 11:50:53"
856682794.937,22835848.101,3474.328,True,"2027-02-23 19:26:34 UTC","264d, 07:17:28"
856682794.937,23251443.038,3384.897,True,"2027-02-23 19:26:34 UTC","269d, 02:44:03"
856682794.937,23667037.975,3347.286,True,"2027-02-23 19:26:34 UTC","273d, 22:10:37"
856682794.937,24082632.911,3368.925,True,"2027-02-23 19:26:34 UTC","278d, 17:37:12"
856682794.937,24498227.848,3457.424,True,"2027-02-23 19:26:34 UTC","283d, 13:03:47"
856682794.937,24913822.785,3620.519,True,"2027-02-23 19:26:34 UTC","288d, 08:30:22"
856682794.937,25329417.722,3866.204,True,"2027-02-23 19:26:34 UTC","293d, 03:56:57"
856682794.937,25745012.658,4202.992,True,"2027-02-23 19:26:34 UTC","297d, 23:23:32"
856682794.937,26160607.595,4640.215,True,"2027-02-23 19:26:34 UTC","302d, 18:50:07"
856682794.937,26576202.532,5188.415,True,"2027-02-23 19:26:34 UTC","307d, 14:16:42"
856682794.937,26991797.468,5859.839,True,"2027-02-23 19:26:34 UTC","312d, 09:43:17"
856682794.937,27407392.405,6669.044,True,"2027-02-23 19:26:34 UTC","317d, 05:09:52"
856682794.937,27822987.342,7633.476,True,"2027-02-23 19:26:34 UTC","322d, 00:36:27"
856682794.937,28238582.278,8773.762,True,"2027-02-23 19:26:34 UTC","326d, 20:03:02"
856682794.937,28654177.215,10113.252,True,"2027-02-23 19:26:34 UTC","331d, 15:29:37"
856682794.937,29069772.152,11675.983,True,"2027-02-23 19:26:34 UTC","336d, 10:56:12"
856682794.937,29485367.089,13481.82,True,"2027-02-23 19:26:34 UTC","341d, 06:22:47"
856682794.937,29900962.025,15537.295,True,"2027-02-23 19:26:34 UTC","346d, 01:49:22"
856682794.937,30316556.962,17821.781,True,"2027-02-23 19:26:34 UTC","350d, 21:15:56"
856682794.937,30732151.899,20272.774,True,"2027-02-23 19:26:34 UTC","355d, 16:42:31"
856682794.937,31147746.835,22780.889,True,"2027-02-23 19:26:34 UTC","360d, 12:09:06"
856682794.937,31563341.772,24898.161,False,"2027-02-23 19:26:34 UTC","365d, 07:35:41"
856682794.937,31978936.709,24293.237,False,"2027-02-23 19:26:34 UTC","370d, 03:02:16"
856682794.937,32394531.646,23688.926,False,"2027-02-23 19:26:34 UTC","374d, 22:28:51"
856682794.937,32810126.582,23086.195,False,"2027-02-23 19:26:34 UTC","379d, 17:55:26"
856682794.937,33225721.519,22485.992,False,"2027-02-23 19:26:34 UTC","384d, 13:22:01"
856682794.937,33641316.456,21889.238,False,"2027-02-23 19:26:34 UTC","389d, 08:48:36"
856682794.937,34056911.392,21296.825,False,"2027-02-23 19:26:34 UTC","394d, 04:15:11"
856682794.937,34472506.329,20709.614,False,"2027-02-23 19:26:34 UTC","398d, 23:41:46"
856682794.937,34888101.266,20128.431,False,"2027-02-23 19:26:34 UTC","403d, 19:08:21"
856682794.937,35303696.203,19554.067,False,"2027-02-23 19:26:34 UTC","408d, 14:34:56"
856682794.937,35719291.139,18987.274,False,"2027-02-23 19:26:34 UTC","413d, 10:01:31"
856682794.937,36134886.076,18428.765,False,"2027-02-23 19:26:34 UTC","418d, 05:28:06"
856682794.937,36550481.013,17879.214,False,"2027-02-23 19:26:34 UTC","423d, 00:54:41"
856682794.937,36966075.949,17339.254,False,"2027-02-23 19:26:34 UTC","427d, 20:21:15"
856682794.937,37381670.886,16809.478,False,"2027-02-23 19:26:34 UTC","432d, 15:47:50"
856682794.937,37797265.823,16290.439,False,"2027-02-23 19:26:34 UTC","437d, 11:14:25"
856682794.937,38212860.759,15782.649,False,"2027-02-23 19:26:34 UTC","442d, 06:41:00"
856682794.937,38628455.696,15286.584,False,"2027-02-23 19:26:34 UTC","447d, 02:07:35"
856682794.937,39044050.633,14802.685,False,"2027-02-23 19:26:34 UTC","451d, 21:34:10"
856682794.937,39459645.57,14331.357,False,"2027-02-23 19:26:34 UTC","456d, 17:00:45"
856682794.937,39875240.506,13872.976,False,"2027-02-23 19:26:34 UTC","461d, 12:27:20"
856682794.937,40290835.443,13427.893,False,"2027-02-23 19:26:34 UTC","466d, 07:53:55"
856682794.937,40706430.38,12996.441,False,"2027-02-23 19:26:34 UTC","471d, 03:20:30"
856682794.937,41122025.316,12578.941,False,"2027-02-23 19:26:34 UTC","475d, 22:47:05"
856682794.937,41537620.253,12175.716,False,"2027-02-23 19:26:34 UTC","480d, 18:13:40"
856682794.937,41953215.19,11787.108,False,"2027-02-23 19:26:34 UTC","485d, 13:40:15"
856682794.937,42368810.127,11413.508,False,"2027-02-23 19:26:34 UTC","490d, 09:06:50"
856682794.937,42784405.063,11055.395,False,"2027-02-23 19:26:34 UTC","495d, 04:33:25"
856682794.937,43200000,10713.413,False,"2027-02-23 19:26:34 UTC","500d, 00:00:00"
857959108.861,10368000,15992.711,False,"2027-03-10 13:58:28 UTC","120d, 00:00:00"
857959108.861,10783594.937,15337.8,False,"2027-03-10 13:58:28 UTC","124d, 19:26:34"
857959108.861,11199189.873,14706.542,False,"2027-03-10 13:58:28 UTC","129d, 14:53:09"
857959108.861,11614784.81,14098.112,False,"2027-03-10 13:58:28 UTC","134d, 10:19:44"
857959108.861,12030379.747,13512.541,False,"2027-03-10 13:58:28 UTC","139d, 05:46:19"
857959108.861,12445974.684,12951.227,False,"2027-03-10 13:58:28 UTC","144d, 01:12:54"
857959108.861,12861569.62,12418.239,False,"2027-03-10 13:58:28 UTC","148d, 20:39:29"
857959108.861,13277164.557,11923.925,False,"2027-03-10 13:58:28 UTC","153d, 16:06:04"
857959108.861,13692759.494,11496.524,False,"2027-03-10 13:58:28 UTC","158d, 11:32:39"
857959108.861,14108354.43,11229.984,False,"2027-03-10 13:58:28 UTC","163d, 06:59:14"
857959108.861,14523949.367,11578.723,False,"2027-03-10 13:58:28 UTC","168d, 02:25:49"
857959108.861,14939544.304,17110.718,False,"2027-03-10 13:58:28 UTC","172d, 21:52:24"
857959108.861,15355139.241,15312.946,True,"2027-03-10 13:58:28 UTC","177d, 17:18:59"
857959108.861,15770734.177,10055.329,True,"2027-03-10 13:58:28 UTC","182d, 12:45:34"
857959108.861,16186329.114,8850.916,True,"2027-03-10 13:58:28 UTC","187d, 08:12:09"
857959108.861,16601924.051,8178.345,True,"2027-03-10 13:58:28 UTC","192d, 03:38:44"
857959108.861,17017518.987,7652.445,True,"2027-03-10 13:58:28 UTC","196d, 23:05:18"
857959108.861,17433113.924,7188.541,True,"2027-03-10 13:58:28 UTC","201d, 18:31:53"
857959108.861,17848708.861,6760.015,True,"2027-03-10 13:58:28 UTC","206d, 13:58:28"
857959108.861,18264303.797,6356.72,True,"2027-03-10 13:58:28 UTC","211d, 09:25:03"
857959108.861,18679898.734,5974.524,True,"2027-03-10 13:58:28 UTC","216d, 04:51:38"
857959108.861,19095493.671,5611.991,True,"2027-03-10 13:58:28 UTC","221d, 00:18:13"
857959108.861,19511088.608,5269.166,True,"2027-03-10 13:58:28 UTC","225d, 19:44:48"
857959108.861,19926683.544,4947.098,True,"2027-03-10 13:58:28 UTC","230d, 15:11:23"
857959108.861,20342278.481,4647.679,True,"2027-03-10 13:58:28 UTC","235d, 10:37:58"
857959108.861,20757873.418,4373.604,True,"2027-03-10 13:58:28 UTC","240d, 06:04:33"
857959108.861,21173468.354,4128.408,True,"2027-03-10 13:58:28 UTC","245d, 01:31:08"
857959108.861,21589063.291,3916.51,True,"2027-03-10 13:58:28 UTC","249d, 20:57:43"
857959108.861,22004658.228,3743.248,True,"2027-03-10 13:58:28 UTC","254d, 16:24:18"
857959108.861,22420253.165,3614.836,True,"2027-03-10 13:58:28 UTC","259d, 11:50:53"
857959108.861,22835848.101,3538.226,True,"2027-03-10 13:58:28 UTC","264d, 07:17:28"
857959108.861,23251443.038,3520.872,True,"2027-03-10 13:58:28 UTC","269d, 02:44:03"
857959108.861,23667037.975,3570.486,True,"2027-03-10 13:58:28 UTC","273d, 22:10:37"
857959108.861,24082632.911,3694.903,True,"2027-03-10 13:58:28 UTC","278d, 17:37:12"
857959108.861,24498227.848,3902.132,True,"2027-03-10 13:58:28 UTC","283d, 13:03:47"
857959108.861,24913822.785,4200.55,True,"2027-03-10 13:58:28 UTC","288d, 08:30:22"
857959108.861,25329417.722,4599.172,True,"2027-03-10 13:58:28 UTC","293d, 03:56:57"
857959108.861,25745012.658,5107.977,True,"2027-03-10 13:58:28 UTC","297d, 23:23:32"
857959108.861,26160607.595,5738.37,True,"2027-03-10 13:58:28 UTC","302d, 18:50:07"
857959108.861,26576202.532,6503.781,True,"2027-03-10 13:58:28 UTC","307d, 14:16:42"
857959108.861,26991797.468,7420.292,True,"2027-03-10 13:58:28 UTC","312d, 09:43:17"
857959108.861,27407392.405,8507.068,True,"2027-03-10 13:58:28 UTC","317d, 05:09:52"
857959108.861,27822987.342,9786.18,True,"2027-03-10 13:58:28 UTC","322d, 00:36:27"
857959108.861,28238582.278,11281.123,True,"2027-03-10 13:58:28 UTC","326d, 20:03:02"
857959108.861,28654177.215,13012.889,True,"2027-03-10 13:58:28 UTC","331d, 15:29:37"
857959108.861,29069772.152,14992.146,True,"2027-03-10 13:58:28 UTC","336d, 10:56:12"
857959108.861,29485367.089,17206.667,True,"2027-03-10 13:58:28 UTC","341d, 06:22:47"
857959108.861,29900962.025,19606.308,True,"2027-03-10 13:58:28 UTC","346d, 01:49:22"
857959108.861,30316556.962,22094.229,True,"2027-03-10 13:58:28 UTC","350d, 21:15:56"
857959108.861,30732151.899,25064.695,False,"2027-03-10 13:58:28 UTC","355d, 16:42:31"
857959108.861,31147746.835,24460.222,False,"2027-03-10 13:58:28 UTC","360d, 12:09:06"
857959108.861,31563341.772,23856.355,False,"2027-03-10 13:58:28 UTC","365d, 07:35:41"
857959108.861,31978936.709,23254.054,False,"2027-03-10 13:58:28 UTC","370d, 03:02:16"
857959108.861,32394531.646,22654.261,False,"2027-03-10 13:58:28 UTC","374d, 22:28:51"
857959108.861,32810126.582,22057.887,False,"2027-03-10 13:58:28 UTC","379d, 17:55:26"
857959108.861,33225721.519,21465.819,False,"2027-03-10 13:58:28 UTC","384d, 13:22:01"
857959108.861,33641316.456,20878.91,False,"2027-03-10 13:58:28 UTC","389d, 08:48:36"
857959108.861,34056911.392,20297.981,False,"2027-03-10 13:58:28 UTC","394d, 04:15:11"
857959108.861,34472506.329,19723.817,False,"2027-03-10 13:58:28 UTC","398d, 23:41:46"
857959108.861,34888101.266,19157.165,False,"2027-03-10 13:58:28 UTC","403d, 19:08:21"
857959108.861,35303696.203,18598.735,False,"2027-03-10 13:58:28 UTC","408d, 14:34:56"
857959108.861,35719291.139,18049.197,False,"2027-03-10 13:58:28 UTC","413d, 10:01:31"
857959108.861,36134886.076,17509.181,False,"2027-03-10 13:58:28 UTC","418d, 05:28:06"
857959108.861,36550481.013,16979.278,False,"2027-03-10 13:58:28 UTC","423d, 00:54:41"
857959108.861,36966075.949,16460.038,False,"2027-03-10 13:58:28 UTC","427d, 20:21:15"
857959108.861,37381670.886,15951.975,False,"2027-03-10 13:58:28 UTC","432d, 15:47:50"
857959108.861,37797265.823,15455.562,False,"2027-03-10 13:58:28 UTC","437d, 11:14:25"
857959108.861,38212860.759,14971.241,False,"2027-03-10 13:58:28 UTC","442d, 06:41:00"
857959108.861,38628455.696,14499.416,False,"2027-03-10 13:58:28 UTC","447d, 02:07:35"
857959108.861,39044050.633,14040.463,False,"2027-03-10 13:58:28 UTC","451d, 21:34:10"
857959108.861,39459645.57,13594.732,False,"2027-03-10 13:58:28 UTC","456d, 17:00:45"
857959108.861,39875240.506,13162.552,False,"2027-03-10 13:58:28 UTC","461d, 12:27:20"
857959108.861,40290835.443,12744.24,False,"2027-03-10 13:58:28 UTC","466d, 07:53:55"
857959108.861,40706430.38,12340.109,False,"2027-03-10 13:58:28 UTC","471d, 03:20:30"
857959108.861,41122025.316,11950.485,False,"2027-03-10 13:58:28 UTC","475d, 22:47:05"
857959108.861,41537620.253,11575.732,False,"2027-03-10 13:58:28 UTC","480d, 18:13:40"
857959108.861,41953215.19,11216.285,False,"2027-03-10 13:58:28 UTC","485d, 13:40:15"
857959108.861,42368810.127,10872.708,False,"2027-03-10 13:58:28 UTC","490d, 09:06:50"
857959108.861,42784405.063,10545.804,False,"2027-03-10 13:58:28 UTC","495d, 04:33:25"
857959108.861,43200000,10236.797,False,"2027-03-10 13:58:28 UTC","500d, 00:00:00"
859235422.785,10368000,17076.512,False,"2027-03-25 08:30:22 UTC","120d, 00:00:00"
859235422.785,10783594.937,16310.298,False,"2027-03-25 08:30:22 UTC","124d, 19:26:34"
859235422.785,11199189.873,15577.324,False,"2027-03-25 08:30:22 UTC","129d, 14:53:09"
859235422.785,11614784.81,14877.109,False,"2027-03-25 08:30:22 UTC","134d, 10:19:44"
859235422.785,12030379.747,14211.116,False,"2027-03-25 08:30:22 UTC","139d, 05:46:19"
859235422.785,12445974.684,13584.885,False,"2027-03-25 08:30:22 UTC","144d, 01:12:54"
859235422.785,12861569.62,13014.583,False,"2027-03-25 08:30:22 UTC","148d, 20:39:29"
859235422.785,13277164.557,12551.886,False,"2027-03-25 08:30:22 UTC","153d, 16:06:04"
859235422.785,13692759.494,12417.943,False,"2027-03-25 08:30:22 UTC","158d, 11:32:39"
859235422.785,14108354.43,14379.912,False,"2027-03-25 08:30:22 UTC","163d, 06:59:14"
859235422.785,14523949.367,22000.025,True,"2027-03-25 08:30:22 UTC","168d, 02:25:49"
859235422.785,14939544.304,11453.437,True,"2027-03-25 08:30:22 UTC","172d, 21:52:24"
859235422.785,15355139.241,9913.231,True,"2027-03-25 08:30:22 UTC","177d, 17:18:59"
859235422.785,15770734.177,9145.631,True,"2027-03-25 08:30:22 UTC","182d, 12:45:34"
859235422.785,16186329.114,8553.677,True,"2027-03-25 08:30:22 UTC","187d, 08:12:09"
859235422.785,16601924.051,8030.553,True,"2027-03-25 08:30:22 UTC","192d, 03:38:44"
859235422.785,17017518.987,7545.995,True,"2027-03-25 08:30:22 UTC","196d, 23:05:18"
859235422.785,17433113.924,7089.059,True,"2027-03-25 08:30:22 UTC","201d, 18:31:53"
859235422.785,17848708.861,6655.343,True,"2027-03-25 08:30:22 UTC","206d, 13:58:28"
859235422.785,18264303.797,6243.226,True,"2027-03-25 08:30:22 UTC","211d, 09:25:03"
859235422.785,18679898.734,5852.559,True,"2027-03-25 08:30:22 UTC","216d, 04:51:38"
859235422.785,19095493.671,5484.181,True,"2027-03-25 08:30:22 UTC","221d, 00:18:13"
859235422.785,19511088.608,5139.74,True,"2027-03-25 08:30:22 UTC","225d, 19:44:48"
859235422.785,19926683.544,4821.672,True,"2027-03-25 08:30:22 UTC","230d, 15:11:23"
859235422.785,20342278.481,4533.235,True,"2027-03-25 08:30:22 UTC","235d, 10:37:58"
859235422.785,20757873.418,4278.567,True,"2027-03-25 08:30:22 UTC","240d, 06:04:33"
859235422.785,21173468.354,4062.74,True,"2027-03-25 08:30:22 UTC","245d, 01:31:08"
859235422.785,21589063.291,3891.75,True,"2027-03-25 08:30:22 UTC","249d, 20:57:43"
859235422.785,22004658.228,3772.42,True,"2027-03-25 08:30:22 UTC","254d, 16:24:18"
859235422.785,22420253.165,3712.198,True,"2027-03-25 08:30:22 UTC","259d, 11:50:53"
859235422.785,22835848.101,3718.901,True,"2027-03-25 08:30:22 UTC","264d, 07:17:28"
859235422.785,23251443.038,3800.517,True,"2027-03-25 08:30:22 UTC","269d, 02:44:03"
859235422.785,23667037.975,3965.158,True,"2027-03-25 08:30:22 UTC","273d, 22:10:37"
859235422.785,24082632.911,4221.188,True,"2027-03-25 08:30:22 UTC","278d, 17:37:12"
859235422.785,24498227.848,4577.435,True,"2027-03-25 08:30:22 UTC","283d, 13:03:47"
859235422.785,24913822.785,5043.472,True,"2027-03-25 08:30:22 UTC","288d, 08:30:22"
859235422.785,25329417.722,5630.027,True,"2027-03-25 08:30:22 UTC","293d, 03:56:57"
859235422.785,25745012.658,6349.561,True,"2027-03-25 08:30:22 UTC","297d, 23:23:32"
859235422.785,26160607.595,7216.932,True,"2027-03-25 08:30:22 UTC","302d, 18:50:07"
859235422.785,26576202.532,8249.948,True,"2027-03-25 08:30:22 UTC","307d, 14:16:42"
859235422.785,26991797.468,9469.458,True,"2027-03-25 08:30:22 UTC","312d, 09:43:17"
859235422.785,27407392.405,10898.348,True,"2027-03-25 08:30:22 UTC","317d, 05:09:52"
859235422.785,27822987.342,12558.46,True,"2027-03-25 08:30:22 UTC","322d, 00:36:27"
859235422.785,28238582.278,14464.009,True,"2027-03-25 08:30:22 UTC","326d, 20:03:02"
859235422.785,28654177.215,16610.298,True,"2027-03-25 08:30:22 UTC","331d, 15:29:37"
859235422.785,29069772.152,18958.813,True,"2027-03-25 08:30:22 UTC","336d, 10:56:12"
859235422.785,29485367.089,21425.456,True,"2027-03-25 08:30:22 UTC","341d, 06:22:47"
859235422.785,29900962.025,23884.847,True,"2027-03-25 08:30:22 UTC","346d, 01:49:22"
859235422.785,30316556.962,24666.935,False,"2027-03-25 08:30:22 UTC","350d, 21:15:56"
859235422.785,30732151.899,24062.958,False,"2027-03-25 08:30:22 UTC","355d, 16:42:31"
859235422.785,31147746.835,23460.524,False,"2027-03-25 08:30:22 UTC","360d, 12:09:06"
859235422.785,31563341.772,22860.562,False,"2027-03-25 08:30:22 UTC","365d, 07:35:41"
859235422.785,31978936.709,22263.978,False,"2027-03-25 08:30:22 UTC","370d, 03:02:16"
859235422.785,32394531.646,21671.65,False,"2027-03-25 08:30:22 UTC","374d, 22:28:51"
859235422.785,32810126.582,21084.424,False,"2027-03-25 08:30:22 UTC","379d, 17:55:26"
859235422.785,33225721.519,20503.115,False,"2027-03-25 08:30:22 UTC","384d, 13:22:01"
859235422.785,33641316.456,19928.501,False,"2027-03-25 08:30:22 UTC","389d, 08:48:36"
859235422.785,34056911.392,19361.325,False,"2027-03-25 08:30:22 UTC","394d, 04:15:11"
859235422.785,34472506.329,18802.293,False,"2027-03-25 08:30:22 UTC","398d, 23:41:46"
859235422.785,34888101.266,18252.07,False,"2027-03-25 08:30:22 UTC","403d, 19:08:21"
859235422.785,35303696.203,17711.285,False,"2027-03-25 08:30:22 UTC","408d, 14:34:56"
859235422.785,35719291.139,17180.527,False,"2027-03-25 08:30:22 UTC","413d, 10:01:31"
859235422.785,36134886.076,16660.346,False,"2027-03-25 08:30:22 UTC","418d, 05:28:06"
859235422.785,36550481.013,16151.253,False,"2027-03-25 08:30:22 UTC","423d, 00:54:41"
859235422.785,36966075.949,15653.723,False,"2027-03-25 08:30:22 UTC","427d, 20:21:15"
859235422.785,37381670.886,15168.196,False,"2027-03-25 08:30:22 UTC","432d, 15:47:50"
859235422.785,37797265.823,14695.078,False,"2027-03-25 08:30:22 UTC","437d, 11:14:25"
859235422.785,38212860.759,14234.745,False,"2027-03-25 08:30:22 UTC","442d, 06:41:00"
859235422.785,38628455.696,13787.544,False,"2027-03-25 08:30:22 UTC","447d, 02:07:35"
859235422.785,39044050.633,13353.803,False,"2027-03-25 08:30:22 UTC","451d, 21:34:10"
859235422.785,39459645.57,12933.832,False,"2027-03-25 08:30:22 UTC","456d, 17:00:45"
859235422.785,39875240.506,12527.936,False,"2027-03-25 08:30:22 UTC","461d, 12:27:20"
859235422.785,40290835.443,12136.427,False,"2027-03-25 08:30:22 UTC","466d, 07:53:55"
859235422.785,40706430.38,11759.639,False,"2027-03-25 08:30:22 UTC","471d, 03:20:30"
859235422.785,41122025.316,11397.964,False,"2027-03-25 08:30:22 UTC","475d, 22:47:05"
859235422.785,41537620.253,11051.896,False,"2027-03-25 08:30:22 UTC","480d, 18:13:40"
859235422.785,41953215.19,10722.111,False,"2027-03-25 08:30:22 UTC","485d, 13:40:15"
859235422.785,42368810.127,10409.612,False,"2027-03-25 08:30:22 UTC","490d, 09:06:50"
859235422.785,42784405.063,10116.008,False,"2027-03-25 08:30:22 UTC","495d, 04:33:25"
859235422.785,43200000,9844.078,False,"2027-03-25 08:30:22 UTC","500d, 00:00:00"
860511736.709,10368000,17983.354,False,"2027-04-09 03:02:16 UTC","120d, 00:00:00"
860511736.709,10783594.937,17113.559,False,"2027-04-09 03:02:16 UTC","124d, 19:26:34"
860511736.709,11199189.873,16288.383,False,"2027-04-09 03:02:16 UTC","129d, 14:53:09"
860511736.709,11614784.81,15509.461,False,"2027-04-09 03:02:16 UTC","134d, 10:19:44"
860511736.709,12030379.747,14784.887,False,"2027-04-09 03:02:16 UTC","139d, 05:46:19"
860511736.709,12445974.684,14142.128,False,"2027-04-09 03:02:16 UTC","144d, 01:12:54"
860511736.709,12861569.62,13689.711,False,"2027-04-09 03:02:16 UTC","148d, 20:39:29"
860511736.709,13277164.557,14126.723,False,"2027-04-09 03:02:16 UTC","153d, 16:06:04"
860511736.709,13692759.494,27755.153,False,"2027-04-09 03:02:16 UTC","158d, 11:32:39"
860511736.709,14108354.43,13238.88,True,"2027-04-09 03:02:16 UTC","163d, 06:59:14"
860511736.709,14523949.367,11125.96,True,"2027-04-09 03:02:16 UTC","168d, 02:25:49"
860511736.709,14939544.304,10244.455,True,"2027-04-09 03:02:16 UTC","172d, 21:52:24"
860511736.709,15355139.241,9577.426,True,"2027-04-09 03:02:16 UTC","177d, 17:18:59"
860511736.709,15770734.177,8987.067,True,"2027-04-09 03:02:16 UTC","182d, 12:45:34"
860511736.709,16186329.114,8438.991,True,"2027-04-09 03:02:16 UTC","187d, 08:12:09"
860511736.709,16601924.051,7921.486,True,"2027-04-09 03:02:16 UTC","192d, 03:38:44"
860511736.709,17017518.987,7429.884,True,"2027-04-09 03:02:16 UTC","196d, 23:05:18"
860511736.709,17433113.924,6962.352,True,"2027-04-09 03:02:16 UTC","201d, 18:31:53"
860511736.709,17848708.861,6518.503,True,"2027-04-09 03:02:16 UTC","206d, 13:58:28"
860511736.709,18264303.797,6098.899,True,"2027-04-09 03:02:16 UTC","211d, 09:25:03"
860511736.709,18679898.734,5704.888,True,"2027-04-09 03:02:16 UTC","216d, 04:51:38"
860511736.709,19095493.671,5338.574,True,"2027-04-09 03:02:16 UTC","221d, 00:18:13"
860511736.709,19511088.608,5002.865,True,"2027-04-09 03:02:16 UTC","225d, 19:44:48"
860511736.709,19926683.544,4701.541,True,"2027-04-09 03:02:16 UTC","230d, 15:11:23"
860511736.709,20342278.481,4439.323,True,"2027-04-09 03:02:16 UTC","235d, 10:37:58"
860511736.709,20757873.418,4221.899,True,"2027-04-09 03:02:16 UTC","240d, 06:04:33"
860511736.709,21173468.354,4055.877,True,"2027-04-09 03:02:16 UTC","245d, 01:31:08"
860511736.709,21589063.291,3948.622,True,"2027-04-09 03:02:16 UTC","249d, 20:57:43"
860511736.709,22004658.228,3908.021,True,"2027-04-09 03:02:16 UTC","254d, 16:24:18"
860511736.709,22420253.165,3942.231,True,"2027-04-09 03:02:16 UTC","259d, 11:50:53"
860511736.709,22835848.101,4059.547,True,"2027-04-09 03:02:16 UTC","264d, 07:17:28"
860511736.709,23251443.038,4268.431,True,"2027-04-09 03:02:16 UTC","269d, 02:44:03"
860511736.709,23667037.975,4577.661,True,"2027-04-09 03:02:16 UTC","273d, 22:10:37"
860511736.709,24082632.911,4996.564,True,"2027-04-09 03:02:16 UTC","278d, 17:37:12"
860511736.709,24498227.848,5535.365,True,"2027-04-09 03:02:16 UTC","283d, 13:03:47"
860511736.709,24913822.785,6205.72,True,"2027-04-09 03:02:16 UTC","288d, 08:30:22"
860511736.709,25329417.722,7021.405,True,"2027-04-09 03:02:16 UTC","293d, 03:56:57"
860511736.709,25745012.658,7998.969,True,"2027-04-09 03:02:16 UTC","297d, 23:23:32"
860511736.709,26160607.595,9158.069,True,"2027-04-09 03:02:16 UTC","302d, 18:50:07"
860511736.709,26576202.532,10520.91,True,"2027-04-09 03:02:16 UTC","307d, 14:16:42"
860511736.709,26991797.468,12109.929,True,"2027-04-09 03:02:16 UTC","312d, 09:43:17"
860511736.709,27407392.405,13942.382,True,"2027-04-09 03:02:16 UTC","317d, 05:09:52"
860511736.709,27822987.342,16020.389,True,"2027-04-09 03:02:16 UTC","322d, 00:36:27"
860511736.709,28238582.278,18316.525,True,"2027-04-09 03:02:16 UTC","326d, 20:03:02"
860511736.709,28654177.215,20759.79,True,"2027-04-09 03:02:16 UTC","331d, 15:29:37"
860511736.709,29069772.152,23233.849,True,"2027-04-09 03:02:16 UTC","336d, 10:56:12"
860511736.709,29485367.089,24914.828,False,"2027-04-09 03:02:16 UTC","341d, 06:22:47"
860511736.709,29900962.025,24310.138,False,"2027-04-09 03:02:16 UTC","346d, 01:49:22"
860511736.709,30316556.962,23706.953,False,"2027-04-09 03:02:16 UTC","350d, 21:15:56"
860511736.709,30732151.899,23106.194,False,"2027-04-09 03:02:16 UTC","355d, 16:42:31"
860511736.709,31147746.835,22508.756,False,"2027-04-09 03:02:16 UTC","360d, 12:09:06"
860511736.709,31563341.772,21915.507,False,"2027-04-09 03:02:16 UTC","365d, 07:35:41"
860511736.709,31978936.709,21327.289,False,"2027-04-09 03:02:16 UTC","370d, 03:02:16"
860511736.709,32394531.646,20744.906,False,"2027-04-09 03:02:16 UTC","374d, 22:28:51"
860511736.709,32810126.582,20169.132,False,"2027-04-09 03:02:16 UTC","379d, 17:55:26"
860511736.709,33225721.519,19600.706,False,"2027-04-09 03:02:16 UTC","384d, 13:22:01"
860511736.709,33641316.456,19040.328,False,"2027-04-09 03:02:16 UTC","389d, 08:48:36"
860511736.709,34056911.392,18488.662,False,"2027-04-09 03:02:16 UTC","394d, 04:15:11"
860511736.709,34472506.329,17946.334,False,"2027-04-09 03:02:16 UTC","398d, 23:41:46"
860511736.709,34888101.266,17413.93,False,"2027-04-09 03:02:16 UTC","403d, 19:08:21"
860511736.709,35303696.203,16892.001,False,"2027-04-09 03:02:16 UTC","408d, 14:34:56"
860511736.709,35719291.139,16381.058,False,"2027-04-09 03:02:16 UTC","413d, 10:01:31"
860511736.709,36134886.076,15881.577,False,"2027-04-09 03:02:16 UTC","418d, 05:28:06"
860511736.709,36550481.013,15393.998,False,"2027-04-09 03:02:16 UTC","423d, 00:54:41"
860511736.709,36966075.949,14918.727,False,"2027-04-09 03:02:16 UTC","427d, 20:21:15"
860511736.709,37381670.886,14456.14,False,"2027-04-09 03:02:16 UTC","432d, 15:47:50"
860511736.709,37797265.823,14006.586,False,"2027-04-09 03:02:16 UTC","437d, 11:14:25"
860511736.709,38212860.759,13570.389,False,"2027-04-09 03:02:16 UTC","442d, 06:41:00"
860511736.709,38628455.696,13147.856,False,"2027-04-09 03:02:16 UTC","447d, 02:07:35"
860511736.709,39044050.633,12739.281,False,"2027-04-09 03:02:16 UTC","451d, 21:34:10"
860511736.709,39459645.57,12344.961,False,"2027-04-09 03:02:16 UTC","456d, 17:00:45"
860511736.709,39875240.506,11965.208,False,"2027-04-09 03:02:16 UTC","461d, 12:27:20"
860511736.709,40290835.443,11600.372,False,"2027-04-09 03:02:16 UTC","466d, 07:53:55"
860511736.709,40706430.38,11250.88,False,"2027-04-09 03:02:16 UTC","471d, 03:20:30"
860511736.709,41122025.316,10917.297,False,"2027-04-09 03:02:16 UTC","475d, 22:47:05"
860511736.709,41537620.253,10600.434,False,"2027-04-09 03:02:16 UTC","480d, 18:13:40"
860511736.709,41953215.19,10301.551,False,"2027-04-09 03:02:16 UTC","485d, 13:40:15"
860511736.709,42368810.127,10022.762,False,"2027-04-09 03:02:16 UTC","490d, 09:06:50"
860511736.709,42784405.063,9767.919,False,"2027-04-09 03:02:16 UTC","495d, 04:33:25"
860511736.709,43200000,9544.767,False,"2027-04-09 03:02:16 UTC","500d, 00:00:00"
861788050.633,10368000,18714.717,False,"2027-04-23 21:34:10 UTC","120d, 00:00:00"
861788050.633,10783594.937,17753.183,False,"2027-04-23 21:34:10 UTC","124d, 19:26:34"
861788050.633,11199189.873,16852.476,False,"2027-04-23 21:34:10 UTC","129d, 14:53:09"
861788050.633,11614784.81,16025.414,False,"2027-04-23 21:34:10 UTC","134d, 10:19:44"
861788050.633,12030379.747,15323.992,False,"2027-04-23 21:34:10 UTC","139d, 05:46:19"
861788050.633,12445974.684,15032.144,False,"2027-04-23 21:34:10 UTC","144d, 01:12:54"
861788050.633,12861569.62,19188.023,False,"2027-04-23 21:34:10 UTC","148d, 20:39:29"
861788050.633,13277164.557,15860.122,True,"2027-04-23 21:34:10 UTC","153d, 16:06:04"
861788050.633,13692759.494,12522.042,True,"2027-04-23 21:34:10 UTC","158d, 11:32:39"
861788050.633,14108354.43,11497.863,True,"2027-04-23 21:34:10 UTC","163d, 06:59:14"
861788050.633,14523949.367,10744.304,True,"2027-04-23 21:34:10 UTC","168d, 02:25:49"
861788050.633,14939544.304,10076.699,True,"2027-04-23 21:34:10 UTC","172d, 21:52:24"
861788050.633,15355139.241,9455.843,True,"2027-04-23 21:34:10 UTC","177d, 17:18:59"
861788050.633,15770734.177,8869.273,True,"2027-04-23 21:34:10 UTC","182d, 12:45:34"
861788050.633,16186329.114,8312.048,True,"2027-04-23 21:34:10 UTC","187d, 08:12:09"
861788050.633,16601924.051,7782.073,True,"2027-04-23 21:34:10 UTC","192d, 03:38:44"
861788050.633,17017518.987,7278.653,True,"2027-04-23 21:34:10 UTC","196d, 23:05:18"
861788050.633,17433113.924,6802.006,True,"2027-04-23 21:34:10 UTC","201d, 18:31:53"
861788050.633,17848708.861,6353.099,True,"2027-04-23 21:34:10 UTC","206d, 13:58:28"
861788050.633,18264303.797,5933.627,True,"2027-04-23 21:34:10 UTC","211d, 09:25:03"
861788050.633,18679898.734,5546.067,True,"2027-04-23 21:34:10 UTC","216d, 04:51:38"
861788050.633,19095493.671,5193.75,True,"2027-04-23 21:34:10 UTC","221d, 00:18:13"
861788050.633,19511088.608,4880.953,True,"2027-04-23 21:34:10 UTC","225d, 19:44:48"
861788050.633,19926683.544,4612.948,True,"2027-04-23 21:34:10 UTC","230d, 15:11:23"
861788050.633,20342278.481,4396.008,True,"2027-04-23 21:34:10 UTC","235d, 10:37:58"
861788050.633,20757873.418,4237.303,True,"2027-04-23 21:34:10 UTC","240d, 06:04:33"
861788050.633,21173468.354,4144.695,True,"2027-04-23 21:34:10 UTC","245d, 01:31:08"
861788050.633,21589063.291,4126.483,True,"2027-04-23 21:34:10 UTC","249d, 20:57:43"
861788050.633,22004658.228,4191.184,True,"2027-04-23 21:34:10 UTC","254d, 16:24:18"
861788050.633,22420253.165,4347.458,True,"2027-04-23 21:34:10 UTC","259d, 11:50:53"
861788050.633,22835848.101,4604.171,True,"2027-04-23 21:34:10 UTC","264d, 07:17:28"
861788050.633,23251443.038,4970.567,True,"2027-04-23 21:34:10 UTC","269d, 02:44:03"
861788050.633,23667037.975,5456.552,True,"2027-04-23 21:34:10 UTC","273d, 22:10:37"
861788050.633,24082632.911,6073.166,True,"2027-04-23 21:34:10 UTC","278d, 17:37:12"
861788050.633,24498227.848,6833.252,True,"2027-04-23 21:34:10 UTC","283d, 13:03:47"
861788050.633,24913822.785,7752.205,True,"2027-04-23 21:34:10 UTC","288d, 08:30:22"
861788050.633,25329417.722,8848.51,True,"2027-04-23 21:34:10 UTC","293d, 03:56:57"
861788050.633,25745012.658,10143.599,True,"2027-04-23 21:34:10 UTC","297d, 23:23:32"
861788050.633,26160607.595,11660.246,True,"2027-04-23 21:34:10 UTC","302d, 18:50:07"
861788050.633,26576202.532,13418.265,True,"2027-04-23 21:34:10 UTC","307d, 14:16:42"
861788050.633,26991797.468,15425.951,True,"2027-04-23 21:34:10 UTC","312d, 09:43:17"
861788050.633,27407392.405,17666.516,True,"2027-04-23 21:34:10 UTC","317d, 05:09:52"
861788050.633,27822987.342,20082.55,True,"2027-04-23 21:34:10 UTC","322d, 00:36:27"
861788050.633,28238582.278,22568.685,True,"2027-04-23 21:34:10 UTC","326d, 20:03:02"
861788050.633,28654177.215,25205.279,False,"2027-04-23 21:34:10 UTC","331d, 15:29:37"
861788050.633,29069772.152,24599.218,False,"2027-04-23 21:34:10 UTC","336d, 10:56:12"
861788050.633,29485367.089,23994.613,False,"2027-04-23 21:34:10 UTC","341d, 06:22:47"
861788050.633,29900962.025,23392.371,False,"2027-04-23 21:34:10 UTC","346d, 01:49:22"
861788050.633,30316556.962,22793.378,False,"2027-04-23 21:34:10 UTC","350d, 21:15:56"
861788050.633,30732151.899,22198.493,False,"2027-04-23 21:34:10 UTC","355d, 16:42:31"
861788050.633,31147746.835,21608.547,False,"2027-04-23 21:34:10 UTC","360d, 12:09:06"
861788050.633,31563341.772,21024.34,False,"2027-04-23 21:34:10 UTC","365d, 07:35:41"
861788050.633,31978936.709,20446.638,False,"2027-04-23 21:34:10 UTC","370d, 03:02:16"
861788050.633,32394531.646,19876.174,False,"2027-04-23 21:34:10 UTC","374d, 22:28:51"
861788050.633,32810126.582,19313.647,False,"2027-04-23 21:34:10 UTC","379d, 17:55:26"
861788050.633,33225721.519,18759.716,False,"2027-04-23 21:34:10 UTC","384d, 13:22:01"
861788050.633,33641316.456,18215.006,False,"2027-04-23 21:34:10 UTC","389d, 08:48:36"
861788050.633,34056911.392,17680.103,False,"2027-04-23 21:34:10 UTC","394d, 04:15:11"
861788050.633,34472506.329,17155.557,False,"2027-04-23 21:34:10 UTC","398d, 23:41:46"
861788050.633,34888101.266,16641.881,False,"2027-04-23 21:34:10 UTC","403d, 19:08:21"
861788050.633,35303696.203,16139.55,False,"2027-04-23 21:34:10 UTC","408d, 14:34:56"
861788050.633,35719291.139,15649.008,False,"2027-04-23 21:34:10 UTC","413d, 10:01:31"
861788050.633,36134886.076,15170.662,False,"2027-04-23 21:34:10 UTC","418d, 05:28:06"
861788050.633,36550481.013,14704.889,False,"2027-04-23 21:34:10 UTC","423d, 00:54:41"
861788050.633,36966075.949,14252.037,False,"2027-04-23 21:34:10 UTC","427d, 20:21:15"
861788050.633,37381670.886,13812.431,False,"2027-04-23 21:34:10 UTC","432d, 15:47:50"
861788050.633,37797265.823,13386.372,False,"2027-04-23 21:34:10 UTC","437d, 11:14:25"
861788050.633,38212860.759,12974.149,False,"2027-04-23 21:34:10 UTC","442d, 06:41:00"
861788050.633,38628455.696,12576.044,False,"2027-04-23 21:34:10 UTC","447d, 02:07:35"
861788050.633,39044050.633,12192.348,False,"2027-04-23 21:34:10 UTC","451d, 21:34:10"
861788050.633,39459645.57,11823.374,False,"2027-04-23 21:34:10 UTC","456d, 17:00:45"
861788050.633,39875240.506,11469.489,False,"2027-04-23 21:34:10 UTC","461d, 12:27:20"
861788050.633,40290835.443,11131.162,False,"2027-04-23 21:34:10 UTC","466d, 07:53:55"
861788050.633,40706430.38,10809.038,False,"2027-04-23 21:34:10 UTC","471d, 03:20:30"
861788050.633,41122025.316,10504.088,False,"2027-04-23 21:34:10 UTC","475d, 22:47:05"
861788050.633,41537620.253,10217.886,False,"2027-04-23 21:34:10 UTC","480d, 18:13:40"
861788050.633,41953215.19,9953.211,False,"2027-04-23 21:34:10 UTC","485d, 13:40:15"
861788050.633,42368810.127,9715.432,False,"2027-04-23 21:34:10 UTC","490d, 09:06:50"
861788050.633,42784405.063,9516.238,False,"2027-04-23 21:34:10 UTC","495d, 04:33:25"
861788050.633,43200000,9385.535,False,"2027-04-23 21:34:10 UTC","500d, 00:00:00"
863064364.557,10368000,19280.748,False,"2027-05-08 16:06:04 UTC","120d, 00:00:00"
863064364.557,10783594.937,18248.66,False,"2027-05-08 16:06:04 UTC","124d, 19:26:34"
863064364.557,11199189.873,17317.41,False,"2027-05-08 16:06:04 UTC","129d, 14:53:09"
863064364.557,11614784.81,16602.201,False,"2027-05-08 16:06:04 UTC","134d, 10:19:44"
863064364.557,12030379.747,17245.229,False,"2027-05-08 16:06:04 UTC","139d, 05:46:19"
863064364.557,12445974.684,21267.686,True,"2027-05-08 16:06:04 UTC","144d, 01:12:54"
863064364.557,12861569.62,14150.863,True,"2027-05-08 16:06:04 UTC","148d, 20:39:29"
863064364.557,13277164.557,12934.949,True,"2027-05-08 16:06:04 UTC","153d, 16:06:04"
863064364.557,13692759.494,12080.179,True,"2027-05-08 16:06:04 UTC","158d, 11:32:39"
863064364.557,14108354.43,11322.729,True,"2027-05-08 16:06:04 UTC","163d, 06:59:14"
863064364.557,14523949.367,10617.534,True,"2027-05-08 16:06:04 UTC","168d, 02:25:49"
863064364.557,14939544.304,9951.39,True,"2027-05-08 16:06:04 UTC","172d, 21:52:24"
863064364.557,15355139.241,9319.048,True,"2027-05-08 16:06:04 UTC","177d, 17:18:59"
863064364.557,15770734.177,8718.07,True,"2027-05-08 16:06:04 UTC","182d, 12:45:34"
863064364.557,16186329.114,8147.362,True,"2027-05-08 16:06:04 UTC","187d, 08:12:09"
863064364.557,16601924.051,7606.7,True,"2027-05-08 16:06:04 UTC","192d, 03:38:44"
863064364.557,17017518.987,7096.576,True,"2027-05-08 16:06:04 UTC","196d, 23:05:18"
863064364.557,17433113.924,6618.188,True,"2027-05-08 16:06:04 UTC","201d, 18:31:53"
863064364.557,17848708.861,6173.487,True,"2027-05-08 16:06:04 UTC","206d, 13:58:28"
863064364.557,18264303.797,5765.262,True,"2027-05-08 16:06:04 UTC","211d, 09:25:03"
863064364.557,18679898.734,5397.233,True,"2027-05-08 16:06:04 UTC","216d, 04:51:38"
863064364.557,19095493.671,5074.141,True,"2027-05-08 16:06:04 UTC","221d, 00:18:13"
863064364.557,19511088.608,4801.784,True,"2027-05-08 16:06:04 UTC","225d, 19:44:48"
863064364.557,19926683.544,4586.98,True,"2027-05-08 16:06:04 UTC","230d, 15:11:23"
863064364.557,20342278.481,4437.427,True,"2027-05-08 16:06:04 UTC","235d, 10:37:58"
863064364.557,20757873.418,4361.462,True,"2027-05-08 16:06:04 UTC","240d, 06:04:33"
863064364.557,21173468.354,4367.805,True,"2027-05-08 16:06:04 UTC","245d, 01:31:08"
863064364.557,21589063.291,4465.378,True,"2027-05-08 16:06:04 UTC","249d, 20:57:43"
863064364.557,22004658.228,4663.263,True,"2027-05-08 16:06:04 UTC","254d, 16:24:18"
863064364.557,22420253.165,4970.786,True,"2027-05-08 16:06:04 UTC","259d, 11:50:53"
863064364.557,22835848.101,5397.732,True,"2027-05-08 16:06:04 UTC","264d, 07:17:28"
863064364.557,23251443.038,5954.729,True,"2027-05-08 16:06:04 UTC","269d, 02:44:03"
863064364.557,23667037.975,6653.877,True,"2027-05-08 16:06:04 UTC","273d, 22:10:37"
863064364.557,24082632.911,7509.535,True,"2027-05-08 16:06:04 UTC","278d, 17:37:12"
863064364.557,24498227.848,8539.043,True,"2027-05-08 16:06:04 UTC","283d, 13:03:47"
863064364.557,24913822.785,9762.953,True,"2027-05-08 16:06:04 UTC","288d, 08:30:22"
863064364.557,25329417.722,11204.097,True,"2027-05-08 16:06:04 UTC","293d, 03:56:57"
863064364.557,25745012.658,12884.348,True,"2027-05-08 16:06:04 UTC","297d, 23:23:32"
863064364.557,26160607.595,14817.514,True,"2027-05-08 16:06:04 UTC","302d, 18:50:07"
863064364.557,26576202.532,16996.981,True,"2027-05-08 16:06:04 UTC","307d, 14:16:42"
863064364.557,26991797.468,19379.45,True,"2027-05-08 16:06:04 UTC","312d, 09:43:17"
863064364.557,27407392.405,21872.73,True,"2027-05-08 16:06:04 UTC","317d, 05:09:52"
863064364.557,27822987.342,25539.567,False,"2027-05-08 16:06:04 UTC","322d, 00:36:27"
863064364.557,28238582.278,24931.423,False,"2027-05-08 16:06:04 UTC","326d, 20:03:02"
863064364.557,28654177.215,24324.67,False,"2027-05-08 16:06:04 UTC","331d, 15:29:37"
863064364.557,29069772.152,23720.204,False,"2027-05-08 16:06:04 UTC","336d, 10:56:12"
863064364.557,29485367.089,23118.897,False,"2027-05-08 16:06:04 UTC","341d, 06:22:47"
863064364.557,29900962.025,22521.6,False,"2027-05-08 16:06:04 UTC","346d, 01:49:22"
863064364.557,30316556.962,21929.134,False,"2027-05-08 16:06:04 UTC","350d, 21:15:56"
863064364.557,30732151.899,21342.29,False,"2027-05-08 16:06:04 UTC","355d, 16:42:31"
863064364.557,31147746.835,20761.83,False,"2027-05-08 16:06:04 UTC","360d, 12:09:06"
863064364.557,31563341.772,20188.481,False,"2027-05-08 16:06:04 UTC","365d, 07:35:41"
863064364.557,31978936.709,19622.939,False,"2027-05-08 16:06:04 UTC","370d, 03:02:16"
863064364.557,32394531.646,19065.86,False,"2027-05-08 16:06:04 UTC","374d, 22:28:51"
863064364.557,32810126.582,18517.868,False,"2027-05-08 16:06:04 UTC","379d, 17:55:26"
863064364.557,33225721.519,17979.549,False,"2027-05-08 16:06:04 UTC","384d, 13:22:01"
863064364.557,33641316.456,17451.455,False,"2027-05-08 16:06:04 UTC","389d, 08:48:36"
863064364.557,34056911.392,16934.098,False,"2027-05-08 16:06:04 UTC","394d, 04:15:11"
863064364.557,34472506.329,16427.959,False,"2027-05-08 16:06:04 UTC","398d, 23:41:46"
863064364.557,34888101.266,15933.481,False,"2027-05-08 16:06:04 UTC","403d, 19:08:21"
863064364.557,35303696.203,15451.075,False,"2027-05-08 16:06:04 UTC","408d, 14:34:56"
863064364.557,35719291.139,14981.12,False,"2027-05-08 16:06:04 UTC","413d, 10:01:31"
863064364.557,36134886.076,14523.967,False,"2027-05-08 16:06:04 UTC","418d, 05:28:06"
863064364.557,36550481.013,14079.939,False,"2027-05-08 16:06:04 UTC","423d, 00:54:41"
863064364.557,36966075.949,13649.336,False,"2027-05-08 16:06:04 UTC","427d, 20:21:15"
863064364.557,37381670.886,13232.442,False,"2027-05-08 16:06:04 UTC","432d, 15:47:50"
863064364.557,37797265.823,12829.527,False,"2027-05-08 16:06:04 UTC","437d, 11:14:25"
863064364.557,38212860.759,12440.862,False,"2027-05-08 16:06:04 UTC","442d, 06:41:00"
863064364.557,38628455.696,12066.731,False,"2027-05-08 16:06:04 UTC","447d, 02:07:35"
863064364.557,39044050.633,11707.449,False,"2027-05-08 16:06:04 UTC","451d, 21:34:10"
863064364.557,39459645.57,11363.4,False,"2027-05-08 16:06:04 UTC","456d, 17:00:45"
863064364.557,39875240.506,11035.093,False,"2027-05-08 16:06:04 UTC","461d, 12:27:20"
863064364.557,40290835.443,10723.259,False,"2027-05-08 16:06:04 UTC","466d, 07:53:55"
863064364.557,40706430.38,10429.045,False,"2027-05-08 16:06:04 UTC","471d, 03:20:30"
863064364.557,41122025.316,10154.401,False,"2027-05-08 16:06:04 UTC","475d, 22:47:05"
863064364.557,41537620.253,9902.959,False,"2027-05-08 16:06:04 UTC","480d, 18:13:40"
863064364.557,41953215.19,9682.258,False,"2027-05-08 16:06:04 UTC","485d, 13:40:15"
863064364.557,42368810.127,9510.415,False,"2027-05-08 16:06:04 UTC","490d, 09:06:50"
863064364.557,42784405.063,9441.4,False,"2027-05-08 16:06:04 UTC","495d, 04:33:25"
863064364.557,43200000,9705.254,False,"2027-05-08 16:06:04 UTC","500d, 00:00:00"
864340678.481,10368000,19709.07,False,"2027-05-23 10:37:58 UTC","120d, 00:00:00"
864340678.481,10783594.937,18678.831,False,"2027-05-23 10:37:58 UTC","124d, 19:26:34"
864340678.481,11199189.873,18129.028,False,"2027-05-23 10:37:58 UTC","129d, 14:53:09"
864340678.481,11614784.81,30439.289,False,"2027-05-23 10:37:58 UTC","134d, 10:19:44"
864340678.481,12030379.747,16102.078,True,"2027-05-23 10:37:58 UTC","139d, 05:46:19"
864340678.481,12445974.684,14592.79,True,"2027-05-23 10:37:58 UTC","144d, 01:12:54"
864340678.481,12861569.62,13617.754,True,"2027-05-23 10:37:58 UTC","148d, 20:39:29"
864340678.481,13277164.557,12754.461,True,"2027-05-23 10:37:58 UTC","153d, 16:06:04"
864340678.481,13692759.494,11950.357,True,"2027-05-23 10:37:58 UTC","158d, 11:32:39"
864340678.481,14108354.43,11191.503,True,"2027-05-23 10:37:58 UTC","163d, 06:59:14"
864340678.481,14523949.367,10472.266,True,"2027-05-23 10:37:58 UTC","168d, 02:25:49"
864340678.481,14939544.304,9789.744,True,"2027-05-23 10:37:58 UTC","172d, 21:52:24"
864340678.481,15355139.241,9142.31,True,"2027-05-23 10:37:58 UTC","177d, 17:18:59"
864340678.481,15770734.177,8529.172,True,"2027-05-23 10:37:58 UTC","182d, 12:45:34"
864340678.481,16186329.114,7950.229,True,"2027-05-23 10:37:58 UTC","187d, 08:12:09"
864340678.481,16601924.051,7406.069,True,"2027-05-23 10:37:58 UTC","192d, 03:38:44"
864340678.481,17017518.987,6898.011,True,"2027-05-23 10:37:58 UTC","196d, 23:05:18"
864340678.481,17433113.924,6428.194,True,"2027-05-23 10:37:58 UTC","201d, 18:31:53"
864340678.481,17848708.861,5999.672,True,"2027-05-23 10:37:58 UTC","206d, 13:58:28"
864340678.481,18264303.797,5616.519,True,"2027-05-23 10:37:58 UTC","211d, 09:25:03"
864340678.481,18679898.734,5283.906,True,"2027-05-23 10:37:58 UTC","216d, 04:51:38"
864340678.481,19095493.671,5008.123,True,"2027-05-23 10:37:58 UTC","221d, 00:18:13"
864340678.481,19511088.608,4796.505,True,"2027-05-23 10:37:58 UTC","225d, 19:44:48"
864340678.481,19926683.544,4657.257,True,"2027-05-23 10:37:58 UTC","230d, 15:11:23"
864340678.481,20342278.481,4599.194,True,"2027-05-23 10:37:58 UTC","235d, 10:37:58"
864340678.481,20757873.418,4631.496,True,"2027-05-23 10:37:58 UTC","240d, 06:04:33"
864340678.481,21173468.354,4763.546,True,"2027-05-23 10:37:58 UTC","245d, 01:31:08"
864340678.481,21589063.291,5004.91,True,"2027-05-23 10:37:58 UTC","249d, 20:57:43"
864340678.481,22004658.228,5365.452,True,"2027-05-23 10:37:58 UTC","254d, 16:24:18"
864340678.481,22420253.165,5855.624,True,"2027-05-23 10:37:58 UTC","259d, 11:50:53"
864340678.481,22835848.101,6487.004,True,"2027-05-23 10:37:58 UTC","264d, 07:17:28"
864340678.481,23251443.038,7273.081,True,"2027-05-23 10:37:58 UTC","269d, 02:44:03"
864340678.481,23667037.975,8230.099,True,"2027-05-23 10:37:58 UTC","273d, 22:10:37"
864340678.481,24082632.911,9377.633,True,"2027-05-23 10:37:58 UTC","278d, 17:37:12"
864340678.481,24498227.848,10738.264,True,"2027-05-23 10:37:58 UTC","283d, 13:03:47"
864340678.481,24913822.785,12335.376,True,"2027-05-23 10:37:58 UTC","288d, 08:30:22"
864340678.481,25329417.722,14187.542,True,"2027-05-23 10:37:58 UTC","293d, 03:56:57"
864340678.481,25745012.658,16297.724,True,"2027-05-23 10:37:58 UTC","297d, 23:23:32"
864340678.481,26160607.595,18637.129,True,"2027-05-23 10:37:58 UTC","302d, 18:50:07"
864340678.481,26576202.532,21129.145,True,"2027-05-23 10:37:58 UTC","307d, 14:16:42"
864340678.481,26991797.468,23647.392,True,"2027-05-23 10:37:58 UTC","312d, 09:43:17"
864340678.481,27407392.405,25307.839,False,"2027-05-23 10:37:58 UTC","317d, 05:09:52"
864340678.481,27822987.342,24698.15,False,"2027-05-23 10:37:58 UTC","322d, 00:36:27"
864340678.481,28238582.278,24090.656,False,"2027-05-23 10:37:58 UTC","326d, 20:03:02"
864340678.481,28654177.215,23486.218,False,"2027-05-23 10:37:58 UTC","331d, 15:29:37"
864340678.481,29069772.152,22885.672,False,"2027-05-23 10:37:58 UTC","336d, 10:56:12"
864340678.481,29485367.089,22289.831,False,"2027-05-23 10:37:58 UTC","341d, 06:22:47"
864340678.481,29900962.025,21699.479,False,"2027-05-23 10:37:58 UTC","346d, 01:49:22"
864340678.481,30316556.962,21115.37,False,"2027-05-23 10:37:58 UTC","350d, 21:15:56"
864340678.481,30732151.899,20538.227,False,"2027-05-23 10:37:58 UTC","355d, 16:42:31"
864340678.481,31147746.835,19968.742,False,"2027-05-23 10:37:58 UTC","360d, 12:09:06"
864340678.481,31563341.772,19407.57,False,"2027-05-23 10:37:58 UTC","365d, 07:35:41"
864340678.481,31978936.709,18855.334,False,"2027-05-23 10:37:58 UTC","370d, 03:02:16"
864340678.481,32394531.646,18312.622,False,"2027-05-23 10:37:58 UTC","374d, 22:28:51"
864340678.481,32810126.582,17779.984,False,"2027-05-23 10:37:58 UTC","379d, 17:55:26"
864340678.481,33225721.519,17257.939,False,"2027-05-23 10:37:58 UTC","384d, 13:22:01"
864340678.481,33641316.456,16746.969,False,"2027-05-23 10:37:58 UTC","389d, 08:48:36"
864340678.481,34056911.392,16247.521,False,"2027-05-23 10:37:58 UTC","394d, 04:15:11"
864340678.481,34472506.329,15760.01,False,"2027-05-23 10:37:58 UTC","398d, 23:41:46"
864340678.481,34888101.266,15284.819,False,"2027-05-23 10:37:58 UTC","403d, 19:08:21"
864340678.481,35303696.203,14822.302,False,"2027-05-23 10:37:58 UTC","408d, 14:34:56"
864340678.481,35719291.139,14372.783,False,"2027-05-23 10:37:58 UTC","413d, 10:01:31"
864340678.481,36134886.076,13936.562,False,"2027-05-23 10:37:58 UTC","418d, 05:28:06"
864340678.481,36550481.013,13513.92,False,"2027-05-23 10:37:58 UTC","423d, 00:54:41"
864340678.481,36966075.949,13105.119,False,"2027-05-23 10:37:58 UTC","427d, 20:21:15"
864340678.481,37381670.886,12710.414,False,"2027-05-23 10:37:58 UTC","432d, 15:47:50"
864340678.481,37797265.823,12330.064,False,"2027-05-23 10:37:58 UTC","437d, 11:14:25"
864340678.481,38212860.759,11964.341,False,"2027-05-23 10:37:58 UTC","442d, 06:41:00"
864340678.481,38628455.696,11613.561,False,"2027-05-23 10:37:58 UTC","447d, 02:07:35"
864340678.481,39044050.633,11278.117,False,"2027-05-23 10:37:58 UTC","451d, 21:34:10"
864340678.481,39459645.57,10958.553,False,"2027-05-23 10:37:58 UTC","456d, 17:00:45"
864340678.481,39875240.506,10655.678,False,"2027-05-23 10:37:58 UTC","461d, 12:27:20"
864340678.481,40290835.443,10370.819,False,"2027-05-23 10:37:58 UTC","466d, 07:53:55"
864340678.481,40706430.38,10106.348,False,"2027-05-23 10:37:58 UTC","471d, 03:20:30"
864340678.481,41122025.316,9866.966,False,"2027-05-23 10:37:58 UTC","475d, 22:47:05"
864340678.481,41537620.253,9663.314,False,"2027-05-23 10:37:58 UTC","480d, 18:13:40"
864340678.481,41953215.19,9524.476,False,"2027-05-23 10:37:58 UTC","485d, 13:40:15"
864340678.481,42368810.127,9558.01,False,"2027-05-23 10:37:58 UTC","490d, 09:06:50"
864340678.481,42784405.063,10477.385,False,"2027-05-23 10:37:58 UTC","495d, 04:33:25"
864340678.481,43200000,29293.237,True,"2027-05-23 10:37:58 UTC","500d, 00:00:00"
865616992.405,10368000,20147.408,False,"2027-06-07 05:09:52 UTC","120d, 00:00:00"
865616992.405,10783594.937,21239.141,False,"2027-06-07 05:09:52 UTC","124d, 19:26:34"
865616992.405,11199189.873,18625.705,True,"2027-06-07 05:09:52 UTC","129d, 14:53:09"
865616992.405,11614784.81,16519.295,True,"2027-06-07 05:09:52 UTC","134d, 10:19:44"
865616992.405,12030379.747,15398.822,True,"2027-06-07 05:09:52 UTC","139d, 05:46:19"
865616992.405,12445974.684,14409.143,True,"2027-06-07 05:09:52 UTC","144d, 01:12:54"
865616992.405,12861569.62,13487.535,True,"2027-06-07 05:09:52 UTC","148d, 20:39:29"
865616992.405,13277164.557,12619.344,True,"2027-06-07 05:09:52 UTC","153d, 16:06:04"
865616992.405,13692759.494,11798.423,True,"2027-06-07 05:09:52 UTC","158d, 11:32:39"
865616992.405,14108354.43,11021.214,True,"2027-06-07 05:09:52 UTC","163d, 06:59:14"
865616992.405,14523949.367,10285.369,True,"2027-06-07 05:09:52 UTC","168d, 02:25:49"
865616992.405,14939544.304,9589.35,True,"2027-06-07 05:09:52 UTC","172d, 21:52:24"
865616992.405,15355139.241,8932.31,True,"2027-06-07 05:09:52 UTC","177d, 17:18:59"
865616992.405,15770734.177,8314.084,True,"2027-06-07 05:09:52 UTC","182d, 12:45:34"
865616992.405,16186329.114,7735.235,True,"2027-06-07 05:09:52 UTC","187d, 08:12:09"
865616992.405,16601924.051,7197.127,True,"2027-06-07 05:09:52 UTC","192d, 03:38:44"
865616992.405,17017518.987,6702.023,True,"2027-06-07 05:09:52 UTC","196d, 23:05:18"
865616992.405,17433113.924,6253.196,True,"2027-06-07 05:09:52 UTC","201d, 18:31:53"
865616992.405,17848708.861,5855.032,True,"2027-06-07 05:09:52 UTC","206d, 13:58:28"
865616992.405,18264303.797,5513.096,True,"2027-06-07 05:09:52 UTC","211d, 09:25:03"
865616992.405,18679898.734,5234.135,True,"2027-06-07 05:09:52 UTC","216d, 04:51:38"
865616992.405,19095493.671,5025.979,True,"2027-06-07 05:09:52 UTC","221d, 00:18:13"
865616992.405,19511088.608,4897.335,True,"2027-06-07 05:09:52 UTC","225d, 19:44:48"
865616992.405,19926683.544,4857.527,True,"2027-06-07 05:09:52 UTC","230d, 15:11:23"
865616992.405,20342278.481,4916.247,True,"2027-06-07 05:09:52 UTC","235d, 10:37:58"
865616992.405,20757873.418,5083.411,True,"2027-06-07 05:09:52 UTC","240d, 06:04:33"
865616992.405,21173468.354,5369.154,True,"2027-06-07 05:09:52 UTC","245d, 01:31:08"
865616992.405,21589063.291,5783.999,True,"2027-06-07 05:09:52 UTC","249d, 20:57:43"
865616992.405,22004658.228,6339.27,True,"2027-06-07 05:09:52 UTC","254d, 16:24:18"
865616992.405,22420253.165,7047.805,True,"2027-06-07 05:09:52 UTC","259d, 11:50:53"
865616992.405,22835848.101,7924.868,True,"2027-06-07 05:09:52 UTC","264d, 07:17:28"
865616992.405,23251443.038,8988.981,True,"2027-06-07 05:09:52 UTC","269d, 02:44:03"
865616992.405,23667037.975,10262.164,True,"2027-06-07 05:09:52 UTC","273d, 22:10:37"
865616992.405,24082632.911,11768.708,True,"2027-06-07 05:09:52 UTC","278d, 17:37:12"
865616992.405,24498227.848,13531.064,True,"2027-06-07 05:09:52 UTC","283d, 13:03:47"
865616992.405,24913822.785,15560.911,True,"2027-06-07 05:09:52 UTC","288d, 08:30:22"
865616992.405,25329417.722,17844.026,True,"2027-06-07 05:09:52 UTC","293d, 03:56:57"
865616992.405,25745012.658,20321.71,True,"2027-06-07 05:09:52 UTC","297d, 23:23:32"
865616992.405,26160607.595,22880.474,True,"2027-06-07 05:09:52 UTC","302d, 18:50:07"
865616992.405,26576202.532,25729.371,False,"2027-06-07 05:09:52 UTC","307d, 14:16:42"
865616992.405,26991797.468,25115.891,False,"2027-06-07 05:09:52 UTC","312d, 09:43:17"
865616992.405,27407392.405,24504.501,False,"2027-06-07 05:09:52 UTC","317d, 05:09:52"
865616992.405,27822987.342,23896.047,False,"2027-06-07 05:09:52 UTC","322d, 00:36:27"
865616992.405,28238582.278,23291.353,False,"2027-06-07 05:09:52 UTC","326d, 20:03:02"
865616992.405,28654177.215,22691.221,False,"2027-06-07 05:09:52 UTC","331d, 15:29:37"
865616992.405,29069772.152,22096.426,False,"2027-06-07 05:09:52 UTC","336d, 10:56:12"
865616992.405,29485367.089,21507.715,False,"2027-06-07 05:09:52 UTC","341d, 06:22:47"
865616992.405,29900962.025,20925.808,False,"2027-06-07 05:09:52 UTC","346d, 01:49:22"
865616992.405,30316556.962,20351.391,False,"2027-06-07 05:09:52 UTC","350d, 21:15:56"
865616992.405,30732151.899,19785.119,False,"2027-06-07 05:09:52 UTC","355d, 16:42:31"
865616992.405,31147746.835,19227.616,False,"2027-06-07 05:09:52 UTC","360d, 12:09:06"
865616992.405,31563341.772,18679.469,False,"2027-06-07 05:09:52 UTC","365d, 07:35:41"
865616992.405,31978936.709,18141.234,False,"2027-06-07 05:09:52 UTC","370d, 03:02:16"
865616992.405,32394531.646,17613.431,False,"2027-06-07 05:09:52 UTC","374d, 22:28:51"
865616992.405,32810126.582,17096.547,False,"2027-06-07 05:09:52 UTC","379d, 17:55:26"
865616992.405,33225721.519,16591.035,False,"2027-06-07 05:09:52 UTC","384d, 13:22:01"
865616992.405,33641316.456,16097.315,False,"2027-06-07 05:09:52 UTC","389d, 08:48:36"
865616992.405,34056911.392,15615.775,False,"2027-06-07 05:09:52 UTC","394d, 04:15:11"
865616992.405,34472506.329,15146.773,False,"2027-06-07 05:09:52 UTC","398d, 23:41:46"
865616992.405,34888101.266,14690.638,False,"2027-06-07 05:09:52 UTC","403d, 19:08:21"
865616992.405,35303696.203,14247.672,False,"2027-06-07 05:09:52 UTC","408d, 14:34:56"
865616992.405,35719291.139,13818.153,False,"2027-06-07 05:09:52 UTC","413d, 10:01:31"
865616992.405,36134886.076,13402.341,False,"2027-06-07 05:09:52 UTC","418d, 05:28:06"
865616992.405,36550481.013,13000.479,False,"2027-06-07 05:09:52 UTC","423d, 00:54:41"
865616992.405,36966075.949,12612.805,False,"2027-06-07 05:09:52 UTC","427d, 20:21:15"
865616992.405,37381670.886,12239.559,False,"2027-06-07 05:09:52 UTC","432d, 15:47:50"
865616992.405,37797265.823,11881.001,False,"2027-06-07 05:09:52 UTC","437d, 11:14:25"
865616992.405,38212860.759,11537.438,False,"2027-06-07 05:09:52 UTC","442d, 06:41:00"
865616992.405,38628455.696,11209.26,False,"2027-06-07 05:09:52 UTC","447d, 02:07:35"
865616992.405,39044050.633,10897.026,False,"2027-06-07 05:09:52 UTC","451d, 21:34:10"
865616992.405,39459645.57,10601.6,False,"2027-06-07 05:09:52 UTC","456d, 17:00:45"
865616992.405,39875240.506,10324.463,False,"2027-06-07 05:09:52 UTC","461d, 12:27:20"
865616992.405,40290835.443,10068.41,False,"2027-06-07 05:09:52 UTC","466d, 07:53:55"
865616992.405,40706430.38,9839.405,False,"2027-06-07 05:09:52 UTC","471d, 03:20:30"
865616992.405,41122025.316,9652.487,False,"2027-06-07 05:09:52 UTC","475d, 22:47:05"
865616992.405,41537620.253,9556.615,False,"2027-06-07 05:09:52 UTC","480d, 18:13:40"
865616992.405,41953215.19,9805.136,False,"2027-06-07 05:09:52 UTC","485d, 13:40:15"
865616992.405,42368810.127,14708.485,False,"2027-06-07 05:09:52 UTC","490d, 09:06:50"
865616992.405,42784405.063,10365.441,True,"2027-06-07 05:09:52 UTC","495d, 04:33:25"
865616992.405,43200000,8651.88,True,"2027-06-07 05:09:52 UTC","500d, 00:00:00"
866893306.329,10368000,23532.253,True,"2027-06-21 23:41:46 UTC","120d, 00:00:00"
866893306.329,10783594.937,18777.676,True,"2027-06-21 23:41:46 UTC","124d, 19:26:34"
866893306.329,11199189.873,17477.535,True,"2027-06-21 23:41:46 UTC","129d, 14:53:09"
866893306.329,11614784.81,16334.72,True,"2027-06-21 23:41:46 UTC","134d, 10:19:44"
866893306.329,12030379.747,15271.515,True,"2027-06-21 23:41:46 UTC","139d, 05:46:19"
866893306.329,12445974.684,14272.635,True,"2027-06-21 23:41:46 UTC","144d, 01:12:54"
866893306.329,12861569.62,13331.197,True,"2027-06-21 23:41:46 UTC","148d, 20:39:29"
866893306.329,13277164.557,12442.693,True,"2027-06-21 23:41:46 UTC","153d, 16:06:04"
866893306.329,13692759.494,11603.77,True,"2027-06-21 23:41:46 UTC","158d, 11:32:39"
866893306.329,14108354.43,10811.898,True,"2027-06-21 23:41:46 UTC","163d, 06:59:14"
866893306.329,14523949.367,10065.271,True,"2027-06-21 23:41:46 UTC","168d, 02:25:49"
866893306.329,14939544.304,9362.789,True,"2027-06-21 23:41:46 UTC","172d, 21:52:24"
866893306.329,15355139.241,8704.095,True,"2027-06-21 23:41:46 UTC","177d, 17:18:59"
866893306.329,15770734.177,8089.633,True,"2027-06-21 23:41:46 UTC","182d, 12:45:34"
866893306.329,16186329.114,7520.737,True,"2027-06-21 23:41:46 UTC","187d, 08:12:09"
866893306.329,16601924.051,6999.736,True,"2027-06-21 23:41:46 UTC","192d, 03:38:44"
866893306.329,17017518.987,6530.066,True,"2027-06-21 23:41:46 UTC","196d, 23:05:18"
866893306.329,17433113.924,6116.375,True,"2027-06-21 23:41:46 UTC","201d, 18:31:53"
866893306.329,17848708.861,5764.576,True,"2027-06-21 23:41:46 UTC","206d, 13:58:28"
866893306.329,18264303.797,5481.841,True,"2027-06-21 23:41:46 UTC","211d, 09:25:03"
866893306.329,18679898.734,5276.478,True,"2027-06-21 23:41:46 UTC","216d, 04:51:38"
866893306.329,19095493.671,5157.715,True,"2027-06-21 23:41:46 UTC","221d, 00:18:13"
866893306.329,19511088.608,5135.426,True,"2027-06-21 23:41:46 UTC","225d, 19:44:48"
866893306.329,19926683.544,5219.891,True,"2027-06-21 23:41:46 UTC","230d, 15:11:23"
866893306.329,20342278.481,5421.651,True,"2027-06-21 23:41:46 UTC","235d, 10:37:58"
866893306.329,20757873.418,5751.534,True,"2027-06-21 23:41:46 UTC","240d, 06:04:33"
866893306.329,21173468.354,6220.907,True,"2027-06-21 23:41:46 UTC","245d, 01:31:08"
866893306.329,21589063.291,6842.253,True,"2027-06-21 23:41:46 UTC","249d, 20:57:43"
866893306.329,22004658.228,7630.049,True,"2027-06-21 23:41:46 UTC","254d, 16:24:18"
866893306.329,22420253.165,8601.772,True,"2027-06-21 23:41:46 UTC","259d, 11:50:53"
866893306.329,22835848.101,9778.602,True,"2027-06-21 23:41:46 UTC","264d, 07:17:28"
866893306.329,23251443.038,11185.09,True,"2027-06-21 23:41:46 UTC","269d, 02:44:03"
866893306.329,23667037.975,12846.534,True,"2027-06-21 23:41:46 UTC","273d, 22:10:37"
866893306.329,24082632.911,14782.117,True,"2027-06-21 23:41:46 UTC","278d, 17:37:12"
866893306.329,24498227.848,16991.668,True,"2027-06-21 23:41:46 UTC","283d, 13:03:47"
866893306.329,24913822.785,19436.245,True,"2027-06-21 23:41:46 UTC","288d, 08:30:22"
866893306.329,25329417.722,22020.707,True,"2027-06-21 23:41:46 UTC","293d, 03:56:57"
866893306.329,25745012.658,26196.672,False,"2027-06-21 23:41:46 UTC","297d, 23:23:32"
866893306.329,26160607.595,25578.473,False,"2027-06-21 23:41:46 UTC","302d, 18:50:07"
866893306.329,26576202.532,24962.25,False,"2027-06-21 23:41:46 UTC","307d, 14:16:42"
866893306.329,26991797.468,24348.829,False,"2027-06-21 23:41:46 UTC","312d, 09:43:17"
866893306.329,27407392.405,23739.022,False,"2027-06-21 23:41:46 UTC","317d, 05:09:52"
866893306.329,27822987.342,23133.617,False,"2027-06-21 23:41:46 UTC","322d, 00:36:27"
866893306.329,28238582.278,22533.38,False,"2027-06-21 23:41:46 UTC","326d, 20:03:02"
866893306.329,28654177.215,21939.052,False,"2027-06-21 23:41:46 UTC","331d, 15:29:37"
866893306.329,29069772.152,21351.347,False,"2027-06-21 23:41:46 UTC","336d, 10:56:12"
866893306.329,29485367.089,20770.948,False,"2027-06-21 23:41:46 UTC","341d, 06:22:47"
866893306.329,29900962.025,20198.509,False,"2027-06-21 23:41:46 UTC","346d, 01:49:22"
866893306.329,30316556.962,19634.654,False,"2027-06-21 23:41:46 UTC","350d, 21:15:56"
866893306.329,30732151.899,19079.974,False,"2027-06-21 23:41:46 UTC","355d, 16:42:31"
866893306.329,31147746.835,18535.026,False,"2027-06-21 23:41:46 UTC","360d, 12:09:06"
866893306.329,31563341.772,18000.337,False,"2027-06-21 23:41:46 UTC","365d, 07:35:41"
866893306.329,31978936.709,17476.398,False,"2027-06-21 23:41:46 UTC","370d, 03:02:16"
866893306.329,32394531.646,16963.67,False,"2027-06-21 23:41:46 UTC","374d, 22:28:51"
866893306.329,32810126.582,16462.579,False,"2027-06-21 23:41:46 UTC","379d, 17:55:26"
866893306.329,33225721.519,15973.521,False,"2027-06-21 23:41:46 UTC","384d, 13:22:01"
866893306.329,33641316.456,15496.86,False,"2027-06-21 23:41:46 UTC","389d, 08:48:36"
866893306.329,34056911.392,15032.93,False,"2027-06-21 23:41:46 UTC","394d, 04:15:11"
866893306.329,34472506.329,14582.038,False,"2027-06-21 23:41:46 UTC","398d, 23:41:46"
866893306.329,34888101.266,14144.465,False,"2027-06-21 23:41:46 UTC","403d, 19:08:21"
866893306.329,35303696.203,13720.469,False,"2027-06-21 23:41:46 UTC","408d, 14:34:56"
866893306.329,35719291.139,13310.286,False,"2027-06-21 23:41:46 UTC","413d, 10:01:31"
866893306.329,36134886.076,12914.142,False,"2027-06-21 23:41:46 UTC","418d, 05:28:06"
866893306.329,36550481.013,12532.252,False,"2027-06-21 23:41:46 UTC","423d, 00:54:41"
866893306.329,36966075.949,12164.836,False,"2027-06-21 23:41:46 UTC","427d, 20:21:15"
866893306.329,37381670.886,11812.132,False,"2027-06-21 23:41:46 UTC","432d, 15:47:50"
866893306.329,37797265.823,11474.421,False,"2027-06-21 23:41:46 UTC","437d, 11:14:25"
866893306.329,38212860.759,11152.073,False,"2027-06-21 23:41:46 UTC","442d, 06:41:00"
866893306.329,38628455.696,10845.628,False,"2027-06-21 23:41:46 UTC","447d, 02:07:35"
866893306.329,39044050.633,10555.952,False,"2027-06-21 23:41:46 UTC","451d, 21:34:10"
866893306.329,39459645.57,10284.599,False,"2027-06-21 23:41:46 UTC","456d, 17:00:45"
866893306.329,39875240.506,10034.687,False,"2027-06-21 23:41:46 UTC","461d, 12:27:20"
866893306.329,40290835.443,9813.484,False,"2027-06-21 23:41:46 UTC","466d, 07:53:55"
866893306.329,40706430.38,9642.04,False,"2027-06-21 23:41:46 UTC","471d, 03:20:30"
866893306.329,41122025.316,9608.552,False,"2027-06-21 23:41:46 UTC","475d, 22:47:05"
866893306.329,41537620.253,10563.015,False,"2027-06-21 23:41:46 UTC","480d, 18:13:40"
866893306.329,41953215.19,13390.199,True,"2027-06-21 23:41:46 UTC","485d, 13:40:15"
866893306.329,42368810.127,8843.739,True,"2027-06-21 23:41:46 UTC","490d, 09:06:50"
866893306.329,42784405.063,8484.334,True,"2027-06-21 23:41:46 UTC","495d, 04:33:25"
866893306.329,43200000,8297.984,True,"2027-06-21 23:41:46 UTC","500d, 00:00:00"
868169620.253,10368000,19925.309,True,"2027-07-06 18:13:40 UTC","120d, 00:00:00"
868169620.253,10783594.937,18593.901,True,"2027-07-06 18:13:40 UTC","124d, 19:26:34"
868169620.253,11199189.873,17357.292,True,"2027-07-06 18:13:40 UTC","129d, 14:53:09"
868169620.253,11614784.81,16199.837,True,"2027-07-06 18:13:40 UTC","134d, 10:19:44"
868169620.253,12030379.747,15113.518,True,"2027-07-06 18:13:40 UTC","139d, 05:46:19"
868169620.253,12445974.684,14092.406,True,"2027-07-06 18:13:40 UTC","144d, 01:12:54"
868169620.253,12861569.62,13131.722,True,"2027-07-06 18:13:40 UTC","148d, 20:39:29"
868169620.253,13277164.557,12227.588,True,"2027-07-06 18:13:40 UTC","153d, 16:06:04"
868169620.253,13692759.494,11376.934,True,"2027-07-06 18:13:40 UTC","158d, 11:32:39"
868169620.253,14108354.43,10577.475,True,"2027-07-06 18:13:40 UTC","163d, 06:59:14"
868169620.253,14523949.367,9827.719,True,"2027-07-06 18:13:40 UTC","168d, 02:25:49"
868169620.253,14939544.304,9127.005,True,"2027-07-06 18:13:40 UTC","172d, 21:52:24"
868169620.253,15355139.241,8475.574,True,"2027-07-06 18:13:40 UTC","177d, 17:18:59"
868169620.253,15770734.177,7874.652,True,"2027-07-06 18:13:40 UTC","182d, 12:45:34"
868169620.253,16186329.114,7326.563,True,"2027-07-06 18:13:40 UTC","187d, 08:12:09"
868169620.253,16601924.051,6834.841,True,"2027-07-06 18:13:40 UTC","192d, 03:38:44"
868169620.253,17017518.987,6404.331,True,"2027-07-06 18:13:40 UTC","196d, 23:05:18"
868169620.253,17433113.924,6041.248,True,"2027-07-06 18:13:40 UTC","201d, 18:31:53"
868169620.253,17848708.861,5753.151,True,"2027-07-06 18:13:40 UTC","206d, 13:58:28"
868169620.253,18264303.797,5548.818,True,"2027-07-06 18:13:40 UTC","211d, 09:25:03"
868169620.253,18679898.734,5438.023,True,"2027-07-06 18:13:40 UTC","216d, 04:51:38"
868169620.253,19095493.671,5431.256,True,"2027-07-06 18:13:40 UTC","221d, 00:18:13"
868169620.253,19511088.608,5539.476,True,"2027-07-06 18:13:40 UTC","225d, 19:44:48"
868169620.253,19926683.544,5773.977,True,"2027-07-06 18:13:40 UTC","230d, 15:11:23"
868169620.253,20342278.481,6146.458,True,"2027-07-06 18:13:40 UTC","235d, 10:37:58"
868169620.253,20757873.418,6669.392,True,"2027-07-06 18:13:40 UTC","240d, 06:04:33"
868169620.253,21173468.354,7356.776,True,"2027-07-06 18:13:40 UTC","245d, 01:31:08"
868169620.253,21589063.291,8225.168,True,"2027-07-06 18:13:40 UTC","249d, 20:57:43"
868169620.253,22004658.228,9294.727,True,"2027-07-06 18:13:40 UTC","254d, 16:24:18"
868169620.253,22420253.165,10589.644,True,"2027-07-06 18:13:40 UTC","259d, 11:50:53"
868169620.253,22835848.101,12136.911,True,"2027-07-06 18:13:40 UTC","264d, 07:17:28"
868169620.253,23251443.038,13961.63,True,"2027-07-06 18:13:40 UTC","269d, 02:44:03"
868169620.253,23667037.975,16076.363,True,"2027-07-06 18:13:40 UTC","273d, 22:10:37"
868169620.253,24082632.911,18462.743,True,"2027-07-06 18:13:40 UTC","278d, 17:37:12"
868169620.253,24498227.848,21049.247,True,"2027-07-06 18:13:40 UTC","283d, 13:03:47"
868169620.253,24913822.785,23701.128,True,"2027-07-06 18:13:40 UTC","288d, 08:30:22"
868169620.253,25329417.722,26086.147,False,"2027-07-06 18:13:40 UTC","293d, 03:56:57"
868169620.253,25745012.658,25464.075,False,"2027-07-06 18:13:40 UTC","297d, 23:23:32"
868169620.253,26160607.595,24844.664,False,"2027-07-06 18:13:40 UTC","302d, 18:50:07"
868169620.253,26576202.532,24228.707,False,"2027-07-06 18:13:40 UTC","307d, 14:16:42"
868169620.253,26991797.468,23616.981,False,"2027-07-06 18:13:40 UTC","312d, 09:43:17"
868169620.253,27407392.405,23010.239,False,"2027-07-06 18:13:40 UTC","317d, 05:09:52"
868169620.253,27822987.342,22409.215,False,"2027-07-06 18:13:40 UTC","322d, 00:36:27"
868169620.253,28238582.278,21814.617,False,"2027-07-06 18:13:40 UTC","326d, 20:03:02"
868169620.253,28654177.215,21227.125,False,"2027-07-06 18:13:40 UTC","331d, 15:29:37"
868169620.253,29069772.152,20647.392,False,"2027-07-06 18:13:40 UTC","336d, 10:56:12"
868169620.253,29485367.089,20076.043,False,"2027-07-06 18:13:40 UTC","341d, 06:22:47"
868169620.253,29900962.025,19513.671,False,"2027-07-06 18:13:40 UTC","346d, 01:49:22"
868169620.253,30316556.962,18960.839,False,"2027-07-06 18:13:40 UTC","350d, 21:15:56"
868169620.253,30732151.899,18418.079,False,"2027-07-06 18:13:40 UTC","355d, 16:42:31"
868169620.253,31147746.835,17885.89,False,"2027-07-06 18:13:40 UTC","360d, 12:09:06"
868169620.253,31563341.772,17364.739,False,"2027-07-06 18:13:40 UTC","365d, 07:35:41"
868169620.253,31978936.709,16855.063,False,"2027-07-06 18:13:40 UTC","370d, 03:02:16"
868169620.253,32394531.646,16357.265,False,"2027-07-06 18:13:40 UTC","374d, 22:28:51"
868169620.253,32810126.582,15871.717,False,"2027-07-06 18:13:40 UTC","379d, 17:55:26"
868169620.253,33225721.519,15398.764,False,"2027-07-06 18:13:40 UTC","384d, 13:22:01"
868169620.253,33641316.456,14938.718,False,"2027-07-06 18:13:40 UTC","389d, 08:48:36"
868169620.253,34056911.392,14491.866,False,"2027-07-06 18:13:40 UTC","394d, 04:15:11"
868169620.253,34472506.329,14058.467,False,"2027-07-06 18:13:40 UTC","398d, 23:41:46"
868169620.253,34888101.266,13638.759,False,"2027-07-06 18:13:40 UTC","403d, 19:08:21"
868169620.253,35303696.203,13232.958,False,"2027-07-06 18:13:40 UTC","408d, 14:34:56"
868169620.253,35719291.139,12841.266,False,"2027-07-06 18:13:40 UTC","413d, 10:01:31"
868169620.253,36134886.076,12463.873,False,"2027-07-06 18:13:40 UTC","418d, 05:28:06"
868169620.253,36550481.013,12100.971,False,"2027-07-06 18:13:40 UTC","423d, 00:54:41"
868169620.253,36966075.949,11752.764,False,"2027-07-06 18:13:40 UTC","427d, 20:21:15"
868169620.253,37381670.886,11419.493,False,"2027-07-06 18:13:40 UTC","432d, 15:47:50"
868169620.253,37797265.823,11101.472,False,"2027-07-06 18:13:40 UTC","437d, 11:14:25"
868169620.253,38212860.759,10799.173,False,"2027-07-06 18:13:40 UTC","442d, 06:41:00"
868169620.253,38628455.696,10513.373,False,"2027-07-06 18:13:40 UTC","447d, 02:07:35"
868169620.253,39044050.633,10245.533,False,"2027-07-06 18:13:40 UTC","451d, 21:34:10"
868169620.253,39459645.57,9998.791,False,"2027-07-06 18:13:40 UTC","456d, 17:00:45"
868169620.253,39875240.506,9781.278,False,"2027-07-06 18:13:40 UTC","461d, 12:27:20"
868169620.253,40290835.443,9621.304,False,"2027-07-06 18:13:40 UTC","466d, 07:53:55"
868169620.253,40706430.38,9696.676,False,"2027-07-06 18:13:40 UTC","471d, 03:20:30"
868169620.253,41122025.316,20848.914,False,"2027-07-06 18:13:40 UTC","475d, 22:47:05"
868169620.253,41537620.253,9047.656,True,"2027-07-06 18:13:40 UTC","480d, 18:13:40"
868169620.253,41953215.19,8646.192,True,"2027-07-06 18:13:40 UTC","485d, 13:40:15"
868169620.253,42368810.127,8463.179,True,"2027-07-06 18:13:40 UTC","490d, 09:06:50"
868169620.253,42784405.063,8314.915,True,"2027-07-06 18:13:40 UTC","495d, 04:33:25"
868169620.253,43200000,8185.279,True,"2027-07-06 18:13:40 UTC","500d, 00:00:00"
869445934.177,10368000,19817.354,True,"2027-07-21 12:45:34 UTC","120d, 00:00:00"
869445934.177,10783594.937,18464.161,True,"2027-07-21 12:45:34 UTC","124d, 19:26:34"
869445934.177,11199189.873,17200.865,True,"2027-07-21 12:45:34 UTC","129d, 14:53:09"
869445934.177,11614784.81,16019.332,True,"2027-07-21 12:45:34 UTC","134d, 10:19:44"
869445934.177,12030379.747,14912.704,True,"2027-07-21 12:45:34 UTC","139d, 05:46:19"
869445934.177,12445974.684,13875.218,True,"2027-07-21 12:45:34 UTC","144d, 01:12:54"
869445934.177,12861569.62,12902.105,True,"2027-07-21 12:45:34 UTC","148d, 20:39:29"
869445934.177,13277164.557,11989.534,True,"2027-07-21 12:45:34 UTC","153d, 16:06:04"
869445934.177,13692759.494,11134.582,True,"2027-07-21 12:45:34 UTC","158d, 11:32:39"
869445934.177,14108354.43,10335.236,True,"2027-07-21 12:45:34 UTC","163d, 06:59:14"
869445934.177,14523949.367,9590.43,True,"2027-07-21 12:45:34 UTC","168d, 02:25:49"
869445934.177,14939544.304,8900.103,True,"2027-07-21 12:45:34 UTC","172d, 21:52:24"
869445934.177,15355139.241,8265.286,True,"2027-07-21 12:45:34 UTC","177d, 17:18:59"
869445934.177,15770734.177,7688.215,True,"2027-07-21 12:45:34 UTC","182d, 12:45:34"
869445934.177,16186329.114,7172.441,True,"2027-07-21 12:45:34 UTC","187d, 08:12:09"
869445934.177,16601924.051,6722.934,True,"2027-07-21 12:45:34 UTC","192d, 03:38:44"
869445934.177,17017518.987,6346.146,True,"2027-07-21 12:45:34 UTC","196d, 23:05:18"
869445934.177,17433113.924,6049.985,True,"2027-07-21 12:45:34 UTC","201d, 18:31:53"
869445934.177,17848708.861,5843.693,True,"2027-07-21 12:45:34 UTC","206d, 13:58:28"
869445934.177,18264303.797,5737.625,True,"2027-07-21 12:45:34 UTC","211d, 09:25:03"
869445934.177,18679898.734,5742.961,True,"2027-07-21 12:45:34 UTC","216d, 04:51:38"
869445934.177,19095493.671,5871.462,True,"2027-07-21 12:45:34 UTC","221d, 00:18:13"
869445934.177,19511088.608,6135.347,True,"2027-07-21 12:45:34 UTC","225d, 19:44:48"
869445934.177,19926683.544,6547.425,True,"2027-07-21 12:45:34 UTC","230d, 15:11:23"
869445934.177,20342278.481,7121.604,True,"2027-07-21 12:45:34 UTC","235d, 10:37:58"
869445934.177,20757873.418,7873.811,True,"2027-07-21 12:45:34 UTC","240d, 06:04:33"
869445934.177,21173468.354,8823.179,True,"2027-07-21 12:45:34 UTC","245d, 01:31:08"
869445934.177,21589063.291,9993.046,True,"2027-07-21 12:45:34 UTC","249d, 20:57:43"
869445934.177,22004658.228,11410.932,True,"2027-07-21 12:45:34 UTC","254d, 16:24:18"
869445934.177,22420253.165,13105.957,True,"2027-07-21 12:45:34 UTC","259d, 11:50:53"
869445934.177,22835848.101,15101.221,True,"2027-07-21 12:45:34 UTC","264d, 07:17:28"
869445934.177,23251443.038,17398.173,True,"2027-07-21 12:45:34 UTC","269d, 02:44:03"
869445934.177,23667037.975,19952.819,True,"2027-07-21 12:45:34 UTC","273d, 22:10:37"
869445934.177,24082632.911,22654.247,True,"2027-07-21 12:45:34 UTC","278d, 17:37:12"
869445934.177,24498227.848,26638.735,False,"2027-07-21 12:45:34 UTC","283d, 13:03:47"
869445934.177,24913822.785,26009.716,False,"2027-07-21 12:45:34 UTC","288d, 08:30:22"
869445934.177,25329417.722,25383.211,False,"2027-07-21 12:45:34 UTC","293d, 03:56:57"
869445934.177,25745012.658,24759.995,False,"2027-07-21 12:45:34 UTC","297d, 23:23:32"
869445934.177,26160607.595,24140.828,False,"2027-07-21 12:45:34 UTC","302d, 18:50:07"
869445934.177,26576202.532,23526.451,False,"2027-07-21 12:45:34 UTC","307d, 14:16:42"
869445934.177,26991797.468,22917.588,False,"2027-07-21 12:45:34 UTC","312d, 09:43:17"
869445934.177,27407392.405,22314.94,False,"2027-07-21 12:45:34 UTC","317d, 05:09:52"
869445934.177,27822987.342,21719.184,False,"2027-07-21 12:45:34 UTC","322d, 00:36:27"
869445934.177,28238582.278,21130.973,False,"2027-07-21 12:45:34 UTC","326d, 20:03:02"
869445934.177,28654177.215,20550.931,False,"2027-07-21 12:45:34 UTC","331d, 15:29:37"
869445934.177,29069772.152,19979.656,False,"2027-07-21 12:45:34 UTC","336d, 10:56:12"
869445934.177,29485367.089,19417.716,False,"2027-07-21 12:45:34 UTC","341d, 06:22:47"
869445934.177,29900962.025,18865.649,False,"2027-07-21 12:45:34 UTC","346d, 01:49:22"
869445934.177,30316556.962,18323.962,False,"2027-07-21 12:45:34 UTC","350d, 21:15:56"
869445934.177,30732151.899,17793.132,False,"2027-07-21 12:45:34 UTC","355d, 16:42:31"
869445934.177,31147746.835,17273.606,False,"2027-07-21 12:45:34 UTC","360d, 12:09:06"
869445934.177,31563341.772,16765.798,False,"2027-07-21 12:45:34 UTC","365d, 07:35:41"
869445934.177,31978936.709,16270.092,False,"2027-07-21 12:45:34 UTC","370d, 03:02:16"
869445934.177,32394531.646,15786.841,False,"2027-07-21 12:45:34 UTC","374d, 22:28:51"
869445934.177,32810126.582,15316.369,False,"2027-07-21 12:45:34 UTC","379d, 17:55:26"
869445934.177,33225721.519,14858.971,False,"2027-07-21 12:45:34 UTC","384d, 13:22:01"
869445934.177,33641316.456,14414.913,False,"2027-07-21 12:45:34 UTC","389d, 08:48:36"
869445934.177,34056911.392,13984.435,False,"2027-07-21 12:45:34 UTC","394d, 04:15:11"
869445934.177,34472506.329,13567.755,False,"2027-07-21 12:45:34 UTC","398d, 23:41:46"
869445934.177,34888101.266,13165.066,False,"2027-07-21 12:45:34 UTC","403d, 19:08:21"
869445934.177,35303696.203,12776.544,False,"2027-07-21 12:45:34 UTC","408d, 14:34:56"
869445934.177,35719291.139,12402.352,False,"2027-07-21 12:45:34 UTC","413d, 10:01:31"
869445934.177,36134886.076,12042.644,False,"2027-07-21 12:45:34 UTC","418d, 05:28:06"
869445934.177,36550481.013,11697.578,False,"2027-07-21 12:45:34 UTC","423d, 00:54:41"
869445934.177,36966075.949,11367.331,False,"2027-07-21 12:45:34 UTC","427d, 20:21:15"
869445934.177,37381670.886,11052.128,False,"2027-07-21 12:45:34 UTC","432d, 15:47:50"
869445934.177,37797265.823,10752.302,False,"2027-07-21 12:45:34 UTC","437d, 11:14:25"
869445934.177,38212860.759,10468.413,False,"2027-07-21 12:45:34 UTC","442d, 06:41:00"
869445934.177,38628455.696,10201.553,False,"2027-07-21 12:45:34 UTC","447d, 02:07:35"
869445934.177,39044050.633,9954.243,False,"2027-07-21 12:45:34 UTC","451d, 21:34:10"
869445934.177,39459645.57,9733.868,False,"2027-07-21 12:45:34 UTC","456d, 17:00:45"
869445934.177,39875240.506,9573.552,False,"2027-07-21 12:45:34 UTC","461d, 12:27:20"
869445934.177,40290835.443,9948.318,False,"2027-07-21 12:45:34 UTC","466d, 07:53:55"
869445934.177,40706430.38,9297.631,True,"2027-07-21 12:45:34 UTC","471d, 03:20:30"
869445934.177,41122025.316,8806.438,True,"2027-07-21 12:45:34 UTC","475d, 22:47:05"
869445934.177,41537620.253,8630.318,True,"2027-07-21 12:45:34 UTC","480d, 18:13:40"
869445934.177,41953215.19,8477.824,True,"2027-07-21 12:45:34 UTC","485d, 13:40:15"
869445934.177,42368810.127,8340.292,True,"2027-07-21 12:45:34 UTC","490d, 09:06:50"
869445934.177,42784405.063,8217.34,True,"2027-07-21 12:45:34 UTC","495d, 04:33:25"
869445934.177,43200000,8109.364,True,"2027-07-21 12:45:34 UTC","500d, 00:00:00"
870722248.101,10368000,19666.139,True,"2027-08-05 07:17:28 UTC","120d, 00:00:00"
870722248.101,10783594.937,18287.188,True,"2027-08-05 07:17:28 UTC","124d, 19:26:34"
870722248.101,11199189.873,17002.747,True,"2027-08-05 07:17:28 UTC","129d, 14:53:09"
870722248.101,11614784.81,15804.345,True,"2027-08-05 07:17:28 UTC","134d, 10:19:44"
870722248.101,12030379.747,14684.857,True,"2027-08-05 07:17:28 UTC","139d, 05:46:19"
870722248.101,12445974.684,13638.376,True,"2027-08-05 07:17:28 UTC","144d, 01:12:54"
870722248.101,12861569.62,12660.119,True,"2027-08-05 07:17:28 UTC","148d, 20:39:29"
870722248.101,13277164.557,11746.373,True,"2027-08-05 07:17:28 UTC","153d, 16:06:04"
870722248.101,13692759.494,10894.478,True,"2027-08-05 07:17:28 UTC","158d, 11:32:39"
870722248.101,14108354.43,10102.843,True,"2027-08-05 07:17:28 UTC","163d, 06:59:14"
870722248.101,14523949.367,9371,True,"2027-08-05 07:17:28 UTC","168d, 02:25:49"
870722248.101,14939544.304,8699.683,True,"2027-08-05 07:17:28 UTC","172d, 21:52:24"
870722248.101,15355139.241,8090.938,True,"2027-08-05 07:17:28 UTC","177d, 17:18:59"
870722248.101,15770734.177,7548.235,True,"2027-08-05 07:17:28 UTC","182d, 12:45:34"
870722248.101,16186329.114,7076.583,True,"2027-08-05 07:17:28 UTC","187d, 08:12:09"
870722248.101,16601924.051,6682.593,True,"2027-08-05 07:17:28 UTC","192d, 03:38:44"
870722248.101,17017518.987,6374.474,True,"2027-08-05 07:17:28 UTC","196d, 23:05:18"
870722248.101,17433113.924,6161.922,True,"2027-08-05 07:17:28 UTC","201d, 18:31:53"
870722248.101,17848708.861,6055.904,True,"2027-08-05 07:17:28 UTC","206d, 13:58:28"
870722248.101,18264303.797,6068.385,True,"2027-08-05 07:17:28 UTC","211d, 09:25:03"
870722248.101,18679898.734,6212.074,True,"2027-08-05 07:17:28 UTC","216d, 04:51:38"
870722248.101,19095493.671,6500.333,True,"2027-08-05 07:17:28 UTC","221d, 00:18:13"
870722248.101,19511088.608,6947.38,True,"2027-08-05 07:17:28 UTC","225d, 19:44:48"
870722248.101,19926683.544,7568.941,True,"2027-08-05 07:17:28 UTC","230d, 15:11:23"
870722248.101,20342278.481,8383.349,True,"2027-08-05 07:17:28 UTC","235d, 10:37:58"
870722248.101,20757873.418,9412.849,True,"2027-08-05 07:17:28 UTC","240d, 06:04:33"
870722248.101,21173468.354,10684.486,True,"2027-08-05 07:17:28 UTC","245d, 01:31:08"
870722248.101,21589063.291,12229.382,True,"2027-08-05 07:17:28 UTC","249d, 20:57:43"
870722248.101,22004658.228,14078.233,True,"2027-08-05 07:17:28 UTC","254d, 16:24:18"
870722248.101,22420253.165,16249.661,True,"2027-08-05 07:17:28 UTC","259d, 11:50:53"
870722248.101,22835848.101,18728.403,True,"2027-08-05 07:17:28 UTC","264d, 07:17:28"
870722248.101,23251443.038,21436.957,True,"2027-08-05 07:17:28 UTC","269d, 02:44:03"
870722248.101,23667037.975,24220.988,True,"2027-08-05 07:17:28 UTC","273d, 22:10:37"
870722248.101,24082632.911,26598.372,False,"2027-08-05 07:17:28 UTC","278d, 17:37:12"
870722248.101,24498227.848,25963.584,False,"2027-08-05 07:17:28 UTC","283d, 13:03:47"
870722248.101,24913822.785,25331.919,False,"2027-08-05 07:17:28 UTC","288d, 08:30:22"
870722248.101,25329417.722,24704.116,False,"2027-08-05 07:17:28 UTC","293d, 03:56:57"
870722248.101,25745012.658,24080.905,False,"2027-08-05 07:17:28 UTC","297d, 23:23:32"
870722248.101,26160607.595,23462.995,False,"2027-08-05 07:17:28 UTC","302d, 18:50:07"
870722248.101,26576202.532,22851.08,False,"2027-08-05 07:17:28 UTC","307d, 14:16:42"
870722248.101,26991797.468,22245.833,False,"2027-08-05 07:17:28 UTC","312d, 09:43:17"
870722248.101,27407392.405,21647.904,False,"2027-08-05 07:17:28 UTC","317d, 05:09:52"
870722248.101,27822987.342,21057.919,False,"2027-08-05 07:17:28 UTC","322d, 00:36:27"
870722248.101,28238582.278,20476.479,False,"2027-08-05 07:17:28 UTC","326d, 20:03:02"
870722248.101,28654177.215,19904.157,False,"2027-08-05 07:17:28 UTC","331d, 15:29:37"
870722248.101,29069772.152,19341.5,False,"2027-08-05 07:17:28 UTC","336d, 10:56:12"
870722248.101,29485367.089,18789.023,False,"2027-08-05 07:17:28 UTC","341d, 06:22:47"
870722248.101,29900962.025,18247.216,False,"2027-08-05 07:17:28 UTC","346d, 01:49:22"
870722248.101,30316556.962,17716.535,False,"2027-08-05 07:17:28 UTC","350d, 21:15:56"
870722248.101,30732151.899,17197.407,False,"2027-08-05 07:17:28 UTC","355d, 16:42:31"
870722248.101,31147746.835,16690.231,False,"2027-08-05 07:17:28 UTC","360d, 12:09:06"
870722248.101,31563341.772,16195.371,False,"2027-08-05 07:17:28 UTC","365d, 07:35:41"
870722248.101,31978936.709,15713.165,False,"2027-08-05 07:17:28 UTC","370d, 03:02:16"
870722248.101,32394531.646,15243.92,False,"2027-08-05 07:17:28 UTC","374d, 22:28:51"
870722248.101,32810126.582,14787.911,False,"2027-08-05 07:17:28 UTC","379d, 17:55:26"
870722248.101,33225721.519,14345.39,False,"2027-08-05 07:17:28 UTC","384d, 13:22:01"
870722248.101,33641316.456,13916.577,False,"2027-08-05 07:17:28 UTC","389d, 08:48:36"
870722248.101,34056911.392,13501.668,False,"2027-08-05 07:17:28 UTC","394d, 04:15:11"
870722248.101,34472506.329,13100.835,False,"2027-08-05 07:17:28 UTC","398d, 23:41:46"
870722248.101,34888101.266,12714.227,False,"2027-08-05 07:17:28 UTC","403d, 19:08:21"
870722248.101,35303696.203,12341.972,False,"2027-08-05 07:17:28 UTC","408d, 14:34:56"
870722248.101,35719291.139,11984.184,False,"2027-08-05 07:17:28 UTC","413d, 10:01:31"
870722248.101,36134886.076,11640.963,False,"2027-08-05 07:17:28 UTC","418d, 05:28:06"
870722248.101,36550481.013,11312.405,False,"2027-08-05 07:17:28 UTC","423d, 00:54:41"
870722248.101,36966075.949,10998.612,False,"2027-08-05 07:17:28 UTC","427d, 20:21:15"
870722248.101,37381670.886,10699.713,False,"2027-08-05 07:17:28 UTC","432d, 15:47:50"
870722248.101,37797265.823,10415.912,False,"2027-08-05 07:17:28 UTC","437d, 11:14:25"
870722248.101,38212860.759,10147.599,False,"2027-08-05 07:17:28 UTC","442d, 06:41:00"
870722248.101,38628455.696,9895.712,False,"2027-08-05 07:17:28 UTC","447d, 02:07:35"
870722248.101,39044050.633,9663.338,False,"2027-08-05 07:17:28 UTC","451d, 21:34:10"
870722248.101,39459645.57,9469.756,False,"2027-08-05 07:17:28 UTC","456d, 17:00:45"
870722248.101,39875240.506,11530.842,True,"2027-08-05 07:17:28 UTC","461d, 12:27:20"
870722248.101,40290835.443,8977.985,True,"2027-08-05 07:17:28 UTC","466d, 07:53:55"
870722248.101,40706430.38,8805.462,True,"2027-08-05 07:17:28 UTC","471d, 03:20:30"
870722248.101,41122025.316,8642.854,True,"2027-08-05 07:17:28 UTC","475d, 22:47:05"
870722248.101,41537620.253,8493.3,True,"2027-08-05 07:17:28 UTC","480d, 18:13:40"
870722248.101,41953215.19,8358.056,True,"2027-08-05 07:17:28 UTC","485d, 13:40:15"
870722248.101,42368810.127,8237.782,True,"2027-08-05 07:17:28 UTC","490d, 09:06:50"
870722248.101,42784405.063,8132.975,True,"2027-08-05 07:17:28 UTC","495d, 04:33:25"
870722248.101,43200000,8044.111,True,"2027-08-05 07:17:28 UTC","500d, 00:00:00"
871998562.025,10368000,19475.291,True,"2027-08-20 01:49:22 UTC","120d, 00:00:00"
871998562.025,10783594.937,18079.259,True,"2027-08-20 01:49:22 UTC","124d, 19:26:34"
871998562.025,11199189.873,16781.805,True,"2027-08-20 01:49:22 UTC","129d, 14:53:09"
871998562.025,11614784.81,15574.143,True,"2027-08-20 01:49:22 UTC","134d, 10:19:44"
871998562.025,12030379.747,14448.99,True,"2027-08-20 01:49:22 UTC","139d, 05:46:19"
871998562.025,12445974.684,13400.417,True,"2027-08-20 01:49:22 UTC","144d, 01:12:54"
871998562.025,12861569.62,12423.758,True,"2027-08-20 01:49:22 UTC","148d, 20:39:29"
871998562.025,13277164.557,11515.558,True,"2027-08-20 01:49:22 UTC","153d, 16:06:04"
871998562.025,13692759.494,10673.572,True,"2027-08-20 01:49:22 UTC","158d, 11:32:39"
871998562.025,14108354.43,9896.8,True,"2027-08-20 01:49:22 UTC","163d, 06:59:14"
871998562.025,14523949.367,9185.559,True,"2027-08-20 01:49:22 UTC","168d, 02:25:49"
871998562.025,14939544.304,8541.586,True,"2027-08-20 01:49:22 UTC","172d, 21:52:24"
871998562.025,15355139.241,7968.157,True,"2027-08-20 01:49:22 UTC","177d, 17:18:59"
871998562.025,15770734.177,7470.21,True,"2027-08-20 01:49:22 UTC","182d, 12:45:34"
871998562.025,16186329.114,7054.424,True,"2027-08-20 01:49:22 UTC","187d, 08:12:09"
871998562.025,16601924.051,6729.242,True,"2027-08-20 01:49:22 UTC","192d, 03:38:44"
871998562.025,17017518.987,6504.786,True,"2027-08-20 01:49:22 UTC","196d, 23:05:18"
871998562.025,17433113.924,6392.667,True,"2027-08-20 01:49:22 UTC","201d, 18:31:53"
871998562.025,17848708.861,6405.727,True,"2027-08-20 01:49:22 UTC","206d, 13:58:28"
871998562.025,18264303.797,6557.798,True,"2027-08-20 01:49:22 UTC","211d, 09:25:03"
871998562.025,18679898.734,6863.638,True,"2027-08-20 01:49:22 UTC","216d, 04:51:38"
871998562.025,19095493.671,7339.219,True,"2027-08-20 01:49:22 UTC","221d, 00:18:13"
871998562.025,19511088.608,8002.521,True,"2027-08-20 01:49:22 UTC","225d, 19:44:48"
871998562.025,19926683.544,8874.8,True,"2027-08-20 01:49:22 UTC","230d, 15:11:23"
871998562.025,20342278.481,9981.996,True,"2027-08-20 01:49:22 UTC","235d, 10:37:58"
871998562.025,20757873.418,11355.426,True,"2027-08-20 01:49:22 UTC","240d, 06:04:33"
871998562.025,21173468.354,13030.069,True,"2027-08-20 01:49:22 UTC","245d, 01:31:08"
871998562.025,21589063.291,15037.402,True,"2027-08-20 01:49:22 UTC","249d, 20:57:43"
871998562.025,22004658.228,17388.427,True,"2027-08-20 01:49:22 UTC","254d, 16:24:18"
871998562.025,22420253.165,20044.7,True,"2027-08-20 01:49:22 UTC","259d, 11:50:53"
871998562.025,22835848.101,22887.865,True,"2027-08-20 01:49:22 UTC","264d, 07:17:28"
871998562.025,23251443.038,27228.596,False,"2027-08-20 01:49:22 UTC","269d, 02:44:03"
871998562.025,23667037.975,26584.235,False,"2027-08-20 01:49:22 UTC","273d, 22:10:37"
871998562.025,24082632.911,25942.842,False,"2027-08-20 01:49:22 UTC","278d, 17:37:12"
871998562.025,24498227.848,25305.131,False,"2027-08-20 01:49:22 UTC","283d, 13:03:47"
871998562.025,24913822.785,24671.811,False,"2027-08-20 01:49:22 UTC","288d, 08:30:22"
871998562.025,25329417.722,24043.581,False,"2027-08-20 01:49:22 UTC","293d, 03:56:57"
871998562.025,25745012.658,23421.121,False,"2027-08-20 01:49:22 UTC","297d, 23:23:32"
871998562.025,26160607.595,22805.099,False,"2027-08-20 01:49:22 UTC","302d, 18:50:07"
871998562.025,26576202.532,22196.162,False,"2027-08-20 01:49:22 UTC","307d, 14:16:42"
871998562.025,26991797.468,21594.936,False,"2027-08-20 01:49:22 UTC","312d, 09:43:17"
871998562.025,27407392.405,21002.025,False,"2027-08-20 01:49:22 UTC","317d, 05:09:52"
871998562.025,27822987.342,20418.007,False,"2027-08-20 01:49:22 UTC","322d, 00:36:27"
871998562.025,28238582.278,19843.438,False,"2027-08-20 01:49:22 UTC","326d, 20:03:02"
871998562.025,28654177.215,19278.844,False,"2027-08-20 01:49:22 UTC","331d, 15:29:37"
871998562.025,29069772.152,18724.725,False,"2027-08-20 01:49:22 UTC","336d, 10:56:12"
871998562.025,29485367.089,18181.551,False,"2027-08-20 01:49:22 UTC","341d, 06:22:47"
871998562.025,29900962.025,17649.764,False,"2027-08-20 01:49:22 UTC","346d, 01:49:22"
871998562.025,30316556.962,17129.777,False,"2027-08-20 01:49:22 UTC","350d, 21:15:56"
871998562.025,30732151.899,16621.97,False,"2027-08-20 01:49:22 UTC","355d, 16:42:31"
871998562.025,31147746.835,16126.697,False,"2027-08-20 01:49:22 UTC","360d, 12:09:06"
871998562.025,31563341.772,15644.279,False,"2027-08-20 01:49:22 UTC","365d, 07:35:41"
871998562.025,31978936.709,15175.008,False,"2027-08-20 01:49:22 UTC","370d, 03:02:16"
871998562.025,32394531.646,14719.146,False,"2027-08-20 01:49:22 UTC","374d, 22:28:51"
871998562.025,32810126.582,14276.926,False,"2027-08-20 01:49:22 UTC","379d, 17:55:26"
871998562.025,33225721.519,13848.554,False,"2027-08-20 01:49:22 UTC","384d, 13:22:01"
871998562.025,33641316.456,13434.205,False,"2027-08-20 01:49:22 UTC","389d, 08:48:36"
871998562.025,34056911.392,13034.03,False,"2027-08-20 01:49:22 UTC","394d, 04:15:11"
871998562.025,34472506.329,12648.15,False,"2027-08-20 01:49:22 UTC","398d, 23:41:46"
871998562.025,34888101.266,12276.662,False,"2027-08-20 01:49:22 UTC","403d, 19:08:21"
871998562.025,35303696.203,11919.637,False,"2027-08-20 01:49:22 UTC","408d, 14:34:56"
871998562.025,35719291.139,11577.118,False,"2027-08-20 01:49:22 UTC","413d, 10:01:31"
871998562.025,36134886.076,11249.117,False,"2027-08-20 01:49:22 UTC","418d, 05:28:06"
871998562.025,36550481.013,10935.608,False,"2027-08-20 01:49:22 UTC","423d, 00:54:41"
871998562.025,36966075.949,10636.514,False,"2027-08-20 01:49:22 UTC","427d, 20:21:15"
871998562.025,37381670.886,10351.661,False,"2027-08-20 01:49:22 UTC","432d, 15:47:50"
871998562.025,37797265.823,10080.686,False,"2027-08-20 01:49:22 UTC","437d, 11:14:25"
871998562.025,38212860.759,9822.767,False,"2027-08-20 01:49:22 UTC","442d, 06:41:00"
871998562.025,38628455.696,9576.017,False,"2027-08-20 01:49:22 UTC","447d, 02:07:35"
871998562.025,39044050.633,9380.191,False,"2027-08-20 01:49:22 UTC","451d, 21:34:10"
871998562.025,39459645.57,9311.378,True,"2027-08-20 01:49:22 UTC","456d, 17:00:45"
871998562.025,39875240.506,9013.951,True,"2027-08-20 01:49:22 UTC","461d, 12:27:20"
871998562.025,40290835.443,8817.363,True,"2027-08-20 01:49:22 UTC","466d, 07:53:55"
871998562.025,40706430.38,8646.223,True,"2027-08-20 01:49:22 UTC","471d, 03:20:30"
871998562.025,41122025.316,8493.488,True,"2027-08-20 01:49:22 UTC","475d, 22:47:05"
871998562.025,41537620.253,8357.528,True,"2027-08-20 01:49:22 UTC","480d, 18:13:40"
871998562.025,41953215.19,8237.917,True,"2027-08-20 01:49:22 UTC","485d, 13:40:15"
871998562.025,42368810.127,8134.665,True,"2027-08-20 01:49:22 UTC","490d, 09:06:50"
871998562.025,42784405.063,8048.009,True,"2027-08-20 01:49:22 UTC","495d, 04:33:25"
871998562.025,43200000,7978.354,True,"2027-08-20 01:49:22 UTC","500d, 00:00:00"
873274875.949,10368000,19266.956,True,"2027-09-03 20:21:15 UTC","120d, 00:00:00"
873274875.949,10783594.937,17861.686,True,"2027-09-03 20:21:15 UTC","124d, 19:26:34"
873274875.949,11199189.873,16558.354,True,"2027-09-03 20:21:15 UTC","129d, 14:53:09"
873274875.949,11614784.81,15348.036,True,"2027-09-03 20:21:15 UTC","134d, 10:19:44"
873274875.949,12030379.747,14223.437,True,"2027-09-03 20:21:15 UTC","139d, 05:46:19"
873274875.949,12445974.684,13178.747,True,"2027-09-03 20:21:15 UTC","144d, 01:12:54"
873274875.949,12861569.62,12209.55,True,"2027-09-03 20:21:15 UTC","148d, 20:39:29"
873274875.949,13277164.557,11312.795,True,"2027-09-03 20:21:15 UTC","153d, 16:06:04"
873274875.949,13692759.494,10486.807,True,"2027-09-03 20:21:15 UTC","158d, 11:32:39"
873274875.949,14108354.43,9731.346,True,"2027-09-03 20:21:15 UTC","163d, 06:59:14"
873274875.949,14523949.367,9047.706,True,"2027-09-03 20:21:15 UTC","168d, 02:25:49"
873274875.949,14939544.304,8438.834,True,"2027-09-03 20:21:15 UTC","172d, 21:52:24"
873274875.949,15355139.241,7909.467,True,"2027-09-03 20:21:15 UTC","177d, 17:18:59"
873274875.949,15770734.177,7466.237,True,"2027-09-03 20:21:15 UTC","182d, 12:45:34"
873274875.949,16186329.114,7117.727,True,"2027-09-03 20:21:15 UTC","187d, 08:12:09"
873274875.949,16601924.051,6874.436,True,"2027-09-03 20:21:15 UTC","192d, 03:38:44"
873274875.949,17017518.987,6748.627,True,"2027-09-03 20:21:15 UTC","196d, 23:05:18"
873274875.949,17433113.924,6754.104,True,"2027-09-03 20:21:15 UTC","201d, 18:31:53"
873274875.949,17848708.861,6906.002,True,"2027-09-03 20:21:15 UTC","206d, 13:58:28"
873274875.949,18264303.797,7220.755,True,"2027-09-03 20:21:15 UTC","211d, 09:25:03"
873274875.949,18679898.734,7716.465,True,"2027-09-03 20:21:15 UTC","216d, 04:51:38"
873274875.949,19095493.671,8413.83,True,"2027-09-03 20:21:15 UTC","221d, 00:18:13"
873274875.949,19511088.608,9337.582,True,"2027-09-03 20:21:15 UTC","225d, 19:44:48"
873274875.949,19926683.544,10517.99,True,"2027-09-03 20:21:15 UTC","230d, 15:11:23"
873274875.949,20342278.481,11991.26,True,"2027-09-03 20:21:15 UTC","235d, 10:37:58"
873274875.949,20757873.418,13796.494,True,"2027-09-03 20:21:15 UTC","240d, 06:04:33"
873274875.949,21173468.354,15964.973,True,"2027-09-03 20:21:15 UTC","245d, 01:31:08"
873274875.949,21589063.291,18496.398,True,"2027-09-03 20:21:15 UTC","249d, 20:57:43"
873274875.949,22004658.228,21322.253,True,"2027-09-03 20:21:15 UTC","254d, 16:24:18"
873274875.949,22420253.165,24277.612,True,"2027-09-03 20:21:15 UTC","259d, 11:50:53"
873274875.949,22835848.101,27242.849,False,"2027-09-03 20:21:15 UTC","264d, 07:17:28"
873274875.949,23251443.038,26590.347,False,"2027-09-03 20:21:15 UTC","269d, 02:44:03"
873274875.949,23667037.975,25941.365,False,"2027-09-03 20:21:15 UTC","273d, 22:10:37"
873274875.949,24082632.911,25296.587,False,"2027-09-03 20:21:15 UTC","278d, 17:37:12"
873274875.949,24498227.848,24656.692,False,"2027-09-03 20:21:15 UTC","283d, 13:03:47"
873274875.949,24913822.785,24022.349,False,"2027-09-03 20:21:15 UTC","288d, 08:30:22"
873274875.949,25329417.722,23394.215,False,"2027-09-03 20:21:15 UTC","293d, 03:56:57"
873274875.949,25745012.658,22772.932,False,"2027-09-03 20:21:15 UTC","297d, 23:23:32"
873274875.949,26160607.595,22159.124,False,"2027-09-03 20:21:15 UTC","302d, 18:50:07"
873274875.949,26576202.532,21553.398,False,"2027-09-03 20:21:15 UTC","307d, 14:16:42"
873274875.949,26991797.468,20956.338,False,"2027-09-03 20:21:15 UTC","312d, 09:43:17"
873274875.949,27407392.405,20368.507,False,"2027-09-03 20:21:15 UTC","317d, 05:09:52"
873274875.949,27822987.342,19790.441,False,"2027-09-03 20:21:15 UTC","322d, 00:36:27"
873274875.949,28238582.278,19222.653,False,"2027-09-03 20:21:15 UTC","326d, 20:03:02"
873274875.949,28654177.215,18665.628,False,"2027-09-03 20:21:15 UTC","331d, 15:29:37"
873274875.949,29069772.152,18119.824,False,"2027-09-03 20:21:15 UTC","336d, 10:56:12"
873274875.949,29485367.089,17585.669,False,"2027-09-03 20:21:15 UTC","341d, 06:22:47"
873274875.949,29900962.025,17063.563,False,"2027-09-03 20:21:15 UTC","346d, 01:49:22"
873274875.949,30316556.962,16553.877,False,"2027-09-03 20:21:15 UTC","350d, 21:15:56"
873274875.949,30732151.899,16056.951,False,"2027-09-03 20:21:15 UTC","355d, 16:42:31"
873274875.949,31147746.835,15573.095,False,"2027-09-03 20:21:15 UTC","360d, 12:09:06"
873274875.949,31563341.772,15102.589,False,"2027-09-03 20:21:15 UTC","365d, 07:35:41"
873274875.949,31978936.709,14645.682,False,"2027-09-03 20:21:15 UTC","370d, 03:02:16"
873274875.949,32394531.646,14202.595,False,"2027-09-03 20:21:15 UTC","374d, 22:28:51"
873274875.949,32810126.582,13773.518,False,"2027-09-03 20:21:15 UTC","379d, 17:55:26"
873274875.949,33225721.519,13358.611,False,"2027-09-03 20:21:15 UTC","384d, 13:22:01"
873274875.949,33641316.456,12958.006,False,"2027-09-03 20:21:15 UTC","389d, 08:48:36"
873274875.949,34056911.392,12571.804,False,"2027-09-03 20:21:15 UTC","394d, 04:15:11"
873274875.949,34472506.329,12200.077,False,"2027-09-03 20:21:15 UTC","398d, 23:41:46"
873274875.949,34888101.266,11842.865,False,"2027-09-03 20:21:15 UTC","403d, 19:08:21"
873274875.949,35303696.203,11500.176,False,"2027-09-03 20:21:15 UTC","408d, 14:34:56"
873274875.949,35719291.139,11171.979,False,"2027-09-03 20:21:15 UTC","413d, 10:01:31"
873274875.949,36134886.076,10858.202,False,"2027-09-03 20:21:15 UTC","418d, 05:28:06"
873274875.949,36550481.013,10558.737,False,"2027-09-03 20:21:15 UTC","423d, 00:54:41"
873274875.949,36966075.949,10273.506,False,"2027-09-03 20:21:15 UTC","427d, 20:21:15"
873274875.949,37381670.886,10002.919,False,"2027-09-03 20:21:15 UTC","432d, 15:47:50"
873274875.949,37797265.823,9751.629,False,"2027-09-03 20:21:15 UTC","437d, 11:14:25"
873274875.949,38212860.759,9590.806,False,"2027-09-03 20:21:15 UTC","442d, 06:41:00"
873274875.949,38628455.696,18074.009,True,"2027-09-03 20:21:15 UTC","447d, 02:07:35"
873274875.949,39044050.633,9377.189,True,"2027-09-03 20:21:15 UTC","451d, 21:34:10"
873274875.949,39459645.57,9025.639,True,"2027-09-03 20:21:15 UTC","456d, 17:00:45"
873274875.949,39875240.506,8806.181,True,"2027-09-03 20:21:15 UTC","461d, 12:27:20"
873274875.949,40290835.443,8625.403,True,"2027-09-03 20:21:15 UTC","466d, 07:53:55"
873274875.949,40706430.38,8468.197,True,"2027-09-03 20:21:15 UTC","471d, 03:20:30"
873274875.949,41122025.316,8330.273,True,"2027-09-03 20:21:15 UTC","475d, 22:47:05"
873274875.949,41537620.253,8210.127,True,"2027-09-03 20:21:15 UTC","480d, 18:13:40"
873274875.949,41953215.19,8107.259,True,"2027-09-03 20:21:15 UTC","485d, 13:40:15"
873274875.949,42368810.127,8021.651,True,"2027-09-03 20:21:15 UTC","490d, 09:06:50"
873274875.949,42784405.063,7953.574,True,"2027-09-03 20:21:15 UTC","495d, 04:33:25"
873274875.949,43200000,7903.522,True,"2027-09-03 20:21:15 UTC","500d, 00:00:00"
874551189.873,10368000,19062.709,True,"2027-09-18 14:53:09 UTC","120d, 00:00:00"
874551189.873,10783594.937,17654.528,True,"2027-09-18 14:53:09 UTC","124d, 19:26:34"
874551189.873,11199189.873,16351.078,True,"2027-09-18 14:53:09 UTC","129d, 14:53:09"
874551189.873,11614784.81,15143.434,True,"2027-09-18 14:53:09 UTC","134d, 10:19:44"
874551189.873,12030379.747,14024.417,True,"2027-09-18 14:53:09 UTC","139d, 05:46:19"
874551189.873,12445974.684,12988.455,True,"2027-09-18 14:53:09 UTC","144d, 01:12:54"
874551189.873,12861569.62,12031.516,True,"2027-09-18 14:53:09 UTC","148d, 20:39:29"
874551189.873,13277164.557,11151.086,True,"2027-09-18 14:53:09 UTC","153d, 16:06:04"
874551189.873,13692759.494,10346.213,True,"2027-09-18 14:53:09 UTC","158d, 11:32:39"
874551189.873,14108354.43,9617.591,True,"2027-09-18 14:53:09 UTC","163d, 06:59:14"
874551189.873,14523949.367,8967.687,True,"2027-09-18 14:53:09 UTC","168d, 02:25:49"
874551189.873,14939544.304,8400.883,True,"2027-09-18 14:53:09 UTC","172d, 21:52:24"
874551189.873,15355139.241,7923.619,True,"2027-09-18 14:53:09 UTC","177d, 17:18:59"
874551189.873,15770734.177,7544.497,True,"2027-09-18 14:53:09 UTC","182d, 12:45:34"
874551189.873,16186329.114,7274.3,True,"2027-09-18 14:53:09 UTC","187d, 08:12:09"
874551189.873,16601924.051,7125.915,True,"2027-09-18 14:53:09 UTC","192d, 03:38:44"
874551189.873,17017518.987,7114.165,True,"2027-09-18 14:53:09 UTC","196d, 23:05:18"
874551189.873,17433113.924,7255.649,True,"2027-09-18 14:53:09 UTC","201d, 18:31:53"
874551189.873,17848708.861,7568.752,True,"2027-09-18 14:53:09 UTC","206d, 13:58:28"
874551189.873,18264303.797,8074.089,True,"2027-09-18 14:53:09 UTC","211d, 09:25:03"
874551189.873,18679898.734,8795.558,True,"2027-09-18 14:53:09 UTC","216d, 04:51:38"
874551189.873,19095493.671,9761.947,True,"2027-09-18 14:53:09 UTC","221d, 00:18:13"
874551189.873,19511088.608,11008.524,True,"2027-09-18 14:53:09 UTC","225d, 19:44:48"
874551189.873,19926683.544,12577.074,True,"2027-09-18 14:53:09 UTC","230d, 15:11:23"
874551189.873,20342278.481,14511.151,True,"2027-09-18 14:53:09 UTC","235d, 10:37:58"
874551189.873,20757873.418,16840.803,True,"2027-09-18 14:53:09 UTC","240d, 06:04:33"
874551189.873,21173468.354,19550.488,True,"2027-09-18 14:53:09 UTC","245d, 01:31:08"
874551189.873,21589063.291,22534.927,True,"2027-09-18 14:53:09 UTC","249d, 20:57:43"
874551189.873,22004658.228,25579.436,True,"2027-09-18 14:53:09 UTC","254d, 16:24:18"
874551189.873,22420253.165,27271.142,False,"2027-09-18 14:53:09 UTC","259d, 11:50:53"
874551189.873,22835848.101,26609.424,False,"2027-09-18 14:53:09 UTC","264d, 07:17:28"
874551189.873,23251443.038,25951.749,False,"2027-09-18 14:53:09 UTC","269d, 02:44:03"
874551189.873,23667037.975,25298.772,False,"2027-09-18 14:53:09 UTC","273d, 22:10:37"
874551189.873,24082632.911,24651.143,False,"2027-09-18 14:53:09 UTC","278d, 17:37:12"
874551189.873,24498227.848,24009.505,False,"2027-09-18 14:53:09 UTC","283d, 13:03:47"
874551189.873,24913822.785,23374.493,False,"2027-09-18 14:53:09 UTC","288d, 08:30:22"
874551189.873,25329417.722,22746.726,False,"2027-09-18 14:53:09 UTC","293d, 03:56:57"
874551189.873,25745012.658,22126.812,False,"2027-09-18 14:53:09 UTC","297d, 23:23:32"
874551189.873,26160607.595,21515.339,False,"2027-09-18 14:53:09 UTC","302d, 18:50:07"
874551189.873,26576202.532,20912.876,False,"2027-09-18 14:53:09 UTC","307d, 14:16:42"
874551189.873,26991797.468,20319.97,False,"2027-09-18 14:53:09 UTC","312d, 09:43:17"
874551189.873,27407392.405,19737.147,False,"2027-09-18 14:53:09 UTC","317d, 05:09:52"
874551189.873,27822987.342,19164.907,False,"2027-09-18 14:53:09 UTC","322d, 00:36:27"
874551189.873,28238582.278,18603.724,False,"2027-09-18 14:53:09 UTC","326d, 20:03:02"
874551189.873,28654177.215,18054.046,False,"2027-09-18 14:53:09 UTC","331d, 15:29:37"
874551189.873,29069772.152,17516.292,False,"2027-09-18 14:53:09 UTC","336d, 10:56:12"
874551189.873,29485367.089,16990.853,False,"2027-09-18 14:53:09 UTC","341d, 06:22:47"
874551189.873,29900962.025,16478.091,False,"2027-09-18 14:53:09 UTC","346d, 01:49:22"
874551189.873,30316556.962,15978.337,False,"2027-09-18 14:53:09 UTC","350d, 21:15:56"
874551189.873,30732151.899,15491.893,False,"2027-09-18 14:53:09 UTC","355d, 16:42:31"
874551189.873,31147746.835,15019.03,False,"2027-09-18 14:53:09 UTC","360d, 12:09:06"
874551189.873,31563341.772,14559.988,False,"2027-09-18 14:53:09 UTC","365d, 07:35:41"
874551189.873,31978936.709,14114.978,False,"2027-09-18 14:53:09 UTC","370d, 03:02:16"
874551189.873,32394531.646,13684.181,False,"2027-09-18 14:53:09 UTC","374d, 22:28:51"
874551189.873,32810126.582,13267.746,False,"2027-09-18 14:53:09 UTC","379d, 17:55:26"
874551189.873,33225721.519,12865.796,False,"2027-09-18 14:53:09 UTC","384d, 13:22:01"
874551189.873,33641316.456,12478.425,False,"2027-09-18 14:53:09 UTC","389d, 08:48:36"
874551189.873,34056911.392,12105.7,False,"2027-09-18 14:53:09 UTC","394d, 04:15:11"
874551189.873,34472506.329,11747.668,False,"2027-09-18 14:53:09 UTC","398d, 23:41:46"
874551189.873,34888101.266,11404.361,False,"2027-09-18 14:53:09 UTC","403d, 19:08:21"
874551189.873,35303696.203,11075.828,False,"2027-09-18 14:53:09 UTC","408d, 14:34:56"
874551189.873,35719291.139,10762.211,False,"2027-09-18 14:53:09 UTC","413d, 10:01:31"
874551189.873,36134886.076,10464.004,False,"2027-09-18 14:53:09 UTC","418d, 05:28:06"
874551189.873,36550481.013,10183.069,False,"2027-09-18 14:53:09 UTC","423d, 00:54:41"
874551189.873,36966075.949,9927.778,False,"2027-09-18 14:53:09 UTC","427d, 20:21:15"
874551189.873,37381670.886,9755.419,False,"2027-09-18 14:53:09 UTC","432d, 15:47:50"
874551189.873,37797265.823,11056.719,False,"2027-09-18 14:53:09 UTC","437d, 11:14:25"
874551189.873,38212860.759,10871.952,True,"2027-09-18 14:53:09 UTC","442d, 06:41:00"
874551189.873,38628455.696,9355.539,True,"2027-09-18 14:53:09 UTC","447d, 02:07:35"
874551189.873,39044050.633,8994.507,True,"2027-09-18 14:53:09 UTC","451d, 21:34:10"
874551189.873,39459645.57,8760.34,True,"2027-09-18 14:53:09 UTC","456d, 17:00:45"
874551189.873,39875240.506,8571.368,True,"2027-09-18 14:53:09 UTC","461d, 12:27:20"
874551189.873,40290835.443,8409.572,True,"2027-09-18 14:53:09 UTC","466d, 07:53:55"
874551189.873,40706430.38,8269.079,True,"2027-09-18 14:53:09 UTC","471d, 03:20:30"
874551189.873,41122025.316,8147.598,True,"2027-09-18 14:53:09 UTC","475d, 22:47:05"
874551189.873,41537620.253,8044.221,True,"2027-09-18 14:53:09 UTC","480d, 18:13:40"
874551189.873,41953215.19,7958.704,True,"2027-09-18 14:53:09 UTC","485d, 13:40:15"
874551189.873,42368810.127,7891.195,True,"2027-09-18 14:53:09 UTC","490d, 09:06:50"
874551189.873,42784405.063,7842.127,True,"2027-09-18 14:53:09 UTC","495d, 04:33:25"
874551189.873,43200000,7812.177,True,"2027-09-18 14:53:09 UTC","500d, 00:00:00"
875827503.797,10368000,18881.482,True,"2027-10-03 09:25:03 UTC","120d, 00:00:00"
875827503.797,10783594.937,17475.138,True,"2027-10-03 09:25:03 UTC","124d, 19:26:34"
875827503.797,11199189.873,16175.864,True,"2027-10-03 09:25:03 UTC","129d, 14:53:09"
875827503.797,11614784.81,14974.845,True,"2027-10-03 09:25:03 UTC","134d, 10:19:44"
875827503.797,12030379.747,13865.128,True,"2027-10-03 09:25:03 UTC","139d, 05:46:19"
875827503.797,12445974.684,12841.493,True,"2027-10-03 09:25:03 UTC","144d, 01:12:54"
875827503.797,12861569.62,11900.403,True,"2027-10-03 09:25:03 UTC","148d, 20:39:29"
875827503.797,13277164.557,11040.02,True,"2027-10-03 09:25:03 UTC","153d, 16:06:04"
875827503.797,13692759.494,10260.266,True,"2027-10-03 09:25:03 UTC","158d, 11:32:39"
875827503.797,14108354.43,9562.953,True,"2027-10-03 09:25:03 UTC","163d, 06:59:14"
875827503.797,14523949.367,8951.936,True,"2027-10-03 09:25:03 UTC","168d, 02:25:49"
875827503.797,14939544.304,8433.291,True,"2027-10-03 09:25:03 UTC","172d, 21:52:24"
875827503.797,15355139.241,8015.471,True,"2027-10-03 09:25:03 UTC","177d, 17:18:59"
875827503.797,15770734.177,7709.408,True,"2027-10-03 09:25:03 UTC","182d, 12:45:34"
875827503.797,16186329.114,7528.526,True,"2027-10-03 09:25:03 UTC","187d, 08:12:09"
875827503.797,16601924.051,7488.667,True,"2027-10-03 09:25:03 UTC","192d, 03:38:44"
875827503.797,17017518.987,7607.998,True,"2027-10-03 09:25:03 UTC","196d, 23:05:18"
875827503.797,17433113.924,7907.096,True,"2027-10-03 09:25:03 UTC","201d, 18:31:53"
875827503.797,17848708.861,8409.449,True,"2027-10-03 09:25:03 UTC","206d, 13:58:28"
875827503.797,18264303.797,9142.625,True,"2027-10-03 09:25:03 UTC","211d, 09:25:03"
875827503.797,18679898.734,10140.051,True,"2027-10-03 09:25:03 UTC","216d, 04:51:38"
875827503.797,19095493.671,11442.694,True,"2027-10-03 09:25:03 UTC","221d, 00:18:13"
875827503.797,19511088.608,13098.682,True,"2027-10-03 09:25:03 UTC","225d, 19:44:48"
875827503.797,19926683.544,15156.482,True,"2027-10-03 09:25:03 UTC","230d, 15:11:23"
875827503.797,20342278.481,17644.007,True,"2027-10-03 09:25:03 UTC","235d, 10:37:58"
875827503.797,20757873.418,20526.67,True,"2027-10-03 09:25:03 UTC","240d, 06:04:33"
875827503.797,21173468.354,23656.665,True,"2027-10-03 09:25:03 UTC","245d, 01:31:08"
875827503.797,21589063.291,27981.008,False,"2027-10-03 09:25:03 UTC","249d, 20:57:43"
875827503.797,22004658.228,27304.963,False,"2027-10-03 09:25:03 UTC","254d, 16:24:18"
875827503.797,22420253.165,26632.848,False,"2027-10-03 09:25:03 UTC","259d, 11:50:53"
875827503.797,22835848.101,25965.284,False,"2027-10-03 09:25:03 UTC","264d, 07:17:28"
875827503.797,23251443.038,25302.896,False,"2027-10-03 09:25:03 UTC","269d, 02:44:03"
875827503.797,23667037.975,24646.308,False,"2027-10-03 09:25:03 UTC","273d, 22:10:37"
875827503.797,24082632.911,23996.139,False,"2027-10-03 09:25:03 UTC","278d, 17:37:12"
875827503.797,24498227.848,23353.003,False,"2027-10-03 09:25:03 UTC","283d, 13:03:47"
875827503.797,24913822.785,22717.504,False,"2027-10-03 09:25:03 UTC","288d, 08:30:22"
875827503.797,25329417.722,22090.231,False,"2027-10-03 09:25:03 UTC","293d, 03:56:57"
875827503.797,25745012.658,21471.759,False,"2027-10-03 09:25:03 UTC","297d, 23:23:32"
875827503.797,26160607.595,20862.645,False,"2027-10-03 09:25:03 UTC","302d, 18:50:07"
875827503.797,26576202.532,20263.425,False,"2027-10-03 09:25:03 UTC","307d, 14:16:42"
875827503.797,26991797.468,19674.616,False,"2027-10-03 09:25:03 UTC","312d, 09:43:17"
875827503.797,27407392.405,19096.709,False,"2027-10-03 09:25:03 UTC","317d, 05:09:52"
875827503.797,27822987.342,18530.17,False,"2027-10-03 09:25:03 UTC","322d, 00:36:27"
875827503.797,28238582.278,17975.442,False,"2027-10-03 09:25:03 UTC","326d, 20:03:02"
875827503.797,28654177.215,17432.937,False,"2027-10-03 09:25:03 UTC","331d, 15:29:37"
875827503.797,29069772.152,16903.04,False,"2027-10-03 09:25:03 UTC","336d, 10:56:12"
875827503.797,29485367.089,16386.107,False,"2027-10-03 09:25:03 UTC","341d, 06:22:47"
875827503.797,29900962.025,15882.465,False,"2027-10-03 09:25:03 UTC","346d, 01:49:22"
875827503.797,30316556.962,15392.409,False,"2027-10-03 09:25:03 UTC","350d, 21:15:56"
875827503.797,30732151.899,14916.205,False,"2027-10-03 09:25:03 UTC","355d, 16:42:31"
875827503.797,31147746.835,14454.09,False,"2027-10-03 09:25:03 UTC","360d, 12:09:06"
875827503.797,31563341.772,14006.27,False,"2027-10-03 09:25:03 UTC","365d, 07:35:41"
875827503.797,31978936.709,13572.923,False,"2027-10-03 09:25:03 UTC","370d, 03:02:16"
875827503.797,32394531.646,13154.201,False,"2027-10-03 09:25:03 UTC","374d, 22:28:51"
875827503.797,32810126.582,12750.231,False,"2027-10-03 09:25:03 UTC","379d, 17:55:26"
875827503.797,33225721.519,12361.123,False,"2027-10-03 09:25:03 UTC","384d, 13:22:01"
875827503.797,33641316.456,11986.981,False,"2027-10-03 09:25:03 UTC","389d, 08:48:36"
875827503.797,34056911.392,11627.924,False,"2027-10-03 09:25:03 UTC","394d, 04:15:11"
875827503.797,34472506.329,11284.14,False,"2027-10-03 09:25:03 UTC","398d, 23:41:46"
875827503.797,34888101.266,10956.017,False,"2027-10-03 09:25:03 UTC","403d, 19:08:21"
875827503.797,35303696.203,10644.498,False,"2027-10-03 09:25:03 UTC","408d, 14:34:56"
875827503.797,35719291.139,10352.236,False,"2027-10-03 09:25:03 UTC","413d, 10:01:31"
875827503.797,36134886.076,10088.173,False,"2027-10-03 09:25:03 UTC","418d, 05:28:06"
875827503.797,36550481.013,9893.121,False,"2027-10-03 09:25:03 UTC","423d, 00:54:41"
875827503.797,36966075.949,10117.443,False,"2027-10-03 09:25:03 UTC","427d, 20:21:15"
875827503.797,37381670.886,31352.901,False,"2027-10-03 09:25:03 UTC","432d, 15:47:50"
875827503.797,37797265.823,10235.61,True,"2027-10-03 09:25:03 UTC","437d, 11:14:25"
875827503.797,38212860.759,9278.338,True,"2027-10-03 09:25:03 UTC","442d, 06:41:00"
875827503.797,38628455.696,8916.976,True,"2027-10-03 09:25:03 UTC","447d, 02:07:35"
875827503.797,39044050.633,8673.035,True,"2027-10-03 09:25:03 UTC","451d, 21:34:10"
875827503.797,39459645.57,8477.282,True,"2027-10-03 09:25:03 UTC","456d, 17:00:45"
875827503.797,39875240.506,8311.091,True,"2027-10-03 09:25:03 UTC","461d, 12:27:20"
875827503.797,40290835.443,8167.736,True,"2027-10-03 09:25:03 UTC","466d, 07:53:55"
875827503.797,40706430.38,8044.397,True,"2027-10-03 09:25:03 UTC","471d, 03:20:30"
875827503.797,41122025.316,7939.853,True,"2027-10-03 09:25:03 UTC","475d, 22:47:05"
875827503.797,41537620.253,7853.68,True,"2027-10-03 09:25:03 UTC","480d, 18:13:40"
875827503.797,41953215.19,7785.917,True,"2027-10-03 09:25:03 UTC","485d, 13:40:15"
875827503.797,42368810.127,7736.939,True,"2027-10-03 09:25:03 UTC","490d, 09:06:50"
875827503.797,42784405.063,7707.4,True,"2027-10-03 09:25:03 UTC","495d, 04:33:25"
875827503.797,43200000,7698.228,True,"2027-10-03 09:25:03 UTC","500d, 00:00:00"
877103817.722,10368000,18738.668,True,"2027-10-18 03:56:57 UTC","120d, 00:00:00"
877103817.722,10783594.937,17337.32,True,"2027-10-18 03:56:57 UTC","124d, 19:26:34"
877103817.722,11199189.873,16045.025,True,"2027-10-18 03:56:57 UTC","129d, 14:53:09"
877103817.722,11614784.81,14853.171,True,"2027-10-18 03:56:57 UTC","134d, 10:19:44"
877103817.722,12030379.747,13755.118,True,"2027-10-18 03:56:57 UTC","139d, 05:46:19"
877103817.722,12445974.684,12746.101,True,"2027-10-18 03:56:57 UTC","144d, 01:12:54"
877103817.722,12861569.62,11823.195,True,"2027-10-18 03:56:57 UTC","148d, 20:39:29"
877103817.722,13277164.557,10985.367,True,"2027-10-18 03:56:57 UTC","153d, 16:06:04"
877103817.722,13692759.494,10233.585,True,"2027-10-18 03:56:57 UTC","158d, 11:32:39"
877103817.722,14108354.43,9570.984,True,"2027-10-18 03:56:57 UTC","163d, 06:59:14"
877103817.722,14523949.367,9003.074,True,"2027-10-18 03:56:57 UTC","168d, 02:25:49"
877103817.722,14939544.304,8537.957,True,"2027-10-18 03:56:57 UTC","172d, 21:52:24"
877103817.722,15355139.241,8186.521,True,"2027-10-18 03:56:57 UTC","177d, 17:18:59"
877103817.722,15770734.177,7962.566,True,"2027-10-18 03:56:57 UTC","182d, 12:45:34"
877103817.722,16186329.114,7882.86,True,"2027-10-18 03:56:57 UTC","187d, 08:12:09"
877103817.722,16601924.051,7967.162,True,"2027-10-18 03:56:57 UTC","192d, 03:38:44"
877103817.722,17017518.987,8238.393,True,"2027-10-18 03:56:57 UTC","196d, 23:05:18"
877103817.722,17433113.924,8723.21,True,"2027-10-18 03:56:57 UTC","201d, 18:31:53"
877103817.722,17848708.861,9453.28,True,"2027-10-18 03:56:57 UTC","206d, 13:58:28"
877103817.722,18264303.797,10467.212,True,"2027-10-18 03:56:57 UTC","211d, 09:25:03"
877103817.722,18679898.734,11812.372,True,"2027-10-18 03:56:57 UTC","216d, 04:51:38"
877103817.722,19095493.671,13544.054,True,"2027-10-18 03:56:57 UTC","221d, 00:18:13"
877103817.722,19511088.608,15716.291,True,"2027-10-18 03:56:57 UTC","225d, 19:44:48"
877103817.722,19926683.544,18354.328,True,"2027-10-18 03:56:57 UTC","230d, 15:11:23"
877103817.722,20342278.481,21401.402,True,"2027-10-18 03:56:57 UTC","235d, 10:37:58"
877103817.722,20757873.418,24662.978,True,"2027-10-18 03:56:57 UTC","240d, 06:04:33"
877103817.722,21173468.354,28022.693,False,"2027-10-18 03:56:57 UTC","245d, 01:31:08"
877103817.722,21589063.291,27334.465,False,"2027-10-18 03:56:57 UTC","249d, 20:57:43"
877103817.722,22004658.228,26650.705,False,"2027-10-18 03:56:57 UTC","254d, 16:24:18"
877103817.722,22420253.165,25972,False,"2027-10-18 03:56:57 UTC","259d, 11:50:53"
877103817.722,22835848.101,25298.948,False,"2027-10-18 03:56:57 UTC","264d, 07:17:28"
877103817.722,23251443.038,24632.148,False,"2027-10-18 03:56:57 UTC","269d, 02:44:03"
877103817.722,23667037.975,23972.2,False,"2027-10-18 03:56:57 UTC","273d, 22:10:37"
877103817.722,24082632.911,23319.699,False,"2027-10-18 03:56:57 UTC","278d, 17:37:12"
877103817.722,24498227.848,22675.232,False,"2027-10-18 03:56:57 UTC","283d, 13:03:47"
877103817.722,24913822.785,22039.376,False,"2027-10-18 03:56:57 UTC","288d, 08:30:22"
877103817.722,25329417.722,21412.696,False,"2027-10-18 03:56:57 UTC","293d, 03:56:57"
877103817.722,25745012.658,20795.739,False,"2027-10-18 03:56:57 UTC","297d, 23:23:32"
877103817.722,26160607.595,20189.034,False,"2027-10-18 03:56:57 UTC","302d, 18:50:07"
877103817.722,26576202.532,19593.091,False,"2027-10-18 03:56:57 UTC","307d, 14:16:42"
877103817.722,26991797.468,19008.397,False,"2027-10-18 03:56:57 UTC","312d, 09:43:17"
877103817.722,27407392.405,18435.413,False,"2027-10-18 03:56:57 UTC","317d, 05:09:52"
877103817.722,27822987.342,17874.577,False,"2027-10-18 03:56:57 UTC","322d, 00:36:27"
877103817.722,28238582.278,17326.3,False,"2027-10-18 03:56:57 UTC","326d, 20:03:02"
877103817.722,28654177.215,16790.963,False,"2027-10-18 03:56:57 UTC","331d, 15:29:37"
877103817.722,29069772.152,16268.92,False,"2027-10-18 03:56:57 UTC","336d, 10:56:12"
877103817.722,29485367.089,15760.496,False,"2027-10-18 03:56:57 UTC","341d, 06:22:47"
877103817.722,29900962.025,15265.985,False,"2027-10-18 03:56:57 UTC","346d, 01:49:22"
877103817.722,30316556.962,14785.652,False,"2027-10-18 03:56:57 UTC","350d, 21:15:56"
877103817.722,30732151.899,14319.736,False,"2027-10-18 03:56:57 UTC","355d, 16:42:31"
877103817.722,31147746.835,13868.445,False,"2027-10-18 03:56:57 UTC","360d, 12:09:06"
877103817.722,31563341.772,13431.967,False,"2027-10-18 03:56:57 UTC","365d, 07:35:41"
877103817.722,31978936.709,13010.468,False,"2027-10-18 03:56:57 UTC","370d, 03:02:16"
877103817.722,32394531.646,12604.106,False,"2027-10-18 03:56:57 UTC","374d, 22:28:51"
877103817.722,32810126.582,12213.045,False,"2027-10-18 03:56:57 UTC","379d, 17:55:26"
877103817.722,33225721.519,11837.486,False,"2027-10-18 03:56:57 UTC","384d, 13:22:01"
877103817.722,33641316.456,11477.735,False,"2027-10-18 03:56:57 UTC","389d, 08:48:36"
877103817.722,34056911.392,11134.356,False,"2027-10-18 03:56:57 UTC","394d, 04:15:11"
877103817.722,34472506.329,10808.535,False,"2027-10-18 03:56:57 UTC","398d, 23:41:46"
877103817.722,34888101.266,10503.134,False,"2027-10-18 03:56:57 UTC","403d, 19:08:21"
877103817.722,35303696.203,10226.171,False,"2027-10-18 03:56:57 UTC","408d, 14:34:56"
877103817.722,35719291.139,10005.743,False,"2027-10-18 03:56:57 UTC","413d, 10:01:31"
877103817.722,36134886.076,9986.897,False,"2027-10-18 03:56:57 UTC","418d, 05:28:06"
877103817.722,36550481.013,11952.41,False,"2027-10-18 03:56:57 UTC","423d, 00:54:41"
877103817.722,36966075.949,15591.373,True,"2027-10-18 03:56:57 UTC","427d, 20:21:15"
877103817.722,37381670.886,9917.571,True,"2027-10-18 03:56:57 UTC","432d, 15:47:50"
877103817.722,37797265.823,9149.507,True,"2027-10-18 03:56:57 UTC","437d, 11:14:25"
877103817.722,38212860.759,8789.8,True,"2027-10-18 03:56:57 UTC","442d, 06:41:00"
877103817.722,38628455.696,8538.991,True,"2027-10-18 03:56:57 UTC","447d, 02:07:35"
877103817.722,39044050.633,8337.641,True,"2027-10-18 03:56:57 UTC","451d, 21:34:10"
877103817.722,39459645.57,8167.417,True,"2027-10-18 03:56:57 UTC","456d, 17:00:45"
877103817.722,39875240.506,8021.165,True,"2027-10-18 03:56:57 UTC","461d, 12:27:20"
877103817.722,40290835.443,7895.713,True,"2027-10-18 03:56:57 UTC","466d, 07:53:55"
877103817.722,40706430.38,7789.613,True,"2027-10-18 03:56:57 UTC","471d, 03:20:30"
877103817.722,41122025.316,7702.292,True,"2027-10-18 03:56:57 UTC","475d, 22:47:05"
877103817.722,41537620.253,7633.698,True,"2027-10-18 03:56:57 UTC","480d, 18:13:40"
877103817.722,41953215.19,7584.154,True,"2027-10-18 03:56:57 UTC","485d, 13:40:15"
877103817.722,42368810.127,7554.287,True,"2027-10-18 03:56:57 UTC","490d, 09:06:50"
877103817.722,42784405.063,7545.022,True,"2027-10-18 03:56:57 UTC","495d, 04:33:25"
877103817.722,43200000,7557.594,True,"2027-10-18 03:56:57 UTC","500d, 00:00:00"
878380131.646,10368000,18645.473,True,"2027-11-01 22:28:51 UTC","120d, 00:00:00"
878380131.646,10783594.937,17250.746,True,"2027-11-01 22:28:51 UTC","124d, 19:26:34"
878380131.646,11199189.873,15966.779,True,"2027-11-01 22:28:51 UTC","129d, 14:53:09"
878380131.646,11614784.81,14785.239,True,"2027-11-01 22:28:51 UTC","134d, 10:19:44"
878380131.646,12030379.747,13699.889,True,"2027-11-01 22:28:51 UTC","139d, 05:46:19"
878380131.646,12445974.684,12706.509,True,"2027-11-01 22:28:51 UTC","144d, 01:12:54"
878380131.646,12861569.62,11802.905,True,"2027-11-01 22:28:51 UTC","148d, 20:39:29"
878380131.646,13277164.557,10989.002,True,"2027-11-01 22:28:51 UTC","153d, 16:06:04"
878380131.646,13692759.494,10267.009,True,"2027-11-01 22:28:51 UTC","158d, 11:32:39"
878380131.646,14108354.43,9641.649,True,"2027-11-01 22:28:51 UTC","163d, 06:59:14"
878380131.646,14523949.367,9120.436,True,"2027-11-01 22:28:51 UTC","168d, 02:25:49"
878380131.646,14939544.304,8713.963,True,"2027-11-01 22:28:51 UTC","172d, 21:52:24"
878380131.646,15355139.241,8436.168,True,"2027-11-01 22:28:51 UTC","177d, 17:18:59"
878380131.646,15770734.177,8304.548,True,"2027-11-01 22:28:51 UTC","182d, 12:45:34"
878380131.646,16186329.114,8340.345,True,"2027-11-01 22:28:51 UTC","187d, 08:12:09"
878380131.646,16601924.051,8568.847,True,"2027-11-01 22:28:51 UTC","192d, 03:38:44"
878380131.646,17017518.987,9020.064,True,"2027-11-01 22:28:51 UTC","196d, 23:05:18"
878380131.646,17433113.924,9730.088,True,"2027-11-01 22:28:51 UTC","201d, 18:31:53"
878380131.646,17848708.861,10743.185,True,"2027-11-01 22:28:51 UTC","206d, 13:58:28"
878380131.646,18264303.797,12113.749,True,"2027-11-01 22:28:51 UTC","211d, 09:25:03"
878380131.646,18679898.734,13905.071,True,"2027-11-01 22:28:51 UTC","216d, 04:51:38"
878380131.646,19095493.671,16177.609,True,"2027-11-01 22:28:51 UTC","221d, 00:18:13"
878380131.646,19511088.608,18954.008,True,"2027-11-01 22:28:51 UTC","225d, 19:44:48"
878380131.646,19926683.544,22153.407,True,"2027-11-01 22:28:51 UTC","230d, 15:11:23"
878380131.646,20342278.481,25532.399,True,"2027-11-01 22:28:51 UTC","235d, 10:37:58"
878380131.646,20757873.418,28050.31,False,"2027-11-01 22:28:51 UTC","240d, 06:04:33"
878380131.646,21173468.354,27348.603,False,"2027-11-01 22:28:51 UTC","245d, 01:31:08"
878380131.646,21589063.291,26651.914,False,"2027-11-01 22:28:51 UTC","249d, 20:57:43"
878380131.646,22004658.228,25960.802,False,"2027-11-01 22:28:51 UTC","254d, 16:24:18"
878380131.646,22420253.165,25275.835,False,"2027-11-01 22:28:51 UTC","259d, 11:50:53"
878380131.646,22835848.101,24597.59,False,"2027-11-01 22:28:51 UTC","264d, 07:17:28"
878380131.646,23251443.038,23926.648,False,"2027-11-01 22:28:51 UTC","269d, 02:44:03"
878380131.646,23667037.975,23263.587,False,"2027-11-01 22:28:51 UTC","273d, 22:10:37"
878380131.646,24082632.911,22608.983,False,"2027-11-01 22:28:51 UTC","278d, 17:37:12"
878380131.646,24498227.848,21963.402,False,"2027-11-01 22:28:51 UTC","283d, 13:03:47"
878380131.646,24913822.785,21327.4,False,"2027-11-01 22:28:51 UTC","288d, 08:30:22"
878380131.646,25329417.722,20701.517,False,"2027-11-01 22:28:51 UTC","293d, 03:56:57"
878380131.646,25745012.658,20086.28,False,"2027-11-01 22:28:51 UTC","297d, 23:23:32"
878380131.646,26160607.595,19482.193,False,"2027-11-01 22:28:51 UTC","302d, 18:50:07"
878380131.646,26576202.532,18889.74,False,"2027-11-01 22:28:51 UTC","307d, 14:16:42"
878380131.646,26991797.468,18309.384,False,"2027-11-01 22:28:51 UTC","312d, 09:43:17"
878380131.646,27407392.405,17741.56,False,"2027-11-01 22:28:51 UTC","317d, 05:09:52"
878380131.646,27822987.342,17186.678,False,"2027-11-01 22:28:51 UTC","322d, 00:36:27"
878380131.646,28238582.278,16645.122,False,"2027-11-01 22:28:51 UTC","326d, 20:03:02"
878380131.646,28654177.215,16117.244,False,"2027-11-01 22:28:51 UTC","331d, 15:29:37"
878380131.646,29069772.152,15603.372,False,"2027-11-01 22:28:51 UTC","336d, 10:56:12"
878380131.646,29485367.089,15103.802,False,"2027-11-01 22:28:51 UTC","341d, 06:22:47"
878380131.646,29900962.025,14618.805,False,"2027-11-01 22:28:51 UTC","346d, 01:49:22"
878380131.646,30316556.962,14148.627,False,"2027-11-01 22:28:51 UTC","350d, 21:15:56"
878380131.646,30732151.899,13693.489,False,"2027-11-01 22:28:51 UTC","355d, 16:42:31"
878380131.646,31147746.835,13253.601,False,"2027-11-01 22:28:51 UTC","360d, 12:09:06"
878380131.646,31563341.772,12829.165,False,"2027-11-01 22:28:51 UTC","365d, 07:35:41"
878380131.646,31978936.709,12420.399,False,"2027-11-01 22:28:51 UTC","370d, 03:02:16"
878380131.646,32394531.646,12027.572,False,"2027-11-01 22:28:51 UTC","374d, 22:28:51"
878380131.646,32810126.582,11651.074,False,"2027-11-01 22:28:51 UTC","379d, 17:55:26"
878380131.646,33225721.519,11291.561,False,"2027-11-01 22:28:51 UTC","384d, 13:22:01"
878380131.646,33641316.456,10950.294,False,"2027-11-01 22:28:51 UTC","389d, 08:48:36"
878380131.646,34056911.392,10629.983,False,"2027-11-01 22:28:51 UTC","394d, 04:15:11"
878380131.646,34472506.329,10337.247,False,"2027-11-01 22:28:51 UTC","398d, 23:41:46"
878380131.646,34888101.266,10091.247,False,"2027-11-01 22:28:51 UTC","403d, 19:08:21"
878380131.646,35303696.203,9964.087,False,"2027-11-01 22:28:51 UTC","408d, 14:34:56"
878380131.646,35719291.139,10392.02,False,"2027-11-01 22:28:51 UTC","413d, 10:01:31"
878380131.646,36134886.076,19268.435,False,"2027-11-01 22:28:51 UTC","418d, 05:28:06"
878380131.646,36550481.013,12438.177,True,"2027-11-01 22:28:51 UTC","423d, 00:54:41"
878380131.646,36966075.949,9641.919,True,"2027-11-01 22:28:51 UTC","427d, 20:21:15"
878380131.646,37381670.886,8967.285,True,"2027-11-01 22:28:51 UTC","432d, 15:47:50"
878380131.646,37797265.823,8609.721,True,"2027-11-01 22:28:51 UTC","437d, 11:14:25"
878380131.646,38212860.759,8354.065,True,"2027-11-01 22:28:51 UTC","442d, 06:41:00"
878380131.646,38628455.696,8148.262,True,"2027-11-01 22:28:51 UTC","447d, 02:07:35"
878380131.646,39044050.633,7974.59,True,"2027-11-01 22:28:51 UTC","451d, 21:34:10"
878380131.646,39459645.57,7825.706,True,"2027-11-01 22:28:51 UTC","456d, 17:00:45"
878380131.646,39875240.506,7698.213,True,"2027-11-01 22:28:51 UTC","461d, 12:27:20"
878380131.646,40290835.443,7590.494,True,"2027-11-01 22:28:51 UTC","466d, 07:53:55"
878380131.646,40706430.38,7501.859,True,"2027-11-01 22:28:51 UTC","471d, 03:20:30"
878380131.646,41122025.316,7432.179,True,"2027-11-01 22:28:51 UTC","475d, 22:47:05"
878380131.646,41537620.253,7381.726,True,"2027-11-01 22:28:51 UTC","480d, 18:13:40"
878380131.646,41953215.19,7351.102,True,"2027-11-01 22:28:51 UTC","485d, 13:40:15"
878380131.646,42368810.127,7341.222,True,"2027-11-01 22:28:51 UTC","490d, 09:06:50"
878380131.646,42784405.063,7353.33,True,"2027-11-01 22:28:51 UTC","495d, 04:33:25"
878380131.646,43200000,7389.037,True,"2027-11-01 22:28:51 UTC","500d, 00:00:00"
879656445.57,10368000,18608.488,True,"2027-11-16 17:00:45 UTC","120d, 00:00:00"
879656445.57,10783594.937,17220.578,True,"2027-11-16 17:00:45 UTC","124d, 19:26:34"
879656445.57,11199189.873,15944.94,True,"2027-11-16 17:00:45 UTC","129d, 14:53:09"
879656445.57,11614784.81,14773.591,True,"2027-11-16 17:00:45 UTC","134d, 10:19:44"
879656445.57,12030379.747,13700.775,True,"2027-11-16 17:00:45 UTC","139d, 05:46:19"
879656445.57,12445974.684,12722.922,True,"2027-11-16 17:00:45 UTC","144d, 01:12:54"
879656445.57,12861569.62,11838.703,True,"2027-11-16 17:00:45 UTC","148d, 20:39:29"
879656445.57,13277164.557,11049.188,True,"2027-11-16 17:00:45 UTC","153d, 16:06:04"
879656445.57,13692759.494,10358.081,True,"2027-11-16 17:00:45 UTC","158d, 11:32:39"
879656445.57,14108354.43,9772.051,True,"2027-11-16 17:00:45 UTC","163d, 06:59:14"
879656445.57,14523949.367,9301.108,True,"2027-11-16 17:00:45 UTC","168d, 02:25:49"
879656445.57,14939544.304,8959.014,True,"2027-11-16 17:00:45 UTC","172d, 21:52:24"
879656445.57,15355139.241,8763.684,True,"2027-11-16 17:00:45 UTC","177d, 17:18:59"
879656445.57,15770734.177,8737.587,True,"2027-11-16 17:00:45 UTC","182d, 12:45:34"
879656445.57,16186329.114,8908.233,True,"2027-11-16 17:00:45 UTC","187d, 08:12:09"
879656445.57,16601924.051,9308.99,True,"2027-11-16 17:00:45 UTC","192d, 03:38:44"
879656445.57,17017518.987,9980.553,True,"2027-11-16 17:00:45 UTC","196d, 23:05:18"
879656445.57,17433113.924,10973.177,True,"2027-11-16 17:00:45 UTC","201d, 18:31:53"
879656445.57,17848708.861,12348.777,True,"2027-11-16 17:00:45 UTC","206d, 13:58:28"
879656445.57,18264303.797,14179.38,True,"2027-11-16 17:00:45 UTC","211d, 09:25:03"
879656445.57,18679898.734,16532.865,True,"2027-11-16 17:00:45 UTC","216d, 04:51:38"
879656445.57,19095493.671,19430.062,True,"2027-11-16 17:00:45 UTC","221d, 00:18:13"
879656445.57,19511088.608,22765.759,True,"2027-11-16 17:00:45 UTC","225d, 19:44:48"
879656445.57,19926683.544,28773.453,False,"2027-11-16 17:00:45 UTC","230d, 15:11:23"
879656445.57,20342278.481,28051.855,False,"2027-11-16 17:00:45 UTC","235d, 10:37:58"
879656445.57,20757873.418,27335.363,False,"2027-11-16 17:00:45 UTC","240d, 06:04:33"
879656445.57,21173468.354,26624.475,False,"2027-11-16 17:00:45 UTC","245d, 01:31:08"
879656445.57,21589063.291,25919.719,False,"2027-11-16 17:00:45 UTC","249d, 20:57:43"
879656445.57,22004658.228,25221.635,False,"2027-11-16 17:00:45 UTC","254d, 16:24:18"
879656445.57,22420253.165,24530.78,False,"2027-11-16 17:00:45 UTC","259d, 11:50:53"
879656445.57,22835848.101,23847.714,False,"2027-11-16 17:00:45 UTC","264d, 07:17:28"
879656445.57,23251443.038,23173.004,False,"2027-11-16 17:00:45 UTC","269d, 02:44:03"
879656445.57,23667037.975,22507.213,False,"2027-11-16 17:00:45 UTC","273d, 22:10:37"
879656445.57,24082632.911,21850.899,False,"2027-11-16 17:00:45 UTC","278d, 17:37:12"
879656445.57,24498227.848,21204.612,False,"2027-11-16 17:00:45 UTC","283d, 13:03:47"
879656445.57,24913822.785,20568.889,False,"2027-11-16 17:00:45 UTC","288d, 08:30:22"
879656445.57,25329417.722,19944.252,False,"2027-11-16 17:00:45 UTC","293d, 03:56:57"
879656445.57,25745012.658,19331.207,False,"2027-11-16 17:00:45 UTC","297d, 23:23:32"
879656445.57,26160607.595,18730.237,False,"2027-11-16 17:00:45 UTC","302d, 18:50:07"
879656445.57,26576202.532,18141.805,False,"2027-11-16 17:00:45 UTC","307d, 14:16:42"
879656445.57,26991797.468,17566.349,False,"2027-11-16 17:00:45 UTC","312d, 09:43:17"
879656445.57,27407392.405,17004.281,False,"2027-11-16 17:00:45 UTC","317d, 05:09:52"
879656445.57,27822987.342,16455.986,False,"2027-11-16 17:00:45 UTC","322d, 00:36:27"
879656445.57,28238582.278,15921.823,False,"2027-11-16 17:00:45 UTC","326d, 20:03:02"
879656445.57,28654177.215,15402.122,False,"2027-11-16 17:00:45 UTC","331d, 15:29:37"
879656445.57,29069772.152,14897.189,False,"2027-11-16 17:00:45 UTC","336d, 10:56:12"
879656445.57,29485367.089,14407.303,False,"2027-11-16 17:00:45 UTC","341d, 06:22:47"
879656445.57,29900962.025,13932.724,False,"2027-11-16 17:00:45 UTC","346d, 01:49:22"
879656445.57,30316556.962,13473.7,False,"2027-11-16 17:00:45 UTC","350d, 21:15:56"
879656445.57,30732151.899,13030.475,False,"2027-11-16 17:00:45 UTC","355d, 16:42:31"
879656445.57,31147746.835,12603.312,False,"2027-11-16 17:00:45 UTC","360d, 12:09:06"
879656445.57,31563341.772,12192.528,False,"2027-11-16 17:00:45 UTC","365d, 07:35:41"
879656445.57,31978936.709,11798.558,False,"2027-11-16 17:00:45 UTC","370d, 03:02:16"
879656445.57,32394531.646,11422.09,False,"2027-11-16 17:00:45 UTC","374d, 22:28:51"
879656445.57,32810126.582,11064.34,False,"2027-11-16 17:00:45 UTC","379d, 17:55:26"
879656445.57,33225721.519,10727.694,False,"2027-11-16 17:00:45 UTC","384d, 13:22:01"
879656445.57,33641316.456,10417.373,False,"2027-11-16 17:00:45 UTC","389d, 08:48:36"
879656445.57,34056911.392,10146.431,False,"2027-11-16 17:00:45 UTC","394d, 04:15:11"
879656445.57,34472506.329,9954.305,False,"2027-11-16 17:00:45 UTC","398d, 23:41:46"
879656445.57,34888101.266,10002.005,False,"2027-11-16 17:00:45 UTC","403d, 19:08:21"
879656445.57,35303696.203,11442.488,False,"2027-11-16 17:00:45 UTC","408d, 14:34:56"
879656445.57,35719291.139,31837.514,True,"2027-11-16 17:00:45 UTC","413d, 10:01:31"
879656445.57,36134886.076,11251.62,True,"2027-11-16 17:00:45 UTC","418d, 05:28:06"
879656445.57,36550481.013,9347.731,True,"2027-11-16 17:00:45 UTC","423d, 00:54:41"
879656445.57,36966075.949,8728.995,True,"2027-11-16 17:00:45 UTC","427d, 20:21:15"
879656445.57,37381670.886,8374.16,True,"2027-11-16 17:00:45 UTC","432d, 15:47:50"
879656445.57,37797265.823,8115.495,True,"2027-11-16 17:00:45 UTC","437d, 11:14:25"
879656445.57,38212860.759,7906.565,True,"2027-11-16 17:00:45 UTC","442d, 06:41:00"
879656445.57,38628455.696,7730.356,True,"2027-11-16 17:00:45 UTC","447d, 02:07:35"
879656445.57,39044050.633,7579.484,True,"2027-11-16 17:00:45 UTC","451d, 21:34:10"
879656445.57,39459645.57,7450.418,True,"2027-11-16 17:00:45 UTC","456d, 17:00:45"
879656445.57,39875240.506,7341.417,True,"2027-11-16 17:00:45 UTC","461d, 12:27:20"
879656445.57,40290835.443,7251.7,True,"2027-11-16 17:00:45 UTC","466d, 07:53:55"
879656445.57,40706430.38,7181.075,True,"2027-11-16 17:00:45 UTC","471d, 03:20:30"
879656445.57,41122025.316,7129.768,True,"2027-11-16 17:00:45 UTC","475d, 22:47:05"
879656445.57,41537620.253,7098.354,True,"2027-11-16 17:00:45 UTC","480d, 18:13:40"
879656445.57,41953215.19,7087.733,True,"2027-11-16 17:00:45 UTC","485d, 13:40:15"
879656445.57,42368810.127,7099.148,True,"2027-11-16 17:00:45 UTC","490d, 09:06:50"
879656445.57,42784405.063,7134.221,True,"2027-11-16 17:00:45 UTC","495d, 04:33:25"
879656445.57,43200000,7195.021,True,"2027-11-16 17:00:45 UTC","500d, 00:00:00"
880932759.494,10368000,18629.492,True,"2027-12-01 11:32:39 UTC","120d, 00:00:00"
880932759.494,10783594.937,17247.35,True,"2027-12-01 11:32:39 UTC","124d, 19:26:34"
880932759.494,11199189.873,15978.883,True,"2027-12-01 11:32:39 UTC","129d, 14:53:09"
880932759.494,11614784.81,14816.528,True,"2027-12-01 11:32:39 UTC","134d, 10:19:44"
880932759.494,12030379.747,13755.1,True,"2027-12-01 11:32:39 UTC","139d, 05:46:19"
880932759.494,12445974.684,12791.802,True,"2027-12-01 11:32:39 UTC","144d, 01:12:54"
880932759.494,12861569.62,11926.344,True,"2027-12-01 11:32:39 UTC","148d, 20:39:29"
880932759.494,13277164.557,11161.186,True,"2027-12-01 11:32:39 UTC","153d, 16:06:04"
880932759.494,13692759.494,10501.888,True,"2027-12-01 11:32:39 UTC","158d, 11:32:39"
880932759.494,14108354.43,9957.57,True,"2027-12-01 11:32:39 UTC","163d, 06:59:14"
880932759.494,14523949.367,9541.457,True,"2027-12-01 11:32:39 UTC","168d, 02:25:49"
880932759.494,14939544.304,9271.481,True,"2027-12-01 11:32:39 UTC","172d, 21:52:24"
880932759.494,15355139.241,9170.934,True,"2027-12-01 11:32:39 UTC","177d, 17:18:59"
880932759.494,15770734.177,9269.207,True,"2027-12-01 11:32:39 UTC","182d, 12:45:34"
880932759.494,16186329.114,9602.824,True,"2027-12-01 11:32:39 UTC","187d, 08:12:09"
880932759.494,16601924.051,10217.047,True,"2027-12-01 11:32:39 UTC","192d, 03:38:44"
880932759.494,17017518.987,11168.241,True,"2027-12-01 11:32:39 UTC","196d, 23:05:18"
880932759.494,17433113.924,12526.126,True,"2027-12-01 11:32:39 UTC","201d, 18:31:53"
880932759.494,17848708.861,14371.972,True,"2027-12-01 11:32:39 UTC","206d, 13:58:28"
880932759.494,18264303.797,16782.027,True,"2027-12-01 11:32:39 UTC","211d, 09:25:03"
880932759.494,18679898.734,19776.731,True,"2027-12-01 11:32:39 UTC","216d, 04:51:38"
880932759.494,19095493.671,23228.138,True,"2027-12-01 11:32:39 UTC","221d, 00:18:13"
880932759.494,19511088.608,28753.036,False,"2027-12-01 11:32:39 UTC","225d, 19:44:48"
880932759.494,19926683.544,28014.696,False,"2027-12-01 11:32:39 UTC","230d, 15:11:23"
880932759.494,20342278.481,27282.145,False,"2027-12-01 11:32:39 UTC","235d, 10:37:58"
880932759.494,20757873.418,26555.843,False,"2027-12-01 11:32:39 UTC","240d, 06:04:33"
880932759.494,21173468.354,25836.284,False,"2027-12-01 11:32:39 UTC","245d, 01:31:08"
880932759.494,21589063.291,25123.981,False,"2027-12-01 11:32:39 UTC","249d, 20:57:43"
880932759.494,22004658.228,24419.468,False,"2027-12-01 11:32:39 UTC","254d, 16:24:18"
880932759.494,22420253.165,23723.289,False,"2027-12-01 11:32:39 UTC","259d, 11:50:53"
880932759.494,22835848.101,23035.997,False,"2027-12-01 11:32:39 UTC","264d, 07:17:28"
880932759.494,23251443.038,22358.144,False,"2027-12-01 11:32:39 UTC","269d, 02:44:03"
880932759.494,23667037.975,21690.283,False,"2027-12-01 11:32:39 UTC","273d, 22:10:37"
880932759.494,24082632.911,21032.959,False,"2027-12-01 11:32:39 UTC","278d, 17:37:12"
880932759.494,24498227.848,20386.706,False,"2027-12-01 11:32:39 UTC","283d, 13:03:47"
880932759.494,24913822.785,19752.047,False,"2027-12-01 11:32:39 UTC","288d, 08:30:22"
880932759.494,25329417.722,19129.486,False,"2027-12-01 11:32:39 UTC","293d, 03:56:57"
880932759.494,25745012.658,18519.511,False,"2027-12-01 11:32:39 UTC","297d, 23:23:32"
880932759.494,26160607.595,17922.586,False,"2027-12-01 11:32:39 UTC","302d, 18:50:07"
880932759.494,26576202.532,17339.152,False,"2027-12-01 11:32:39 UTC","307d, 14:16:42"
880932759.494,26991797.468,16769.625,False,"2027-12-01 11:32:39 UTC","312d, 09:43:17"
880932759.494,27407392.405,16214.397,False,"2027-12-01 11:32:39 UTC","317d, 05:09:52"
880932759.494,27822987.342,15673.83,False,"2027-12-01 11:32:39 UTC","322d, 00:36:27"
880932759.494,28238582.278,15148.265,False,"2027-12-01 11:32:39 UTC","326d, 20:03:02"
880932759.494,28654177.215,14638.015,False,"2027-12-01 11:32:39 UTC","331d, 15:29:37"
880932759.494,29069772.152,14143.376,False,"2027-12-01 11:32:39 UTC","336d, 10:56:12"
880932759.494,29485367.089,13664.631,False,"2027-12-01 11:32:39 UTC","341d, 06:22:47"
880932759.494,29900962.025,13202.06,False,"2027-12-01 11:32:39 UTC","346d, 01:49:22"
880932759.494,30316556.962,12755.959,False,"2027-12-01 11:32:39 UTC","350d, 21:15:56"
880932759.494,30732151.899,12326.676,False,"2027-12-01 11:32:39 UTC","355d, 16:42:31"
880932759.494,31147746.835,11914.665,False,"2027-12-01 11:32:39 UTC","360d, 12:09:06"
880932759.494,31563341.772,11520.598,False,"2027-12-01 11:32:39 UTC","365d, 07:35:41"
880932759.494,31978936.709,11145.58,False,"2027-12-01 11:32:39 UTC","370d, 03:02:16"
880932759.494,32394531.646,10791.618,False,"2027-12-01 11:32:39 UTC","374d, 22:28:51"
880932759.494,32810126.582,10462.718,False,"2027-12-01 11:32:39 UTC","379d, 17:55:26"
880932759.494,33225721.519,10167.794,False,"2027-12-01 11:32:39 UTC","384d, 13:22:01"
880932759.494,33641316.456,9929.728,False,"2027-12-01 11:32:39 UTC","389d, 08:48:36"
880932759.494,34056911.392,9820.813,False,"2027-12-01 11:32:39 UTC","394d, 04:15:11"
880932759.494,34472506.329,10161.194,False,"2027-12-01 11:32:39 UTC","398d, 23:41:46"
880932759.494,34888101.266,13640.608,False,"2027-12-01 11:32:39 UTC","403d, 19:08:21"
880932759.494,35303696.203,20945.983,True,"2027-12-01 11:32:39 UTC","408d, 14:34:56"
880932759.494,35719291.139,10507.409,True,"2027-12-01 11:32:39 UTC","413d, 10:01:31"
880932759.494,36134886.076,9012.596,True,"2027-12-01 11:32:39 UTC","418d, 05:28:06"
880932759.494,36550481.013,8432.717,True,"2027-12-01 11:32:39 UTC","423d, 00:54:41"
880932759.494,36966075.949,8081.886,True,"2027-12-01 11:32:39 UTC","427d, 20:21:15"
880932759.494,37381670.886,7822.288,True,"2027-12-01 11:32:39 UTC","432d, 15:47:50"
880932759.494,37797265.823,7611.923,True,"2027-12-01 11:32:39 UTC","437d, 11:14:25"
880932759.494,38212860.759,7434.521,True,"2027-12-01 11:32:39 UTC","442d, 06:41:00"
880932759.494,38628455.696,7282.765,True,"2027-12-01 11:32:39 UTC","447d, 02:07:35"
880932759.494,39044050.633,7153.053,True,"2027-12-01 11:32:39 UTC","451d, 21:34:10"
880932759.494,39459645.57,7043.569,True,"2027-12-01 11:32:39 UTC","456d, 17:00:45"
880932759.494,39875240.506,6953.467,True,"2027-12-01 11:32:39 UTC","461d, 12:27:20"
880932759.494,40290835.443,6882.5,True,"2027-12-01 11:32:39 UTC","466d, 07:53:55"
880932759.494,40706430.38,6830.857,True,"2027-12-01 11:32:39 UTC","471d, 03:20:30"
880932759.494,41122025.316,6799.084,True,"2027-12-01 11:32:39 UTC","475d, 22:47:05"
880932759.494,41537620.253,6788.061,True,"2027-12-01 11:32:39 UTC","480d, 18:13:40"
880932759.494,41953215.19,6799.023,True,"2027-12-01 11:32:39 UTC","485d, 13:40:15"
880932759.494,42368810.127,6833.594,True,"2027-12-01 11:32:39 UTC","490d, 09:06:50"
880932759.494,42784405.063,6893.854,True,"2027-12-01 11:32:39 UTC","495d, 04:33:25"
880932759.494,43200000,6982.434,True,"2027-12-01 11:32:39 UTC","500d, 00:00:00"
882209073.418,10368000,18705.535,True,"2027-12-16 06:04:33 UTC","120d, 00:00:00"
882209073.418,10783594.937,17327.114,True,"2027-12-16 06:04:33 UTC","124d, 19:26:34"
882209073.418,11199189.873,16063.768,True,"2027-12-16 06:04:33 UTC","129d, 14:53:09"
882209073.418,11614784.81,14908.432,True,"2027-12-16 06:04:33 UTC","134d, 10:19:44"
882209073.418,12030379.747,13856.605,True,"2027-12-16 06:04:33 UTC","139d, 05:46:19"
882209073.418,12445974.684,12906.425,True,"2027-12-16 06:04:33 UTC","144d, 01:12:54"
882209073.418,12861569.62,12058.884,True,"2027-12-16 06:04:33 UTC","148d, 20:39:29"
882209073.418,13277164.557,11318.186,True,"2027-12-16 06:04:33 UTC","153d, 16:06:04"
882209073.418,13692759.494,10692.26,True,"2027-12-16 06:04:33 UTC","158d, 11:32:39"
882209073.418,14108354.43,10193.422,True,"2027-12-16 06:04:33 UTC","163d, 06:59:14"
882209073.418,14523949.367,9839.17,True,"2027-12-16 06:04:33 UTC","168d, 02:25:49"
882209073.418,14939544.304,9653.105,True,"2027-12-16 06:04:33 UTC","172d, 21:52:24"
882209073.418,15355139.241,9665.988,True,"2027-12-16 06:04:33 UTC","177d, 17:18:59"
882209073.418,15770734.177,9917.059,True,"2027-12-16 06:04:33 UTC","182d, 12:45:34"
882209073.418,16186329.114,10455.862,True,"2027-12-16 06:04:33 UTC","187d, 08:12:09"
882209073.418,16601924.051,11344.746,True,"2027-12-16 06:04:33 UTC","192d, 03:38:44"
882209073.418,17017518.987,12661.215,True,"2027-12-16 06:04:33 UTC","196d, 23:05:18"
882209073.418,17433113.924,14495.94,True,"2027-12-16 06:04:33 UTC","201d, 18:31:53"
882209073.418,17848708.861,16934.167,True,"2027-12-16 06:04:33 UTC","206d, 13:58:28"
882209073.418,18264303.797,19997.65,True,"2027-12-16 06:04:33 UTC","211d, 09:25:03"
882209073.418,18679898.734,23539.022,True,"2027-12-16 06:04:33 UTC","216d, 04:51:38"
882209073.418,19095493.671,28682.435,False,"2027-12-16 06:04:33 UTC","221d, 00:18:13"
882209073.418,19511088.608,27926.068,False,"2027-12-16 06:04:33 UTC","225d, 19:44:48"
882209073.418,19926683.544,27176.261,False,"2027-12-16 06:04:33 UTC","230d, 15:11:23"
882209073.418,20342278.481,26433.432,False,"2027-12-16 06:04:33 UTC","235d, 10:37:58"
882209073.418,20757873.418,25698.036,False,"2027-12-16 06:04:33 UTC","240d, 06:04:33"
882209073.418,21173468.354,24970.559,False,"2027-12-16 06:04:33 UTC","245d, 01:31:08"
882209073.418,21589063.291,24251.512,False,"2027-12-16 06:04:33 UTC","249d, 20:57:43"
882209073.418,22004658.228,23541.422,False,"2027-12-16 06:04:33 UTC","254d, 16:24:18"
882209073.418,22420253.165,22840.827,False,"2027-12-16 06:04:33 UTC","259d, 11:50:53"
882209073.418,22835848.101,22150.271,False,"2027-12-16 06:04:33 UTC","264d, 07:17:28"
882209073.418,23251443.038,21470.3,False,"2027-12-16 06:04:33 UTC","269d, 02:44:03"
882209073.418,23667037.975,20801.454,False,"2027-12-16 06:04:33 UTC","273d, 22:10:37"
882209073.418,24082632.911,20144.269,False,"2027-12-16 06:04:33 UTC","278d, 17:37:12"
882209073.418,24498227.848,19499.264,False,"2027-12-16 06:04:33 UTC","283d, 13:03:47"
882209073.418,24913822.785,18866.949,False,"2027-12-16 06:04:33 UTC","288d, 08:30:22"
882209073.418,25329417.722,18247.81,False,"2027-12-16 06:04:33 UTC","293d, 03:56:57"
882209073.418,25745012.658,17642.318,False,"2027-12-16 06:04:33 UTC","297d, 23:23:32"
882209073.418,26160607.595,17050.916,False,"2027-12-16 06:04:33 UTC","302d, 18:50:07"
882209073.418,26576202.532,16474.026,False,"2027-12-16 06:04:33 UTC","307d, 14:16:42"
882209073.418,26991797.468,15912.045,False,"2027-12-16 06:04:33 UTC","312d, 09:43:17"
882209073.418,27407392.405,15365.343,False,"2027-12-16 06:04:33 UTC","317d, 05:09:52"
882209073.418,27822987.342,14834.268,False,"2027-12-16 06:04:33 UTC","322d, 00:36:27"
882209073.418,28238582.278,14319.148,False,"2027-12-16 06:04:33 UTC","326d, 20:03:02"
882209073.418,28654177.215,13820.297,False,"2027-12-16 06:04:33 UTC","331d, 15:29:37"
882209073.418,29069772.152,13338.024,False,"2027-12-16 06:04:33 UTC","336d, 10:56:12"
882209073.418,29485367.089,12872.652,False,"2027-12-16 06:04:33 UTC","341d, 06:22:47"
882209073.418,29900962.025,12424.542,False,"2027-12-16 06:04:33 UTC","346d, 01:49:22"
882209073.418,30316556.962,11994.148,False,"2027-12-16 06:04:33 UTC","350d, 21:15:56"
882209073.418,30732151.899,11582.095,False,"2027-12-16 06:04:33 UTC","355d, 16:42:31"
882209073.418,31147746.835,11189.353,False,"2027-12-16 06:04:33 UTC","360d, 12:09:06"
882209073.418,31563341.772,10817.557,False,"2027-12-16 06:04:33 UTC","365d, 07:35:41"
882209073.418,31978936.709,10469.727,False,"2027-12-16 06:04:33 UTC","370d, 03:02:16"
882209073.418,32394531.646,10151.969,False,"2027-12-16 06:04:33 UTC","374d, 22:28:51"
882209073.418,32810126.582,9878.103,False,"2027-12-16 06:04:33 UTC","379d, 17:55:26"
882209073.418,33225721.519,9684.516,False,"2027-12-16 06:04:33 UTC","384d, 13:22:01"
882209073.418,33641316.456,9691.153,False,"2027-12-16 06:04:33 UTC","389d, 08:48:36"
882209073.418,34056911.392,10470.766,False,"2027-12-16 06:04:33 UTC","394d, 04:15:11"
882209073.418,34472506.329,17550.428,False,"2027-12-16 06:04:33 UTC","398d, 23:41:46"
882209073.418,34888101.266,16201.162,True,"2027-12-16 06:04:33 UTC","403d, 19:08:21"
882209073.418,35303696.203,9887.063,True,"2027-12-16 06:04:33 UTC","408d, 14:34:56"
882209073.418,35719291.139,8626.515,True,"2027-12-16 06:04:33 UTC","413d, 10:01:31"
882209073.418,36134886.076,8078.158,True,"2027-12-16 06:04:33 UTC","418d, 05:28:06"
882209073.418,36550481.013,7733.56,True,"2027-12-16 06:04:33 UTC","423d, 00:54:41"
882209073.418,36966075.949,7475.607,True,"2027-12-16 06:04:33 UTC","427d, 20:21:15"
882209073.418,37381670.886,7265.999,True,"2027-12-16 06:04:33 UTC","432d, 15:47:50"
882209073.418,37797265.823,7089.262,True,"2027-12-16 06:04:33 UTC","437d, 11:14:25"
882209073.418,38212860.759,6938.232,True,"2027-12-16 06:04:33 UTC","442d, 06:41:00"
882209073.418,38628455.696,6809.312,True,"2027-12-16 06:04:33 UTC","447d, 02:07:35"
882209073.418,39044050.633,6700.649,True,"2027-12-16 06:04:33 UTC","451d, 21:34:10"
882209073.418,39459645.57,6611.355,True,"2027-12-16 06:04:33 UTC","456d, 17:00:45"
882209073.418,39875240.506,6541.148,True,"2027-12-16 06:04:33 UTC","461d, 12:27:20"
882209073.418,40290835.443,6490.183,True,"2027-12-16 06:04:33 UTC","466d, 07:53:55"
882209073.418,40706430.38,6458.98,True,"2027-12-16 06:04:33 UTC","471d, 03:20:30"
882209073.418,41122025.316,6448.4,True,"2027-12-16 06:04:33 UTC","475d, 22:47:05"
882209073.418,41537620.253,6459.659,True,"2027-12-16 06:04:33 UTC","480d, 18:13:40"
882209073.418,41953215.19,6494.375,True,"2027-12-16 06:04:33 UTC","485d, 13:40:15"
882209073.418,42368810.127,6554.627,True,"2027-12-16 06:04:33 UTC","490d, 09:06:50"
882209073.418,42784405.063,6643.057,True,"2027-12-16 06:04:33 UTC","495d, 04:33:25"
882209073.418,43200000,6762.998,True,"2027-12-16 06:04:33 UTC","500d, 00:00:00"
883485387.342,10368000,18829.299,True,"2027-12-31 00:36:27 UTC","120d, 00:00:00"
883485387.342,10783594.937,17451.873,True,"2027-12-31 00:36:27 UTC","124d, 19:26:34"
883485387.342,11199189.873,16191.043,True,"2027-12-31 00:36:27 UTC","129d, 14:53:09"
883485387.342,11614784.81,15040.35,True,"2027-12-31 00:36:27 UTC","134d, 10:19:44"
883485387.342,12030379.747,13996.134,True,"2027-12-31 00:36:27 UTC","139d, 05:46:19"
883485387.342,12445974.684,13057.706,True,"2027-12-31 00:36:27 UTC","144d, 01:12:54"
883485387.342,12861569.62,12227.687,True,"2027-12-31 00:36:27 UTC","148d, 20:39:29"
883485387.342,13277164.557,11512.547,True,"2027-12-31 00:36:27 UTC","153d, 16:06:04"
883485387.342,13692759.494,10923.347,True,"2027-12-31 00:36:27 UTC","158d, 11:32:39"
883485387.342,14108354.43,10476.702,True,"2027-12-31 00:36:27 UTC","163d, 06:59:14"
883485387.342,14523949.367,10195.966,True,"2027-12-31 00:36:27 UTC","168d, 02:25:49"
883485387.342,14939544.304,10112.634,True,"2027-12-31 00:36:27 UTC","172d, 21:52:24"
883485387.342,15355139.241,10268.033,True,"2027-12-31 00:36:27 UTC","177d, 17:18:59"
883485387.342,15770734.177,10715.45,True,"2027-12-31 00:36:27 UTC","182d, 12:45:34"
883485387.342,16186329.114,11522.806,True,"2027-12-31 00:36:27 UTC","187d, 08:12:09"
883485387.342,16601924.051,12775.058,True,"2027-12-31 00:36:27 UTC","192d, 03:38:44"
883485387.342,17017518.987,14571.972,True,"2027-12-31 00:36:27 UTC","196d, 23:05:18"
883485387.342,17433113.924,17007.828,True,"2027-12-31 00:36:27 UTC","201d, 18:31:53"
883485387.342,17848708.861,20107.099,True,"2027-12-31 00:36:27 UTC","206d, 13:58:28"
883485387.342,18264303.797,23707.347,True,"2027-12-31 00:36:27 UTC","211d, 09:25:03"
883485387.342,18679898.734,28549.287,False,"2027-12-31 00:36:27 UTC","216d, 04:51:38"
883485387.342,19095493.671,27773.694,False,"2027-12-31 00:36:27 UTC","221d, 00:18:13"
883485387.342,19511088.608,27005.549,False,"2027-12-31 00:36:27 UTC","225d, 19:44:48"
883485387.342,19926683.544,26245.22,False,"2027-12-31 00:36:27 UTC","230d, 15:11:23"
883485387.342,20342278.481,25493.124,False,"2027-12-31 00:36:27 UTC","235d, 10:37:58"
883485387.342,20757873.418,24749.715,False,"2027-12-31 00:36:27 UTC","240d, 06:04:33"
883485387.342,21173468.354,24015.478,False,"2027-12-31 00:36:27 UTC","245d, 01:31:08"
883485387.342,21589063.291,23290.92,False,"2027-12-31 00:36:27 UTC","249d, 20:57:43"
883485387.342,22004658.228,22576.566,False,"2027-12-31 00:36:27 UTC","254d, 16:24:18"
883485387.342,22420253.165,21872.949,False,"2027-12-31 00:36:27 UTC","259d, 11:50:53"
883485387.342,22835848.101,21180.608,False,"2027-12-31 00:36:27 UTC","264d, 07:17:28"
883485387.342,23251443.038,20500.079,False,"2027-12-31 00:36:27 UTC","269d, 02:44:03"
883485387.342,23667037.975,19831.896,False,"2027-12-31 00:36:27 UTC","273d, 22:10:37"
883485387.342,24082632.911,19176.58,False,"2027-12-31 00:36:27 UTC","278d, 17:37:12"
883485387.342,24498227.848,18534.638,False,"2027-12-31 00:36:27 UTC","283d, 13:03:47"
883485387.342,24913822.785,17906.562,False,"2027-12-31 00:36:27 UTC","288d, 08:30:22"
883485387.342,25329417.722,17292.823,False,"2027-12-31 00:36:27 UTC","293d, 03:56:57"
883485387.342,25745012.658,16693.869,False,"2027-12-31 00:36:27 UTC","297d, 23:23:32"
883485387.342,26160607.595,16110.125,False,"2027-12-31 00:36:27 UTC","302d, 18:50:07"
883485387.342,26576202.532,15541.993,False,"2027-12-31 00:36:27 UTC","307d, 14:16:42"
883485387.342,26991797.468,14989.85,False,"2027-12-31 00:36:27 UTC","312d, 09:43:17"
883485387.342,27407392.405,14454.053,False,"2027-12-31 00:36:27 UTC","317d, 05:09:52"
883485387.342,27822987.342,13934.942,False,"2027-12-31 00:36:27 UTC","322d, 00:36:27"
883485387.342,28238582.278,13432.85,False,"2027-12-31 00:36:27 UTC","326d, 20:03:02"
883485387.342,28654177.215,12948.116,False,"2027-12-31 00:36:27 UTC","331d, 15:29:37"
883485387.342,29069772.152,12481.108,False,"2027-12-31 00:36:27 UTC","336d, 10:56:12"
883485387.342,29485367.089,12032.262,False,"2027-12-31 00:36:27 UTC","341d, 06:22:47"
883485387.342,29900962.025,11602.148,False,"2027-12-31 00:36:27 UTC","346d, 01:49:22"
883485387.342,30316556.962,11191.59,False,"2027-12-31 00:36:27 UTC","350d, 21:15:56"
883485387.342,30732151.899,10801.895,False,"2027-12-31 00:36:27 UTC","355d, 16:42:31"
883485387.342,31147746.835,10435.311,False,"2027-12-31 00:36:27 UTC","360d, 12:09:06"
883485387.342,31563341.772,10096.034,False,"2027-12-31 00:36:27 UTC","365d, 07:35:41"
883485387.342,31978936.709,9792.65,False,"2027-12-31 00:36:27 UTC","370d, 03:02:16"
883485387.342,32394531.646,9544.879,False,"2027-12-31 00:36:27 UTC","374d, 22:28:51"
883485387.342,32810126.582,9405.862,False,"2027-12-31 00:36:27 UTC","379d, 17:55:26"
883485387.342,33225721.519,9557.613,False,"2027-12-31 00:36:27 UTC","384d, 13:22:01"
883485387.342,33641316.456,10930.422,False,"2027-12-31 00:36:27 UTC","389d, 08:48:36"
883485387.342,34056911.392,23439.069,False,"2027-12-31 00:36:27 UTC","394d, 04:15:11"
883485387.342,34472506.329,13732.477,True,"2027-12-31 00:36:27 UTC","398d, 23:41:46"
883485387.342,34888101.266,9287.434,True,"2027-12-31 00:36:27 UTC","403d, 19:08:21"
883485387.342,35303696.203,8185.704,True,"2027-12-31 00:36:27 UTC","408d, 14:34:56"
883485387.342,35719291.139,7667.227,True,"2027-12-31 00:36:27 UTC","413d, 10:01:31"
883485387.342,36134886.076,7332.165,True,"2027-12-31 00:36:27 UTC","418d, 05:28:06"
883485387.342,36550481.013,7079.072,True,"2027-12-31 00:36:27 UTC","423d, 00:54:41"
883485387.342,36966075.949,6872.985,True,"2027-12-31 00:36:27 UTC","427d, 20:21:15"
883485387.342,37381670.886,6699.312,True,"2027-12-31 00:36:27 UTC","432d, 15:47:50"
883485387.342,37797265.823,6551.149,True,"2027-12-31 00:36:27 UTC","437d, 11:14:25"
883485387.342,38212860.759,6424.971,True,"2027-12-31 00:36:27 UTC","442d, 06:41:00"
883485387.342,38628455.696,6318.933,True,"2027-12-31 00:36:27 UTC","447d, 02:07:35"
883485387.342,39044050.633,6232.137,True,"2027-12-31 00:36:27 UTC","451d, 21:34:10"
883485387.342,39459645.57,6164.279,True,"2027-12-31 00:36:27 UTC","456d, 17:00:45"
883485387.342,39875240.506,6115.494,True,"2027-12-31 00:36:27 UTC","461d, 12:27:20"
883485387.342,40290835.443,6086.278,True,"2027-12-31 00:36:27 UTC","466d, 07:53:55"
883485387.342,40706430.38,6077.47,True,"2027-12-31 00:36:27 UTC","471d, 03:20:30"
883485387.342,41122025.316,6090.27,True,"2027-12-31 00:36:27 UTC","475d, 22:47:05"
883485387.342,41537620.253,6126.278,True,"2027-12-31 00:36:27 UTC","480d, 18:13:40"
883485387.342,41953215.19,6187.566,True,"2027-12-31 00:36:27 UTC","485d, 13:40:15"
883485387.342,42368810.127,6276.772,True,"2027-12-31 00:36:27 UTC","490d, 09:06:50"
883485387.342,42784405.063,6397.241,True,"2027-12-31 00:36:27 UTC","495d, 04:33:25"
883485387.342,43200000,6553.2,True,"2027-12-31 00:36:27 UTC","500d, 00:00:00"
884761701.266,10368000,18989.769,True,"2028-01-14 19:08:21 UTC","120d, 00:00:00"
884761701.266,10783594.937,17610.296,True,"2028-01-14 19:08:21 UTC","124d, 19:26:34"
884761701.266,11199189.873,16349.228,True,"2028-01-14 19:08:21 UTC","129d, 14:53:09"
884761701.266,11614784.81,15200.864,True,"2028-01-14 19:08:21 UTC","134d, 10:19:44"
884761701.266,12030379.747,14162.621,True,"2028-01-14 19:08:21 UTC","139d, 05:46:19"
884761701.266,12445974.684,13235.333,True,"2028-01-14 19:08:21 UTC","144d, 01:12:54"
884761701.266,12861569.62,12423.779,True,"2028-01-14 19:08:21 UTC","148d, 20:39:29"
884761701.266,13277164.557,11737.474,True,"2028-01-14 19:08:21 UTC","153d, 16:06:04"
884761701.266,13692759.494,11191.756,True,"2028-01-14 19:08:21 UTC","158d, 11:32:39"
884761701.266,14108354.43,10809.201,True,"2028-01-14 19:08:21 UTC","163d, 06:59:14"
884761701.266,14523949.367,10621.374,True,"2028-01-14 19:08:21 UTC","168d, 02:25:49"
884761701.266,14939544.304,10670.941,True,"2028-01-14 19:08:21 UTC","172d, 21:52:24"
884761701.266,15355139.241,11014.194,True,"2028-01-14 19:08:21 UTC","177d, 17:18:59"
884761701.266,15770734.177,11723.962,True,"2028-01-14 19:08:21 UTC","182d, 12:45:34"
884761701.266,16186329.114,12892.009,True,"2028-01-14 19:08:21 UTC","187d, 08:12:09"
884761701.266,16601924.051,14626.421,True,"2028-01-14 19:08:21 UTC","192d, 03:38:44"
884761701.266,17017518.987,17029.746,True,"2028-01-14 19:08:21 UTC","196d, 23:05:18"
884761701.266,17433113.924,20129.656,True,"2028-01-14 19:08:21 UTC","201d, 18:31:53"
884761701.266,17848708.861,23753.02,True,"2028-01-14 19:08:21 UTC","206d, 13:58:28"
884761701.266,18264303.797,28342.343,False,"2028-01-14 19:08:21 UTC","211d, 09:25:03"
884761701.266,18679898.734,27546.444,False,"2028-01-14 19:08:21 UTC","216d, 04:51:38"
884761701.266,19095493.671,26759.03,False,"2028-01-14 19:08:21 UTC","221d, 00:18:13"
884761701.266,19511088.608,25980.412,False,"2028-01-14 19:08:21 UTC","225d, 19:44:48"
884761701.266,19926683.544,25210.962,False,"2028-01-14 19:08:21 UTC","230d, 15:11:23"
884761701.266,20342278.481,24451.098,False,"2028-01-14 19:08:21 UTC","235d, 10:37:58"
884761701.266,20757873.418,23701.276,False,"2028-01-14 19:08:21 UTC","240d, 06:04:33"
884761701.266,21173468.354,22961.981,False,"2028-01-14 19:08:21 UTC","245d, 01:31:08"
884761701.266,21589063.291,22233.72,False,"2028-01-14 19:08:21 UTC","249d, 20:57:43"
884761701.266,22004658.228,21517.014,False,"2028-01-14 19:08:21 UTC","254d, 16:24:18"
884761701.266,22420253.165,20812.393,False,"2028-01-14 19:08:21 UTC","259d, 11:50:53"
884761701.266,22835848.101,20120.388,False,"2028-01-14 19:08:21 UTC","264d, 07:17:28"
884761701.266,23251443.038,19441.527,False,"2028-01-14 19:08:21 UTC","269d, 02:44:03"
884761701.266,23667037.975,18776.33,False,"2028-01-14 19:08:21 UTC","273d, 22:10:37"
884761701.266,24082632.911,18125.304,False,"2028-01-14 19:08:21 UTC","278d, 17:37:12"
884761701.266,24498227.848,17488.94,False,"2028-01-14 19:08:21 UTC","283d, 13:03:47"
884761701.266,24913822.785,16867.709,False,"2028-01-14 19:08:21 UTC","288d, 08:30:22"
884761701.266,25329417.722,16262.06,False,"2028-01-14 19:08:21 UTC","293d, 03:56:57"
884761701.266,25745012.658,15672.42,False,"2028-01-14 19:08:21 UTC","297d, 23:23:32"
884761701.266,26160607.595,15099.193,False,"2028-01-14 19:08:21 UTC","302d, 18:50:07"
884761701.266,26576202.532,14542.758,False,"2028-01-14 19:08:21 UTC","307d, 14:16:42"
884761701.266,26991797.468,14003.479,False,"2028-01-14 19:08:21 UTC","312d, 09:43:17"
884761701.266,27407392.405,13481.706,False,"2028-01-14 19:08:21 UTC","317d, 05:09:52"
884761701.266,27822987.342,12977.788,False,"2028-01-14 19:08:21 UTC","322d, 00:36:27"
884761701.266,28238582.278,12492.091,False,"2028-01-14 19:08:21 UTC","326d, 20:03:02"
884761701.266,28654177.215,12025.027,False,"2028-01-14 19:08:21 UTC","331d, 15:29:37"
884761701.266,29069772.152,11577.105,False,"2028-01-14 19:08:21 UTC","336d, 10:56:12"
884761701.266,29485367.089,11149.015,False,"2028-01-14 19:08:21 UTC","341d, 06:22:47"
884761701.266,29900962.025,10741.785,False,"2028-01-14 19:08:21 UTC","346d, 01:49:22"
884761701.266,30316556.962,10357.073,False,"2028-01-14 19:08:21 UTC","350d, 21:15:56"
884761701.266,30732151.899,9997.766,False,"2028-01-14 19:08:21 UTC","355d, 16:42:31"
884761701.266,31147746.835,9669.306,False,"2028-01-14 19:08:21 UTC","360d, 12:09:06"
884761701.266,31563341.772,9382.935,False,"2028-01-14 19:08:21 UTC","365d, 07:35:41"
884761701.266,31978936.709,9164.813,False,"2028-01-14 19:08:21 UTC","370d, 03:02:16"
884761701.266,32394531.646,9086.896,False,"2028-01-14 19:08:21 UTC","374d, 22:28:51"
884761701.266,32810126.582,9404.211,False,"2028-01-14 19:08:21 UTC","379d, 17:55:26"
884761701.266,33225721.519,11505.639,False,"2028-01-14 19:08:21 UTC","384d, 13:22:01"
884761701.266,33641316.456,30510.257,False,"2028-01-14 19:08:21 UTC","389d, 08:48:36"
884761701.266,34056911.392,12071.339,True,"2028-01-14 19:08:21 UTC","394d, 04:15:11"
884761701.266,34472506.329,8667.349,True,"2028-01-14 19:08:21 UTC","398d, 23:41:46"
884761701.266,34888101.266,7690.85,True,"2028-01-14 19:08:21 UTC","403d, 19:08:21"
884761701.266,35303696.203,7204.454,True,"2028-01-14 19:08:21 UTC","408d, 14:34:56"
884761701.266,35719291.139,6883.294,True,"2028-01-14 19:08:21 UTC","413d, 10:01:31"
884761701.266,36134886.076,6638.944,True,"2028-01-14 19:08:21 UTC","418d, 05:28:06"
884761701.266,36550481.013,6439.702,True,"2028-01-14 19:08:21 UTC","423d, 00:54:41"
884761701.266,36966075.949,6272.01,True,"2028-01-14 19:08:21 UTC","427d, 20:21:15"
884761701.266,37381670.886,6129.339,True,"2028-01-14 19:08:21 UTC","432d, 15:47:50"
884761701.266,37797265.823,6008.317,True,"2028-01-14 19:08:21 UTC","437d, 11:14:25"
884761701.266,38212860.759,5907.159,True,"2028-01-14 19:08:21 UTC","442d, 06:41:00"
884761701.266,38628455.696,5824.986,True,"2028-01-14 19:08:21 UTC","447d, 02:07:35"
884761701.266,39044050.633,5761.494,True,"2028-01-14 19:08:21 UTC","451d, 21:34:10"
884761701.266,39459645.57,5716.807,True,"2028-01-14 19:08:21 UTC","456d, 17:00:45"
884761701.266,39875240.506,5691.406,True,"2028-01-14 19:08:21 UTC","461d, 12:27:20"
884761701.266,40290835.443,5686.111,True,"2028-01-14 19:08:21 UTC","466d, 07:53:55"
884761701.266,40706430.38,5702.103,True,"2028-01-14 19:08:21 UTC","471d, 03:20:30"
884761701.266,41122025.316,5740.964,True,"2028-01-14 19:08:21 UTC","475d, 22:47:05"
884761701.266,41537620.253,5804.752,True,"2028-01-14 19:08:21 UTC","480d, 18:13:40"
884761701.266,41953215.19,5896.097,True,"2028-01-14 19:08:21 UTC","485d, 13:40:15"
884761701.266,42368810.127,6018.346,True,"2028-01-14 19:08:21 UTC","490d, 09:06:50"
884761701.266,42784405.063,6175.744,True,"2028-01-14 19:08:21 UTC","495d, 04:33:25"
884761701.266,43200000,6373.687,True,"2028-01-14 19:08:21 UTC","500d, 00:00:00"
886038015.19,10368000,19173.197,True,"2028-01-29 13:40:15 UTC","120d, 00:00:00"
886038015.19,10783594.937,17788.732,True,"2028-01-29 13:40:15 UTC","124d, 19:26:34"
886038015.19,11199189.873,16524.989,True,"2028-01-29 13:40:15 UTC","129d, 14:53:09"
886038015.19,11614784.81,15377.262,True,"2028-01-29 13:40:15 UTC","134d, 10:19:44"
886038015.19,12030379.747,14344.4,True,"2028-01-29 13:40:15 UTC","139d, 05:46:19"
886038015.19,12445974.684,13429.297,True,"2028-01-29 13:40:15 UTC","144d, 01:12:54"
886038015.19,12861569.62,12639.693,True,"2028-01-29 13:40:15 UTC","148d, 20:39:29"
886038015.19,13277164.557,11989.336,True,"2028-01-29 13:40:15 UTC","153d, 16:06:04"
886038015.19,13692759.494,11499.584,True,"2028-01-29 13:40:15 UTC","158d, 11:32:39"
886038015.19,14108354.43,11201.466,True,"2028-01-29 13:40:15 UTC","163d, 06:59:14"
886038015.19,14523949.367,11138.229,True,"2028-01-29 13:40:15 UTC","168d, 02:25:49"
886038015.19,14939544.304,11368.331,True,"2028-01-29 13:40:15 UTC","172d, 21:52:24"
886038015.19,15355139.241,11968.665,True,"2028-01-29 13:40:15 UTC","177d, 17:18:59"
886038015.19,15770734.177,13036.906,True,"2028-01-29 13:40:15 UTC","182d, 12:45:34"
886038015.19,16186329.114,14688.264,True,"2028-01-29 13:40:15 UTC","187d, 08:12:09"
886038015.19,16601924.051,17031.948,True,"2028-01-29 13:40:15 UTC","192d, 03:38:44"
886038015.19,17017518.987,20097.912,True,"2028-01-29 13:40:15 UTC","196d, 23:05:18"
886038015.19,17433113.924,23705.666,True,"2028-01-29 13:40:15 UTC","201d, 18:31:53"
886038015.19,17848708.861,28052.127,False,"2028-01-29 13:40:15 UTC","206d, 13:58:28"
886038015.19,18264303.797,27234.987,False,"2028-01-29 13:40:15 UTC","211d, 09:25:03"
886038015.19,18679898.734,26427.552,False,"2028-01-29 13:40:15 UTC","216d, 04:51:38"
886038015.19,19095493.671,25630.068,False,"2028-01-29 13:40:15 UTC","221d, 00:18:13"
886038015.19,19511088.608,24842.854,False,"2028-01-29 13:40:15 UTC","225d, 19:44:48"
886038015.19,19926683.544,24066.284,False,"2028-01-29 13:40:15 UTC","230d, 15:11:23"
886038015.19,20342278.481,23300.78,False,"2028-01-29 13:40:15 UTC","235d, 10:37:58"
886038015.19,20757873.418,22546.8,False,"2028-01-29 13:40:15 UTC","240d, 06:04:33"
886038015.19,21173468.354,21804.829,False,"2028-01-29 13:40:15 UTC","245d, 01:31:08"
886038015.19,21589063.291,21075.371,False,"2028-01-29 13:40:15 UTC","249d, 20:57:43"
886038015.19,22004658.228,20358.945,False,"2028-01-29 13:40:15 UTC","254d, 16:24:18"
886038015.19,22420253.165,19656.07,False,"2028-01-29 13:40:15 UTC","259d, 11:50:53"
886038015.19,22835848.101,18967.267,False,"2028-01-29 13:40:15 UTC","264d, 07:17:28"
886038015.19,23251443.038,18293.051,False,"2028-01-29 13:40:15 UTC","269d, 02:44:03"
886038015.19,23667037.975,17633.924,False,"2028-01-29 13:40:15 UTC","273d, 22:10:37"
886038015.19,24082632.911,16990.372,False,"2028-01-29 13:40:15 UTC","278d, 17:37:12"
886038015.19,24498227.848,16362.862,False,"2028-01-29 13:40:15 UTC","283d, 13:03:47"
886038015.19,24913822.785,15751.839,False,"2028-01-29 13:40:15 UTC","288d, 08:30:22"
886038015.19,25329417.722,15157.728,False,"2028-01-29 13:40:15 UTC","293d, 03:56:57"
886038015.19,25745012.658,14580.926,False,"2028-01-29 13:40:15 UTC","297d, 23:23:32"
886038015.19,26160607.595,14021.814,False,"2028-01-29 13:40:15 UTC","302d, 18:50:07"
886038015.19,26576202.532,13480.753,False,"2028-01-29 13:40:15 UTC","307d, 14:16:42"
886038015.19,26991797.468,12958.097,False,"2028-01-29 13:40:15 UTC","312d, 09:43:17"
886038015.19,27407392.405,12454.204,False,"2028-01-29 13:40:15 UTC","317d, 05:09:52"
886038015.19,27822987.342,11969.46,False,"2028-01-29 13:40:15 UTC","322d, 00:36:27"
886038015.19,28238582.278,11504.314,False,"2028-01-29 13:40:15 UTC","326d, 20:03:02"
886038015.19,28654177.215,11059.337,False,"2028-01-29 13:40:15 UTC","331d, 15:29:37"
886038015.19,29069772.152,10635.327,False,"2028-01-29 13:40:15 UTC","336d, 10:56:12"
886038015.19,29485367.089,10233.497,False,"2028-01-29 13:40:15 UTC","341d, 06:22:47"
886038015.19,29900962.025,9855.833,False,"2028-01-29 13:40:15 UTC","346d, 01:49:22"
886038015.19,30316556.962,9505.828,False,"2028-01-29 13:40:15 UTC","350d, 21:15:56"
886038015.19,30732151.899,9190.114,False,"2028-01-29 13:40:15 UTC","355d, 16:42:31"
886038015.19,31147746.835,8922.504,False,"2028-01-29 13:40:15 UTC","360d, 12:09:06"
886038015.19,31563341.772,8735.524,False,"2028-01-29 13:40:15 UTC","365d, 07:35:41"
886038015.19,31978936.709,8720.298,False,"2028-01-29 13:40:15 UTC","370d, 03:02:16"
886038015.19,32394531.646,9210.198,False,"2028-01-29 13:40:15 UTC","374d, 22:28:51"
886038015.19,32810126.582,12143.354,False,"2028-01-29 13:40:15 UTC","379d, 17:55:26"
886038015.19,33225721.519,30961.228,True,"2028-01-29 13:40:15 UTC","384d, 13:22:01"
886038015.19,33641316.456,10724.215,True,"2028-01-29 13:40:15 UTC","389d, 08:48:36"
886038015.19,34056911.392,8010.625,True,"2028-01-29 13:40:15 UTC","394d, 04:15:11"
886038015.19,34472506.329,7146.695,True,"2028-01-29 13:40:15 UTC","398d, 23:41:46"
886038015.19,34888101.266,6697.282,True,"2028-01-29 13:40:15 UTC","403d, 19:08:21"
886038015.19,35303696.203,6395.292,True,"2028-01-29 13:40:15 UTC","408d, 14:34:56"
886038015.19,35719291.139,6164.137,True,"2028-01-29 13:40:15 UTC","413d, 10:01:31"
886038015.19,36134886.076,5975.533,True,"2028-01-29 13:40:15 UTC","418d, 05:28:06"
886038015.19,36550481.013,5817.151,True,"2028-01-29 13:40:15 UTC","423d, 00:54:41"
886038015.19,36966075.949,5682.981,True,"2028-01-29 13:40:15 UTC","427d, 20:21:15"
886038015.19,37381670.886,5569.887,True,"2028-01-29 13:40:15 UTC","432d, 15:47:50"
886038015.19,37797265.823,5476.199,True,"2028-01-29 13:40:15 UTC","437d, 11:14:25"
886038015.19,38212860.759,5401.091,True,"2028-01-29 13:40:15 UTC","442d, 06:41:00"
886038015.19,38628455.696,5344.283,True,"2028-01-29 13:40:15 UTC","447d, 02:07:35"
886038015.19,39044050.633,5305.899,True,"2028-01-29 13:40:15 UTC","451d, 21:34:10"
886038015.19,39459645.57,5286.413,True,"2028-01-29 13:40:15 UTC","456d, 17:00:45"
886038015.19,39875240.506,5286.632,True,"2028-01-29 13:40:15 UTC","461d, 12:27:20"
886038015.19,40290835.443,5307.721,True,"2028-01-29 13:40:15 UTC","466d, 07:53:55"
886038015.19,40706430.38,5351.246,True,"2028-01-29 13:40:15 UTC","471d, 03:20:30"
886038015.19,41122025.316,5419.252,True,"2028-01-29 13:40:15 UTC","475d, 22:47:05"
886038015.19,41537620.253,5514.366,True,"2028-01-29 13:40:15 UTC","480d, 18:13:40"
886038015.19,41953215.19,5639.94,True,"2028-01-29 13:40:15 UTC","485d, 13:40:15"
886038015.19,42368810.127,5800.241,True,"2028-01-29 13:40:15 UTC","490d, 09:06:50"
886038015.19,42784405.063,6000.716,True,"2028-01-29 13:40:15 UTC","495d, 04:33:25"
886038015.19,43200000,6248.332,True,"2028-01-29 13:40:15 UTC","500d, 00:00:00"
887314329.114,10368000,19364.344,True,"2028-02-13 08:12:09 UTC","120d, 00:00:00"
887314329.114,10783594.937,17972.51,True,"2028-02-13 08:12:09 UTC","124d, 19:26:34"
887314329.114,11199189.873,16704.536,True,"2028-02-13 08:12:09 UTC","129d, 14:53:09"
887314329.114,11614784.81,15557.074,True,"2028-02-13 08:12:09 UTC","134d, 10:19:44"
887314329.114,12030379.747,14530.958,True,"2028-02-13 08:12:09 UTC","139d, 05:46:19"
887314329.114,12445974.684,13631.974,True,"2028-02-13 08:12:09 UTC","144d, 01:12:54"
887314329.114,12861569.62,12872.058,True,"2028-02-13 08:12:09 UTC","148d, 20:39:29"
887314329.114,13277164.557,12271.025,True,"2028-02-13 08:12:09 UTC","153d, 16:06:04"
887314329.114,13692759.494,11858.885,True,"2028-02-13 08:12:09 UTC","158d, 11:32:39"
887314329.114,14108354.43,11678.807,True,"2028-02-13 08:12:09 UTC","163d, 06:59:14"
887314329.114,14523949.367,11790.594,True,"2028-02-13 08:12:09 UTC","168d, 02:25:49"
887314329.114,14939544.304,12274.282,True,"2028-02-13 08:12:09 UTC","172d, 21:52:24"
887314329.114,15355139.241,13232.388,True,"2028-02-13 08:12:09 UTC","177d, 17:18:59"
887314329.114,15770734.177,14785.739,True,"2028-02-13 08:12:09 UTC","182d, 12:45:34"
887314329.114,16186329.114,17047.836,True,"2028-02-13 08:12:09 UTC","187d, 08:12:09"
887314329.114,16601924.051,20048.493,True,"2028-02-13 08:12:09 UTC","192d, 03:38:44"
887314329.114,17017518.987,23601.416,True,"2028-02-13 08:12:09 UTC","196d, 23:05:18"
887314329.114,17433113.924,27671.464,False,"2028-02-13 08:12:09 UTC","201d, 18:31:53"
887314329.114,17848708.861,26832.318,False,"2028-02-13 08:12:09 UTC","206d, 13:58:28"
887314329.114,18264303.797,26004.315,False,"2028-02-13 08:12:09 UTC","211d, 09:25:03"
887314329.114,18679898.734,25187.626,False,"2028-02-13 08:12:09 UTC","216d, 04:51:38"
887314329.114,19095493.671,24382.506,False,"2028-02-13 08:12:09 UTC","221d, 00:18:13"
887314329.114,19511088.608,23589.277,False,"2028-02-13 08:12:09 UTC","225d, 19:44:48"
887314329.114,19926683.544,22808.318,False,"2028-02-13 08:12:09 UTC","230d, 15:11:23"
887314329.114,20342278.481,22040.052,False,"2028-02-13 08:12:09 UTC","235d, 10:37:58"
887314329.114,20757873.418,21284.937,False,"2028-02-13 08:12:09 UTC","240d, 06:04:33"
887314329.114,21173468.354,20543.454,False,"2028-02-13 08:12:09 UTC","245d, 01:31:08"
887314329.114,21589063.291,19816.102,False,"2028-02-13 08:12:09 UTC","249d, 20:57:43"
887314329.114,22004658.228,19103.386,False,"2028-02-13 08:12:09 UTC","254d, 16:24:18"
887314329.114,22420253.165,18405.813,False,"2028-02-13 08:12:09 UTC","259d, 11:50:53"
887314329.114,22835848.101,17723.886,False,"2028-02-13 08:12:09 UTC","264d, 07:17:28"
887314329.114,23251443.038,17058.095,False,"2028-02-13 08:12:09 UTC","269d, 02:44:03"
887314329.114,23667037.975,16408.916,False,"2028-02-13 08:12:09 UTC","273d, 22:10:37"
887314329.114,24082632.911,15776.806,False,"2028-02-13 08:12:09 UTC","278d, 17:37:12"
887314329.114,24498227.848,15162.198,False,"2028-02-13 08:12:09 UTC","283d, 13:03:47"
887314329.114,24913822.785,14565.504,False,"2028-02-13 08:12:09 UTC","288d, 08:30:22"
887314329.114,25329417.722,13987.112,False,"2028-02-13 08:12:09 UTC","293d, 03:56:57"
887314329.114,25745012.658,13427.392,False,"2028-02-13 08:12:09 UTC","297d, 23:23:32"
887314329.114,26160607.595,12886.694,False,"2028-02-13 08:12:09 UTC","302d, 18:50:07"
887314329.114,26576202.532,12365.368,False,"2028-02-13 08:12:09 UTC","307d, 14:16:42"
887314329.114,26991797.468,11863.768,False,"2028-02-13 08:12:09 UTC","312d, 09:43:17"
887314329.114,27407392.405,11382.289,False,"2028-02-13 08:12:09 UTC","317d, 05:09:52"
887314329.114,27822987.342,10921.397,False,"2028-02-13 08:12:09 UTC","322d, 00:36:27"
887314329.114,28238582.278,10481.707,False,"2028-02-13 08:12:09 UTC","326d, 20:03:02"
887314329.114,28654177.215,10064.098,False,"2028-02-13 08:12:09 UTC","331d, 15:29:37"
887314329.114,29069772.152,9669.929,False,"2028-02-13 08:12:09 UTC","336d, 10:56:12"
887314329.114,29485367.089,9301.453,False,"2028-02-13 08:12:09 UTC","341d, 06:22:47"
887314329.114,29900962.025,8962.667,False,"2028-02-13 08:12:09 UTC","346d, 01:49:22"
887314329.114,30316556.962,8661.208,False,"2028-02-13 08:12:09 UTC","350d, 21:15:56"
887314329.114,30732151.899,8413.114,False,"2028-02-13 08:12:09 UTC","355d, 16:42:31"
887314329.114,31147746.835,8256.557,False,"2028-02-13 08:12:09 UTC","360d, 12:09:06"
887314329.114,31563341.772,8300.394,False,"2028-02-13 08:12:09 UTC","365d, 07:35:41"
887314329.114,31978936.709,8955.868,False,"2028-02-13 08:12:09 UTC","370d, 03:02:16"
887314329.114,32394531.646,12803.08,False,"2028-02-13 08:12:09 UTC","374d, 22:28:51"
887314329.114,32810126.582,24692.568,True,"2028-02-13 08:12:09 UTC","379d, 17:55:26"
887314329.114,33225721.519,9499.669,True,"2028-02-13 08:12:09 UTC","384d, 13:22:01"
887314329.114,33641316.456,7314.879,True,"2028-02-13 08:12:09 UTC","389d, 08:48:36"
887314329.114,34056911.392,6562.073,True,"2028-02-13 08:12:09 UTC","394d, 04:15:11"
887314329.114,34472506.329,6156.23,True,"2028-02-13 08:12:09 UTC","398d, 23:41:46"
887314329.114,34888101.266,5879.246,True,"2028-02-13 08:12:09 UTC","403d, 19:08:21"
887314329.114,35303696.203,5666.085,True,"2028-02-13 08:12:09 UTC","408d, 14:34:56"
887314329.114,35719291.139,5492.183,True,"2028-02-13 08:12:09 UTC","413d, 10:01:31"
887314329.114,36134886.076,5346.678,True,"2028-02-13 08:12:09 UTC","418d, 05:28:06"
887314329.114,36550481.013,5224.224,True,"2028-02-13 08:12:09 UTC","423d, 00:54:41"
887314329.114,36966075.949,5122.013,True,"2028-02-13 08:12:09 UTC","427d, 20:21:15"
887314329.114,37381670.886,5038.546,True,"2028-02-13 08:12:09 UTC","432d, 15:47:50"
887314329.114,37797265.823,4973.084,True,"2028-02-13 08:12:09 UTC","437d, 11:14:25"
887314329.114,38212860.759,4925.388,True,"2028-02-13 08:12:09 UTC","442d, 06:41:00"
887314329.114,38628455.696,4895.602,True,"2028-02-13 08:12:09 UTC","447d, 02:07:35"
887314329.114,39044050.633,4884.199,True,"2028-02-13 08:12:09 UTC","451d, 21:34:10"
887314329.114,39459645.57,4891.982,True,"2028-02-13 08:12:09 UTC","456d, 17:00:45"
887314329.114,39875240.506,4920.106,True,"2028-02-13 08:12:09 UTC","461d, 12:27:20"
887314329.114,40290835.443,4970.129,True,"2028-02-13 08:12:09 UTC","466d, 07:53:55"
887314329.114,40706430.38,5044.097,True,"2028-02-13 08:12:09 UTC","471d, 03:20:30"
887314329.114,41122025.316,5144.647,True,"2028-02-13 08:12:09 UTC","475d, 22:47:05"
887314329.114,41537620.253,5275.156,True,"2028-02-13 08:12:09 UTC","480d, 18:13:40"
887314329.114,41953215.19,5439.944,True,"2028-02-13 08:12:09 UTC","485d, 13:40:15"
887314329.114,42368810.127,5644.535,True,"2028-02-13 08:12:09 UTC","490d, 09:06:50"
887314329.114,42784405.063,5896.019,True,"2028-02-13 08:12:09 UTC","495d, 04:33:25"
887314329.114,43200000,6203.546,True,"2028-02-13 08:12:09 UTC","500d, 00:00:00"
888590643.038,10368000,19547.976,True,"2028-02-28 02:44:03 UTC","120d, 00:00:00"
888590643.038,10783594.937,18147.527,True,"2028-02-28 02:44:03 UTC","124d, 19:26:34"
888590643.038,11199189.873,16875.35,True,"2028-02-28 02:44:03 UTC","129d, 14:53:09"
888590643.038,11614784.81,15730.033,True,"2028-02-28 02:44:03 UTC","134d, 10:19:44"
888590643.038,12030379.747,14715.256,True,"2028-02-28 02:44:03 UTC","139d, 05:46:19"
888590643.038,12445974.684,13840.992,True,"2028-02-28 02:44:03 UTC","144d, 01:12:54"
888590643.038,12861569.62,13125.3,True,"2028-02-28 02:44:03 UTC","148d, 20:39:29"
888590643.038,13277164.557,12596.849,True,"2028-02-28 02:44:03 UTC","153d, 16:06:04"
888590643.038,13692759.494,12298.222,True,"2028-02-28 02:44:03 UTC","158d, 11:32:39"
888590643.038,14108354.43,12289.868,True,"2028-02-28 02:44:03 UTC","163d, 06:59:14"
888590643.038,14523949.367,12654.072,True,"2028-02-28 02:44:03 UTC","168d, 02:25:49"
888590643.038,14939544.304,13497.055,True,"2028-02-28 02:44:03 UTC","172d, 21:52:24"
888590643.038,15355139.241,14943.508,True,"2028-02-28 02:44:03 UTC","177d, 17:18:59"
888590643.038,15770734.177,17108.276,True,"2028-02-28 02:44:03 UTC","182d, 12:45:34"
888590643.038,16186329.114,20017.304,True,"2028-02-28 02:44:03 UTC","187d, 08:12:09"
888590643.038,16601924.051,23478.236,True,"2028-02-28 02:44:03 UTC","192d, 03:38:44"
888590643.038,17017518.987,27195.832,False,"2028-02-28 02:44:03 UTC","196d, 23:05:18"
888590643.038,17433113.924,26334.1,False,"2028-02-28 02:44:03 UTC","201d, 18:31:53"
888590643.038,17848708.861,25485.206,False,"2028-02-28 02:44:03 UTC","206d, 13:58:28"
888590643.038,18264303.797,24649.231,False,"2028-02-28 02:44:03 UTC","211d, 09:25:03"
888590643.038,18679898.734,23826.35,False,"2028-02-28 02:44:03 UTC","216d, 04:51:38"
888590643.038,19095493.671,23016.824,False,"2028-02-28 02:44:03 UTC","221d, 00:18:13"
888590643.038,19511088.608,22220.977,False,"2028-02-28 02:44:03 UTC","225d, 19:44:48"
888590643.038,19926683.544,21439.189,False,"2028-02-28 02:44:03 UTC","230d, 15:11:23"
888590643.038,20342278.481,20671.879,False,"2028-02-28 02:44:03 UTC","235d, 10:37:58"
888590643.038,20757873.418,19919.499,False,"2028-02-28 02:44:03 UTC","240d, 06:04:33"
888590643.038,21173468.354,19182.518,False,"2028-02-28 02:44:03 UTC","245d, 01:31:08"
888590643.038,21589063.291,18461.419,False,"2028-02-28 02:44:03 UTC","249d, 20:57:43"
888590643.038,22004658.228,17756.687,False,"2028-02-28 02:44:03 UTC","254d, 16:24:18"
888590643.038,22420253.165,17068.803,False,"2028-02-28 02:44:03 UTC","259d, 11:50:53"
888590643.038,22835848.101,16398.239,False,"2028-02-28 02:44:03 UTC","264d, 07:17:28"
888590643.038,23251443.038,15745.449,False,"2028-02-28 02:44:03 UTC","269d, 02:44:03"
888590643.038,23667037.975,15110.871,False,"2028-02-28 02:44:03 UTC","273d, 22:10:37"
888590643.038,24082632.911,14494.918,False,"2028-02-28 02:44:03 UTC","278d, 17:37:12"
888590643.038,24498227.848,13897.981,False,"2028-02-28 02:44:03 UTC","283d, 13:03:47"
888590643.038,24913822.785,13320.425,False,"2028-02-28 02:44:03 UTC","288d, 08:30:22"
888590643.038,25329417.722,12762.596,False,"2028-02-28 02:44:03 UTC","293d, 03:56:57"
888590643.038,25745012.658,12224.827,False,"2028-02-28 02:44:03 UTC","297d, 23:23:32"
888590643.038,26160607.595,11707.444,False,"2028-02-28 02:44:03 UTC","302d, 18:50:07"
888590643.038,26576202.532,11210.787,False,"2028-02-28 02:44:03 UTC","307d, 14:16:42"
888590643.038,26991797.468,10735.235,False,"2028-02-28 02:44:03 UTC","312d, 09:43:17"
888590643.038,27407392.405,10281.257,False,"2028-02-28 02:44:03 UTC","317d, 05:09:52"
888590643.038,27822987.342,9849.478,False,"2028-02-28 02:44:03 UTC","322d, 00:36:27"
888590643.038,28238582.278,9440.819,False,"2028-02-28 02:44:03 UTC","326d, 20:03:02"
888590643.038,28654177.215,9056.723,False,"2028-02-28 02:44:03 UTC","331d, 15:29:37"
888590643.038,29069772.152,8699.618,False,"2028-02-28 02:44:03 UTC","336d, 10:56:12"
888590643.038,29485367.089,8373.84,False,"2028-02-28 02:44:03 UTC","341d, 06:22:47"
888590643.038,29900962.025,8087.744,False,"2028-02-28 02:44:03 UTC","346d, 01:49:22"
888590643.038,30316556.962,7859.006,False,"2028-02-28 02:44:03 UTC","350d, 21:15:56"
888590643.038,30732151.899,7730.185,False,"2028-02-28 02:44:03 UTC","355d, 16:42:31"
888590643.038,31147746.835,7824.951,False,"2028-02-28 02:44:03 UTC","360d, 12:09:06"
888590643.038,31563341.772,8627.808,False,"2028-02-28 02:44:03 UTC","365d, 07:35:41"
888590643.038,31978936.709,13493.881,False,"2028-02-28 02:44:03 UTC","370d, 03:02:16"
888590643.038,32394531.646,19239.064,True,"2028-02-28 02:44:03 UTC","374d, 22:28:51"
888590643.038,32810126.582,8322.602,True,"2028-02-28 02:44:03 UTC","379d, 17:55:26"
888590643.038,33225721.519,6587.85,True,"2028-02-28 02:44:03 UTC","384d, 13:22:01"
888590643.038,33641316.456,5950.05,True,"2028-02-28 02:44:03 UTC","389d, 08:48:36"
888590643.038,34056911.392,5594.912,True,"2028-02-28 02:44:03 UTC","394d, 04:15:11"
888590643.038,34472506.329,5348.82,True,"2028-02-28 02:44:03 UTC","398d, 23:41:46"
888590643.038,34888101.266,5158.443,True,"2028-02-28 02:44:03 UTC","403d, 19:08:21"
888590643.038,35303696.203,5003.293,True,"2028-02-28 02:44:03 UTC","408d, 14:34:56"
888590643.038,35719291.139,4874.211,True,"2028-02-28 02:44:03 UTC","413d, 10:01:31"
888590643.038,36134886.076,4766.658,True,"2028-02-28 02:44:03 UTC","418d, 05:28:06"
888590643.038,36550481.013,4678.235,True,"2028-02-28 02:44:03 UTC","423d, 00:54:41"
888590643.038,36966075.949,4607.663,True,"2028-02-28 02:44:03 UTC","427d, 20:21:15"
888590643.038,37381670.886,4554.321,True,"2028-02-28 02:44:03 UTC","432d, 15:47:50"
888590643.038,37797265.823,4518.034,True,"2028-02-28 02:44:03 UTC","437d, 11:14:25"
888590643.038,38212860.759,4498.975,True,"2028-02-28 02:44:03 UTC","442d, 06:41:00"
888590643.038,38628455.696,4497.63,True,"2028-02-28 02:44:03 UTC","447d, 02:07:35"
888590643.038,39044050.633,4514.808,True,"2028-02-28 02:44:03 UTC","451d, 21:34:10"
888590643.038,39459645.57,4551.668,True,"2028-02-28 02:44:03 UTC","456d, 17:00:45"
888590643.038,39875240.506,4609.781,True,"2028-02-28 02:44:03 UTC","461d, 12:27:20"
888590643.038,40290835.443,4691.218,True,"2028-02-28 02:44:03 UTC","466d, 07:53:55"
888590643.038,40706430.38,4798.657,True,"2028-02-28 02:44:03 UTC","471d, 03:20:30"
888590643.038,41122025.316,4935.547,True,"2028-02-28 02:44:03 UTC","475d, 22:47:05"
888590643.038,41537620.253,5106.308,True,"2028-02-28 02:44:03 UTC","480d, 18:13:40"
888590643.038,41953215.19,5316.607,True,"2028-02-28 02:44:03 UTC","485d, 13:40:15"
888590643.038,42368810.127,5573.731,True,"2028-02-28 02:44:03 UTC","490d, 09:06:50"
888590643.038,42784405.063,5887.087,True,"2028-02-28 02:44:03 UTC","495d, 04:33:25"
888590643.038,43200000,6268.899,True,"2028-02-28 02:44:03 UTC","500d, 00:00:00"
889866956.962,10368000,19710.565,True,"2028-03-13 21:15:56 UTC","120d, 00:00:00"
889866956.962,10783594.937,18302.102,True,"2028-03-13 21:15:56 UTC","124d, 19:26:34"
889866956.962,11199189.873,17028.297,True,"2028-03-13 21:15:56 UTC","129d, 14:53:09"
889866956.962,11614784.81,15890.573,True,"2028-03-13 21:15:56 UTC","134d, 10:19:44"
889866956.962,12030379.747,14896.82,True,"2028-03-13 21:15:56 UTC","139d, 05:46:19"
889866956.962,12445974.684,14063.223,True,"2028-03-13 21:15:56 UTC","144d, 01:12:54"
889866956.962,12861569.62,13416.921,True,"2028-03-13 21:15:56 UTC","148d, 20:39:29"
889866956.962,13277164.557,12999.588,True,"2028-03-13 21:15:56 UTC","153d, 16:06:04"
889866956.962,13692759.494,12871.785,True,"2028-03-13 21:15:56 UTC","158d, 11:32:39"
889866956.962,14108354.43,13117.262,True,"2028-03-13 21:15:56 UTC","163d, 06:59:14"
889866956.962,14523949.367,13844.777,True,"2028-03-13 21:15:56 UTC","168d, 02:25:49"
889866956.962,14939544.304,15180.958,True,"2028-03-13 21:15:56 UTC","172d, 21:52:24"
889866956.962,15355139.241,17238.593,True,"2028-03-13 21:15:56 UTC","177d, 17:18:59"
889866956.962,15770734.177,20035.213,True,"2028-03-13 21:15:56 UTC","182d, 12:45:34"
889866956.962,16186329.114,23370.936,True,"2028-03-13 21:15:56 UTC","187d, 08:12:09"
889866956.962,16601924.051,26623.443,False,"2028-03-13 21:15:56 UTC","192d, 03:38:44"
889866956.962,17017518.987,25738.749,False,"2028-03-13 21:15:56 UTC","196d, 23:05:18"
889866956.962,17433113.924,24868.883,False,"2028-03-13 21:15:56 UTC","201d, 18:31:53"
889866956.962,17848708.861,24013.813,False,"2028-03-13 21:15:56 UTC","206d, 13:58:28"
889866956.962,18264303.797,23173.623,False,"2028-03-13 21:15:56 UTC","211d, 09:25:03"
889866956.962,18679898.734,22348.491,False,"2028-03-13 21:15:56 UTC","216d, 04:51:38"
889866956.962,19095493.671,21538.677,False,"2028-03-13 21:15:56 UTC","221d, 00:18:13"
889866956.962,19511088.608,20744.502,False,"2028-03-13 21:15:56 UTC","225d, 19:44:48"
889866956.962,19926683.544,19966.337,False,"2028-03-13 21:15:56 UTC","230d, 15:11:23"
889866956.962,20342278.481,19204.591,False,"2028-03-13 21:15:56 UTC","235d, 10:37:58"
889866956.962,20757873.418,18459.694,False,"2028-03-13 21:15:56 UTC","240d, 06:04:33"
889866956.962,21173468.354,17732.095,False,"2028-03-13 21:15:56 UTC","245d, 01:31:08"
889866956.962,21589063.291,17022.244,False,"2028-03-13 21:15:56 UTC","249d, 20:57:43"
889866956.962,22004658.228,16330.593,False,"2028-03-13 21:15:56 UTC","254d, 16:24:18"
889866956.962,22420253.165,15657.581,False,"2028-03-13 21:15:56 UTC","259d, 11:50:53"
889866956.962,22835848.101,15003.633,False,"2028-03-13 21:15:56 UTC","264d, 07:17:28"
889866956.962,23251443.038,14369.152,False,"2028-03-13 21:15:56 UTC","269d, 02:44:03"
889866956.962,23667037.975,13754.521,False,"2028-03-13 21:15:56 UTC","273d, 22:10:37"
889866956.962,24082632.911,13160.095,False,"2028-03-13 21:15:56 UTC","278d, 17:37:12"
889866956.962,24498227.848,12586.207,False,"2028-03-13 21:15:56 UTC","283d, 13:03:47"
889866956.962,24913822.785,12033.166,False,"2028-03-13 21:15:56 UTC","288d, 08:30:22"
889866956.962,25329417.722,11501.267,False,"2028-03-13 21:15:56 UTC","293d, 03:56:57"
889866956.962,25745012.658,10990.8,False,"2028-03-13 21:15:56 UTC","297d, 23:23:32"
889866956.962,26160607.595,10502.07,False,"2028-03-13 21:15:56 UTC","302d, 18:50:07"
889866956.962,26576202.532,10035.424,False,"2028-03-13 21:15:56 UTC","307d, 14:16:42"
889866956.962,26991797.468,9591.296,False,"2028-03-13 21:15:56 UTC","312d, 09:43:17"
889866956.962,27407392.405,9170.292,False,"2028-03-13 21:15:56 UTC","317d, 05:09:52"
889866956.962,27822987.342,8773.319,False,"2028-03-13 21:15:56 UTC","322d, 00:36:27"
889866956.962,28238582.278,8401.832,False,"2028-03-13 21:15:56 UTC","326d, 20:03:02"
889866956.962,28654177.215,8058.307,False,"2028-03-13 21:15:56 UTC","331d, 15:29:37"
889866956.962,29069772.152,7747.22,False,"2028-03-13 21:15:56 UTC","336d, 10:56:12"
889866956.962,29485367.089,7477.261,False,"2028-03-13 21:15:56 UTC","341d, 06:22:47"
889866956.962,29900962.025,7266.992,False,"2028-03-13 21:15:56 UTC","346d, 01:49:22"
889866956.962,30316556.962,7161.697,False,"2028-03-13 21:15:56 UTC","350d, 21:15:56"
889866956.962,30732151.899,7295.932,False,"2028-03-13 21:15:56 UTC","355d, 16:42:31"
889866956.962,31147746.835,8221.264,False,"2028-03-13 21:15:56 UTC","360d, 12:09:06"
889866956.962,31563341.772,14323.076,False,"2028-03-13 21:15:56 UTC","365d, 07:35:41"
889866956.962,31978936.709,14667.875,True,"2028-03-13 21:15:56 UTC","370d, 03:02:16"
889866956.962,32394531.646,7175.185,True,"2028-03-13 21:15:56 UTC","374d, 22:28:51"
889866956.962,32810126.582,5846.041,True,"2028-03-13 21:15:56 UTC","379d, 17:55:26"
889866956.962,33225721.519,5327.954,True,"2028-03-13 21:15:56 UTC","384d, 13:22:01"
889866956.962,33641316.456,5029.908,True,"2028-03-13 21:15:56 UTC","389d, 08:48:36"
889866956.962,34056911.392,4819.966,True,"2028-03-13 21:15:56 UTC","394d, 04:15:11"
889866956.962,34472506.329,4656.688,True,"2028-03-13 21:15:56 UTC","398d, 23:41:46"
889866956.962,34888101.266,4523.953,True,"2028-03-13 21:15:56 UTC","403d, 19:08:21"
889866956.962,35303696.203,4414.495,True,"2028-03-13 21:15:56 UTC","408d, 14:34:56"
889866956.962,35719291.139,4324.689,True,"2028-03-13 21:15:56 UTC","413d, 10:01:31"
889866956.962,36134886.076,4252.611,True,"2028-03-13 21:15:56 UTC","418d, 05:28:06"
889866956.962,36550481.013,4197.237,True,"2028-03-13 21:15:56 UTC","423d, 00:54:41"
889866956.962,36966075.949,4158.088,True,"2028-03-13 21:15:56 UTC","427d, 20:21:15"
889866956.962,37381670.886,4135.069,True,"2028-03-13 21:15:56 UTC","432d, 15:47:50"
889866956.962,37797265.823,4128.396,True,"2028-03-13 21:15:56 UTC","437d, 11:14:25"
889866956.962,38212860.759,4138.585,True,"2028-03-13 21:15:56 UTC","442d, 06:41:00"
889866956.962,38628455.696,4166.469,True,"2028-03-13 21:15:56 UTC","447d, 02:07:35"
889866956.962,39044050.633,4213.242,True,"2028-03-13 21:15:56 UTC","451d, 21:34:10"
889866956.962,39459645.57,4280.522,True,"2028-03-13 21:15:56 UTC","456d, 17:00:45"
889866956.962,39875240.506,4370.45,True,"2028-03-13 21:15:56 UTC","461d, 12:27:20"
889866956.962,40290835.443,4485.805,True,"2028-03-13 21:15:56 UTC","466d, 07:53:55"
889866956.962,40706430.38,4630.174,True,"2028-03-13 21:15:56 UTC","471d, 03:20:30"
889866956.962,41122025.316,4808.161,True,"2028-03-13 21:15:56 UTC","475d, 22:47:05"
889866956.962,41537620.253,5025.67,True,"2028-03-13 21:15:56 UTC","480d, 18:13:40"
889866956.962,41953215.19,5290.291,True,"2028-03-13 21:15:56 UTC","485d, 13:40:15"
889866956.962,42368810.127,5611.807,True,"2028-03-13 21:15:56 UTC","490d, 09:06:50"
889866956.962,42784405.063,6002.912,True,"2028-03-13 21:15:56 UTC","495d, 04:33:25"
889866956.962,43200000,6480.196,True,"2028-03-13 21:15:56 UTC","500d, 00:00:00"
891143270.886,10368000,19842.189,True,"2028-03-28 15:47:50 UTC","120d, 00:00:00"
891143270.886,10783594.937,18429.152,True,"2028-03-28 15:47:50 UTC","124d, 19:26:34"
891143270.886,11199189.873,17160.211,True,"2028-03-28 15:47:50 UTC","129d, 14:53:09"
891143270.886,11614784.81,16041.06,True,"2028-03-28 15:47:50 UTC","134d, 10:19:44"
891143270.886,12030379.747,15085.934,True,"2028-03-28 15:47:50 UTC","139d, 05:46:19"
891143270.886,12445974.684,14320.353,True,"2028-03-28 15:47:50 UTC","144d, 01:12:54"
891143270.886,12861569.62,13784.908,True,"2028-03-28 15:47:50 UTC","148d, 20:39:29"
891143270.886,13277164.557,13539.913,True,"2028-03-28 15:47:50 UTC","153d, 16:06:04"
891143270.886,13692759.494,13669.917,True,"2028-03-28 15:47:50 UTC","158d, 11:32:39"
891143270.886,14108354.43,14285.042,True,"2028-03-28 15:47:50 UTC","163d, 06:59:14"
891143270.886,14523949.367,15511.728,True,"2028-03-28 15:47:50 UTC","168d, 02:25:49"
891143270.886,14939544.304,17456.984,True,"2028-03-28 15:47:50 UTC","172d, 21:52:24"
891143270.886,15355139.241,20125.138,True,"2028-03-28 15:47:50 UTC","177d, 17:18:59"
891143270.886,15770734.177,23307.217,True,"2028-03-28 15:47:50 UTC","182d, 12:45:34"
891143270.886,16186329.114,25955.078,False,"2028-03-28 15:47:50 UTC","187d, 08:12:09"
891143270.886,16601924.051,25047.275,False,"2028-03-28 15:47:50 UTC","192d, 03:38:44"
891143270.886,17017518.987,24156.616,False,"2028-03-28 15:47:50 UTC","196d, 23:05:18"
891143270.886,17433113.924,23282.935,False,"2028-03-28 15:47:50 UTC","201d, 18:31:53"
891143270.886,17848708.861,22426.201,False,"2028-03-28 15:47:50 UTC","206d, 13:58:28"
891143270.886,18264303.797,21586.497,False,"2028-03-28 15:47:50 UTC","211d, 09:25:03"
891143270.886,18679898.734,20763.995,False,"2028-03-28 15:47:50 UTC","216d, 04:51:38"
891143270.886,19095493.671,19958.946,False,"2028-03-28 15:47:50 UTC","221d, 00:18:13"
891143270.886,19511088.608,19171.657,False,"2028-03-28 15:47:50 UTC","225d, 19:44:48"
891143270.886,19926683.544,18402.476,False,"2028-03-28 15:47:50 UTC","230d, 15:11:23"
891143270.886,20342278.481,17651.783,False,"2028-03-28 15:47:50 UTC","235d, 10:37:58"
891143270.886,20757873.418,16919.978,False,"2028-03-28 15:47:50 UTC","240d, 06:04:33"
891143270.886,21173468.354,16207.465,False,"2028-03-28 15:47:50 UTC","245d, 01:31:08"
891143270.886,21589063.291,15514.65,False,"2028-03-28 15:47:50 UTC","249d, 20:57:43"
891143270.886,22004658.228,14841.928,False,"2028-03-28 15:47:50 UTC","254d, 16:24:18"
891143270.886,22420253.165,14189.678,False,"2028-03-28 15:47:50 UTC","259d, 11:50:53"
891143270.886,22835848.101,13558.26,False,"2028-03-28 15:47:50 UTC","264d, 07:17:28"
891143270.886,23251443.038,12948.007,False,"2028-03-28 15:47:50 UTC","269d, 02:44:03"
891143270.886,23667037.975,12359.228,False,"2028-03-28 15:47:50 UTC","273d, 22:10:37"
891143270.886,24082632.911,11792.204,False,"2028-03-28 15:47:50 UTC","278d, 17:37:12"
891143270.886,24498227.848,11247.194,False,"2028-03-28 15:47:50 UTC","283d, 13:03:47"
891143270.886,24913822.785,10724.44,False,"2028-03-28 15:47:50 UTC","288d, 08:30:22"
891143270.886,25329417.722,10224.177,False,"2028-03-28 15:47:50 UTC","293d, 03:56:57"
891143270.886,25745012.658,9746.65,False,"2028-03-28 15:47:50 UTC","297d, 23:23:32"
891143270.886,26160607.595,9292.148,False,"2028-03-28 15:47:50 UTC","302d, 18:50:07"
891143270.886,26576202.532,8861.044,False,"2028-03-28 15:47:50 UTC","307d, 14:16:42"
891143270.886,26991797.468,8453.876,False,"2028-03-28 15:47:50 UTC","312d, 09:43:17"
891143270.886,27407392.405,8071.48,False,"2028-03-28 15:47:50 UTC","317d, 05:09:52"
891143270.886,27822987.342,7715.233,False,"2028-03-28 15:47:50 UTC","322d, 00:36:27"
891143270.886,28238582.278,7387.522,False,"2028-03-28 15:47:50 UTC","326d, 20:03:02"
891143270.886,28654177.215,7092.719,False,"2028-03-28 15:47:50 UTC","331d, 15:29:37"
891143270.886,29069772.152,6839.414,False,"2028-03-28 15:47:50 UTC","336d, 10:56:12"
891143270.886,29485367.089,6646.174,False,"2028-03-28 15:47:50 UTC","341d, 06:22:47"
891143270.886,29900962.025,6559.056,False,"2028-03-28 15:47:50 UTC","346d, 01:49:22"
891143270.886,30316556.962,6718.892,False,"2028-03-28 15:47:50 UTC","350d, 21:15:56"
891143270.886,30732151.899,7738.837,False,"2028-03-28 15:47:50 UTC","355d, 16:42:31"
891143270.886,31147746.835,15613.426,False,"2028-03-28 15:47:50 UTC","360d, 12:09:06"
891143270.886,31563341.772,10902.941,True,"2028-03-28 15:47:50 UTC","365d, 07:35:41"
891143270.886,31978936.709,6073.436,True,"2028-03-28 15:47:50 UTC","370d, 03:02:16"
891143270.886,32394531.646,5113.801,True,"2028-03-28 15:47:50 UTC","374d, 22:28:51"
891143270.886,32810126.582,4717.205,True,"2028-03-28 15:47:50 UTC","379d, 17:55:26"
891143270.886,33225721.519,4480.502,True,"2028-03-28 15:47:50 UTC","384d, 13:22:01"
891143270.886,33641316.456,4310.552,True,"2028-03-28 15:47:50 UTC","389d, 08:48:36"
891143270.886,34056911.392,4177.657,True,"2028-03-28 15:47:50 UTC","394d, 04:15:11"
891143270.886,34472506.329,4070.167,True,"2028-03-28 15:47:50 UTC","398d, 23:41:46"
891143270.886,34888101.266,3982.79,True,"2028-03-28 15:47:50 UTC","403d, 19:08:21"
891143270.886,35303696.203,3912.866,True,"2028-03-28 15:47:50 UTC","408d, 14:34:56"
891143270.886,35719291.139,3858.976,True,"2028-03-28 15:47:50 UTC","413d, 10:01:31"
891143270.886,36134886.076,3820.371,True,"2028-03-28 15:47:50 UTC","418d, 05:28:06"
891143270.886,36550481.013,3796.729,True,"2028-03-28 15:47:50 UTC","423d, 00:54:41"
891143270.886,36966075.949,3788.048,True,"2028-03-28 15:47:50 UTC","427d, 20:21:15"
891143270.886,37381670.886,3794.61,True,"2028-03-28 15:47:50 UTC","432d, 15:47:50"
891143270.886,37797265.823,3816.988,True,"2028-03-28 15:47:50 UTC","437d, 11:14:25"
891143270.886,38212860.759,3856.079,True,"2028-03-28 15:47:50 UTC","442d, 06:41:00"
891143270.886,38628455.696,3913.159,True,"2028-03-28 15:47:50 UTC","447d, 02:07:35"
891143270.886,39044050.633,3989.955,True,"2028-03-28 15:47:50 UTC","451d, 21:34:10"
891143270.886,39459645.57,4088.752,True,"2028-03-28 15:47:50 UTC","456d, 17:00:45"
891143270.886,39875240.506,4212.514,True,"2028-03-28 15:47:50 UTC","461d, 12:27:20"
891143270.886,40290835.443,4365.065,True,"2028-03-28 15:47:50 UTC","466d, 07:53:55"
891143270.886,40706430.38,4551.299,True,"2028-03-28 15:47:50 UTC","471d, 03:20:30"
891143270.886,41122025.316,4777.48,True,"2028-03-28 15:47:50 UTC","475d, 22:47:05"
891143270.886,41537620.253,5051.626,True,"2028-03-28 15:47:50 UTC","480d, 18:13:40"
891143270.886,41953215.19,5384.044,True,"2028-03-28 15:47:50 UTC","485d, 13:40:15"
891143270.886,42368810.127,5788.049,True,"2028-03-28 15:47:50 UTC","490d, 09:06:50"
891143270.886,42784405.063,6280.98,True,"2028-03-28 15:47:50 UTC","495d, 04:33:25"
891143270.886,43200000,6885.604,True,"2028-03-28 15:47:50 UTC","500d, 00:00:00"
892419584.81,10368000,19938.662,True,"2028-04-12 10:19:44 UTC","120d, 00:00:00"
892419584.81,10783594.937,18528.766,True,"2028-04-12 10:19:44 UTC","124d, 19:26:34"
892419584.81,11199189.873,17277.166,True,"2028-04-12 10:19:44 UTC","129d, 14:53:09"
892419584.81,11614784.81,16196.074,True,"2028-04-12 10:19:44 UTC","134d, 10:19:44"
892419584.81,12030379.747,15309.351,True,"2028-04-12 10:19:44 UTC","139d, 05:46:19"
892419584.81,12445974.684,14656.423,True,"2028-04-12 10:19:44 UTC","144d, 01:12:54"
892419584.81,12861569.62,14297.119,True,"2028-04-12 10:19:44 UTC","148d, 20:39:29"
892419584.81,13277164.557,14316.199,True,"2028-04-12 10:19:44 UTC","153d, 16:06:04"
892419584.81,13692759.494,14823.925,True,"2028-04-12 10:19:44 UTC","158d, 11:32:39"
892419584.81,14108354.43,15944.184,True,"2028-04-12 10:19:44 UTC","163d, 06:59:14"
892419584.81,14523949.367,17774.276,True,"2028-04-12 10:19:44 UTC","168d, 02:25:49"
892419584.81,14939544.304,20300.954,True,"2028-04-12 10:19:44 UTC","172d, 21:52:24"
892419584.81,15355139.241,23305.677,True,"2028-04-12 10:19:44 UTC","177d, 17:18:59"
892419584.81,15770734.177,25193.707,False,"2028-04-12 10:19:44 UTC","182d, 12:45:34"
892419584.81,16186329.114,24262.899,False,"2028-04-12 10:19:44 UTC","187d, 08:12:09"
892419584.81,16601924.051,23351.911,False,"2028-04-12 10:19:44 UTC","192d, 03:38:44"
892419584.81,17017518.987,22460.415,False,"2028-04-12 10:19:44 UTC","196d, 23:05:18"
892419584.81,17433113.924,21588.241,False,"2028-04-12 10:19:44 UTC","201d, 18:31:53"
892419584.81,17848708.861,20735.349,False,"2028-04-12 10:19:44 UTC","206d, 13:58:28"
892419584.81,18264303.797,19901.81,False,"2028-04-12 10:19:44 UTC","211d, 09:25:03"
892419584.81,18679898.734,19087.78,False,"2028-04-12 10:19:44 UTC","216d, 04:51:38"
892419584.81,19095493.671,18293.483,False,"2028-04-12 10:19:44 UTC","221d, 00:18:13"
892419584.81,19511088.608,17519.194,False,"2028-04-12 10:19:44 UTC","225d, 19:44:48"
892419584.81,19926683.544,16765.223,False,"2028-04-12 10:19:44 UTC","230d, 15:11:23"
892419584.81,20342278.481,16031.904,False,"2028-04-12 10:19:44 UTC","235d, 10:37:58"
892419584.81,20757873.418,15319.58,False,"2028-04-12 10:19:44 UTC","240d, 06:04:33"
892419584.81,21173468.354,14628.595,False,"2028-04-12 10:19:44 UTC","245d, 01:31:08"
892419584.81,21589063.291,13959.283,False,"2028-04-12 10:19:44 UTC","249d, 20:57:43"
892419584.81,22004658.228,13311.964,False,"2028-04-12 10:19:44 UTC","254d, 16:24:18"
892419584.81,22420253.165,12686.936,False,"2028-04-12 10:19:44 UTC","259d, 11:50:53"
892419584.81,22835848.101,12084.47,False,"2028-04-12 10:19:44 UTC","264d, 07:17:28"
892419584.81,23251443.038,11504.81,False,"2028-04-12 10:19:44 UTC","269d, 02:44:03"
892419584.81,23667037.975,10948.171,False,"2028-04-12 10:19:44 UTC","273d, 22:10:37"
892419584.81,24082632.911,10414.744,False,"2028-04-12 10:19:44 UTC","278d, 17:37:12"
892419584.81,24498227.848,9904.698,False,"2028-04-12 10:19:44 UTC","283d, 13:03:47"
892419584.81,24913822.785,9418.191,False,"2028-04-12 10:19:44 UTC","288d, 08:30:22"
892419584.81,25329417.722,8955.391,False,"2028-04-12 10:19:44 UTC","293d, 03:56:57"
892419584.81,25745012.658,8516.495,False,"2028-04-12 10:19:44 UTC","297d, 23:23:32"
892419584.81,26160607.595,8101.778,False,"2028-04-12 10:19:44 UTC","302d, 18:50:07"
892419584.81,26576202.532,7711.666,False,"2028-04-12 10:19:44 UTC","307d, 14:16:42"
892419584.81,26991797.468,7346.857,False,"2028-04-12 10:19:44 UTC","312d, 09:43:17"
892419584.81,27407392.405,7008.551,False,"2028-04-12 10:19:44 UTC","317d, 05:09:52"
892419584.81,27822987.342,6698.887,False,"2028-04-12 10:19:44 UTC","322d, 00:36:27"
892419584.81,28238582.278,6421.87,False,"2028-04-12 10:19:44 UTC","326d, 20:03:02"
892419584.81,28654177.215,6185.498,False,"2028-04-12 10:19:44 UTC","331d, 15:29:37"
892419584.81,29069772.152,6007.345,False,"2028-04-12 10:19:44 UTC","336d, 10:56:12"
892419584.81,29485367.089,5931.994,False,"2028-04-12 10:19:44 UTC","341d, 06:22:47"
892419584.81,29900962.025,6101.121,False,"2028-04-12 10:19:44 UTC","346d, 01:49:22"
892419584.81,30316556.962,7185.674,False,"2028-04-12 10:19:44 UTC","350d, 21:15:56"
892419584.81,30732151.899,18371.546,False,"2028-04-12 10:19:44 UTC","355d, 16:42:31"
892419584.81,31147746.835,7903.056,True,"2028-04-12 10:19:44 UTC","360d, 12:09:06"
892419584.81,31563341.772,5054.304,True,"2028-04-12 10:19:44 UTC","365d, 07:35:41"
892419584.81,31978936.709,4422.292,True,"2028-04-12 10:19:44 UTC","370d, 03:02:16"
892419584.81,32394531.646,4142.996,True,"2028-04-12 10:19:44 UTC","374d, 22:28:51"
892419584.81,32810126.582,3968.365,True,"2028-04-12 10:19:44 UTC","379d, 17:55:26"
892419584.81,33225721.519,3839.972,True,"2028-04-12 10:19:44 UTC","384d, 13:22:01"
892419584.81,33641316.456,3739.072,True,"2028-04-12 10:19:44 UTC","389d, 08:48:36"
892419584.81,34056911.392,3658.277,True,"2028-04-12 10:19:44 UTC","394d, 04:15:11"
892419584.81,34472506.329,3594.201,True,"2028-04-12 10:19:44 UTC","398d, 23:41:46"
892419584.81,34888101.266,3545.119,True,"2028-04-12 10:19:44 UTC","403d, 19:08:21"
892419584.81,35303696.203,3510.101,True,"2028-04-12 10:19:44 UTC","408d, 14:34:56"
892419584.81,35719291.139,3488.675,True,"2028-04-12 10:19:44 UTC","413d, 10:01:31"
892419584.81,36134886.076,3480.686,True,"2028-04-12 10:19:44 UTC","418d, 05:28:06"
892419584.81,36550481.013,3486.249,True,"2028-04-12 10:19:44 UTC","423d, 00:54:41"
892419584.81,36966075.949,3505.75,True,"2028-04-12 10:19:44 UTC","427d, 20:21:15"
892419584.81,37381670.886,3539.872,True,"2028-04-12 10:19:44 UTC","432d, 15:47:50"
892419584.81,37797265.823,3589.642,True,"2028-04-12 10:19:44 UTC","437d, 11:14:25"
892419584.81,38212860.759,3656.494,True,"2028-04-12 10:19:44 UTC","442d, 06:41:00"
892419584.81,38628455.696,3742.357,True,"2028-04-12 10:19:44 UTC","447d, 02:07:35"
892419584.81,39044050.633,3849.758,True,"2028-04-12 10:19:44 UTC","451d, 21:34:10"
892419584.81,39459645.57,3981.96,True,"2028-04-12 10:19:44 UTC","456d, 17:00:45"
892419584.81,39875240.506,4143.137,True,"2028-04-12 10:19:44 UTC","461d, 12:27:20"
892419584.81,40290835.443,4338.601,True,"2028-04-12 10:19:44 UTC","466d, 07:53:55"
892419584.81,40706430.38,4575.1,True,"2028-04-12 10:19:44 UTC","471d, 03:20:30"
892419584.81,41122025.316,4861.222,True,"2028-04-12 10:19:44 UTC","475d, 22:47:05"
892419584.81,41537620.253,5207.935,True,"2028-04-12 10:19:44 UTC","480d, 18:13:40"
892419584.81,41953215.19,5629.336,True,"2028-04-12 10:19:44 UTC","485d, 13:40:15"
892419584.81,42368810.127,6143.677,True,"2028-04-12 10:19:44 UTC","490d, 09:06:50"
892419584.81,42784405.063,6774.816,True,"2028-04-12 10:19:44 UTC","495d, 04:33:25"
892419584.81,43200000,7554.227,True,"2028-04-12 10:19:44 UTC","500d, 00:00:00"
893695898.734,10368000,20004.042,True,"2028-04-27 04:51:38 UTC","120d, 00:00:00"
893695898.734,10783594.937,18611.441,True,"2028-04-27 04:51:38 UTC","124d, 19:26:34"
893695898.734,11199189.873,17398.747,True,"2028-04-27 04:51:38 UTC","129d, 14:53:09"
893695898.734,11614784.81,16388.113,True,"2028-04-27 04:51:38 UTC","134d, 10:19:44"
893695898.734,12030379.747,15617.744,True,"2028-04-27 04:51:38 UTC","139d, 05:46:19"
893695898.734,12445974.684,15146.779,True,"2028-04-27 04:51:38 UTC","144d, 01:12:54"
893695898.734,12861569.62,15059.6,True,"2028-04-27 04:51:38 UTC","148d, 20:39:29"
893695898.734,13277164.557,15465.239,True,"2028-04-27 04:51:38 UTC","153d, 16:06:04"
893695898.734,13692759.494,16482.39,True,"2028-04-27 04:51:38 UTC","158d, 11:32:39"
893695898.734,14108354.43,18194.685,True,"2028-04-27 04:51:38 UTC","163d, 06:59:14"
893695898.734,14523949.367,20568.068,True,"2028-04-27 04:51:38 UTC","168d, 02:25:49"
893695898.734,14939544.304,25321.015,False,"2028-04-27 04:51:38 UTC","172d, 21:52:24"
893695898.734,15355139.241,24343.963,False,"2028-04-27 04:51:38 UTC","177d, 17:18:59"
893695898.734,15770734.177,23390.545,False,"2028-04-27 04:51:38 UTC","182d, 12:45:34"
893695898.734,16186329.114,22460.011,False,"2028-04-27 04:51:38 UTC","187d, 08:12:09"
893695898.734,16601924.051,21551.836,False,"2028-04-27 04:51:38 UTC","192d, 03:38:44"
893695898.734,17017518.987,20665.682,False,"2028-04-27 04:51:38 UTC","196d, 23:05:18"
893695898.734,17433113.924,19801.361,False,"2028-04-27 04:51:38 UTC","201d, 18:31:53"
893695898.734,17848708.861,18958.814,False,"2028-04-27 04:51:38 UTC","206d, 13:58:28"
893695898.734,18264303.797,18138.083,False,"2028-04-27 04:51:38 UTC","211d, 09:25:03"
893695898.734,18679898.734,17339.288,False,"2028-04-27 04:51:38 UTC","216d, 04:51:38"
893695898.734,19095493.671,16562.608,False,"2028-04-27 04:51:38 UTC","221d, 00:18:13"
893695898.734,19511088.608,15808.265,False,"2028-04-27 04:51:38 UTC","225d, 19:44:48"
893695898.734,19926683.544,15076.508,False,"2028-04-27 04:51:38 UTC","230d, 15:11:23"
893695898.734,20342278.481,14367.601,False,"2028-04-27 04:51:38 UTC","235d, 10:37:58"
893695898.734,20757873.418,13681.807,False,"2028-04-27 04:51:38 UTC","240d, 06:04:33"
893695898.734,21173468.354,13019.385,False,"2028-04-27 04:51:38 UTC","245d, 01:31:08"
893695898.734,21589063.291,12380.576,False,"2028-04-27 04:51:38 UTC","249d, 20:57:43"
893695898.734,22004658.228,11765.6,False,"2028-04-27 04:51:38 UTC","254d, 16:24:18"
893695898.734,22420253.165,11174.649,False,"2028-04-27 04:51:38 UTC","259d, 11:50:53"
893695898.734,22835848.101,10607.885,False,"2028-04-27 04:51:38 UTC","264d, 07:17:28"
893695898.734,23251443.038,10065.442,False,"2028-04-27 04:51:38 UTC","269d, 02:44:03"
893695898.734,23667037.975,9547.419,False,"2028-04-27 04:51:38 UTC","273d, 22:10:37"
893695898.734,24082632.911,9053.896,False,"2028-04-27 04:51:38 UTC","278d, 17:37:12"
893695898.734,24498227.848,8584.933,False,"2028-04-27 04:51:38 UTC","283d, 13:03:47"
893695898.734,24913822.785,8140.588,False,"2028-04-27 04:51:38 UTC","288d, 08:30:22"
893695898.734,25329417.722,7720.942,False,"2028-04-27 04:51:38 UTC","293d, 03:56:57"
893695898.734,25745012.658,7326.131,False,"2028-04-27 04:51:38 UTC","297d, 23:23:32"
893695898.734,26160607.595,6956.413,False,"2028-04-27 04:51:38 UTC","302d, 18:50:07"
893695898.734,26576202.532,6612.276,False,"2028-04-27 04:51:38 UTC","307d, 14:16:42"
893695898.734,26991797.468,6294.63,False,"2028-04-27 04:51:38 UTC","312d, 09:43:17"
893695898.734,27407392.405,6005.199,False,"2028-04-27 04:51:38 UTC","317d, 05:09:52"
893695898.734,27822987.342,5747.319,False,"2028-04-27 04:51:38 UTC","322d, 00:36:27"
893695898.734,28238582.278,5527.839,False,"2028-04-27 04:51:38 UTC","326d, 20:03:02"
893695898.734,28654177.215,5362.181,False,"2028-04-27 04:51:38 UTC","331d, 15:29:37"
893695898.734,29069772.152,5290.696,False,"2028-04-27 04:51:38 UTC","336d, 10:56:12"
893695898.734,29485367.089,5448.658,False,"2028-04-27 04:51:38 UTC","341d, 06:22:47"
893695898.734,29900962.025,6560.262,False,"2028-04-27 04:51:38 UTC","346d, 01:49:22"
893695898.734,30316556.962,26788.229,False,"2028-04-27 04:51:38 UTC","350d, 21:15:56"
893695898.734,30732151.899,5626.051,True,"2028-04-27 04:51:38 UTC","355d, 16:42:31"
893695898.734,31147746.835,4167.901,True,"2028-04-27 04:51:38 UTC","360d, 12:09:06"
893695898.734,31563341.772,3808.584,True,"2028-04-27 04:51:38 UTC","365d, 07:35:41"
893695898.734,31978936.709,3633.935,True,"2028-04-27 04:51:38 UTC","370d, 03:02:16"
893695898.734,32394531.646,3517.198,True,"2028-04-27 04:51:38 UTC","374d, 22:28:51"
893695898.734,32810126.582,3428.676,True,"2028-04-27 04:51:38 UTC","379d, 17:55:26"
893695898.734,33225721.519,3358.926,True,"2028-04-27 04:51:38 UTC","384d, 13:22:01"
893695898.734,33641316.456,3304.215,True,"2028-04-27 04:51:38 UTC","389d, 08:48:36"
893695898.734,34056911.392,3262.8,True,"2028-04-27 04:51:38 UTC","394d, 04:15:11"
893695898.734,34472506.329,3233.763,True,"2028-04-27 04:51:38 UTC","398d, 23:41:46"
893695898.734,34888101.266,3216.613,True,"2028-04-27 04:51:38 UTC","403d, 19:08:21"
893695898.734,35303696.203,3211.139,True,"2028-04-27 04:51:38 UTC","408d, 14:34:56"
893695898.734,35719291.139,3217.376,True,"2028-04-27 04:51:38 UTC","413d, 10:01:31"
893695898.734,36134886.076,3235.602,True,"2028-04-27 04:51:38 UTC","418d, 05:28:06"
893695898.734,36550481.013,3266.372,True,"2028-04-27 04:51:38 UTC","423d, 00:54:41"
893695898.734,36966075.949,3310.56,True,"2028-04-27 04:51:38 UTC","427d, 20:21:15"
893695898.734,37381670.886,3369.418,True,"2028-04-27 04:51:38 UTC","432d, 15:47:50"
893695898.734,37797265.823,3444.647,True,"2028-04-27 04:51:38 UTC","437d, 11:14:25"
893695898.734,38212860.759,3538.489,True,"2028-04-27 04:51:38 UTC","442d, 06:41:00"
893695898.734,38628455.696,3653.831,True,"2028-04-27 04:51:38 UTC","447d, 02:07:35"
893695898.734,39044050.633,3794.349,True,"2028-04-27 04:51:38 UTC","451d, 21:34:10"
893695898.734,39459645.57,3964.688,True,"2028-04-27 04:51:38 UTC","456d, 17:00:45"
893695898.734,39875240.506,4170.692,True,"2028-04-27 04:51:38 UTC","461d, 12:27:20"
893695898.734,40290835.443,4419.712,True,"2028-04-27 04:51:38 UTC","466d, 07:53:55"
893695898.734,40706430.38,4721.023,True,"2028-04-27 04:51:38 UTC","471d, 03:20:30"
893695898.734,41122025.316,5086.381,True,"2028-04-27 04:51:38 UTC","475d, 22:47:05"
893695898.734,41537620.253,5530.798,True,"2028-04-27 04:51:38 UTC","480d, 18:13:40"
893695898.734,41953215.19,6073.601,True,"2028-04-27 04:51:38 UTC","485d, 13:40:15"
893695898.734,42368810.127,6739.916,True,"2028-04-27 04:51:38 UTC","490d, 09:06:50"
893695898.734,42784405.063,7562.707,True,"2028-04-27 04:51:38 UTC","495d, 04:33:25"
893695898.734,43200000,8585.538,True,"2028-04-27 04:51:38 UTC","500d, 00:00:00"
894972212.658,10368000,20053.748,True,"2028-05-11 23:23:32 UTC","120d, 00:00:00"
894972212.658,10783594.937,18702.232,True,"2028-05-11 23:23:32 UTC","124d, 19:26:34"
894972212.658,11199189.873,17563.58,True,"2028-05-11 23:23:32 UTC","129d, 14:53:09"
894972212.658,11614784.81,16674.666,True,"2028-05-11 23:23:32 UTC","134d, 10:19:44"
894972212.658,12030379.747,16093.676,True,"2028-05-11 23:23:32 UTC","139d, 05:46:19"
894972212.658,12445974.684,15903.904,True,"2028-05-11 23:23:32 UTC","144d, 01:12:54"
894972212.658,12861569.62,16211.544,True,"2028-05-11 23:23:32 UTC","148d, 20:39:29"
894972212.658,13277164.557,17127.197,True,"2028-05-11 23:23:32 UTC","153d, 16:06:04"
894972212.658,13692759.494,18717.181,True,"2028-05-11 23:23:32 UTC","158d, 11:32:39"
894972212.658,14108354.43,20925.263,True,"2028-05-11 23:23:32 UTC","163d, 06:59:14"
894972212.658,14523949.367,24414.256,False,"2028-05-11 23:23:32 UTC","168d, 02:25:49"
894972212.658,14939544.304,23411.587,False,"2028-05-11 23:23:32 UTC","172d, 21:52:24"
894972212.658,15355139.241,22436.294,False,"2028-05-11 23:23:32 UTC","177d, 17:18:59"
894972212.658,15770734.177,21487.357,False,"2028-05-11 23:23:32 UTC","182d, 12:45:34"
894972212.658,16186329.114,20564.018,False,"2028-05-11 23:23:32 UTC","187d, 08:12:09"
894972212.658,16601924.051,19665.732,False,"2028-05-11 23:23:32 UTC","192d, 03:38:44"
894972212.658,17017518.987,18792.136,False,"2028-05-11 23:23:32 UTC","196d, 23:05:18"
894972212.658,17433113.924,17943.013,False,"2028-05-11 23:23:32 UTC","201d, 18:31:53"
894972212.658,17848708.861,17118.262,False,"2028-05-11 23:23:32 UTC","206d, 13:58:28"
894972212.658,18264303.797,16317.876,False,"2028-05-11 23:23:32 UTC","211d, 09:25:03"
894972212.658,18679898.734,15541.916,False,"2028-05-11 23:23:32 UTC","216d, 04:51:38"
894972212.658,19095493.671,14790.494,False,"2028-05-11 23:23:32 UTC","221d, 00:18:13"
894972212.658,19511088.608,14063.753,False,"2028-05-11 23:23:32 UTC","225d, 19:44:48"
894972212.658,19926683.544,13361.858,False,"2028-05-11 23:23:32 UTC","230d, 15:11:23"
894972212.658,20342278.481,12684.975,False,"2028-05-11 23:23:32 UTC","235d, 10:37:58"
894972212.658,20757873.418,12033.265,False,"2028-05-11 23:23:32 UTC","240d, 06:04:33"
894972212.658,21173468.354,11406.876,False,"2028-05-11 23:23:32 UTC","245d, 01:31:08"
894972212.658,21589063.291,10805.93,False,"2028-05-11 23:23:32 UTC","249d, 20:57:43"
894972212.658,22004658.228,10230.523,False,"2028-05-11 23:23:32 UTC","254d, 16:24:18"
894972212.658,22420253.165,9680.719,False,"2028-05-11 23:23:32 UTC","259d, 11:50:53"
894972212.658,22835848.101,9156.547,False,"2028-05-11 23:23:32 UTC","264d, 07:17:28"
894972212.658,23251443.038,8658.001,False,"2028-05-11 23:23:32 UTC","269d, 02:44:03"
894972212.658,23667037.975,8185.046,False,"2028-05-11 23:23:32 UTC","273d, 22:10:37"
894972212.658,24082632.911,7737.619,False,"2028-05-11 23:23:32 UTC","278d, 17:37:12"
894972212.658,24498227.848,7315.642,False,"2028-05-11 23:23:32 UTC","283d, 13:03:47"
894972212.658,24913822.785,6919.039,False,"2028-05-11 23:23:32 UTC","288d, 08:30:22"
894972212.658,25329417.722,6547.764,False,"2028-05-11 23:23:32 UTC","293d, 03:56:57"
894972212.658,25745012.658,6201.848,False,"2028-05-11 23:23:32 UTC","297d, 23:23:32"
894972212.658,26160607.595,5881.482,False,"2028-05-11 23:23:32 UTC","302d, 18:50:07"
894972212.658,26576202.532,5587.165,False,"2028-05-11 23:23:32 UTC","307d, 14:16:42"
894972212.658,26991797.468,5320.001,False,"2028-05-11 23:23:32 UTC","312d, 09:43:17"
894972212.658,27407392.405,5082.321,False,"2028-05-11 23:23:32 UTC","317d, 05:09:52"
894972212.658,27822987.342,4879.17,False,"2028-05-11 23:23:32 UTC","322d, 00:36:27"
894972212.658,28238582.278,4722.379,False,"2028-05-11 23:23:32 UTC","326d, 20:03:02"
894972212.658,28654177.215,4644.325,False,"2028-05-11 23:23:32 UTC","331d, 15:29:37"
894972212.658,29069772.152,4762.107,False,"2028-05-11 23:23:32 UTC","336d, 10:56:12"
894972212.658,29485367.089,5833.829,False,"2028-05-11 23:23:32 UTC","341d, 06:22:47"
894972212.658,29900962.025,15886.17,True,"2028-05-11 23:23:32 UTC","346d, 01:49:22"
894972212.658,30316556.962,4027.926,True,"2028-05-11 23:23:32 UTC","350d, 21:15:56"
894972212.658,30732151.899,3474.741,True,"2028-05-11 23:23:32 UTC","355d, 16:42:31"
894972212.658,31147746.835,3314.586,True,"2028-05-11 23:23:32 UTC","360d, 12:09:06"
894972212.658,31563341.772,3221.188,True,"2028-05-11 23:23:32 UTC","365d, 07:35:41"
894972212.658,31978936.709,3151.794,True,"2028-05-11 23:23:32 UTC","370d, 03:02:16"
894972212.658,32394531.646,3097.079,True,"2028-05-11 23:23:32 UTC","374d, 22:28:51"
894972212.658,32810126.582,3054.225,True,"2028-05-11 23:23:32 UTC","379d, 17:55:26"
894972212.658,33225721.519,3022.097,True,"2028-05-11 23:23:32 UTC","384d, 13:22:01"
894972212.658,33641316.456,3000.115,True,"2028-05-11 23:23:32 UTC","389d, 08:48:36"
894972212.658,34056911.392,2987.953,True,"2028-05-11 23:23:32 UTC","394d, 04:15:11"
894972212.658,34472506.329,2985.468,True,"2028-05-11 23:23:32 UTC","398d, 23:41:46"
894972212.658,34888101.266,2992.706,True,"2028-05-11 23:23:32 UTC","403d, 19:08:21"
894972212.658,35303696.203,3009.924,True,"2028-05-11 23:23:32 UTC","408d, 14:34:56"
894972212.658,35719291.139,3037.637,True,"2028-05-11 23:23:32 UTC","413d, 10:01:31"
894972212.658,36134886.076,3076.661,True,"2028-05-11 23:23:32 UTC","418d, 05:28:06"
894972212.658,36550481.013,3128.166,True,"2028-05-11 23:23:32 UTC","423d, 00:54:41"
894972212.658,36966075.949,3193.741,True,"2028-05-11 23:23:32 UTC","427d, 20:21:15"
894972212.658,37381670.886,3275.468,True,"2028-05-11 23:23:32 UTC","432d, 15:47:50"
894972212.658,37797265.823,3376.008,True,"2028-05-11 23:23:32 UTC","437d, 11:14:25"
894972212.658,38212860.759,3498.715,True,"2028-05-11 23:23:32 UTC","442d, 06:41:00"
894972212.658,38628455.696,3647.778,True,"2028-05-11 23:23:32 UTC","447d, 02:07:35"
894972212.658,39044050.633,3828.403,True,"2028-05-11 23:23:32 UTC","451d, 21:34:10"
894972212.658,39459645.57,4047.049,True,"2028-05-11 23:23:32 UTC","456d, 17:00:45"
894972212.658,39875240.506,4311.754,True,"2028-05-11 23:23:32 UTC","461d, 12:27:20"
894972212.658,40290835.443,4632.565,True,"2028-05-11 23:23:32 UTC","466d, 07:53:55"
894972212.658,40706430.38,5022.119,True,"2028-05-11 23:23:32 UTC","471d, 03:20:30"
894972212.658,41122025.316,5496.456,True,"2028-05-11 23:23:32 UTC","475d, 22:47:05"
894972212.658,41537620.253,6076.116,True,"2028-05-11 23:23:32 UTC","480d, 18:13:40"
894972212.658,41953215.19,6787.668,True,"2028-05-11 23:23:32 UTC","485d, 13:40:15"
894972212.658,42368810.127,7665.769,True,"2028-05-11 23:23:32 UTC","490d, 09:06:50"
894972212.658,42784405.063,8755.866,True,"2028-05-11 23:23:32 UTC","495d, 04:33:25"
894972212.658,43200000,10117.431,True,"2028-05-11 23:23:32 UTC","500d, 00:00:00"
896248526.582,10368000,20118.495,True,"2028-05-26 17:55:26 UTC","120d, 00:00:00"
896248526.582,10783594.937,18845.924,True,"2028-05-26 17:55:26 UTC","124d, 19:26:34"
896248526.582,11199189.873,17835.668,True,"2028-05-26 17:55:26 UTC","129d, 14:53:09"
896248526.582,11614784.81,17144.536,True,"2028-05-26 17:55:26 UTC","134d, 10:19:44"
896248526.582,12030379.747,16853.792,True,"2028-05-26 17:55:26 UTC","139d, 05:46:19"
896248526.582,12445974.684,17064.886,True,"2028-05-26 17:55:26 UTC","144d, 01:12:54"
896248526.582,12861569.62,17877.291,True,"2028-05-26 17:55:26 UTC","148d, 20:39:29"
896248526.582,13277164.557,19337.209,True,"2028-05-26 17:55:26 UTC","153d, 16:06:04"
896248526.582,13692759.494,21367.311,True,"2028-05-26 17:55:26 UTC","158d, 11:32:39"
896248526.582,14108354.43,23430.546,False,"2028-05-26 17:55:26 UTC","163d, 06:59:14"
896248526.582,14523949.367,22402.922,False,"2028-05-26 17:55:26 UTC","168d, 02:25:49"
896248526.582,14939544.304,21406.89,False,"2028-05-26 17:55:26 UTC","172d, 21:52:24"
896248526.582,15355139.241,20441.11,False,"2028-05-26 17:55:26 UTC","177d, 17:18:59"
896248526.582,15770734.177,19504.543,False,"2028-05-26 17:55:26 UTC","182d, 12:45:34"
896248526.582,16186329.114,18596.406,False,"2028-05-26 17:55:26 UTC","187d, 08:12:09"
896248526.582,16601924.051,17716.12,False,"2028-05-26 17:55:26 UTC","192d, 03:38:44"
896248526.582,17017518.987,16863.279,False,"2028-05-26 17:55:26 UTC","196d, 23:05:18"
896248526.582,17433113.924,16037.614,False,"2028-05-26 17:55:26 UTC","201d, 18:31:53"
896248526.582,17848708.861,15238.961,False,"2028-05-26 17:55:26 UTC","206d, 13:58:28"
896248526.582,18264303.797,14467.24,False,"2028-05-26 17:55:26 UTC","211d, 09:25:03"
896248526.582,18679898.734,13722.427,False,"2028-05-26 17:55:26 UTC","216d, 04:51:38"
896248526.582,19095493.671,13004.543,False,"2028-05-26 17:55:26 UTC","221d, 00:18:13"
896248526.582,19511088.608,12313.628,False,"2028-05-26 17:55:26 UTC","225d, 19:44:48"
896248526.582,19926683.544,11649.733,False,"2028-05-26 17:55:26 UTC","230d, 15:11:23"
896248526.582,20342278.481,11012.905,False,"2028-05-26 17:55:26 UTC","235d, 10:37:58"
896248526.582,20757873.418,10403.176,False,"2028-05-26 17:55:26 UTC","240d, 06:04:33"
896248526.582,21173468.354,9820.556,False,"2028-05-26 17:55:26 UTC","245d, 01:31:08"
896248526.582,21589063.291,9265.024,False,"2028-05-26 17:55:26 UTC","249d, 20:57:43"
896248526.582,22004658.228,8736.527,False,"2028-05-26 17:55:26 UTC","254d, 16:24:18"
896248526.582,22420253.165,8234.97,False,"2028-05-26 17:55:26 UTC","259d, 11:50:53"
896248526.582,22835848.101,7760.219,False,"2028-05-26 17:55:26 UTC","264d, 07:17:28"
896248526.582,23251443.038,7312.099,False,"2028-05-26 17:55:26 UTC","269d, 02:44:03"
896248526.582,23667037.975,6890.393,False,"2028-05-26 17:55:26 UTC","273d, 22:10:37"
896248526.582,24082632.911,6494.854,False,"2028-05-26 17:55:26 UTC","278d, 17:37:12"
896248526.582,24498227.848,6125.205,False,"2028-05-26 17:55:26 UTC","283d, 13:03:47"
896248526.582,24913822.785,5781.162,False,"2028-05-26 17:55:26 UTC","288d, 08:30:22"
896248526.582,25329417.722,5462.455,False,"2028-05-26 17:55:26 UTC","293d, 03:56:57"
896248526.582,25745012.658,5168.879,False,"2028-05-26 17:55:26 UTC","297d, 23:23:32"
896248526.582,26160607.595,4900.374,False,"2028-05-26 17:55:26 UTC","302d, 18:50:07"
896248526.582,26576202.532,4657.198,False,"2028-05-26 17:55:26 UTC","307d, 14:16:42"
896248526.582,26991797.468,4440.283,False,"2028-05-26 17:55:26 UTC","312d, 09:43:17"
896248526.582,27407392.405,4252.094,False,"2028-05-26 17:55:26 UTC","317d, 05:09:52"
896248526.582,27822987.342,4099.063,False,"2028-05-26 17:55:26 UTC","322d, 00:36:27"
896248526.582,28238582.278,4000.212,False,"2028-05-26 17:55:26 UTC","326d, 20:03:02"
896248526.582,28654177.215,4032.266,False,"2028-05-26 17:55:26 UTC","331d, 15:29:37"
896248526.582,29069772.152,4882.222,False,"2028-05-26 17:55:26 UTC","336d, 10:56:12"
896248526.582,29485367.089,4708.172,True,"2028-05-26 17:55:26 UTC","341d, 06:22:47"
896248526.582,29900962.025,3137.397,True,"2028-05-26 17:55:26 UTC","346d, 01:49:22"
896248526.582,30316556.962,3037.796,True,"2028-05-26 17:55:26 UTC","350d, 21:15:56"
896248526.582,30732151.899,2981.773,True,"2028-05-26 17:55:26 UTC","355d, 16:42:31"
896248526.582,31147746.835,2934.612,True,"2028-05-26 17:55:26 UTC","360d, 12:09:06"
896248526.582,31563341.772,2894.737,True,"2028-05-26 17:55:26 UTC","365d, 07:35:41"
896248526.582,31978936.709,2862.495,True,"2028-05-26 17:55:26 UTC","370d, 03:02:16"
896248526.582,32394531.646,2838.069,True,"2028-05-26 17:55:26 UTC","374d, 22:28:51"
896248526.582,32810126.582,2821.448,True,"2028-05-26 17:55:26 UTC","379d, 17:55:26"
896248526.582,33225721.519,2812.557,True,"2028-05-26 17:55:26 UTC","384d, 13:22:01"
896248526.582,33641316.456,2811.37,True,"2028-05-26 17:55:26 UTC","389d, 08:48:36"
896248526.582,34056911.392,2817.985,True,"2028-05-26 17:55:26 UTC","394d, 04:15:11"
896248526.582,34472506.329,2832.691,True,"2028-05-26 17:55:26 UTC","398d, 23:41:46"
896248526.582,34888101.266,2856.021,True,"2028-05-26 17:55:26 UTC","403d, 19:08:21"
896248526.582,35303696.203,2888.802,True,"2028-05-26 17:55:26 UTC","408d, 14:34:56"
896248526.582,35719291.139,2932.202,True,"2028-05-26 17:55:26 UTC","413d, 10:01:31"
896248526.582,36134886.076,2987.784,True,"2028-05-26 17:55:26 UTC","418d, 05:28:06"
896248526.582,36550481.013,3057.569,True,"2028-05-26 17:55:26 UTC","423d, 00:54:41"
896248526.582,36966075.949,3144.102,True,"2028-05-26 17:55:26 UTC","427d, 20:21:15"
896248526.582,37381670.886,3250.543,True,"2028-05-26 17:55:26 UTC","432d, 15:47:50"
896248526.582,37797265.823,3380.775,True,"2028-05-26 17:55:26 UTC","437d, 11:14:25"
896248526.582,38212860.759,3539.55,True,"2028-05-26 17:55:26 UTC","442d, 06:41:00"
896248526.582,38628455.696,3732.677,True,"2028-05-26 17:55:26 UTC","447d, 02:07:35"
896248526.582,39044050.633,3967.272,True,"2028-05-26 17:55:26 UTC","451d, 21:34:10"
896248526.582,39459645.57,4252.095,True,"2028-05-26 17:55:26 UTC","456d, 17:00:45"
896248526.582,39875240.506,4598.012,True,"2028-05-26 17:55:26 UTC","461d, 12:27:20"
896248526.582,40290835.443,5018.61,True,"2028-05-26 17:55:26 UTC","466d, 07:53:55"
896248526.582,40706430.38,5531.052,True,"2028-05-26 17:55:26 UTC","471d, 03:20:30"
896248526.582,41122025.316,6157.227,True,"2028-05-26 17:55:26 UTC","475d, 22:47:05"
896248526.582,41537620.253,6925.321,True,"2028-05-26 17:55:26 UTC","480d, 18:13:40"
896248526.582,41953215.19,7871.88,True,"2028-05-26 17:55:26 UTC","485d, 13:40:15"
896248526.582,42368810.127,9044.387,True,"2028-05-26 17:55:26 UTC","490d, 09:06:50"
896248526.582,42784405.063,10504.024,True,"2028-05-26 17:55:26 UTC","495d, 04:33:25"
896248526.582,43200000,12327.353,True,"2028-05-26 17:55:26 UTC","500d, 00:00:00"
897524840.506,10368000,20248.817,True,"2028-06-10 12:27:20 UTC","120d, 00:00:00"
897524840.506,10783594.937,19112.132,True,"2028-06-10 12:27:20 UTC","124d, 19:26:34"
897524840.506,11199189.873,18308.238,True,"2028-06-10 12:27:20 UTC","129d, 14:53:09"
897524840.506,11614784.81,17915.114,True,"2028-06-10 12:27:20 UTC","134d, 10:19:44"
897524840.506,12030379.747,18027.277,True,"2028-06-10 12:27:20 UTC","139d, 05:46:19"
897524840.506,12445974.684,18730.214,True,"2028-06-10 12:27:20 UTC","144d, 01:12:54"
897524840.506,12861569.62,20048.668,True,"2028-06-10 12:27:20 UTC","148d, 20:39:29"
897524840.506,13277164.557,21887.885,True,"2028-06-10 12:27:20 UTC","153d, 16:06:04"
897524840.506,13692759.494,22376.001,False,"2028-06-10 12:27:20 UTC","158d, 11:32:39"
897524840.506,14108354.43,21324.543,False,"2028-06-10 12:27:20 UTC","163d, 06:59:14"
897524840.506,14523949.367,20309.38,False,"2028-06-10 12:27:20 UTC","168d, 02:25:49"
897524840.506,14939544.304,19328.795,False,"2028-06-10 12:27:20 UTC","172d, 21:52:24"
897524840.506,15355139.241,18381.421,False,"2028-06-10 12:27:20 UTC","177d, 17:18:59"
897524840.506,15770734.177,17466.191,False,"2028-06-10 12:27:20 UTC","182d, 12:45:34"
897524840.506,16186329.114,16582.276,False,"2028-06-10 12:27:20 UTC","187d, 08:12:09"
897524840.506,16601924.051,15729.046,False,"2028-06-10 12:27:20 UTC","192d, 03:38:44"
897524840.506,17017518.987,14906.03,False,"2028-06-10 12:27:20 UTC","196d, 23:05:18"
897524840.506,17433113.924,14112.883,False,"2028-06-10 12:27:20 UTC","201d, 18:31:53"
897524840.506,17848708.861,13349.355,False,"2028-06-10 12:27:20 UTC","206d, 13:58:28"
897524840.506,18264303.797,12615.267,False,"2028-06-10 12:27:20 UTC","211d, 09:25:03"
897524840.506,18679898.734,11910.489,False,"2028-06-10 12:27:20 UTC","216d, 04:51:38"
897524840.506,19095493.671,11234.921,False,"2028-06-10 12:27:20 UTC","221d, 00:18:13"
897524840.506,19511088.608,10588.478,False,"2028-06-10 12:27:20 UTC","225d, 19:44:48"
897524840.506,19926683.544,9971.071,False,"2028-06-10 12:27:20 UTC","230d, 15:11:23"
897524840.506,20342278.481,9382.602,False,"2028-06-10 12:27:20 UTC","235d, 10:37:58"
897524840.506,20757873.418,8822.946,False,"2028-06-10 12:27:20 UTC","240d, 06:04:33"
897524840.506,21173468.354,8291.948,False,"2028-06-10 12:27:20 UTC","245d, 01:31:08"
897524840.506,21589063.291,7789.414,False,"2028-06-10 12:27:20 UTC","249d, 20:57:43"
897524840.506,22004658.228,7315.104,False,"2028-06-10 12:27:20 UTC","254d, 16:24:18"
897524840.506,22420253.165,6868.725,False,"2028-06-10 12:27:20 UTC","259d, 11:50:53"
897524840.506,22835848.101,6449.932,False,"2028-06-10 12:27:20 UTC","264d, 07:17:28"
897524840.506,23251443.038,6058.317,False,"2028-06-10 12:27:20 UTC","269d, 02:44:03"
897524840.506,23667037.975,5693.415,False,"2028-06-10 12:27:20 UTC","273d, 22:10:37"
897524840.506,24082632.911,5354.692,False,"2028-06-10 12:27:20 UTC","278d, 17:37:12"
897524840.506,24498227.848,5041.555,False,"2028-06-10 12:27:20 UTC","283d, 13:03:47"
897524840.506,24913822.785,4753.344,False,"2028-06-10 12:27:20 UTC","288d, 08:30:22"
897524840.506,25329417.722,4489.337,False,"2028-06-10 12:27:20 UTC","293d, 03:56:57"
897524840.506,25745012.658,4248.756,False,"2028-06-10 12:27:20 UTC","297d, 23:23:32"
897524840.506,26160607.595,4030.772,False,"2028-06-10 12:27:20 UTC","302d, 18:50:07"
897524840.506,26576202.532,3834.529,False,"2028-06-10 12:27:20 UTC","307d, 14:16:42"
897524840.506,26991797.468,3659.188,False,"2028-06-10 12:27:20 UTC","312d, 09:43:17"
897524840.506,27407392.405,3504.047,False,"2028-06-10 12:27:20 UTC","317d, 05:09:52"
897524840.506,27822987.342,3368.972,False,"2028-06-10 12:27:20 UTC","322d, 00:36:27"
897524840.506,28238582.278,3256.753,False,"2028-06-10 12:27:20 UTC","326d, 20:03:02"
897524840.506,28654177.215,3218.646,False,"2028-06-10 12:27:20 UTC","331d, 15:29:37"
897524840.506,29069772.152,2995.916,True,"2028-06-10 12:27:20 UTC","336d, 10:56:12"
897524840.506,29485367.089,2943.646,True,"2028-06-10 12:27:20 UTC","341d, 06:22:47"
897524840.506,29900962.025,2885.023,True,"2028-06-10 12:27:20 UTC","346d, 01:49:22"
897524840.506,30316556.962,2834.101,True,"2028-06-10 12:27:20 UTC","350d, 21:15:56"
897524840.506,30732151.899,2792.02,True,"2028-06-10 12:27:20 UTC","355d, 16:42:31"
897524840.506,31147746.835,2758.444,True,"2028-06-10 12:27:20 UTC","360d, 12:09:06"
897524840.506,31563341.772,2732.771,True,"2028-06-10 12:27:20 UTC","365d, 07:35:41"
897524840.506,31978936.709,2714.416,True,"2028-06-10 12:27:20 UTC","370d, 03:02:16"
897524840.506,32394531.646,2702.923,True,"2028-06-10 12:27:20 UTC","374d, 22:28:51"
897524840.506,32810126.582,2698.025,True,"2028-06-10 12:27:20 UTC","379d, 17:55:26"
897524840.506,33225721.519,2699.679,True,"2028-06-10 12:27:20 UTC","384d, 13:22:01"
897524840.506,33641316.456,2708.104,True,"2028-06-10 12:27:20 UTC","389d, 08:48:36"
897524840.506,34056911.392,2723.811,True,"2028-06-10 12:27:20 UTC","394d, 04:15:11"
897524840.506,34472506.329,2747.632,True,"2028-06-10 12:27:20 UTC","398d, 23:41:46"
897524840.506,34888101.266,2780.752,True,"2028-06-10 12:27:20 UTC","403d, 19:08:21"
897524840.506,35303696.203,2824.748,True,"2028-06-10 12:27:20 UTC","408d, 14:34:56"
897524840.506,35719291.139,2881.626,True,"2028-06-10 12:27:20 UTC","413d, 10:01:31"
897524840.506,36134886.076,2953.879,True,"2028-06-10 12:27:20 UTC","418d, 05:28:06"
897524840.506,36550481.013,3044.547,True,"2028-06-10 12:27:20 UTC","423d, 00:54:41"
897524840.506,36966075.949,3157.303,True,"2028-06-10 12:27:20 UTC","427d, 20:21:15"
897524840.506,37381670.886,3296.564,True,"2028-06-10 12:27:20 UTC","432d, 15:47:50"
897524840.506,37797265.823,3467.639,True,"2028-06-10 12:27:20 UTC","437d, 11:14:25"
897524840.506,38212860.759,3676.927,True,"2028-06-10 12:27:20 UTC","442d, 06:41:00"
897524840.506,38628455.696,3932.192,True,"2028-06-10 12:27:20 UTC","447d, 02:07:35"
897524840.506,39044050.633,4242.922,True,"2028-06-10 12:27:20 UTC","451d, 21:34:10"
897524840.506,39459645.57,4620.828,True,"2028-06-10 12:27:20 UTC","456d, 17:00:45"
897524840.506,39875240.506,5080.509,True,"2028-06-10 12:27:20 UTC","461d, 12:27:20"
897524840.506,40290835.443,5640.356,True,"2028-06-10 12:27:20 UTC","466d, 07:53:55"
897524840.506,40706430.38,6323.76,True,"2028-06-10 12:27:20 UTC","471d, 03:20:30"
897524840.506,41122025.316,7160.712,True,"2028-06-10 12:27:20 UTC","475d, 22:47:05"
897524840.506,41537620.253,8189.828,True,"2028-06-10 12:27:20 UTC","480d, 18:13:40"
897524840.506,41953215.19,9460.682,True,"2028-06-10 12:27:20 UTC","485d, 13:40:15"
897524840.506,42368810.127,11035.815,True,"2028-06-10 12:27:20 UTC","490d, 09:06:50"
897524840.506,42784405.063,12990.525,True,"2028-06-10 12:27:20 UTC","495d, 04:33:25"
897524840.506,43200000,15405.72,True,"2028-06-10 12:27:20 UTC","500d, 00:00:00"
898801154.43,10368000,20518.342,True,"2028-06-25 06:59:14 UTC","120d, 00:00:00"
898801154.43,10783594.937,19595.779,True,"2028-06-25 06:59:14 UTC","124d, 19:26:34"
898801154.43,11199189.873,19094.937,True,"2028-06-25 06:59:14 UTC","129d, 14:53:09"
898801154.43,11614784.81,19101.079,True,"2028-06-25 06:59:14 UTC","134d, 10:19:44"
898801154.43,12030379.747,19683.481,True,"2028-06-25 06:59:14 UTC","139d, 05:46:19"
898801154.43,12445974.684,20846.024,True,"2028-06-25 06:59:14 UTC","144d, 01:12:54"
898801154.43,12861569.62,22374.437,False,"2028-06-25 06:59:14 UTC","148d, 20:39:29"
898801154.43,13277164.557,21256.671,False,"2028-06-25 06:59:14 UTC","153d, 16:06:04"
898801154.43,13692759.494,20183.05,False,"2028-06-25 06:59:14 UTC","158d, 11:32:39"
898801154.43,14108354.43,19150.919,False,"2028-06-25 06:59:14 UTC","163d, 06:59:14"
898801154.43,14523949.367,18158.122,False,"2028-06-25 06:59:14 UTC","168d, 02:25:49"
898801154.43,14939544.304,17202.914,False,"2028-06-25 06:59:14 UTC","172d, 21:52:24"
898801154.43,15355139.241,16283.895,False,"2028-06-25 06:59:14 UTC","177d, 17:18:59"
898801154.43,15770734.177,15399.947,False,"2028-06-25 06:59:14 UTC","182d, 12:45:34"
898801154.43,16186329.114,14550.179,False,"2028-06-25 06:59:14 UTC","187d, 08:12:09"
898801154.43,16601924.051,13733.889,False,"2028-06-25 06:59:14 UTC","192d, 03:38:44"
898801154.43,17017518.987,12950.52,False,"2028-06-25 06:59:14 UTC","196d, 23:05:18"
898801154.43,17433113.924,12199.627,False,"2028-06-25 06:59:14 UTC","201d, 18:31:53"
898801154.43,17848708.861,11480.852,False,"2028-06-25 06:59:14 UTC","206d, 13:58:28"
898801154.43,18264303.797,10793.895,False,"2028-06-25 06:59:14 UTC","211d, 09:25:03"
898801154.43,18679898.734,10138.494,False,"2028-06-25 06:59:14 UTC","216d, 04:51:38"
898801154.43,19095493.671,9514.407,False,"2028-06-25 06:59:14 UTC","221d, 00:18:13"
898801154.43,19511088.608,8921.392,False,"2028-06-25 06:59:14 UTC","225d, 19:44:48"
898801154.43,19926683.544,8359.197,False,"2028-06-25 06:59:14 UTC","230d, 15:11:23"
898801154.43,20342278.481,7827.546,False,"2028-06-25 06:59:14 UTC","235d, 10:37:58"
898801154.43,20757873.418,7326.122,False,"2028-06-25 06:59:14 UTC","240d, 06:04:33"
898801154.43,21173468.354,6854.565,False,"2028-06-25 06:59:14 UTC","245d, 01:31:08"
898801154.43,21589063.291,6412.454,False,"2028-06-25 06:59:14 UTC","249d, 20:57:43"
898801154.43,22004658.228,5999.305,False,"2028-06-25 06:59:14 UTC","254d, 16:24:18"
898801154.43,22420253.165,5614.553,False,"2028-06-25 06:59:14 UTC","259d, 11:50:53"
898801154.43,22835848.101,5257.547,False,"2028-06-25 06:59:14 UTC","264d, 07:17:28"
898801154.43,23251443.038,4927.538,False,"2028-06-25 06:59:14 UTC","269d, 02:44:03"
898801154.43,23667037.975,4623.662,False,"2028-06-25 06:59:14 UTC","273d, 22:10:37"
898801154.43,24082632.911,4344.925,False,"2028-06-25 06:59:14 UTC","278d, 17:37:12"
898801154.43,24498227.848,4090.172,False,"2028-06-25 06:59:14 UTC","283d, 13:03:47"
898801154.43,24913822.785,3858.05,False,"2028-06-25 06:59:14 UTC","288d, 08:30:22"
898801154.43,25329417.722,3646.938,False,"2028-06-25 06:59:14 UTC","293d, 03:56:57"
898801154.43,25745012.658,3454.825,False,"2028-06-25 06:59:14 UTC","297d, 23:23:32"
898801154.43,26160607.595,3279.087,False,"2028-06-25 06:59:14 UTC","302d, 18:50:07"
898801154.43,26576202.532,3116.074,False,"2028-06-25 06:59:14 UTC","307d, 14:16:42"
898801154.43,26991797.468,2960.524,False,"2028-06-25 06:59:14 UTC","312d, 09:43:17"
898801154.43,27407392.405,2807.872,False,"2028-06-25 06:59:14 UTC","317d, 05:09:52"
898801154.43,27822987.342,2739.999,False,"2028-06-25 06:59:14 UTC","322d, 00:36:27"
898801154.43,28238582.278,18579.318,False,"2028-06-25 06:59:14 UTC","326d, 20:03:02"
898801154.43,28654177.215,3751.269,True,"2028-06-25 06:59:14 UTC","331d, 15:29:37"
898801154.43,29069772.152,3163.305,True,"2028-06-25 06:59:14 UTC","336d, 10:56:12"
898801154.43,29485367.089,2962.881,True,"2028-06-25 06:59:14 UTC","341d, 06:22:47"
898801154.43,29900962.025,2854.368,True,"2028-06-25 06:59:14 UTC","346d, 01:49:22"
898801154.43,30316556.962,2783.942,True,"2028-06-25 06:59:14 UTC","350d, 21:15:56"
898801154.43,30732151.899,2734.408,True,"2028-06-25 06:59:14 UTC","355d, 16:42:31"
898801154.43,31147746.835,2698.457,True,"2028-06-25 06:59:14 UTC","360d, 12:09:06"
898801154.43,31563341.772,2672.45,True,"2028-06-25 06:59:14 UTC","365d, 07:35:41"
898801154.43,31978936.709,2654.462,True,"2028-06-25 06:59:14 UTC","370d, 03:02:16"
898801154.43,32394531.646,2643.544,True,"2028-06-25 06:59:14 UTC","374d, 22:28:51"
898801154.43,32810126.582,2639.41,True,"2028-06-25 06:59:14 UTC","379d, 17:55:26"
898801154.43,33225721.519,2642.294,True,"2028-06-25 06:59:14 UTC","384d, 13:22:01"
898801154.43,33641316.456,2652.882,True,"2028-06-25 06:59:14 UTC","389d, 08:48:36"
898801154.43,34056911.392,2672.291,True,"2028-06-25 06:59:14 UTC","394d, 04:15:11"
898801154.43,34472506.329,2702.063,True,"2028-06-25 06:59:14 UTC","398d, 23:41:46"
898801154.43,34888101.266,2744.177,True,"2028-06-25 06:59:14 UTC","403d, 19:08:21"
898801154.43,35303696.203,2801.076,True,"2028-06-25 06:59:14 UTC","408d, 14:34:56"
898801154.43,35719291.139,2875.706,True,"2028-06-25 06:59:14 UTC","413d, 10:01:31"
898801154.43,36134886.076,2971.568,True,"2028-06-25 06:59:14 UTC","418d, 05:28:06"
898801154.43,36550481.013,3092.805,True,"2028-06-25 06:59:14 UTC","423d, 00:54:41"
898801154.43,36966075.949,3244.309,True,"2028-06-25 06:59:14 UTC","427d, 20:21:15"
898801154.43,37381670.886,3431.89,True,"2028-06-25 06:59:14 UTC","432d, 15:47:50"
898801154.43,37797265.823,3662.49,True,"2028-06-25 06:59:14 UTC","437d, 11:14:25"
898801154.43,38212860.759,3944.486,True,"2028-06-25 06:59:14 UTC","442d, 06:41:00"
898801154.43,38628455.696,4288.098,True,"2028-06-25 06:59:14 UTC","447d, 02:07:35"
898801154.43,39044050.633,4705.923,True,"2028-06-25 06:59:14 UTC","451d, 21:34:10"
898801154.43,39459645.57,5213.661,True,"2028-06-25 06:59:14 UTC","456d, 17:00:45"
898801154.43,39875240.506,5831.071,True,"2028-06-25 06:59:14 UTC","461d, 12:27:20"
898801154.43,40290835.443,6583.228,True,"2028-06-25 06:59:14 UTC","466d, 07:53:55"
898801154.43,40706430.38,7502.126,True,"2028-06-25 06:59:14 UTC","471d, 03:20:30"
898801154.43,41122025.316,8628.585,True,"2028-06-25 06:59:14 UTC","475d, 22:47:05"
898801154.43,41537620.253,10014.137,True,"2028-06-25 06:59:14 UTC","480d, 18:13:40"
898801154.43,41953215.19,11721.86,True,"2028-06-25 06:59:14 UTC","485d, 13:40:15"
898801154.43,42368810.127,13823.457,True,"2028-06-25 06:59:14 UTC","490d, 09:06:50"
898801154.43,42784405.063,16386.817,True,"2028-06-25 06:59:14 UTC","495d, 04:33:25"
898801154.43,43200000,19444.853,True,"2028-06-25 06:59:14 UTC","500d, 00:00:00"
900077468.354,10368000,21020.073,True,"2028-07-10 01:31:08 UTC","120d, 00:00:00"
900077468.354,10783594.937,20401.51,True,"2028-07-10 01:31:08 UTC","124d, 19:26:34"
900077468.354,11199189.873,20289.453,True,"2028-07-10 01:31:08 UTC","129d, 14:53:09"
900077468.354,11614784.81,20735.841,True,"2028-07-10 01:31:08 UTC","134d, 10:19:44"
900077468.354,12030379.747,21726.297,True,"2028-07-10 01:31:08 UTC","139d, 05:46:19"
900077468.354,12445974.684,21222.41,False,"2028-07-10 01:31:08 UTC","144d, 01:12:54"
900077468.354,12861569.62,20078.528,False,"2028-07-10 01:31:08 UTC","148d, 20:39:29"
900077468.354,13277164.557,18985.067,False,"2028-07-10 01:31:08 UTC","153d, 16:06:04"
900077468.354,13692759.494,17938.782,False,"2028-07-10 01:31:08 UTC","158d, 11:32:39"
900077468.354,14108354.43,16937.012,False,"2028-07-10 01:31:08 UTC","163d, 06:59:14"
900077468.354,14523949.367,15977.579,False,"2028-07-10 01:31:08 UTC","168d, 02:25:49"
900077468.354,14939544.304,15058.702,False,"2028-07-10 01:31:08 UTC","172d, 21:52:24"
900077468.354,15355139.241,14178.93,False,"2028-07-10 01:31:08 UTC","177d, 17:18:59"
900077468.354,15770734.177,13337.079,False,"2028-07-10 01:31:08 UTC","182d, 12:45:34"
900077468.354,16186329.114,12532.182,False,"2028-07-10 01:31:08 UTC","187d, 08:12:09"
900077468.354,16601924.051,11763.442,False,"2028-07-10 01:31:08 UTC","192d, 03:38:44"
900077468.354,17017518.987,11030.198,False,"2028-07-10 01:31:08 UTC","196d, 23:05:18"
900077468.354,17433113.924,10331.887,False,"2028-07-10 01:31:08 UTC","201d, 18:31:53"
900077468.354,17848708.861,9668.019,False,"2028-07-10 01:31:08 UTC","206d, 13:58:28"
900077468.354,18264303.797,9038.15,False,"2028-07-10 01:31:08 UTC","211d, 09:25:03"
900077468.354,18679898.734,8441.86,False,"2028-07-10 01:31:08 UTC","216d, 04:51:38"
900077468.354,19095493.671,7878.734,False,"2028-07-10 01:31:08 UTC","221d, 00:18:13"
900077468.354,19511088.608,7348.341,False,"2028-07-10 01:31:08 UTC","225d, 19:44:48"
900077468.354,19926683.544,6850.223,False,"2028-07-10 01:31:08 UTC","230d, 15:11:23"
900077468.354,20342278.481,6383.87,False,"2028-07-10 01:31:08 UTC","235d, 10:37:58"
900077468.354,20757873.418,5948.715,False,"2028-07-10 01:31:08 UTC","240d, 06:04:33"
900077468.354,21173468.354,5544.111,False,"2028-07-10 01:31:08 UTC","245d, 01:31:08"
900077468.354,21589063.291,5169.319,False,"2028-07-10 01:31:08 UTC","249d, 20:57:43"
900077468.354,22004658.228,4823.49,False,"2028-07-10 01:31:08 UTC","254d, 16:24:18"
900077468.354,22420253.165,4505.65,False,"2028-07-10 01:31:08 UTC","259d, 11:50:53"
900077468.354,22835848.101,4214.678,False,"2028-07-10 01:31:08 UTC","264d, 07:17:28"
900077468.354,23251443.038,3949.283,False,"2028-07-10 01:31:08 UTC","269d, 02:44:03"
900077468.354,23667037.975,3707.978,False,"2028-07-10 01:31:08 UTC","273d, 22:10:37"
900077468.354,24082632.911,3489.046,False,"2028-07-10 01:31:08 UTC","278d, 17:37:12"
900077468.354,24498227.848,3290.504,False,"2028-07-10 01:31:08 UTC","283d, 13:03:47"
900077468.354,24913822.785,3110.081,False,"2028-07-10 01:31:08 UTC","288d, 08:30:22"
900077468.354,25329417.722,2945.295,False,"2028-07-10 01:31:08 UTC","293d, 03:56:57"
900077468.354,25745012.658,2794.001,False,"2028-07-10 01:31:08 UTC","297d, 23:23:32"
900077468.354,26160607.595,2657.236,False,"2028-07-10 01:31:08 UTC","302d, 18:50:07"
900077468.354,26576202.532,2555.239,False,"2028-07-10 01:31:08 UTC","307d, 14:16:42"
900077468.354,26991797.468,2641.958,False,"2028-07-10 01:31:08 UTC","312d, 09:43:17"
900077468.354,27407392.405,4296.157,False,"2028-07-10 01:31:08 UTC","317d, 05:09:52"
900077468.354,27822987.342,9218.603,True,"2028-07-10 01:31:08 UTC","322d, 00:36:27"
900077468.354,28238582.278,4254.925,True,"2028-07-10 01:31:08 UTC","326d, 20:03:02"
900077468.354,28654177.215,3479.629,True,"2028-07-10 01:31:08 UTC","331d, 15:29:37"
900077468.354,29069772.152,3158.797,True,"2028-07-10 01:31:08 UTC","336d, 10:56:12"
900077468.354,29485367.089,2981.814,True,"2028-07-10 01:31:08 UTC","341d, 06:22:47"
900077468.354,29900962.025,2868.356,True,"2028-07-10 01:31:08 UTC","346d, 01:49:22"
900077468.354,30316556.962,2788.864,True,"2028-07-10 01:31:08 UTC","350d, 21:15:56"
900077468.354,30732151.899,2730.115,True,"2028-07-10 01:31:08 UTC","355d, 16:42:31"
900077468.354,31147746.835,2685.497,True,"2028-07-10 01:31:08 UTC","360d, 12:09:06"
900077468.354,31563341.772,2651.568,True,"2028-07-10 01:31:08 UTC","365d, 07:35:41"
900077468.354,31978936.709,2626.636,True,"2028-07-10 01:31:08 UTC","370d, 03:02:16"
900077468.354,32394531.646,2610.117,True,"2028-07-10 01:31:08 UTC","374d, 22:28:51"
900077468.354,32810126.582,2602.213,True,"2028-07-10 01:31:08 UTC","379d, 17:55:26"
900077468.354,33225721.519,2603.753,True,"2028-07-10 01:31:08 UTC","384d, 13:22:01"
900077468.354,33641316.456,2616.107,True,"2028-07-10 01:31:08 UTC","389d, 08:48:36"
900077468.354,34056911.392,2641.142,True,"2028-07-10 01:31:08 UTC","394d, 04:15:11"
900077468.354,34472506.329,2681.206,True,"2028-07-10 01:31:08 UTC","398d, 23:41:46"
900077468.354,34888101.266,2739.128,True,"2028-07-10 01:31:08 UTC","403d, 19:08:21"
900077468.354,35303696.203,2818.238,True,"2028-07-10 01:31:08 UTC","408d, 14:34:56"
900077468.354,35719291.139,2922.421,True,"2028-07-10 01:31:08 UTC","413d, 10:01:31"
900077468.354,36134886.076,3056.194,True,"2028-07-10 01:31:08 UTC","418d, 05:28:06"
900077468.354,36550481.013,3224.838,True,"2028-07-10 01:31:08 UTC","423d, 00:54:41"
900077468.354,36966075.949,3434.581,True,"2028-07-10 01:31:08 UTC","427d, 20:21:15"
900077468.354,37381670.886,3692.861,True,"2028-07-10 01:31:08 UTC","432d, 15:47:50"
900077468.354,37797265.823,4008.66,True,"2028-07-10 01:31:08 UTC","437d, 11:14:25"
900077468.354,38212860.759,4392.963,True,"2028-07-10 01:31:08 UTC","442d, 06:41:00"
900077468.354,38628455.696,4859.344,True,"2028-07-10 01:31:08 UTC","447d, 02:07:35"
900077468.354,39044050.633,5424.747,True,"2028-07-10 01:31:08 UTC","451d, 21:34:10"
900077468.354,39459645.57,6110.487,True,"2028-07-10 01:31:08 UTC","456d, 17:00:45"
900077468.354,39875240.506,6943.533,True,"2028-07-10 01:31:08 UTC","461d, 12:27:20"
900077468.354,40290835.443,7958.06,True,"2028-07-10 01:31:08 UTC","466d, 07:53:55"
900077468.354,40706430.38,9197.093,True,"2028-07-10 01:31:08 UTC","471d, 03:20:30"
900077468.354,41122025.316,10713.653,True,"2028-07-10 01:31:08 UTC","475d, 22:47:05"
900077468.354,41537620.253,12569.784,True,"2028-07-10 01:31:08 UTC","480d, 18:13:40"
900077468.354,41953215.19,14829.894,True,"2028-07-10 01:31:08 UTC","485d, 13:40:15"
900077468.354,42368810.127,17541.918,True,"2028-07-10 01:31:08 UTC","490d, 09:06:50"
900077468.354,42784405.063,20699.22,True,"2028-07-10 01:31:08 UTC","495d, 04:33:25"
900077468.354,43200000,24188.298,True,"2028-07-10 01:31:08 UTC","500d, 00:00:00"
901353782.278,10368000,21844.318,True,"2028-07-24 20:03:02 UTC","120d, 00:00:00"
901353782.278,10783594.937,21596.974,True,"2028-07-24 20:03:02 UTC","124d, 19:26:34"
901353782.278,11199189.873,21888.561,True,"2028-07-24 20:03:02 UTC","129d, 14:53:09"
901353782.278,11614784.81,21244.61,False,"2028-07-24 20:03:02 UTC","134d, 10:19:44"
901353782.278,12030379.747,20015.139,False,"2028-07-24 20:03:02 UTC","139d, 05:46:19"
901353782.278,12445974.684,18847.67,False,"2028-07-24 20:03:02 UTC","144d, 01:12:54"
901353782.278,12861569.62,17737.463,False,"2028-07-24 20:03:02 UTC","148d, 20:39:29"
901353782.278,13277164.557,16680.604,False,"2028-07-24 20:03:02 UTC","153d, 16:06:04"
901353782.278,13692759.494,15673.857,False,"2028-07-24 20:03:02 UTC","158d, 11:32:39"
901353782.278,14108354.43,14714.551,False,"2028-07-24 20:03:02 UTC","163d, 06:59:14"
901353782.278,14523949.367,13800.48,False,"2028-07-24 20:03:02 UTC","168d, 02:25:49"
901353782.278,14939544.304,12929.818,False,"2028-07-24 20:03:02 UTC","172d, 21:52:24"
901353782.278,15355139.241,12101.053,False,"2028-07-24 20:03:02 UTC","177d, 17:18:59"
901353782.278,15770734.177,11312.924,False,"2028-07-24 20:03:02 UTC","182d, 12:45:34"
901353782.278,16186329.114,10564.37,False,"2028-07-24 20:03:02 UTC","187d, 08:12:09"
901353782.278,16601924.051,9854.487,False,"2028-07-24 20:03:02 UTC","192d, 03:38:44"
901353782.278,17017518.987,9182.489,False,"2028-07-24 20:03:02 UTC","196d, 23:05:18"
901353782.278,17433113.924,8547.674,False,"2028-07-24 20:03:02 UTC","201d, 18:31:53"
901353782.278,17848708.861,7949.393,False,"2028-07-24 20:03:02 UTC","206d, 13:58:28"
901353782.278,18264303.797,7387.025,False,"2028-07-24 20:03:02 UTC","211d, 09:25:03"
901353782.278,18679898.734,6859.949,False,"2028-07-24 20:03:02 UTC","216d, 04:51:38"
901353782.278,19095493.671,6367.522,False,"2028-07-24 20:03:02 UTC","221d, 00:18:13"
901353782.278,19511088.608,5909.058,False,"2028-07-24 20:03:02 UTC","225d, 19:44:48"
901353782.278,19926683.544,5483.802,False,"2028-07-24 20:03:02 UTC","230d, 15:11:23"
901353782.278,20342278.481,5090.912,False,"2028-07-24 20:03:02 UTC","235d, 10:37:58"
901353782.278,20757873.418,4729.435,False,"2028-07-24 20:03:02 UTC","240d, 06:04:33"
901353782.278,21173468.354,4398.289,False,"2028-07-24 20:03:02 UTC","245d, 01:31:08"
901353782.278,21589063.291,4096.24,False,"2028-07-24 20:03:02 UTC","249d, 20:57:43"
901353782.278,22004658.228,3821.88,False,"2028-07-24 20:03:02 UTC","254d, 16:24:18"
901353782.278,22420253.165,3573.617,False,"2028-07-24 20:03:02 UTC","259d, 11:50:53"
901353782.278,22835848.101,3349.662,False,"2028-07-24 20:03:02 UTC","264d, 07:17:28"
901353782.278,23251443.038,3148.038,False,"2028-07-24 20:03:02 UTC","269d, 02:44:03"
901353782.278,23667037.975,2966.641,False,"2028-07-24 20:03:02 UTC","273d, 22:10:37"
901353782.278,24082632.911,2803.43,False,"2028-07-24 20:03:02 UTC","278d, 17:37:12"
901353782.278,24498227.848,2656.995,False,"2028-07-24 20:03:02 UTC","283d, 13:03:47"
901353782.278,24913822.785,2528.318,False,"2028-07-24 20:03:02 UTC","288d, 08:30:22"
901353782.278,25329417.722,2426.656,False,"2028-07-24 20:03:02 UTC","293d, 03:56:57"
901353782.278,25745012.658,2391.368,False,"2028-07-24 20:03:02 UTC","297d, 23:23:32"
901353782.278,26160607.595,2580.546,False,"2028-07-24 20:03:02 UTC","302d, 18:50:07"
901353782.278,26576202.532,3621.388,False,"2028-07-24 20:03:02 UTC","307d, 14:16:42"
901353782.278,26991797.468,10400.857,False,"2028-07-24 20:03:02 UTC","312d, 09:43:17"
901353782.278,27407392.405,6998.974,True,"2028-07-24 20:03:02 UTC","317d, 05:09:52"
901353782.278,27822987.342,4495.702,True,"2028-07-24 20:03:02 UTC","322d, 00:36:27"
901353782.278,28238582.278,3742.333,True,"2028-07-24 20:03:02 UTC","326d, 20:03:02"
901353782.278,28654177.215,3366.19,True,"2028-07-24 20:03:02 UTC","331d, 15:29:37"
901353782.278,29069772.152,3138.584,True,"2028-07-24 20:03:02 UTC","336d, 10:56:12"
901353782.278,29485367.089,2984.409,True,"2028-07-24 20:03:02 UTC","341d, 06:22:47"
901353782.278,29900962.025,2871.925,True,"2028-07-24 20:03:02 UTC","346d, 01:49:22"
901353782.278,30316556.962,2785.722,True,"2028-07-24 20:03:02 UTC","350d, 21:15:56"
901353782.278,30732151.899,2717.724,True,"2028-07-24 20:03:02 UTC","355d, 16:42:31"
901353782.278,31147746.835,2663.612,True,"2028-07-24 20:03:02 UTC","360d, 12:09:06"
901353782.278,31563341.772,2621.237,True,"2028-07-24 20:03:02 UTC","365d, 07:35:41"
901353782.278,31978936.709,2589.84,True,"2028-07-24 20:03:02 UTC","370d, 03:02:16"
901353782.278,32394531.646,2569.649,True,"2028-07-24 20:03:02 UTC","374d, 22:28:51"
901353782.278,32810126.582,2561.662,True,"2028-07-24 20:03:02 UTC","379d, 17:55:26"
901353782.278,33225721.519,2567.511,True,"2028-07-24 20:03:02 UTC","384d, 13:22:01"
901353782.278,33641316.456,2589.38,True,"2028-07-24 20:03:02 UTC","389d, 08:48:36"
901353782.278,34056911.392,2629.949,True,"2028-07-24 20:03:02 UTC","394d, 04:15:11"
901353782.278,34472506.329,2692.367,True,"2028-07-24 20:03:02 UTC","398d, 23:41:46"
901353782.278,34888101.266,2780.262,True,"2028-07-24 20:03:02 UTC","403d, 19:08:21"
901353782.278,35303696.203,2897.79,True,"2028-07-24 20:03:02 UTC","408d, 14:34:56"
901353782.278,35719291.139,3049.735,True,"2028-07-24 20:03:02 UTC","413d, 10:01:31"
901353782.278,36134886.076,3241.675,True,"2028-07-24 20:03:02 UTC","418d, 05:28:06"
901353782.278,36550481.013,3480.213,True,"2028-07-24 20:03:02 UTC","423d, 00:54:41"
901353782.278,36966075.949,3773.273,True,"2028-07-24 20:03:02 UTC","427d, 20:21:15"
901353782.278,37381670.886,4130.499,True,"2028-07-24 20:03:02 UTC","432d, 15:47:50"
901353782.278,37797265.823,4563.747,True,"2028-07-24 20:03:02 UTC","437d, 11:14:25"
901353782.278,38212860.759,5087.728,True,"2028-07-24 20:03:02 UTC","442d, 06:41:00"
901353782.278,38628455.696,5720.824,True,"2028-07-24 20:03:02 UTC","447d, 02:07:35"
901353782.278,39044050.633,6486.127,True,"2028-07-24 20:03:02 UTC","451d, 21:34:10"
901353782.278,39459645.57,7412.706,True,"2028-07-24 20:03:02 UTC","456d, 17:00:45"
901353782.278,39875240.506,8537.007,True,"2028-07-24 20:03:02 UTC","461d, 12:27:20"
901353782.278,40290835.443,9904.017,True,"2028-07-24 20:03:02 UTC","466d, 07:53:55"
901353782.278,40706430.38,11567.194,True,"2028-07-24 20:03:02 UTC","471d, 03:20:30"
901353782.278,41122025.316,13584.869,True,"2028-07-24 20:03:02 UTC","475d, 22:47:05"
901353782.278,41537620.253,16008.686,True,"2028-07-24 20:03:02 UTC","480d, 18:13:40"
901353782.278,41953215.19,18857.946,True,"2028-07-24 20:03:02 UTC","485d, 13:40:15"
901353782.278,42368810.127,22077.972,True,"2028-07-24 20:03:02 UTC","490d, 09:06:50"
901353782.278,42784405.063,25501.142,True,"2028-07-24 20:03:02 UTC","495d, 04:33:25"
901353782.278,43200000,28298.053,False,"2028-07-24 20:03:02 UTC","500d, 00:00:00"
902630096.203,10368000,23030.41,True,"2028-08-08 14:34:56 UTC","120d, 00:00:00"
902630096.203,10783594.937,23146.451,True,"2028-08-08 14:34:56 UTC","124d, 19:26:34"
902630096.203,11199189.873,20016.28,False,"2028-08-08 14:34:56 UTC","129d, 14:53:09"
902630096.203,11614784.81,18758.367,False,"2028-08-08 14:34:56 UTC","134d, 10:19:44"
902630096.203,12030379.747,17570.76,False,"2028-08-08 14:34:56 UTC","139d, 05:46:19"
902630096.203,12445974.684,16447.821,False,"2028-08-08 14:34:56 UTC","144d, 01:12:54"
902630096.203,12861569.62,15384.876,False,"2028-08-08 14:34:56 UTC","148d, 20:39:29"
902630096.203,13277164.557,14378.049,False,"2028-08-08 14:34:56 UTC","153d, 16:06:04"
902630096.203,13692759.494,13424.117,False,"2028-08-08 14:34:56 UTC","158d, 11:32:39"
902630096.203,14108354.43,12520.402,False,"2028-08-08 14:34:56 UTC","163d, 06:59:14"
902630096.203,14523949.367,11664.667,False,"2028-08-08 14:34:56 UTC","168d, 02:25:49"
902630096.203,14939544.304,10855.041,False,"2028-08-08 14:34:56 UTC","172d, 21:52:24"
902630096.203,15355139.241,10089.942,False,"2028-08-08 14:34:56 UTC","177d, 17:18:59"
902630096.203,15770734.177,9368.021,False,"2028-08-08 14:34:56 UTC","182d, 12:45:34"
902630096.203,16186329.114,8688.111,False,"2028-08-08 14:34:56 UTC","187d, 08:12:09"
902630096.203,16601924.051,8049.179,False,"2028-08-08 14:34:56 UTC","192d, 03:38:44"
902630096.203,17017518.987,7450.284,False,"2028-08-08 14:34:56 UTC","196d, 23:05:18"
902630096.203,17433113.924,6890.542,False,"2028-08-08 14:34:56 UTC","201d, 18:31:53"
902630096.203,17848708.861,6369.091,False,"2028-08-08 14:34:56 UTC","206d, 13:58:28"
902630096.203,18264303.797,5885.055,False,"2028-08-08 14:34:56 UTC","211d, 09:25:03"
902630096.203,18679898.734,5437.516,False,"2028-08-08 14:34:56 UTC","216d, 04:51:38"
902630096.203,19095493.671,5025.482,False,"2028-08-08 14:34:56 UTC","221d, 00:18:13"
902630096.203,19511088.608,4647.858,False,"2028-08-08 14:34:56 UTC","225d, 19:44:48"
902630096.203,19926683.544,4303.415,False,"2028-08-08 14:34:56 UTC","230d, 15:11:23"
902630096.203,20342278.481,3990.771,False,"2028-08-08 14:34:56 UTC","235d, 10:37:58"
902630096.203,20757873.418,3708.366,False,"2028-08-08 14:34:56 UTC","240d, 06:04:33"
902630096.203,21173468.354,3454.452,False,"2028-08-08 14:34:56 UTC","245d, 01:31:08"
902630096.203,21589063.291,3227.097,False,"2028-08-08 14:34:56 UTC","249d, 20:57:43"
902630096.203,22004658.228,3024.216,False,"2028-08-08 14:34:56 UTC","254d, 16:24:18"
902630096.203,22420253.165,2843.658,False,"2028-08-08 14:34:56 UTC","259d, 11:50:53"
902630096.203,22835848.101,2683.414,False,"2028-08-08 14:34:56 UTC","264d, 07:17:28"
902630096.203,23251443.038,2542.093,False,"2028-08-08 14:34:56 UTC","269d, 02:44:03"
902630096.203,23667037.975,2420.054,False,"2028-08-08 14:34:56 UTC","273d, 22:10:37"
902630096.203,24082632.911,2322.258,False,"2028-08-08 14:34:56 UTC","278d, 17:37:12"
902630096.203,24498227.848,2265.835,False,"2028-08-08 14:34:56 UTC","283d, 13:03:47"
902630096.203,24913822.785,2300.827,False,"2028-08-08 14:34:56 UTC","288d, 08:30:22"
902630096.203,25329417.722,2564.378,False,"2028-08-08 14:34:56 UTC","293d, 03:56:57"
902630096.203,25745012.658,3398.982,False,"2028-08-08 14:34:56 UTC","297d, 23:23:32"
902630096.203,26160607.595,5832.969,False,"2028-08-08 14:34:56 UTC","302d, 18:50:07"
902630096.203,26576202.532,22026.836,True,"2028-08-08 14:34:56 UTC","307d, 14:16:42"
902630096.203,26991797.468,6174.882,True,"2028-08-08 14:34:56 UTC","312d, 09:43:17"
902630096.203,27407392.405,4572.739,True,"2028-08-08 14:34:56 UTC","317d, 05:09:52"
902630096.203,27822987.342,3900.374,True,"2028-08-08 14:34:56 UTC","322d, 00:36:27"
902630096.203,28238582.278,3513.447,True,"2028-08-08 14:34:56 UTC","326d, 20:03:02"
902630096.203,28654177.215,3258.026,True,"2028-08-08 14:34:56 UTC","331d, 15:29:37"
902630096.203,29069772.152,3074.627,True,"2028-08-08 14:34:56 UTC","336d, 10:56:12"
902630096.203,29485367.089,2935.187,True,"2028-08-08 14:34:56 UTC","341d, 06:22:47"
902630096.203,29900962.025,2824.998,True,"2028-08-08 14:34:56 UTC","346d, 01:49:22"
902630096.203,30316556.962,2735.944,True,"2028-08-08 14:34:56 UTC","350d, 21:15:56"
902630096.203,30732151.899,2663.568,True,"2028-08-08 14:34:56 UTC","355d, 16:42:31"
902630096.203,31147746.835,2605.66,True,"2028-08-08 14:34:56 UTC","360d, 12:09:06"
902630096.203,31563341.772,2561.533,True,"2028-08-08 14:34:56 UTC","365d, 07:35:41"
902630096.203,31978936.709,2531.617,True,"2028-08-08 14:34:56 UTC","370d, 03:02:16"
902630096.203,32394531.646,2517.202,True,"2028-08-08 14:34:56 UTC","374d, 22:28:51"
902630096.203,32810126.582,2520.265,True,"2028-08-08 14:34:56 UTC","379d, 17:55:26"
902630096.203,33225721.519,2543.334,True,"2028-08-08 14:34:56 UTC","384d, 13:22:01"
902630096.203,33641316.456,2589.395,True,"2028-08-08 14:34:56 UTC","389d, 08:48:36"
902630096.203,34056911.392,2661.843,True,"2028-08-08 14:34:56 UTC","394d, 04:15:11"
902630096.203,34472506.329,2764.495,True,"2028-08-08 14:34:56 UTC","398d, 23:41:46"
902630096.203,34888101.266,2901.668,True,"2028-08-08 14:34:56 UTC","403d, 19:08:21"
902630096.203,35303696.203,3078.335,True,"2028-08-08 14:34:56 UTC","408d, 14:34:56"
902630096.203,35719291.139,3300.337,True,"2028-08-08 14:34:56 UTC","413d, 10:01:31"
902630096.203,36134886.076,3574.672,True,"2028-08-08 14:34:56 UTC","418d, 05:28:06"
902630096.203,36550481.013,3909.844,True,"2028-08-08 14:34:56 UTC","423d, 00:54:41"
902630096.203,36966075.949,4316.291,True,"2028-08-08 14:34:56 UTC","427d, 20:21:15"
902630096.203,37381670.886,4806.923,True,"2028-08-08 14:34:56 UTC","432d, 15:47:50"
902630096.203,37797265.823,5397.795,True,"2028-08-08 14:34:56 UTC","437d, 11:14:25"
902630096.203,38212860.759,6108.958,True,"2028-08-08 14:34:56 UTC","442d, 06:41:00"
902630096.203,38628455.696,6965.503,True,"2028-08-08 14:34:56 UTC","447d, 02:07:35"
902630096.203,39044050.633,7998.742,True,"2028-08-08 14:34:56 UTC","451d, 21:34:10"
902630096.203,39459645.57,9247.292,True,"2028-08-08 14:34:56 UTC","456d, 17:00:45"
902630096.203,39875240.506,10757.411,True,"2028-08-08 14:34:56 UTC","461d, 12:27:20"
902630096.203,40290835.443,12581.057,True,"2028-08-08 14:34:56 UTC","466d, 07:53:55"
902630096.203,40706430.38,14768.626,True,"2028-08-08 14:34:56 UTC","471d, 03:20:30"
902630096.203,41122025.316,17351.584,True,"2028-08-08 14:34:56 UTC","475d, 22:47:05"
902630096.203,41537620.253,20311.165,True,"2028-08-08 14:34:56 UTC","480d, 18:13:40"
902630096.203,41953215.19,23540.197,True,"2028-08-08 14:34:56 UTC","485d, 13:40:15"
902630096.203,42368810.127,26829.279,True,"2028-08-08 14:34:56 UTC","490d, 09:06:50"
902630096.203,42784405.063,27535.989,False,"2028-08-08 14:34:56 UTC","495d, 04:33:25"
902630096.203,43200000,26927.077,False,"2028-08-08 14:34:56 UTC","500d, 00:00:00"
903906410.127,10368000,20111.183,False,"2028-08-23 09:06:50 UTC","120d, 00:00:00"
903906410.127,10783594.937,18741.418,False,"2028-08-23 09:06:50 UTC","124d, 19:26:34"
903906410.127,11199189.873,17458.958,False,"2028-08-23 09:06:50 UTC","129d, 14:53:09"
903906410.127,11614784.81,16255.777,False,"2028-08-23 09:06:50 UTC","134d, 10:19:44"
903906410.127,12030379.747,15125.228,False,"2028-08-23 09:06:50 UTC","139d, 05:46:19"
903906410.127,12445974.684,14061.793,False,"2028-08-23 09:06:50 UTC","144d, 01:12:54"
903906410.127,12861569.62,13060.884,False,"2028-08-23 09:06:50 UTC","148d, 20:39:29"
903906410.127,13277164.557,12118.678,False,"2028-08-23 09:06:50 UTC","153d, 16:06:04"
903906410.127,13692759.494,11231.982,False,"2028-08-23 09:06:50 UTC","158d, 11:32:39"
903906410.127,14108354.43,10398.117,False,"2028-08-23 09:06:50 UTC","163d, 06:59:14"
903906410.127,14523949.367,9614.822,False,"2028-08-23 09:06:50 UTC","168d, 02:25:49"
903906410.127,14939544.304,8880.172,False,"2028-08-23 09:06:50 UTC","172d, 21:52:24"
903906410.127,15355139.241,8192.508,False,"2028-08-23 09:06:50 UTC","177d, 17:18:59"
903906410.127,15770734.177,7550.37,False,"2028-08-23 09:06:50 UTC","182d, 12:45:34"
903906410.127,16186329.114,6952.444,False,"2028-08-23 09:06:50 UTC","187d, 08:12:09"
903906410.127,16601924.051,6397.511,False,"2028-08-23 09:06:50 UTC","192d, 03:38:44"
903906410.127,17017518.987,5884.393,False,"2028-08-23 09:06:50 UTC","196d, 23:05:18"
903906410.127,17433113.924,5411.911,False,"2028-08-23 09:06:50 UTC","201d, 18:31:53"
903906410.127,17848708.861,4978.842,False,"2028-08-23 09:06:50 UTC","206d, 13:58:28"
903906410.127,18264303.797,4583.874,False,"2028-08-23 09:06:50 UTC","211d, 09:25:03"
903906410.127,18679898.734,4225.567,False,"2028-08-23 09:06:50 UTC","216d, 04:51:38"
903906410.127,19095493.671,3902.322,False,"2028-08-23 09:06:50 UTC","221d, 00:18:13"
903906410.127,19511088.608,3612.356,False,"2028-08-23 09:06:50 UTC","225d, 19:44:48"
903906410.127,19926683.544,3353.689,False,"2028-08-23 09:06:50 UTC","230d, 15:11:23"
903906410.127,20342278.481,3124.15,False,"2028-08-23 09:06:50 UTC","235d, 10:37:58"
903906410.127,20757873.418,2921.429,False,"2028-08-23 09:06:50 UTC","240d, 06:04:33"
903906410.127,21173468.354,2743.169,False,"2028-08-23 09:06:50 UTC","245d, 01:31:08"
903906410.127,21589063.291,2587.178,False,"2028-08-23 09:06:50 UTC","249d, 20:57:43"
903906410.127,22004658.228,2451.819,False,"2028-08-23 09:06:50 UTC","254d, 16:24:18"
903906410.127,22420253.165,2336.788,False,"2028-08-23 09:06:50 UTC","259d, 11:50:53"
903906410.127,22835848.101,2244.71,False,"2028-08-23 09:06:50 UTC","264d, 07:17:28"
903906410.127,23251443.038,2184.494,False,"2028-08-23 09:06:50 UTC","269d, 02:44:03"
903906410.127,23667037.975,2178.528,False,"2028-08-23 09:06:50 UTC","273d, 22:10:37"
903906410.127,24082632.911,2277.396,False,"2028-08-23 09:06:50 UTC","278d, 17:37:12"
903906410.127,24498227.848,2586.002,False,"2028-08-23 09:06:50 UTC","283d, 13:03:47"
903906410.127,24913822.785,3301.03,False,"2028-08-23 09:06:50 UTC","288d, 08:30:22"
903906410.127,25329417.722,4836.595,False,"2028-08-23 09:06:50 UTC","293d, 03:56:57"
903906410.127,25745012.658,11326.78,False,"2028-08-23 09:06:50 UTC","297d, 23:23:32"
903906410.127,26160607.595,10082.56,True,"2028-08-23 09:06:50 UTC","302d, 18:50:07"
903906410.127,26576202.532,5666.566,True,"2028-08-23 09:06:50 UTC","307d, 14:16:42"
903906410.127,26991797.468,4527.515,True,"2028-08-23 09:06:50 UTC","312d, 09:43:17"
903906410.127,27407392.405,3938.934,True,"2028-08-23 09:06:50 UTC","317d, 05:09:52"
903906410.127,27822987.342,3564.171,True,"2028-08-23 09:06:50 UTC","322d, 00:36:27"
903906410.127,28238582.278,3300.385,True,"2028-08-23 09:06:50 UTC","326d, 20:03:02"
903906410.127,28654177.215,3102.587,True,"2028-08-23 09:06:50 UTC","331d, 15:29:37"
903906410.127,29069772.152,2947.624,True,"2028-08-23 09:06:50 UTC","336d, 10:56:12"
903906410.127,29485367.089,2822.583,True,"2028-08-23 09:06:50 UTC","341d, 06:22:47"
903906410.127,29900962.025,2720.072,True,"2028-08-23 09:06:50 UTC","346d, 01:49:22"
903906410.127,30316556.962,2636.016,True,"2028-08-23 09:06:50 UTC","350d, 21:15:56"
903906410.127,30732151.899,2568.544,True,"2028-08-23 09:06:50 UTC","355d, 16:42:31"
903906410.127,31147746.835,2517.361,True,"2028-08-23 09:06:50 UTC","360d, 12:09:06"
903906410.127,31563341.772,2483.354,True,"2028-08-23 09:06:50 UTC","365d, 07:35:41"
903906410.127,31978936.709,2468.3,True,"2028-08-23 09:06:50 UTC","370d, 03:02:16"
903906410.127,32394531.646,2474.631,True,"2028-08-23 09:06:50 UTC","374d, 22:28:51"
903906410.127,32810126.582,2505.245,True,"2028-08-23 09:06:50 UTC","379d, 17:55:26"
903906410.127,33225721.519,2563.38,True,"2028-08-23 09:06:50 UTC","384d, 13:22:01"
903906410.127,33641316.456,2652.578,True,"2028-08-23 09:06:50 UTC","389d, 08:48:36"
903906410.127,34056911.392,2776.74,True,"2028-08-23 09:06:50 UTC","394d, 04:15:11"
903906410.127,34472506.329,2940.283,True,"2028-08-23 09:06:50 UTC","398d, 23:41:46"
903906410.127,34888101.266,3148.362,True,"2028-08-23 09:06:50 UTC","403d, 19:08:21"
903906410.127,35303696.203,3407.155,True,"2028-08-23 09:06:50 UTC","408d, 14:34:56"
903906410.127,35719291.139,3724.186,True,"2028-08-23 09:06:50 UTC","413d, 10:01:31"
903906410.127,36134886.076,4108.712,True,"2028-08-23 09:06:50 UTC","418d, 05:28:06"
903906410.127,36550481.013,4572.17,True,"2028-08-23 09:06:50 UTC","423d, 00:54:41"
903906410.127,36966075.949,5128.744,True,"2028-08-23 09:06:50 UTC","427d, 20:21:15"
903906410.127,37381670.886,5796.066,True,"2028-08-23 09:06:50 UTC","432d, 15:47:50"
903906410.127,37797265.823,6596.081,True,"2028-08-23 09:06:50 UTC","437d, 11:14:25"
903906410.127,38212860.759,7556.051,True,"2028-08-23 09:06:50 UTC","442d, 06:41:00"
903906410.127,38628455.696,8709.525,True,"2028-08-23 09:06:50 UTC","447d, 02:07:35"
903906410.127,39044050.633,10096.851,True,"2028-08-23 09:06:50 UTC","451d, 21:34:10"
903906410.127,39459645.57,11764.157,True,"2028-08-23 09:06:50 UTC","456d, 17:00:45"
903906410.127,39875240.506,13758.668,True,"2028-08-23 09:06:50 UTC","461d, 12:27:20"
903906410.127,40290835.443,16116.744,True,"2028-08-23 09:06:50 UTC","466d, 07:53:55"
903906410.127,40706430.38,18840.687,True,"2028-08-23 09:06:50 UTC","471d, 03:20:30"
903906410.127,41122025.316,21865.823,True,"2028-08-23 09:06:50 UTC","475d, 22:47:05"
903906410.127,41537620.253,25036.048,True,"2028-08-23 09:06:50 UTC","480d, 18:13:40"
903906410.127,41953215.19,27395.662,False,"2028-08-23 09:06:50 UTC","485d, 13:40:15"
903906410.127,42368810.127,26790.905,False,"2028-08-23 09:06:50 UTC","490d, 09:06:50"
903906410.127,42784405.063,26183.16,False,"2028-08-23 09:06:50 UTC","495d, 04:33:25"
903906410.127,43200000,25573.365,False,"2028-08-23 09:06:50 UTC","500d, 00:00:00"
905182724.051,10368000,17427.733,False,"2028-09-07 03:38:44 UTC","120d, 00:00:00"
905182724.051,10783594.937,16125.99,False,"2028-09-07 03:38:44 UTC","124d, 19:26:34"
905182724.051,11199189.873,14913.175,False,"2028-09-07 03:38:44 UTC","129d, 14:53:09"
905182724.051,11614784.81,13781.519,False,"2028-09-07 03:38:44 UTC","134d, 10:19:44"
905182724.051,12030379.747,12724.579,False,"2028-09-07 03:38:44 UTC","139d, 05:46:19"
905182724.051,12445974.684,11736.995,False,"2028-09-07 03:38:44 UTC","144d, 01:12:54"
905182724.051,12861569.62,10814.297,False,"2028-09-07 03:38:44 UTC","148d, 20:39:29"
905182724.051,13277164.557,9952.741,False,"2028-09-07 03:38:44 UTC","153d, 16:06:04"
905182724.051,13692759.494,9149.178,False,"2028-09-07 03:38:44 UTC","158d, 11:32:39"
905182724.051,14108354.43,8400.931,False,"2028-09-07 03:38:44 UTC","163d, 06:59:14"
905182724.051,14523949.367,7705.704,False,"2028-09-07 03:38:44 UTC","168d, 02:25:49"
905182724.051,14939544.304,7061.488,False,"2028-09-07 03:38:44 UTC","172d, 21:52:24"
905182724.051,15355139.241,6466.487,False,"2028-09-07 03:38:44 UTC","177d, 17:18:59"
905182724.051,15770734.177,5919.038,False,"2028-09-07 03:38:44 UTC","182d, 12:45:34"
905182724.051,16186329.114,5417.551,False,"2028-09-07 03:38:44 UTC","187d, 08:12:09"
905182724.051,16601924.051,4960.437,False,"2028-09-07 03:38:44 UTC","192d, 03:38:44"
905182724.051,17017518.987,4546.05,False,"2028-09-07 03:38:44 UTC","196d, 23:05:18"
905182724.051,17433113.924,4172.633,False,"2028-09-07 03:38:44 UTC","201d, 18:31:53"
905182724.051,17848708.861,3838.266,False,"2028-09-07 03:38:44 UTC","206d, 13:58:28"
905182724.051,18264303.797,3540.838,False,"2028-09-07 03:38:44 UTC","211d, 09:25:03"
905182724.051,18679898.734,3278.024,False,"2028-09-07 03:38:44 UTC","216d, 04:51:38"
905182724.051,19095493.671,3047.303,False,"2028-09-07 03:38:44 UTC","221d, 00:18:13"
905182724.051,19511088.608,2846.009,False,"2028-09-07 03:38:44 UTC","225d, 19:44:48"
905182724.051,19926683.544,2671.443,False,"2028-09-07 03:38:44 UTC","230d, 15:11:23"
905182724.051,20342278.481,2521.077,False,"2028-09-07 03:38:44 UTC","235d, 10:37:58"
905182724.051,20757873.418,2392.88,False,"2028-09-07 03:38:44 UTC","240d, 06:04:33"
905182724.051,21173468.354,2285.871,False,"2028-09-07 03:38:44 UTC","245d, 01:31:08"
905182724.051,21589063.291,2201.042,False,"2028-09-07 03:38:44 UTC","249d, 20:57:43"
905182724.051,22004658.228,2142.965,False,"2028-09-07 03:38:44 UTC","254d, 16:24:18"
905182724.051,22420253.165,2122.647,False,"2028-09-07 03:38:44 UTC","259d, 11:50:53"
905182724.051,22835848.101,2162.516,False,"2028-09-07 03:38:44 UTC","264d, 07:17:28"
905182724.051,23251443.038,2304.549,False,"2028-09-07 03:38:44 UTC","269d, 02:44:03"
905182724.051,23667037.975,2621.937,False,"2028-09-07 03:38:44 UTC","273d, 22:10:37"
905182724.051,24082632.911,3235.37,False,"2028-09-07 03:38:44 UTC","278d, 17:37:12"
905182724.051,24498227.848,4368.988,False,"2028-09-07 03:38:44 UTC","283d, 13:03:47"
905182724.051,24913822.785,7122.479,False,"2028-09-07 03:38:44 UTC","288d, 08:30:22"
905182724.051,25329417.722,25721.957,True,"2028-09-07 03:38:44 UTC","293d, 03:56:57"
905182724.051,25745012.658,7398.389,True,"2028-09-07 03:38:44 UTC","297d, 23:23:32"
905182724.051,26160607.595,5248.488,True,"2028-09-07 03:38:44 UTC","302d, 18:50:07"
905182724.051,26576202.532,4378.305,True,"2028-09-07 03:38:44 UTC","307d, 14:16:42"
905182724.051,26991797.468,3864.004,True,"2028-09-07 03:38:44 UTC","312d, 09:43:17"
905182724.051,27407392.405,3514.239,True,"2028-09-07 03:38:44 UTC","317d, 05:09:52"
905182724.051,27822987.342,3257.821,True,"2028-09-07 03:38:44 UTC","322d, 00:36:27"
905182724.051,28238582.278,3060.205,True,"2028-09-07 03:38:44 UTC","326d, 20:03:02"
905182724.051,28654177.215,2902.41,True,"2028-09-07 03:38:44 UTC","331d, 15:29:37"
905182724.051,29069772.152,2773.43,True,"2028-09-07 03:38:44 UTC","336d, 10:56:12"
905182724.051,29485367.089,2666.923,True,"2028-09-07 03:38:44 UTC","341d, 06:22:47"
905182724.051,29900962.025,2579.574,True,"2028-09-07 03:38:44 UTC","346d, 01:49:22"
905182724.051,30316556.962,2510.21,True,"2028-09-07 03:38:44 UTC","350d, 21:15:56"
905182724.051,30732151.899,2459.249,True,"2028-09-07 03:38:44 UTC","355d, 16:42:31"
905182724.051,31147746.835,2428.285,True,"2028-09-07 03:38:44 UTC","360d, 12:09:06"
905182724.051,31563341.772,2419.738,True,"2028-09-07 03:38:44 UTC","365d, 07:35:41"
905182724.051,31978936.709,2436.538,True,"2028-09-07 03:38:44 UTC","370d, 03:02:16"
905182724.051,32394531.646,2481.894,True,"2028-09-07 03:38:44 UTC","374d, 22:28:51"
905182724.051,32810126.582,2559.186,True,"2028-09-07 03:38:44 UTC","379d, 17:55:26"
905182724.051,33225721.519,2671.993,True,"2028-09-07 03:38:44 UTC","384d, 13:22:01"
905182724.051,33641316.456,2824.256,True,"2028-09-07 03:38:44 UTC","389d, 08:48:36"
905182724.051,34056911.392,3020.527,True,"2028-09-07 03:38:44 UTC","394d, 04:15:11"
905182724.051,34472506.329,3266.267,True,"2028-09-07 03:38:44 UTC","398d, 23:41:46"
905182724.051,34888101.266,3568.167,True,"2028-09-07 03:38:44 UTC","403d, 19:08:21"
905182724.051,35303696.203,3934.496,True,"2028-09-07 03:38:44 UTC","408d, 14:34:56"
905182724.051,35719291.139,4375.481,True,"2028-09-07 03:38:44 UTC","413d, 10:01:31"
905182724.051,36134886.076,4903.786,True,"2028-09-07 03:38:44 UTC","418d, 05:28:06"
905182724.051,36550481.013,5535.091,True,"2028-09-07 03:38:44 UTC","423d, 00:54:41"
905182724.051,36966075.949,6288.825,True,"2028-09-07 03:38:44 UTC","427d, 20:21:15"
905182724.051,37381670.886,7189.009,True,"2028-09-07 03:38:44 UTC","432d, 15:47:50"
905182724.051,37797265.823,8265.131,True,"2028-09-07 03:38:44 UTC","437d, 11:14:25"
905182724.051,38212860.759,9552.712,True,"2028-09-07 03:38:44 UTC","442d, 06:41:00"
905182724.051,38628455.696,11092.82,True,"2028-09-07 03:38:44 UTC","447d, 02:07:35"
905182724.051,39044050.633,12928.981,True,"2028-09-07 03:38:44 UTC","451d, 21:34:10"
905182724.051,39459645.57,15098.755,True,"2028-09-07 03:38:44 UTC","456d, 17:00:45"
905182724.051,39875240.506,17616.48,True,"2028-09-07 03:38:44 UTC","461d, 12:27:20"
905182724.051,40290835.443,20446.238,True,"2028-09-07 03:38:44 UTC","466d, 07:53:55"
905182724.051,40706430.38,23474.907,True,"2028-09-07 03:38:44 UTC","471d, 03:20:30"
905182724.051,41122025.316,26511.981,True,"2028-09-07 03:38:44 UTC","475d, 22:47:05"
905182724.051,41537620.253,26671.842,False,"2028-09-07 03:38:44 UTC","480d, 18:13:40"
905182724.051,41953215.19,26068.209,False,"2028-09-07 03:38:44 UTC","485d, 13:40:15"
905182724.051,42368810.127,25462.44,False,"2028-09-07 03:38:44 UTC","490d, 09:06:50"
905182724.051,42784405.063,24855.484,False,"2028-09-07 03:38:44 UTC","495d, 04:33:25"
905182724.051,43200000,24248.28,False,"2028-09-07 03:38:44 UTC","500d, 00:00:00"
906459037.975,10368000,14772.424,False,"2028-09-21 22:10:37 UTC","120d, 00:00:00"
906459037.975,10783594.937,13557.675,False,"2028-09-21 22:10:37 UTC","124d, 19:26:34"
906459037.975,11199189.873,12433.208,False,"2028-09-21 22:10:37 UTC","129d, 14:53:09"
906459037.975,11614784.81,11391.578,False,"2028-09-21 22:10:37 UTC","134d, 10:19:44"
906459037.975,12030379.747,10426.599,False,"2028-09-21 22:10:37 UTC","139d, 05:46:19"
906459037.975,12445974.684,9533.115,False,"2028-09-21 22:10:37 UTC","144d, 01:12:54"
906459037.975,12861569.62,8706.8,False,"2028-09-21 22:10:37 UTC","148d, 20:39:29"
906459037.975,13277164.557,7943.998,False,"2028-09-21 22:10:37 UTC","153d, 16:06:04"
906459037.975,13692759.494,7241.58,False,"2028-09-21 22:10:37 UTC","158d, 11:32:39"
906459037.975,14108354.43,6596.818,False,"2028-09-21 22:10:37 UTC","163d, 06:59:14"
906459037.975,14523949.367,6007.278,False,"2028-09-21 22:10:37 UTC","168d, 02:25:49"
906459037.975,14939544.304,5470.708,False,"2028-09-21 22:10:37 UTC","172d, 21:52:24"
906459037.975,15355139.241,4984.947,False,"2028-09-21 22:10:37 UTC","177d, 17:18:59"
906459037.975,15770734.177,4547.834,False,"2028-09-21 22:10:37 UTC","182d, 12:45:34"
906459037.975,16186329.114,4157.122,False,"2028-09-21 22:10:37 UTC","187d, 08:12:09"
906459037.975,16601924.051,3810.416,False,"2028-09-21 22:10:37 UTC","192d, 03:38:44"
906459037.975,17017518.987,3505.116,False,"2028-09-21 22:10:37 UTC","196d, 23:05:18"
906459037.975,17433113.924,3238.403,False,"2028-09-21 22:10:37 UTC","201d, 18:31:53"
906459037.975,17848708.861,3007.248,False,"2028-09-21 22:10:37 UTC","206d, 13:58:28"
906459037.975,18264303.797,2808.481,False,"2028-09-21 22:10:37 UTC","211d, 09:25:03"
906459037.975,18679898.734,2638.916,False,"2028-09-21 22:10:37 UTC","216d, 04:51:38"
906459037.975,19095493.671,2495.543,False,"2028-09-21 22:10:37 UTC","221d, 00:18:13"
906459037.975,19511088.608,2375.812,False,"2028-09-21 22:10:37 UTC","225d, 19:44:48"
906459037.975,19926683.544,2278.001,False,"2028-09-21 22:10:37 UTC","230d, 15:11:23"
906459037.975,20342278.481,2201.728,False,"2028-09-21 22:10:37 UTC","235d, 10:37:58"
906459037.975,20757873.418,2148.675,False,"2028-09-21 22:10:37 UTC","240d, 06:04:33"
906459037.975,21173468.354,2123.7,False,"2028-09-21 22:10:37 UTC","245d, 01:31:08"
906459037.975,21589063.291,2136.642,False,"2028-09-21 22:10:37 UTC","249d, 20:57:43"
906459037.975,22004658.228,2205.29,False,"2028-09-21 22:10:37 UTC","254d, 16:24:18"
906459037.975,22420253.165,2360.187,False,"2028-09-21 22:10:37 UTC","259d, 11:50:53"
906459037.975,22835848.101,2652.197,False,"2028-09-21 22:10:37 UTC","264d, 07:17:28"
906459037.975,23251443.038,3165.382,False,"2028-09-21 22:10:37 UTC","269d, 02:44:03"
906459037.975,23667037.975,4052.882,False,"2028-09-21 22:10:37 UTC","273d, 22:10:37"
906459037.975,24082632.911,5804.558,False,"2028-09-21 22:10:37 UTC","278d, 17:37:12"
906459037.975,24498227.848,13841.583,False,"2028-09-21 22:10:37 UTC","283d, 13:03:47"
906459037.975,24913822.785,11267.701,True,"2028-09-21 22:10:37 UTC","288d, 08:30:22"
906459037.975,25329417.722,6190.195,True,"2028-09-21 22:10:37 UTC","293d, 03:56:57"
906459037.975,25745012.658,4842.747,True,"2028-09-21 22:10:37 UTC","297d, 23:23:32"
906459037.975,26160607.595,4147.574,True,"2028-09-21 22:10:37 UTC","302d, 18:50:07"
906459037.975,26576202.532,3701.566,True,"2028-09-21 22:10:37 UTC","307d, 14:16:42"
906459037.975,26991797.468,3385.932,True,"2028-09-21 22:10:37 UTC","312d, 09:43:17"
906459037.975,27407392.405,3148.785,True,"2028-09-21 22:10:37 UTC","317d, 05:09:52"
906459037.975,27822987.342,2962.873,True,"2028-09-21 22:10:37 UTC","322d, 00:36:27"
906459037.975,28238582.278,2812.616,True,"2028-09-21 22:10:37 UTC","326d, 20:03:02"
906459037.975,28654177.215,2688.91,True,"2028-09-21 22:10:37 UTC","331d, 15:29:37"
906459037.975,29069772.152,2586.703,True,"2028-09-21 22:10:37 UTC","336d, 10:56:12"
906459037.975,29485367.089,2503.738,True,"2028-09-21 22:10:37 UTC","341d, 06:22:47"
906459037.975,29900962.025,2439.83,True,"2028-09-21 22:10:37 UTC","346d, 01:49:22"
906459037.975,30316556.962,2396.332,True,"2028-09-21 22:10:37 UTC","350d, 21:15:56"
906459037.975,30732151.899,2375.672,True,"2028-09-21 22:10:37 UTC","355d, 16:42:31"
906459037.975,31147746.835,2380.906,True,"2028-09-21 22:10:37 UTC","360d, 12:09:06"
906459037.975,31563341.772,2415.354,True,"2028-09-21 22:10:37 UTC","365d, 07:35:41"
906459037.975,31978936.709,2482.377,True,"2028-09-21 22:10:37 UTC","370d, 03:02:16"
906459037.975,32394531.646,2585.359,True,"2028-09-21 22:10:37 UTC","374d, 22:28:51"
906459037.975,32810126.582,2727.878,True,"2028-09-21 22:10:37 UTC","379d, 17:55:26"
906459037.975,33225721.519,2913.989,True,"2028-09-21 22:10:37 UTC","384d, 13:22:01"
906459037.975,33641316.456,3148.552,True,"2028-09-21 22:10:37 UTC","389d, 08:48:36"
906459037.975,34056911.392,3437.563,True,"2028-09-21 22:10:37 UTC","394d, 04:15:11"
906459037.975,34472506.329,3788.467,True,"2028-09-21 22:10:37 UTC","398d, 23:41:46"
906459037.975,34888101.266,4210.501,True,"2028-09-21 22:10:37 UTC","403d, 19:08:21"
906459037.975,35303696.203,4715.083,True,"2028-09-21 22:10:37 UTC","408d, 14:34:56"
906459037.975,35719291.139,5316.308,True,"2028-09-21 22:10:37 UTC","413d, 10:01:31"
906459037.975,36134886.076,6031.555,True,"2028-09-21 22:10:37 UTC","418d, 05:28:06"
906459037.975,36550481.013,6882.227,True,"2028-09-21 22:10:37 UTC","423d, 00:54:41"
906459037.975,36966075.949,7894.52,True,"2028-09-21 22:10:37 UTC","427d, 20:21:15"
906459037.975,37381670.886,9100.002,True,"2028-09-21 22:10:37 UTC","432d, 15:47:50"
906459037.975,37797265.823,10535.443,True,"2028-09-21 22:10:37 UTC","437d, 11:14:25"
906459037.975,38212860.759,12240.746,True,"2028-09-21 22:10:37 UTC","442d, 06:41:00"
906459037.975,38628455.696,14252.879,True,"2028-09-21 22:10:37 UTC","447d, 02:07:35"
906459037.975,39044050.633,16592.879,True,"2028-09-21 22:10:37 UTC","451d, 21:34:10"
906459037.975,39459645.57,19244.012,True,"2028-09-21 22:10:37 UTC","456d, 17:00:45"
906459037.975,39875240.506,22125.999,True,"2028-09-21 22:10:37 UTC","461d, 12:27:20"
906459037.975,40290835.443,25084.062,True,"2028-09-21 22:10:37 UTC","466d, 07:53:55"
906459037.975,40706430.38,26573.768,False,"2028-09-21 22:10:37 UTC","471d, 03:20:30"
906459037.975,41122025.316,25974.23,False,"2028-09-21 22:10:37 UTC","475d, 22:47:05"
906459037.975,41537620.253,25372.484,False,"2028-09-21 22:10:37 UTC","480d, 18:13:40"
906459037.975,41953215.19,24769.486,False,"2028-09-21 22:10:37 UTC","485d, 13:40:15"
906459037.975,42368810.127,24166.183,False,"2028-09-21 22:10:37 UTC","490d, 09:06:50"
906459037.975,42784405.063,23563.514,False,"2028-09-21 22:10:37 UTC","495d, 04:33:25"
906459037.975,43200000,22962.4,False,"2028-09-21 22:10:37 UTC","500d, 00:00:00"
907735351.899,10368000,12211.059,False,"2028-10-06 16:42:31 UTC","120d, 00:00:00"
907735351.899,10783594.937,11104.5,False,"2028-10-06 16:42:31 UTC","124d, 19:26:34"
907735351.899,11199189.873,10089.492,False,"2028-10-06 16:42:31 UTC","129d, 14:53:09"
907735351.899,11614784.81,9158.976,False,"2028-10-06 16:42:31 UTC","134d, 10:19:44"
907735351.899,12030379.747,8307.062,False,"2028-10-06 16:42:31 UTC","139d, 05:46:19"
907735351.899,12445974.684,7528.791,False,"2028-10-06 16:42:31 UTC","144d, 01:12:54"
907735351.899,12861569.62,6819.931,False,"2028-10-06 16:42:31 UTC","148d, 20:39:29"
907735351.899,13277164.557,6176.793,False,"2028-10-06 16:42:31 UTC","153d, 16:06:04"
907735351.899,13692759.494,5596.076,False,"2028-10-06 16:42:31 UTC","158d, 11:32:39"
907735351.899,14108354.43,5074.71,False,"2028-10-06 16:42:31 UTC","163d, 06:59:14"
907735351.899,14523949.367,4609.723,False,"2028-10-06 16:42:31 UTC","168d, 02:25:49"
907735351.899,14939544.304,4198.12,False,"2028-10-06 16:42:31 UTC","172d, 21:52:24"
907735351.899,15355139.241,3836.782,False,"2028-10-06 16:42:31 UTC","177d, 17:18:59"
907735351.899,15770734.177,3522.396,False,"2028-10-06 16:42:31 UTC","182d, 12:45:34"
907735351.899,16186329.114,3251.422,False,"2028-10-06 16:42:31 UTC","187d, 08:12:09"
907735351.899,16601924.051,3020.115,False,"2028-10-06 16:42:31 UTC","192d, 03:38:44"
907735351.899,17017518.987,2824.609,False,"2028-10-06 16:42:31 UTC","196d, 23:05:18"
907735351.899,17433113.924,2661.051,False,"2028-10-06 16:42:31 UTC","201d, 18:31:53"
907735351.899,17848708.861,2525.791,False,"2028-10-06 16:42:31 UTC","206d, 13:58:28"
907735351.899,18264303.797,2415.61,False,"2028-10-06 16:42:31 UTC","211d, 09:25:03"
907735351.899,18679898.734,2327.947,False,"2028-10-06 16:42:31 UTC","216d, 04:51:38"
907735351.899,19095493.671,2261.147,False,"2028-10-06 16:42:31 UTC","221d, 00:18:13"
907735351.899,19511088.608,2214.741,False,"2028-10-06 16:42:31 UTC","225d, 19:44:48"
907735351.899,19926683.544,2189.853,False,"2028-10-06 16:42:31 UTC","230d, 15:11:23"
907735351.899,20342278.481,2189.877,False,"2028-10-06 16:42:31 UTC","235d, 10:37:58"
907735351.899,20757873.418,2221.686,False,"2028-10-06 16:42:31 UTC","240d, 06:04:33"
907735351.899,21173468.354,2297.751,False,"2028-10-06 16:42:31 UTC","245d, 01:31:08"
907735351.899,21589063.291,2439.851,False,"2028-10-06 16:42:31 UTC","249d, 20:57:43"
907735351.899,22004658.228,2685.527,False,"2028-10-06 16:42:31 UTC","254d, 16:24:18"
907735351.899,22420253.165,3099.924,False,"2028-10-06 16:42:31 UTC","259d, 11:50:53"
907735351.899,22835848.101,3803.317,False,"2028-10-06 16:42:31 UTC","264d, 07:17:28"
907735351.899,23251443.038,5093.934,False,"2028-10-06 16:42:31 UTC","269d, 02:44:03"
907735351.899,23667037.975,8710.841,False,"2028-10-06 16:42:31 UTC","273d, 22:10:37"
907735351.899,24082632.911,22362.267,True,"2028-10-06 16:42:31 UTC","278d, 17:37:12"
907735351.899,24498227.848,7681.614,True,"2028-10-06 16:42:31 UTC","283d, 13:03:47"
907735351.899,24913822.785,5392.03,True,"2028-10-06 16:42:31 UTC","288d, 08:30:22"
907735351.899,25329417.722,4434.248,True,"2028-10-06 16:42:31 UTC","293d, 03:56:57"
907735351.899,25745012.658,3870.642,True,"2028-10-06 16:42:31 UTC","297d, 23:23:32"
907735351.899,26160607.595,3490.938,True,"2028-10-06 16:42:31 UTC","302d, 18:50:07"
907735351.899,26576202.532,3215.224,True,"2028-10-06 16:42:31 UTC","307d, 14:16:42"
907735351.899,26991797.468,3004.434,True,"2028-10-06 16:42:31 UTC","312d, 09:43:17"
907735351.899,27407392.405,2837.055,True,"2028-10-06 16:42:31 UTC","317d, 05:09:52"
907735351.899,27822987.342,2700.656,True,"2028-10-06 16:42:31 UTC","322d, 00:36:27"
907735351.899,28238582.278,2588.159,True,"2028-10-06 16:42:31 UTC","326d, 20:03:02"
907735351.899,28654177.215,2496.029,True,"2028-10-06 16:42:31 UTC","331d, 15:29:37"
907735351.899,29069772.152,2423.291,True,"2028-10-06 16:42:31 UTC","336d, 10:56:12"
907735351.899,29485367.089,2370.899,True,"2028-10-06 16:42:31 UTC","341d, 06:22:47"
907735351.899,29900962.025,2341.191,True,"2028-10-06 16:42:31 UTC","346d, 01:49:22"
907735351.899,30316556.962,2337.338,True,"2028-10-06 16:42:31 UTC","350d, 21:15:56"
907735351.899,30732151.899,2362.835,True,"2028-10-06 16:42:31 UTC","355d, 16:42:31"
907735351.899,31147746.835,2421.147,True,"2028-10-06 16:42:31 UTC","360d, 12:09:06"
907735351.899,31563341.772,2515.604,True,"2028-10-06 16:42:31 UTC","365d, 07:35:41"
907735351.899,31978936.709,2649.553,True,"2028-10-06 16:42:31 UTC","370d, 03:02:16"
907735351.899,32394531.646,2826.677,True,"2028-10-06 16:42:31 UTC","374d, 22:28:51"
907735351.899,32810126.582,3051.359,True,"2028-10-06 16:42:31 UTC","379d, 17:55:26"
907735351.899,33225721.519,3329.031,True,"2028-10-06 16:42:31 UTC","384d, 13:22:01"
907735351.899,33641316.456,3666.473,True,"2028-10-06 16:42:31 UTC","389d, 08:48:36"
907735351.899,34056911.392,4072.108,True,"2028-10-06 16:42:31 UTC","394d, 04:15:11"
907735351.899,34472506.329,4556.333,True,"2028-10-06 16:42:31 UTC","398d, 23:41:46"
907735351.899,34888101.266,5131.932,True,"2028-10-06 16:42:31 UTC","403d, 19:08:21"
907735351.899,35303696.203,5814.606,True,"2028-10-06 16:42:31 UTC","408d, 14:34:56"
907735351.899,35719291.139,6623.606,True,"2028-10-06 16:42:31 UTC","413d, 10:01:31"
907735351.899,36134886.076,7582.427,True,"2028-10-06 16:42:31 UTC","418d, 05:28:06"
907735351.899,36550481.013,8719.379,True,"2028-10-06 16:42:31 UTC","423d, 00:54:41"
907735351.899,36966075.949,10067.612,True,"2028-10-06 16:42:31 UTC","427d, 20:21:15"
907735351.899,37381670.886,11663.712,True,"2028-10-06 16:42:31 UTC","432d, 15:47:50"
907735351.899,37797265.823,13543.257,True,"2028-10-06 16:42:31 UTC","437d, 11:14:25"
907735351.899,38212860.759,15730.872,True,"2028-10-06 16:42:31 UTC","442d, 06:41:00"
907735351.899,38628455.696,18222.627,True,"2028-10-06 16:42:31 UTC","447d, 02:07:35"
907735351.899,39044050.633,20962.784,True,"2028-10-06 16:42:31 UTC","451d, 21:34:10"
907735351.899,39459645.57,23827.589,True,"2028-10-06 16:42:31 UTC","456d, 17:00:45"
907735351.899,39875240.506,26500.033,False,"2028-10-06 16:42:31 UTC","461d, 12:27:20"
907735351.899,40290835.443,25904.501,False,"2028-10-06 16:42:31 UTC","466d, 07:53:55"
907735351.899,40706430.38,25306.699,False,"2028-10-06 16:42:31 UTC","471d, 03:20:30"
907735351.899,41122025.316,24707.589,False,"2028-10-06 16:42:31 UTC","475d, 22:47:05"
907735351.899,41537620.253,24108.123,False,"2028-10-06 16:42:31 UTC","480d, 18:13:40"
907735351.899,41953215.19,23509.245,False,"2028-10-06 16:42:31 UTC","485d, 13:40:15"
907735351.899,42368810.127,22911.88,False,"2028-10-06 16:42:31 UTC","490d, 09:06:50"
907735351.899,42784405.063,22316.935,False,"2028-10-06 16:42:31 UTC","495d, 04:33:25"
907735351.899,43200000,21725.294,False,"2028-10-06 16:42:31 UTC","500d, 00:00:00"
909011665.823,10368000,9831.899,False,"2028-10-21 11:14:25 UTC","120d, 00:00:00"
909011665.823,10783594.937,8858.289,False,"2028-10-21 11:14:25 UTC","124d, 19:26:34"
909011665.823,11199189.873,7977.623,False,"2028-10-21 11:14:25 UTC","129d, 14:53:09"
909011665.823,11614784.81,7183.177,False,"2028-10-21 11:14:25 UTC","134d, 10:19:44"
909011665.823,12030379.747,6469.218,False,"2028-10-21 11:14:25 UTC","139d, 05:46:19"
909011665.823,12445974.684,5830.733,False,"2028-10-21 11:14:25 UTC","144d, 01:12:54"
909011665.823,12861569.62,5263.196,False,"2028-10-21 11:14:25 UTC","148d, 20:39:29"
909011665.823,13277164.557,4762.354,False,"2028-10-21 11:14:25 UTC","153d, 16:06:04"
909011665.823,13692759.494,4324.046,False,"2028-10-21 11:14:25 UTC","158d, 11:32:39"
909011665.823,14108354.43,3944.053,False,"2028-10-21 11:14:25 UTC","163d, 06:59:14"
909011665.823,14523949.367,3617.996,False,"2028-10-21 11:14:25 UTC","168d, 02:25:49"
909011665.823,14939544.304,3341.299,False,"2028-10-21 11:14:25 UTC","172d, 21:52:24"
909011665.823,15355139.241,3109.21,False,"2028-10-21 11:14:25 UTC","177d, 17:18:59"
909011665.823,15770734.177,2916.906,False,"2028-10-21 11:14:25 UTC","182d, 12:45:34"
909011665.823,16186329.114,2759.638,False,"2028-10-21 11:14:25 UTC","187d, 08:12:09"
909011665.823,16601924.051,2632.911,False,"2028-10-21 11:14:25 UTC","192d, 03:38:44"
909011665.823,17017518.987,2532.654,False,"2028-10-21 11:14:25 UTC","196d, 23:05:18"
909011665.823,17433113.924,2455.353,False,"2028-10-21 11:14:25 UTC","201d, 18:31:53"
909011665.823,17848708.861,2398.161,False,"2028-10-21 11:14:25 UTC","206d, 13:58:28"
909011665.823,18264303.797,2358.998,False,"2028-10-21 11:14:25 UTC","211d, 09:25:03"
909011665.823,18679898.734,2336.708,False,"2028-10-21 11:14:25 UTC","216d, 04:51:38"
909011665.823,19095493.671,2331.341,False,"2028-10-21 11:14:25 UTC","221d, 00:18:13"
909011665.823,19511088.608,2344.671,False,"2028-10-21 11:14:25 UTC","225d, 19:44:48"
909011665.823,19926683.544,2381.117,False,"2028-10-21 11:14:25 UTC","230d, 15:11:23"
909011665.823,20342278.481,2449.376,False,"2028-10-21 11:14:25 UTC","235d, 10:37:58"
909011665.823,20757873.418,2565.377,False,"2028-10-21 11:14:25 UTC","240d, 06:04:33"
909011665.823,21173468.354,2757.748,False,"2028-10-21 11:14:25 UTC","245d, 01:31:08"
909011665.823,21589063.291,3078.369,False,"2028-10-21 11:14:25 UTC","249d, 20:57:43"
909011665.823,22004658.228,3625.463,False,"2028-10-21 11:14:25 UTC","254d, 16:24:18"
909011665.823,22420253.165,4616.229,False,"2028-10-21 11:14:25 UTC","259d, 11:50:53"
909011665.823,22835848.101,6858.094,False,"2028-10-21 11:14:25 UTC","264d, 07:17:28"
909011665.823,23251443.038,18816.075,False,"2028-10-21 11:14:25 UTC","269d, 02:44:03"
909011665.823,23667037.975,10518.062,True,"2028-10-21 11:14:25 UTC","273d, 22:10:37"
909011665.823,24082632.911,6128.024,True,"2028-10-21 11:14:25 UTC","278d, 17:37:12"
909011665.823,24498227.848,4758.987,True,"2028-10-21 11:14:25 UTC","283d, 13:03:47"
909011665.823,24913822.785,4042.235,True,"2028-10-21 11:14:25 UTC","288d, 08:30:22"
909011665.823,25329417.722,3588.637,True,"2028-10-21 11:14:25 UTC","293d, 03:56:57"
909011665.823,25745012.658,3272.577,True,"2028-10-21 11:14:25 UTC","297d, 23:23:32"
909011665.823,26160607.595,3037.944,True,"2028-10-21 11:14:25 UTC","302d, 18:50:07"
909011665.823,26576202.532,2855.516,True,"2028-10-21 11:14:25 UTC","307d, 14:16:42"
909011665.823,26991797.468,2708.93,True,"2028-10-21 11:14:25 UTC","312d, 09:43:17"
909011665.823,27407392.405,2588.896,True,"2028-10-21 11:14:25 UTC","317d, 05:09:52"
909011665.823,27822987.342,2490.505,True,"2028-10-21 11:14:25 UTC","322d, 00:36:27"
909011665.823,28238582.278,2411.888,True,"2028-10-21 11:14:25 UTC","326d, 20:03:02"
909011665.823,28654177.215,2353.437,True,"2028-10-21 11:14:25 UTC","331d, 15:29:37"
909011665.823,29069772.152,2317.224,True,"2028-10-21 11:14:25 UTC","336d, 10:56:12"
909011665.823,29485367.089,2306.401,True,"2028-10-21 11:14:25 UTC","341d, 06:22:47"
909011665.823,29900962.025,2324.598,True,"2028-10-21 11:14:25 UTC","346d, 01:49:22"
909011665.823,30316556.962,2375.427,True,"2028-10-21 11:14:25 UTC","350d, 21:15:56"
909011665.823,30732151.899,2462.267,True,"2028-10-21 11:14:25 UTC","355d, 16:42:31"
909011665.823,31147746.835,2588.363,True,"2028-10-21 11:14:25 UTC","360d, 12:09:06"
909011665.823,31563341.772,2757.155,True,"2028-10-21 11:14:25 UTC","365d, 07:35:41"
909011665.823,31978936.709,2972.68,True,"2028-10-21 11:14:25 UTC","370d, 03:02:16"
909011665.823,32394531.646,3239.933,True,"2028-10-21 11:14:25 UTC","374d, 22:28:51"
909011665.823,32810126.582,3565.163,True,"2028-10-21 11:14:25 UTC","379d, 17:55:26"
909011665.823,33225721.519,3956.131,True,"2028-10-21 11:14:25 UTC","384d, 13:22:01"
909011665.823,33641316.456,4422.391,True,"2028-10-21 11:14:25 UTC","389d, 08:48:36"
909011665.823,34056911.392,4975.639,True,"2028-10-21 11:14:25 UTC","394d, 04:15:11"
909011665.823,34472506.329,5630.173,True,"2028-10-21 11:14:25 UTC","398d, 23:41:46"
909011665.823,34888101.266,6403.455,True,"2028-10-21 11:14:25 UTC","403d, 19:08:21"
909011665.823,35303696.203,7316.738,True,"2028-10-21 11:14:25 UTC","408d, 14:34:56"
909011665.823,35719291.139,8395.619,True,"2028-10-21 11:14:25 UTC","413d, 10:01:31"
909011665.823,36134886.076,9670.194,True,"2028-10-21 11:14:25 UTC","418d, 05:28:06"
909011665.823,36550481.013,11174.111,True,"2028-10-21 11:14:25 UTC","423d, 00:54:41"
909011665.823,36966075.949,12941.264,True,"2028-10-21 11:14:25 UTC","427d, 20:21:15"
909011665.823,37381670.886,14998.08,True,"2028-10-21 11:14:25 UTC","432d, 15:47:50"
909011665.823,37797265.823,17349.254,True,"2028-10-21 11:14:25 UTC","437d, 11:14:25"
909011665.823,38212860.759,19957.315,True,"2028-10-21 11:14:25 UTC","442d, 06:41:00"
909011665.823,38628455.696,22724.343,True,"2028-10-21 11:14:25 UTC","447d, 02:07:35"
909011665.823,39044050.633,25494.474,True,"2028-10-21 11:14:25 UTC","451d, 21:34:10"
909011665.823,39459645.57,25861.865,False,"2028-10-21 11:14:25 UTC","456d, 17:00:45"
909011665.823,39875240.506,25267.864,False,"2028-10-21 11:14:25 UTC","461d, 12:27:20"
909011665.823,40290835.443,24672.504,False,"2028-10-21 11:14:25 UTC","466d, 07:53:55"
909011665.823,40706430.38,24076.741,False,"2028-10-21 11:14:25 UTC","471d, 03:20:30"
909011665.823,41122025.316,23481.522,False,"2028-10-21 11:14:25 UTC","475d, 22:47:05"
909011665.823,41537620.253,22887.774,False,"2028-10-21 11:14:25 UTC","480d, 18:13:40"
909011665.823,41953215.19,22296.408,False,"2028-10-21 11:14:25 UTC","485d, 13:40:15"
909011665.823,42368810.127,21708.307,False,"2028-10-21 11:14:25 UTC","490d, 09:06:50"
909011665.823,42784405.063,21124.329,False,"2028-10-21 11:14:25 UTC","495d, 04:33:25"
909011665.823,43200000,20545.304,False,"2028-10-21 11:14:25 UTC","500d, 00:00:00"
910287979.747,10368000,7757.929,False,"2028-11-05 05:46:19 UTC","120d, 00:00:00"
910287979.747,10783594.937,6946.898,False,"2028-11-05 05:46:19 UTC","124d, 19:26:34"
910287979.747,11199189.873,6229.867,False,"2028-11-05 05:46:19 UTC","129d, 14:53:09"
910287979.747,11614784.81,5599.925,False,"2028-11-05 05:46:19 UTC","134d, 10:19:44"
910287979.747,12030379.747,5050.756,False,"2028-11-05 05:46:19 UTC","139d, 05:46:19"
910287979.747,12445974.684,4576.358,False,"2028-11-05 05:46:19 UTC","144d, 01:12:54"
910287979.747,12861569.62,4170.819,False,"2028-11-05 05:46:19 UTC","148d, 20:39:29"
910287979.747,13277164.557,3828.169,False,"2028-11-05 05:46:19 UTC","153d, 16:06:04"
910287979.747,13692759.494,3542.324,False,"2028-11-05 05:46:19 UTC","158d, 11:32:39"
910287979.747,14108354.43,3307.117,False,"2028-11-05 05:46:19 UTC","163d, 06:59:14"
910287979.747,14523949.367,3116.411,False,"2028-11-05 05:46:19 UTC","168d, 02:25:49"
910287979.747,14939544.304,2964.253,False,"2028-11-05 05:46:19 UTC","172d, 21:52:24"
910287979.747,15355139.241,2845.036,False,"2028-11-05 05:46:19 UTC","177d, 17:18:59"
910287979.747,15770734.177,2753.632,False,"2028-11-05 05:46:19 UTC","182d, 12:45:34"
910287979.747,16186329.114,2685.479,False,"2028-11-05 05:46:19 UTC","187d, 08:12:09"
910287979.747,16601924.051,2636.642,False,"2028-11-05 05:46:19 UTC","192d, 03:38:44"
910287979.747,17017518.987,2603.858,False,"2028-11-05 05:46:19 UTC","196d, 23:05:18"
910287979.747,17433113.924,2584.609,False,"2028-11-05 05:46:19 UTC","201d, 18:31:53"
910287979.747,17848708.861,2577.237,False,"2028-11-05 05:46:19 UTC","206d, 13:58:28"
910287979.747,18264303.797,2581.156,False,"2028-11-05 05:46:19 UTC","211d, 09:25:03"
910287979.747,18679898.734,2597.213,False,"2028-11-05 05:46:19 UTC","216d, 04:51:38"
910287979.747,19095493.671,2628.341,False,"2028-11-05 05:46:19 UTC","221d, 00:18:13"
910287979.747,19511088.608,2680.751,False,"2028-11-05 05:46:19 UTC","225d, 19:44:48"
910287979.747,19926683.544,2766.17,False,"2028-11-05 05:46:19 UTC","230d, 15:11:23"
910287979.747,20342278.481,2906.206,False,"2028-11-05 05:46:19 UTC","235d, 10:37:58"
910287979.747,20757873.418,3141.21,False,"2028-11-05 05:46:19 UTC","240d, 06:04:33"
910287979.747,21173468.354,3549.758,False,"2028-11-05 05:46:19 UTC","245d, 01:31:08"
910287979.747,21589063.291,4300.566,False,"2028-11-05 05:46:19 UTC","249d, 20:57:43"
910287979.747,22004658.228,5878.266,False,"2028-11-05 05:46:19 UTC","254d, 16:24:18"
910287979.747,22420253.165,11322.025,False,"2028-11-05 05:46:19 UTC","259d, 11:50:53"
910287979.747,22835848.101,16847.318,True,"2028-11-05 05:46:19 UTC","264d, 07:17:28"
910287979.747,23251443.038,7216.45,True,"2028-11-05 05:46:19 UTC","269d, 02:44:03"
910287979.747,23667037.975,5162.339,True,"2028-11-05 05:46:19 UTC","273d, 22:10:37"
910287979.747,24082632.911,4238.865,True,"2028-11-05 05:46:19 UTC","278d, 17:37:12"
910287979.747,24498227.848,3697.314,True,"2028-11-05 05:46:19 UTC","283d, 13:03:47"
910287979.747,24913822.785,3337.386,True,"2028-11-05 05:46:19 UTC","288d, 08:30:22"
910287979.747,25329417.722,3078.493,True,"2028-11-05 05:46:19 UTC","293d, 03:56:57"
910287979.747,25745012.658,2881.451,True,"2028-11-05 05:46:19 UTC","297d, 23:23:32"
910287979.747,26160607.595,2725.323,True,"2028-11-05 05:46:19 UTC","302d, 18:50:07"
910287979.747,26576202.532,2598.508,True,"2028-11-05 05:46:19 UTC","307d, 14:16:42"
910287979.747,26991797.468,2494.782,True,"2028-11-05 05:46:19 UTC","312d, 09:43:17"
910287979.747,27407392.405,2411.42,True,"2028-11-05 05:46:19 UTC","317d, 05:09:52"
910287979.747,27822987.342,2348.209,True,"2028-11-05 05:46:19 UTC","322d, 00:36:27"
910287979.747,28238582.278,2306.82,True,"2028-11-05 05:46:19 UTC","326d, 20:03:02"
910287979.747,28654177.215,2290.22,True,"2028-11-05 05:46:19 UTC","331d, 15:29:37"
910287979.747,29069772.152,2302.039,True,"2028-11-05 05:46:19 UTC","336d, 10:56:12"
910287979.747,29485367.089,2345.995,True,"2028-11-05 05:46:19 UTC","341d, 06:22:47"
910287979.747,29900962.025,2425.556,True,"2028-11-05 05:46:19 UTC","346d, 01:49:22"
910287979.747,30316556.962,2543.959,True,"2028-11-05 05:46:19 UTC","350d, 21:15:56"
910287979.747,30732151.899,2704.517,True,"2028-11-05 05:46:19 UTC","355d, 16:42:31"
910287979.747,31147746.835,2911.036,True,"2028-11-05 05:46:19 UTC","360d, 12:09:06"
910287979.747,31563341.772,3168.192,True,"2028-11-05 05:46:19 UTC","365d, 07:35:41"
910287979.747,31978936.709,3481.819,True,"2028-11-05 05:46:19 UTC","370d, 03:02:16"
910287979.747,32394531.646,3859.143,True,"2028-11-05 05:46:19 UTC","374d, 22:28:51"
910287979.747,32810126.582,4309.014,True,"2028-11-05 05:46:19 UTC","379d, 17:55:26"
910287979.747,33225721.519,4842.213,True,"2028-11-05 05:46:19 UTC","384d, 13:22:01"
910287979.747,33641316.456,5471.853,True,"2028-11-05 05:46:19 UTC","389d, 08:48:36"
910287979.747,34056911.392,6213.881,True,"2028-11-05 05:46:19 UTC","394d, 04:15:11"
910287979.747,34472506.329,7087.663,True,"2028-11-05 05:46:19 UTC","398d, 23:41:46"
910287979.747,34888101.266,8116.514,True,"2028-11-05 05:46:19 UTC","403d, 19:08:21"
910287979.747,35303696.203,9327.939,True,"2028-11-05 05:46:19 UTC","408d, 14:34:56"
910287979.747,35719291.139,10753.02,True,"2028-11-05 05:46:19 UTC","413d, 10:01:31"
910287979.747,36134886.076,12423.933,True,"2028-11-05 05:46:19 UTC","418d, 05:28:06"
910287979.747,36550481.013,14367.886,True,"2028-11-05 05:46:19 UTC","423d, 00:54:41"
910287979.747,36966075.949,16595.484,True,"2028-11-05 05:46:19 UTC","427d, 20:21:15"
910287979.747,37381670.886,19082.966,True,"2028-11-05 05:46:19 UTC","432d, 15:47:50"
910287979.747,37797265.823,21753.572,True,"2028-11-05 05:46:19 UTC","437d, 11:14:25"
910287979.747,38212860.759,24472.85,True,"2028-11-05 05:46:19 UTC","442d, 06:41:00"
910287979.747,38628455.696,25848.808,False,"2028-11-05 05:46:19 UTC","447d, 02:07:35"
910287979.747,39044050.633,25258.409,False,"2028-11-05 05:46:19 UTC","451d, 21:34:10"
910287979.747,39459645.57,24666.602,False,"2028-11-05 05:46:19 UTC","456d, 17:00:45"
910287979.747,39875240.506,24074.347,False,"2028-11-05 05:46:19 UTC","461d, 12:27:20"
910287979.747,40290835.443,23482.59,False,"2028-11-05 05:46:19 UTC","466d, 07:53:55"
910287979.747,40706430.38,22892.263,False,"2028-11-05 05:46:19 UTC","471d, 03:20:30"
910287979.747,41122025.316,22304.274,False,"2028-11-05 05:46:19 UTC","475d, 22:47:05"
910287979.747,41537620.253,21719.508,False,"2028-11-05 05:46:19 UTC","480d, 18:13:40"
910287979.747,41953215.19,21138.823,False,"2028-11-05 05:46:19 UTC","485d, 13:40:15"
910287979.747,42368810.127,20563.046,False,"2028-11-05 05:46:19 UTC","490d, 09:06:50"
910287979.747,42784405.063,19992.972,False,"2028-11-05 05:46:19 UTC","495d, 04:33:25"
910287979.747,43200000,19429.36,False,"2028-11-05 05:46:19 UTC","500d, 00:00:00"
911564293.671,10368000,6157.439,False,"2028-11-20 00:18:13 UTC","120d, 00:00:00"
911564293.671,10783594.937,5540.143,False,"2028-11-20 00:18:13 UTC","124d, 19:26:34"
911564293.671,11199189.873,5014.392,False,"2028-11-20 00:18:13 UTC","129d, 14:53:09"
911564293.671,11614784.81,4571.626,False,"2028-11-20 00:18:13 UTC","134d, 10:19:44"
911564293.671,12030379.747,4203.468,False,"2028-11-20 00:18:13 UTC","139d, 05:46:19"
911564293.671,12445974.684,3901.631,False,"2028-11-20 00:18:13 UTC","144d, 01:12:54"
911564293.671,12861569.62,3657.942,False,"2028-11-20 00:18:13 UTC","148d, 20:39:29"
911564293.671,13277164.557,3464.456,False,"2028-11-20 00:18:13 UTC","153d, 16:06:04"
911564293.671,13692759.494,3313.611,False,"2028-11-20 00:18:13 UTC","158d, 11:32:39"
911564293.671,14108354.43,3198.37,False,"2028-11-20 00:18:13 UTC","163d, 06:59:14"
911564293.671,14523949.367,3112.343,False,"2028-11-20 00:18:13 UTC","168d, 02:25:49"
911564293.671,14939544.304,3049.856,False,"2028-11-20 00:18:13 UTC","172d, 21:52:24"
911564293.671,15355139.241,3005.988,False,"2028-11-20 00:18:13 UTC","177d, 17:18:59"
911564293.671,15770734.177,2976.593,False,"2028-11-20 00:18:13 UTC","182d, 12:45:34"
911564293.671,16186329.114,2958.31,False,"2028-11-20 00:18:13 UTC","187d, 08:12:09"
911564293.671,16601924.051,2948.587,False,"2028-11-20 00:18:13 UTC","192d, 03:38:44"
911564293.671,17017518.987,2945.727,False,"2028-11-20 00:18:13 UTC","196d, 23:05:18"
911564293.671,17433113.924,2948.999,False,"2028-11-20 00:18:13 UTC","201d, 18:31:53"
911564293.671,17848708.861,2958.855,False,"2028-11-20 00:18:13 UTC","206d, 13:58:28"
911564293.671,18264303.797,2977.36,False,"2028-11-20 00:18:13 UTC","211d, 09:25:03"
911564293.671,18679898.734,3009.029,False,"2028-11-20 00:18:13 UTC","216d, 04:51:38"
911564293.671,19095493.671,3062.45,False,"2028-11-20 00:18:13 UTC","221d, 00:18:13"
911564293.671,19511088.608,3153.573,False,"2028-11-20 00:18:13 UTC","225d, 19:44:48"
911564293.671,19926683.544,3312.643,False,"2028-11-20 00:18:13 UTC","230d, 15:11:23"
911564293.671,20342278.481,3599.848,False,"2028-11-20 00:18:13 UTC","235d, 10:37:58"
911564293.671,20757873.418,4145.168,False,"2028-11-20 00:18:13 UTC","240d, 06:04:33"
911564293.671,21173468.354,5283.508,False,"2028-11-20 00:18:13 UTC","245d, 01:31:08"
911564293.671,21589063.291,8433.924,False,"2028-11-20 00:18:13 UTC","249d, 20:57:43"
911564293.671,22004658.228,27435.682,False,"2028-11-20 00:18:13 UTC","254d, 16:24:18"
911564293.671,22420253.165,8976.803,True,"2028-11-20 00:18:13 UTC","259d, 11:50:53"
911564293.671,22835848.101,5691.322,True,"2028-11-20 00:18:13 UTC","264d, 07:17:28"
911564293.671,23251443.038,4480.295,True,"2028-11-20 00:18:13 UTC","269d, 02:44:03"
911564293.671,23667037.975,3832.651,True,"2028-11-20 00:18:13 UTC","273d, 22:10:37"
911564293.671,24082632.911,3424.61,True,"2028-11-20 00:18:13 UTC","278d, 17:37:12"
911564293.671,24498227.848,3140.562,True,"2028-11-20 00:18:13 UTC","283d, 13:03:47"
911564293.671,24913822.785,2928.555,True,"2028-11-20 00:18:13 UTC","288d, 08:30:22"
911564293.671,25329417.722,2762.395,True,"2028-11-20 00:18:13 UTC","293d, 03:56:57"
911564293.671,25745012.658,2628.12,True,"2028-11-20 00:18:13 UTC","297d, 23:23:32"
911564293.671,26160607.595,2518.342,True,"2028-11-20 00:18:13 UTC","302d, 18:50:07"
911564293.671,26576202.532,2429.639,True,"2028-11-20 00:18:13 UTC","307d, 14:16:42"
911564293.671,26991797.468,2361.292,True,"2028-11-20 00:18:13 UTC","312d, 09:43:17"
911564293.671,27407392.405,2314.559,True,"2028-11-20 00:18:13 UTC","317d, 05:09:52"
911564293.671,27822987.342,2292.115,True,"2028-11-20 00:18:13 UTC","322d, 00:36:27"
911564293.671,28238582.278,2297.459,True,"2028-11-20 00:18:13 UTC","326d, 20:03:02"
911564293.671,28654177.215,2334.316,True,"2028-11-20 00:18:13 UTC","331d, 15:29:37"
911564293.671,29069772.152,2406.223,True,"2028-11-20 00:18:13 UTC","336d, 10:56:12"
911564293.671,29485367.089,2516.457,True,"2028-11-20 00:18:13 UTC","341d, 06:22:47"
911564293.671,29900962.025,2668.286,True,"2028-11-20 00:18:13 UTC","346d, 01:49:22"
911564293.671,30316556.962,2865.382,True,"2028-11-20 00:18:13 UTC","350d, 21:15:56"
911564293.671,30732151.899,3112.197,True,"2028-11-20 00:18:13 UTC","355d, 16:42:31"
911564293.671,31147746.835,3414.247,True,"2028-11-20 00:18:13 UTC","360d, 12:09:06"
911564293.671,31563341.772,3778.319,True,"2028-11-20 00:18:13 UTC","365d, 07:35:41"
911564293.671,31978936.709,4212.673,True,"2028-11-20 00:18:13 UTC","370d, 03:02:16"
911564293.671,32394531.646,4727.308,True,"2028-11-20 00:18:13 UTC","374d, 22:28:51"
911564293.671,32810126.582,5334.314,True,"2028-11-20 00:18:13 UTC","379d, 17:55:26"
911564293.671,33225721.519,6048.345,True,"2028-11-20 00:18:13 UTC","384d, 13:22:01"
911564293.671,33641316.456,6887.147,True,"2028-11-20 00:18:13 UTC","389d, 08:48:36"
911564293.671,34056911.392,7872.093,True,"2028-11-20 00:18:13 UTC","394d, 04:15:11"
911564293.671,34472506.329,9028.476,True,"2028-11-20 00:18:13 UTC","398d, 23:41:46"
911564293.671,34888101.266,10385.144,True,"2028-11-20 00:18:13 UTC","403d, 19:08:21"
911564293.671,35303696.203,11972.632,True,"2028-11-20 00:18:13 UTC","408d, 14:34:56"
911564293.671,35719291.139,13818.37,True,"2028-11-20 00:18:13 UTC","413d, 10:01:31"
911564293.671,36134886.076,15937.112,True,"2028-11-20 00:18:13 UTC","418d, 05:28:06"
911564293.671,36550481.013,18315.555,True,"2028-11-20 00:18:13 UTC","423d, 00:54:41"
911564293.671,36966075.949,20894.256,True,"2028-11-20 00:18:13 UTC","427d, 20:21:15"
911564293.671,37381670.886,23558.283,True,"2028-11-20 00:18:13 UTC","432d, 15:47:50"
911564293.671,37797265.823,25867.526,False,"2028-11-20 00:18:13 UTC","437d, 11:14:25"
911564293.671,38212860.759,25280.483,False,"2028-11-20 00:18:13 UTC","442d, 06:41:00"
911564293.671,38628455.696,24691.982,False,"2028-11-20 00:18:13 UTC","447d, 02:07:35"
911564293.671,39044050.633,24102.984,False,"2028-11-20 00:18:13 UTC","451d, 21:34:10"
911564293.671,39459645.57,23514.438,False,"2028-11-20 00:18:13 UTC","456d, 17:00:45"
911564293.671,39875240.506,22927.273,False,"2028-11-20 00:18:13 UTC","461d, 12:27:20"
911564293.671,40290835.443,22342.397,False,"2028-11-20 00:18:13 UTC","466d, 07:53:55"
911564293.671,40706430.38,21760.697,False,"2028-11-20 00:18:13 UTC","471d, 03:20:30"
911564293.671,41122025.316,21183.026,False,"2028-11-20 00:18:13 UTC","475d, 22:47:05"
911564293.671,41537620.253,20610.212,False,"2028-11-20 00:18:13 UTC","480d, 18:13:40"
911564293.671,41953215.19,20043.048,False,"2028-11-20 00:18:13 UTC","485d, 13:40:15"
911564293.671,42368810.127,19482.291,False,"2028-11-20 00:18:13 UTC","490d, 09:06:50"
911564293.671,42784405.063,18928.663,False,"2028-11-20 00:18:13 UTC","495d, 04:33:25"
911564293.671,43200000,18382.848,False,"2028-11-20 00:18:13 UTC","500d, 00:00:00"
912840607.595,10368000,5222.235,False,"2028-12-04 18:50:07 UTC","120d, 00:00:00"
912840607.595,10783594.937,4812.874,False,"2028-12-04 18:50:07 UTC","124d, 19:26:34"
912840607.595,11199189.873,4482.389,False,"2028-12-04 18:50:07 UTC","129d, 14:53:09"
912840607.595,11614784.81,4219.737,False,"2028-12-04 18:50:07 UTC","134d, 10:19:44"
912840607.595,12030379.747,4014.483,False,"2028-12-04 18:50:07 UTC","139d, 05:46:19"
912840607.595,12445974.684,3856.934,False,"2028-12-04 18:50:07 UTC","144d, 01:12:54"
912840607.595,12861569.62,3738.264,False,"2028-12-04 18:50:07 UTC","148d, 20:39:29"
912840607.595,13277164.557,3650.609,False,"2028-12-04 18:50:07 UTC","153d, 16:06:04"
912840607.595,13692759.494,3587.107,False,"2028-12-04 18:50:07 UTC","158d, 11:32:39"
912840607.595,14108354.43,3541.904,False,"2028-12-04 18:50:07 UTC","163d, 06:59:14"
912840607.595,14523949.367,3510.118,False,"2028-12-04 18:50:07 UTC","168d, 02:25:49"
912840607.595,14939544.304,3487.795,False,"2028-12-04 18:50:07 UTC","172d, 21:52:24"
912840607.595,15355139.241,3471.847,False,"2028-12-04 18:50:07 UTC","177d, 17:18:59"
912840607.595,15770734.177,3460.009,False,"2028-12-04 18:50:07 UTC","182d, 12:45:34"
912840607.595,16186329.114,3450.822,False,"2028-12-04 18:50:07 UTC","187d, 08:12:09"
912840607.595,16601924.051,3443.656,False,"2028-12-04 18:50:07 UTC","192d, 03:38:44"
912840607.595,17017518.987,3438.834,False,"2028-12-04 18:50:07 UTC","196d, 23:05:18"
912840607.595,17433113.924,3437.908,False,"2028-12-04 18:50:07 UTC","201d, 18:31:53"
912840607.595,17848708.861,3444.222,False,"2028-12-04 18:50:07 UTC","206d, 13:58:28"
912840607.595,18264303.797,3464.065,False,"2028-12-04 18:50:07 UTC","211d, 09:25:03"
912840607.595,18679898.734,3509.023,False,"2028-12-04 18:50:07 UTC","216d, 04:51:38"
912840607.595,19095493.671,3601.073,False,"2028-12-04 18:50:07 UTC","221d, 00:18:13"
912840607.595,19511088.608,3784.34,False,"2028-12-04 18:50:07 UTC","225d, 19:44:48"
912840607.595,19926683.544,4155.146,False,"2028-12-04 18:50:07 UTC","230d, 15:11:23"
912840607.595,20342278.481,4954.018,False,"2028-12-04 18:50:07 UTC","235d, 10:37:58"
912840607.595,20757873.418,6997.194,False,"2028-12-04 18:50:07 UTC","240d, 06:04:33"
912840607.595,21173468.354,16451.839,False,"2028-12-04 18:50:07 UTC","245d, 01:31:08"
912840607.595,21589063.291,12149.543,True,"2028-12-04 18:50:07 UTC","249d, 20:57:43"
912840607.595,22004658.228,6411.442,True,"2028-12-04 18:50:07 UTC","254d, 16:24:18"
912840607.595,22420253.165,4784.035,True,"2028-12-04 18:50:07 UTC","259d, 11:50:53"
912840607.595,22835848.101,4006.802,True,"2028-12-04 18:50:07 UTC","264d, 07:17:28"
912840607.595,23251443.038,3546.102,True,"2028-12-04 18:50:07 UTC","269d, 02:44:03"
912840607.595,23667037.975,3236.046,True,"2028-12-04 18:50:07 UTC","273d, 22:10:37"
912840607.595,24082632.911,3008.475,True,"2028-12-04 18:50:07 UTC","278d, 17:37:12"
912840607.595,24498227.848,2831.224,True,"2028-12-04 18:50:07 UTC","283d, 13:03:47"
912840607.595,24913822.785,2687.979,True,"2028-12-04 18:50:07 UTC","288d, 08:30:22"
912840607.595,25329417.722,2570.363,True,"2028-12-04 18:50:07 UTC","293d, 03:56:57"
912840607.595,25745012.658,2474.472,True,"2028-12-04 18:50:07 UTC","297d, 23:23:32"
912840607.595,26160607.595,2399.248,True,"2028-12-04 18:50:07 UTC","302d, 18:50:07"
912840607.595,26576202.532,2345.635,True,"2028-12-04 18:50:07 UTC","307d, 14:16:42"
912840607.595,26991797.468,2316.02,True,"2028-12-04 18:50:07 UTC","312d, 09:43:17"
912840607.595,27407392.405,2313.696,True,"2028-12-04 18:50:07 UTC","317d, 05:09:52"
912840607.595,27822987.342,2342.309,True,"2028-12-04 18:50:07 UTC","322d, 00:36:27"
912840607.595,28238582.278,2405.417,True,"2028-12-04 18:50:07 UTC","326d, 20:03:02"
912840607.595,28654177.215,2506.341,True,"2028-12-04 18:50:07 UTC","331d, 15:29:37"
912840607.595,29069772.152,2648.355,True,"2028-12-04 18:50:07 UTC","336d, 10:56:12"
912840607.595,29485367.089,2835.06,True,"2028-12-04 18:50:07 UTC","341d, 06:22:47"
912840607.595,29900962.025,3070.754,True,"2028-12-04 18:50:07 UTC","346d, 01:49:22"
912840607.595,30316556.962,3360.708,True,"2028-12-04 18:50:07 UTC","350d, 21:15:56"
912840607.595,30732151.899,3711.35,True,"2028-12-04 18:50:07 UTC","355d, 16:42:31"
912840607.595,31147746.835,4130.433,True,"2028-12-04 18:50:07 UTC","360d, 12:09:06"
912840607.595,31563341.772,4627.275,True,"2028-12-04 18:50:07 UTC","365d, 07:35:41"
912840607.595,31978936.709,5213.076,True,"2028-12-04 18:50:07 UTC","370d, 03:02:16"
912840607.595,32394531.646,5901.354,True,"2028-12-04 18:50:07 UTC","374d, 22:28:51"
912840607.595,32810126.582,6708.457,True,"2028-12-04 18:50:07 UTC","379d, 17:55:26"
912840607.595,33225721.519,7654.073,True,"2028-12-04 18:50:07 UTC","384d, 13:22:01"
912840607.595,33641316.456,8761.585,True,"2028-12-04 18:50:07 UTC","389d, 08:48:36"
912840607.595,34056911.392,10057.896,True,"2028-12-04 18:50:07 UTC","394d, 04:15:11"
912840607.595,34472506.329,11572.032,True,"2028-12-04 18:50:07 UTC","398d, 23:41:46"
912840607.595,34888101.266,13331.336,True,"2028-12-04 18:50:07 UTC","403d, 19:08:21"
912840607.595,35303696.203,15353.569,True,"2028-12-04 18:50:07 UTC","408d, 14:34:56"
912840607.595,35719291.139,17633.593,True,"2028-12-04 18:50:07 UTC","413d, 10:01:31"
912840607.595,36134886.076,20126.27,True,"2028-12-04 18:50:07 UTC","418d, 05:28:06"
912840607.595,36550481.013,22734.176,True,"2028-12-04 18:50:07 UTC","423d, 00:54:41"
912840607.595,36966075.949,25919.984,False,"2028-12-04 18:50:07 UTC","427d, 20:21:15"
912840607.595,37381670.886,25336.009,False,"2028-12-04 18:50:07 UTC","432d, 15:47:50"
912840607.595,37797265.823,24750.522,False,"2028-12-04 18:50:07 UTC","437d, 11:14:25"
912840607.595,38212860.759,24164.485,False,"2028-12-04 18:50:07 UTC","442d, 06:41:00"
912840607.595,38628455.696,23578.845,False,"2028-12-04 18:50:07 UTC","447d, 02:07:35"
912840607.595,39044050.633,22994.531,False,"2028-12-04 18:50:07 UTC","451d, 21:34:10"
912840607.595,39459645.57,22412.45,False,"2028-12-04 18:50:07 UTC","456d, 17:00:45"
912840607.595,39875240.506,21833.485,False,"2028-12-04 18:50:07 UTC","461d, 12:27:20"
912840607.595,40290835.443,21258.491,False,"2028-12-04 18:50:07 UTC","466d, 07:53:55"
912840607.595,40706430.38,20688.29,False,"2028-12-04 18:50:07 UTC","471d, 03:20:30"
912840607.595,41122025.316,20123.675,False,"2028-12-04 18:50:07 UTC","475d, 22:47:05"
912840607.595,41537620.253,19565.401,False,"2028-12-04 18:50:07 UTC","480d, 18:13:40"
912840607.595,41953215.19,19014.187,False,"2028-12-04 18:50:07 UTC","485d, 13:40:15"
912840607.595,42368810.127,18470.718,False,"2028-12-04 18:50:07 UTC","490d, 09:06:50"
912840607.595,42784405.063,17935.636,False,"2028-12-04 18:50:07 UTC","495d, 04:33:25"
912840607.595,43200000,17409.548,False,"2028-12-04 18:50:07 UTC","500d, 00:00:00"
914116921.519,10368000,5068.354,False,"2028-12-19 13:22:01 UTC","120d, 00:00:00"
914116921.519,10783594.937,4835.1,False,"2028-12-19 13:22:01 UTC","124d, 19:26:34"
914116921.519,11199189.873,4656.483,False,"2028-12-19 13:22:01 UTC","129d, 14:53:09"
914116921.519,11614784.81,4521.407,False,"2028-12-19 13:22:01 UTC","134d, 10:19:44"
914116921.519,12030379.747,4420.233,False,"2028-12-19 13:22:01 UTC","139d, 05:46:19"
914116921.519,12445974.684,4344.748,False,"2028-12-19 13:22:01 UTC","144d, 01:12:54"
914116921.519,12861569.62,4288.092,False,"2028-12-19 13:22:01 UTC","148d, 20:39:29"
914116921.519,13277164.557,4244.646,False,"2028-12-19 13:22:01 UTC","153d, 16:06:04"
914116921.519,13692759.494,4209.907,False,"2028-12-19 13:22:01 UTC","158d, 11:32:39"
914116921.519,14108354.43,4180.365,False,"2028-12-19 13:22:01 UTC","163d, 06:59:14"
914116921.519,14523949.367,4153.378,False,"2028-12-19 13:22:01 UTC","168d, 02:25:49"
914116921.519,14939544.304,4127.085,False,"2028-12-19 13:22:01 UTC","172d, 21:52:24"
914116921.519,15355139.241,4100.339,False,"2028-12-19 13:22:01 UTC","177d, 17:18:59"
914116921.519,15770734.177,4072.69,False,"2028-12-19 13:22:01 UTC","182d, 12:45:34"
914116921.519,16186329.114,4044.444,False,"2028-12-19 13:22:01 UTC","187d, 08:12:09"
914116921.519,16601924.051,4016.836,False,"2028-12-19 13:22:01 UTC","192d, 03:38:44"
914116921.519,17017518.987,3992.407,False,"2028-12-19 13:22:01 UTC","196d, 23:05:18"
914116921.519,17433113.924,3975.794,False,"2028-12-19 13:22:01 UTC","201d, 18:31:53"
914116921.519,17848708.861,3975.367,False,"2028-12-19 13:22:01 UTC","206d, 13:58:28"
914116921.519,18264303.797,4006.784,False,"2028-12-19 13:22:01 UTC","211d, 09:25:03"
914116921.519,18679898.734,4101.319,False,"2028-12-19 13:22:01 UTC","216d, 04:51:38"
914116921.519,19095493.671,4327.352,False,"2028-12-19 13:22:01 UTC","221d, 00:18:13"
914116921.519,19511088.608,4854.451,False,"2028-12-19 13:22:01 UTC","225d, 19:44:48"
914116921.519,19926683.544,6205.119,False,"2028-12-19 13:22:01 UTC","230d, 15:11:23"
914116921.519,20342278.481,11160.544,False,"2028-12-19 13:22:01 UTC","235d, 10:37:58"
914116921.519,20757873.418,18548.243,True,"2028-12-19 13:22:01 UTC","240d, 06:04:33"
914116921.519,21173468.354,7435.569,True,"2028-12-19 13:22:01 UTC","245d, 01:31:08"
914116921.519,21589063.291,5168.313,True,"2028-12-19 13:22:01 UTC","249d, 20:57:43"
914116921.519,22004658.228,4229.382,True,"2028-12-19 13:22:01 UTC","254d, 16:24:18"
914116921.519,22420253.165,3711.026,True,"2028-12-19 13:22:01 UTC","259d, 11:50:53"
914116921.519,22835848.101,3374.231,True,"2028-12-19 13:22:01 UTC","264d, 07:17:28"
914116921.519,23251443.038,3130.369,True,"2028-12-19 13:22:01 UTC","269d, 02:44:03"
914116921.519,23667037.975,2940.625,True,"2028-12-19 13:22:01 UTC","273d, 22:10:37"
914116921.519,24082632.911,2786.398,True,"2028-12-19 13:22:01 UTC","278d, 17:37:12"
914116921.519,24498227.848,2658.523,True,"2028-12-19 13:22:01 UTC","283d, 13:03:47"
914116921.519,24913822.785,2552.815,True,"2028-12-19 13:22:01 UTC","288d, 08:30:22"
914116921.519,25329417.722,2468.061,True,"2028-12-19 13:22:01 UTC","293d, 03:56:57"
914116921.519,25745012.658,2405.029,True,"2028-12-19 13:22:01 UTC","297d, 23:23:32"
914116921.519,26160607.595,2365.894,True,"2028-12-19 13:22:01 UTC","302d, 18:50:07"
914116921.519,26576202.532,2353.752,True,"2028-12-19 13:22:01 UTC","307d, 14:16:42"
914116921.519,26991797.468,2372.128,True,"2028-12-19 13:22:01 UTC","312d, 09:43:17"
914116921.519,27407392.405,2424.558,True,"2028-12-19 13:22:01 UTC","317d, 05:09:52"
914116921.519,27822987.342,2514.4,True,"2028-12-19 13:22:01 UTC","322d, 00:36:27"
914116921.519,28238582.278,2644.949,True,"2028-12-19 13:22:01 UTC","326d, 20:03:02"
914116921.519,28654177.215,2819.772,True,"2028-12-19 13:22:01 UTC","331d, 15:29:37"
914116921.519,29069772.152,3043.062,True,"2028-12-19 13:22:01 UTC","336d, 10:56:12"
914116921.519,29485367.089,3319.897,True,"2028-12-19 13:22:01 UTC","341d, 06:22:47"
914116921.519,29900962.025,3656.398,True,"2028-12-19 13:22:01 UTC","346d, 01:49:22"
914116921.519,30316556.962,4059.882,True,"2028-12-19 13:22:01 UTC","350d, 21:15:56"
914116921.519,30732151.899,4539.063,True,"2028-12-19 13:22:01 UTC","355d, 16:42:31"
914116921.519,31147746.835,5104.349,True,"2028-12-19 13:22:01 UTC","360d, 12:09:06"
914116921.519,31563341.772,5768.254,True,"2028-12-19 13:22:01 UTC","365d, 07:35:41"
914116921.519,31978936.709,6545.885,True,"2028-12-19 13:22:01 UTC","370d, 03:02:16"
914116921.519,32394531.646,7455.455,True,"2028-12-19 13:22:01 UTC","374d, 22:28:51"
914116921.519,32810126.582,8518.678,True,"2028-12-19 13:22:01 UTC","379d, 17:55:26"
914116921.519,33225721.519,9760.745,True,"2028-12-19 13:22:01 UTC","384d, 13:22:01"
914116921.519,33641316.456,11209.314,True,"2028-12-19 13:22:01 UTC","389d, 08:48:36"
914116921.519,34056911.392,12891.489,True,"2028-12-19 13:22:01 UTC","394d, 04:15:11"
914116921.519,34472506.329,14827.286,True,"2028-12-19 13:22:01 UTC","398d, 23:41:46"
914116921.519,34888101.266,17018.116,True,"2028-12-19 13:22:01 UTC","403d, 19:08:21"
914116921.519,35303696.203,19430.854,True,"2028-12-19 13:22:01 UTC","408d, 14:34:56"
914116921.519,35719291.139,21983.774,True,"2028-12-19 13:22:01 UTC","413d, 10:01:31"
914116921.519,36134886.076,24547.87,True,"2028-12-19 13:22:01 UTC","418d, 05:28:06"
914116921.519,36550481.013,25426.735,False,"2028-12-19 13:22:01 UTC","423d, 00:54:41"
914116921.519,36966075.949,24843.93,False,"2028-12-19 13:22:01 UTC","427d, 20:21:15"
914116921.519,37381670.886,24260.513,False,"2028-12-19 13:22:01 UTC","432d, 15:47:50"
914116921.519,37797265.823,23677.429,False,"2028-12-19 13:22:01 UTC","437d, 11:14:25"
914116921.519,38212860.759,23095.606,False,"2028-12-19 13:22:01 UTC","442d, 06:41:00"
914116921.519,38628455.696,22515.949,False,"2028-12-19 13:22:01 UTC","447d, 02:07:35"
914116921.519,39044050.633,21939.337,False,"2028-12-19 13:22:01 UTC","451d, 21:34:10"
914116921.519,39459645.57,21366.623,False,"2028-12-19 13:22:01 UTC","456d, 17:00:45"
914116921.519,39875240.506,20798.628,False,"2028-12-19 13:22:01 UTC","461d, 12:27:20"
914116921.519,40290835.443,20236.141,False,"2028-12-19 13:22:01 UTC","466d, 07:53:55"
914116921.519,40706430.38,19679.915,False,"2028-12-19 13:22:01 UTC","471d, 03:20:30"
914116921.519,41122025.316,19130.668,False,"2028-12-19 13:22:01 UTC","475d, 22:47:05"
914116921.519,41537620.253,18589.081,False,"2028-12-19 13:22:01 UTC","480d, 18:13:40"
914116921.519,41953215.19,18055.798,False,"2028-12-19 13:22:01 UTC","485d, 13:40:15"
914116921.519,42368810.127,17531.424,False,"2028-12-19 13:22:01 UTC","490d, 09:06:50"
914116921.519,42784405.063,17016.527,False,"2028-12-19 13:22:01 UTC","495d, 04:33:25"
914116921.519,43200000,16511.639,False,"2028-12-19 13:22:01 UTC","500d, 00:00:00"
915393235.443,10368000,5621.269,False,"2029-01-03 07:53:55 UTC","120d, 00:00:00"
915393235.443,10783594.937,5487.782,False,"2029-01-03 07:53:55 UTC","124d, 19:26:34"
915393235.443,11199189.873,5383.421,False,"2029-01-03 07:53:55 UTC","129d, 14:53:09"
915393235.443,11614784.81,5300.045,False,"2029-01-03 07:53:55 UTC","134d, 10:19:44"
915393235.443,12030379.747,5231.104,False,"2029-01-03 07:53:55 UTC","139d, 05:46:19"
915393235.443,12445974.684,5171.42,False,"2029-01-03 07:53:55 UTC","144d, 01:12:54"
915393235.443,12861569.62,5116.981,False,"2029-01-03 07:53:55 UTC","148d, 20:39:29"
915393235.443,13277164.557,5064.756,False,"2029-01-03 07:53:55 UTC","153d, 16:06:04"
915393235.443,13692759.494,5012.546,False,"2029-01-03 07:53:55 UTC","158d, 11:32:39"
915393235.443,14108354.43,4958.859,False,"2029-01-03 07:53:55 UTC","163d, 06:59:14"
915393235.443,14523949.367,4902.828,False,"2029-01-03 07:53:55 UTC","168d, 02:25:49"
915393235.443,14939544.304,4844.169,False,"2029-01-03 07:53:55 UTC","172d, 21:52:24"
915393235.443,15355139.241,4783.197,False,"2029-01-03 07:53:55 UTC","177d, 17:18:59"
915393235.443,15770734.177,4720.932,False,"2029-01-03 07:53:55 UTC","182d, 12:45:34"
915393235.443,16186329.114,4659.347,False,"2029-01-03 07:53:55 UTC","187d, 08:12:09"
915393235.443,16601924.051,4601.901,False,"2029-01-03 07:53:55 UTC","192d, 03:38:44"
915393235.443,17017518.987,4554.644,False,"2029-01-03 07:53:55 UTC","196d, 23:05:18"
915393235.443,17433113.924,4528.63,False,"2029-01-03 07:53:55 UTC","201d, 18:31:53"
915393235.443,17848708.861,4545.544,False,"2029-01-03 07:53:55 UTC","206d, 13:58:28"
915393235.443,18264303.797,4652.255,False,"2029-01-03 07:53:55 UTC","211d, 09:25:03"
915393235.443,18679898.734,4963.952,False,"2029-01-03 07:53:55 UTC","216d, 04:51:38"
915393235.443,19095493.671,5822.068,False,"2029-01-03 07:53:55 UTC","221d, 00:18:13"
915393235.443,19511088.608,8695.042,False,"2029-01-03 07:53:55 UTC","225d, 19:44:48"
915393235.443,19926683.544,26820.158,False,"2029-01-03 07:53:55 UTC","230d, 15:11:23"
915393235.443,20342278.481,8996.346,True,"2029-01-03 07:53:55 UTC","235d, 10:37:58"
915393235.443,20757873.418,5656.832,True,"2029-01-03 07:53:55 UTC","240d, 06:04:33"
915393235.443,21173468.354,4508.881,True,"2029-01-03 07:53:55 UTC","245d, 01:31:08"
915393235.443,21589063.291,3926.84,True,"2029-01-03 07:53:55 UTC","249d, 20:57:43"
915393235.443,22004658.228,3562.515,True,"2029-01-03 07:53:55 UTC","254d, 16:24:18"
915393235.443,22420253.165,3301.402,True,"2029-01-03 07:53:55 UTC","259d, 11:50:53"
915393235.443,22835848.101,3097.405,True,"2029-01-03 07:53:55 UTC","264d, 07:17:28"
915393235.443,23251443.038,2929.784,True,"2029-01-03 07:53:55 UTC","269d, 02:44:03"
915393235.443,23667037.975,2788.804,True,"2029-01-03 07:53:55 UTC","273d, 22:10:37"
915393235.443,24082632.911,2670.183,True,"2029-01-03 07:53:55 UTC","278d, 17:37:12"
915393235.443,24498227.848,2572.7,True,"2029-01-03 07:53:55 UTC","283d, 13:03:47"
915393235.443,24913822.785,2497.079,True,"2029-01-03 07:53:55 UTC","288d, 08:30:22"
915393235.443,25329417.722,2445.381,True,"2029-01-03 07:53:55 UTC","293d, 03:56:57"
915393235.443,25745012.658,2420.556,True,"2029-01-03 07:53:55 UTC","297d, 23:23:32"
915393235.443,26160607.595,2426.022,True,"2029-01-03 07:53:55 UTC","302d, 18:50:07"
915393235.443,26576202.532,2465.28,True,"2029-01-03 07:53:55 UTC","307d, 14:16:42"
915393235.443,26991797.468,2541.709,True,"2029-01-03 07:53:55 UTC","312d, 09:43:17"
915393235.443,27407392.405,2658.633,True,"2029-01-03 07:53:55 UTC","317d, 05:09:52"
915393235.443,27822987.342,2819.604,True,"2029-01-03 07:53:55 UTC","322d, 00:36:27"
915393235.443,28238582.278,3028.736,True,"2029-01-03 07:53:55 UTC","326d, 20:03:02"
915393235.443,28654177.215,3290.944,True,"2029-01-03 07:53:55 UTC","331d, 15:29:37"
915393235.443,29069772.152,3612.091,True,"2029-01-03 07:53:55 UTC","336d, 10:56:12"
915393235.443,29485367.089,3999.105,True,"2029-01-03 07:53:55 UTC","341d, 06:22:47"
915393235.443,29900962.025,4460.16,True,"2029-01-03 07:53:55 UTC","346d, 01:49:22"
915393235.443,30316556.962,5004.952,True,"2029-01-03 07:53:55 UTC","350d, 21:15:56"
915393235.443,30732151.899,5645.085,True,"2029-01-03 07:53:55 UTC","355d, 16:42:31"
915393235.443,31147746.835,6394.556,True,"2029-01-03 07:53:55 UTC","360d, 12:09:06"
915393235.443,31563341.772,7270.26,True,"2029-01-03 07:53:55 UTC","365d, 07:35:41"
915393235.443,31978936.709,8292.428,True,"2029-01-03 07:53:55 UTC","370d, 03:02:16"
915393235.443,32394531.646,9484.733,True,"2029-01-03 07:53:55 UTC","374d, 22:28:51"
915393235.443,32810126.582,10873.589,True,"2029-01-03 07:53:55 UTC","379d, 17:55:26"
915393235.443,33225721.519,12485.789,True,"2029-01-03 07:53:55 UTC","384d, 13:22:01"
915393235.443,33641316.456,14343.106,True,"2029-01-03 07:53:55 UTC","389d, 08:48:36"
915393235.443,34056911.392,16452.355,True,"2029-01-03 07:53:55 UTC","394d, 04:15:11"
915393235.443,34472506.329,18790.71,True,"2029-01-03 07:53:55 UTC","398d, 23:41:46"
915393235.443,34888101.266,21290.647,True,"2029-01-03 07:53:55 UTC","403d, 19:08:21"
915393235.443,35303696.203,23836.119,True,"2029-01-03 07:53:55 UTC","408d, 14:34:56"
915393235.443,35719291.139,25554.265,False,"2029-01-03 07:53:55 UTC","413d, 10:01:31"
915393235.443,36134886.076,24973.774,False,"2029-01-03 07:53:55 UTC","418d, 05:28:06"
915393235.443,36550481.013,24392.597,False,"2029-01-03 07:53:55 UTC","423d, 00:54:41"
915393235.443,36966075.949,23811.677,False,"2029-01-03 07:53:55 UTC","427d, 20:21:15"
915393235.443,37381670.886,23231.94,False,"2029-01-03 07:53:55 UTC","432d, 15:47:50"
915393235.443,37797265.823,22654.287,False,"2029-01-03 07:53:55 UTC","437d, 11:14:25"
915393235.443,38212860.759,22079.595,False,"2029-01-03 07:53:55 UTC","442d, 06:41:00"
915393235.443,38628455.696,21508.715,False,"2029-01-03 07:53:55 UTC","447d, 02:07:35"
915393235.443,39044050.633,20942.463,False,"2029-01-03 07:53:55 UTC","451d, 21:34:10"
915393235.443,39459645.57,20381.626,False,"2029-01-03 07:53:55 UTC","456d, 17:00:45"
915393235.443,39875240.506,19826.955,False,"2029-01-03 07:53:55 UTC","461d, 12:27:20"
915393235.443,40290835.443,19279.167,False,"2029-01-03 07:53:55 UTC","466d, 07:53:55"
915393235.443,40706430.38,18738.94,False,"2029-01-03 07:53:55 UTC","471d, 03:20:30"
915393235.443,41122025.316,18206.917,False,"2029-01-03 07:53:55 UTC","475d, 22:47:05"
915393235.443,41537620.253,17683.703,False,"2029-01-03 07:53:55 UTC","480d, 18:13:40"
915393235.443,41953215.19,17169.865,False,"2029-01-03 07:53:55 UTC","485d, 13:40:15"
915393235.443,42368810.127,16665.937,False,"2029-01-03 07:53:55 UTC","490d, 09:06:50"
915393235.443,42784405.063,16172.413,False,"2029-01-03 07:53:55 UTC","495d, 04:33:25"
915393235.443,43200000,15689.758,False,"2029-01-03 07:53:55 UTC","500d, 00:00:00"
916669549.367,10368000,6652.791,False,"2029-01-18 02:25:49 UTC","120d, 00:00:00"
916669549.367,10783594.937,6537.86,False,"2029-01-18 02:25:49 UTC","124d, 19:26:34"
916669549.367,11199189.873,6434.844,False,"2029-01-18 02:25:49 UTC","129d, 14:53:09"
916669549.367,11614784.81,6338.951,False,"2029-01-18 02:25:49 UTC","134d, 10:19:44"
916669549.367,12030379.747,6246.563,False,"2029-01-18 02:25:49 UTC","139d, 05:46:19"
916669549.367,12445974.684,6155.016,False,"2029-01-18 02:25:49 UTC","144d, 01:12:54"
916669549.367,12861569.62,6062.426,False,"2029-01-18 02:25:49 UTC","148d, 20:39:29"
916669549.367,13277164.557,5967.56,False,"2029-01-18 02:25:49 UTC","153d, 16:06:04"
916669549.367,13692759.494,5869.736,False,"2029-01-18 02:25:49 UTC","158d, 11:32:39"
916669549.367,14108354.43,5768.767,False,"2029-01-18 02:25:49 UTC","163d, 06:59:14"
916669549.367,14523949.367,5664.952,False,"2029-01-18 02:25:49 UTC","168d, 02:25:49"
916669549.367,14939544.304,5559.134,False,"2029-01-18 02:25:49 UTC","172d, 21:52:24"
916669549.367,15355139.241,5452.855,False,"2029-01-18 02:25:49 UTC","177d, 17:18:59"
916669549.367,15770734.177,5348.712,False,"2029-01-18 02:25:49 UTC","182d, 12:45:34"
916669549.367,16186329.114,5251.093,False,"2029-01-18 02:25:49 UTC","187d, 08:12:09"
916669549.367,16601924.051,5167.766,False,"2029-01-18 02:25:49 UTC","192d, 03:38:44"
916669549.367,17017518.987,5113.567,False,"2029-01-18 02:25:49 UTC","196d, 23:05:18"
916669549.367,17433113.924,5119.836,False,"2029-01-18 02:25:49 UTC","201d, 18:31:53"
916669549.367,17848708.861,5262.068,False,"2029-01-18 02:25:49 UTC","206d, 13:58:28"
916669549.367,18264303.797,5758.179,False,"2029-01-18 02:25:49 UTC","211d, 09:25:03"
916669549.367,18679898.734,7451.839,False,"2029-01-18 02:25:49 UTC","216d, 04:51:38"
916669549.367,19095493.671,16794.592,False,"2029-01-18 02:25:49 UTC","221d, 00:18:13"
916669549.367,19511088.608,11658.412,True,"2029-01-18 02:25:49 UTC","225d, 19:44:48"
916669549.367,19926683.544,6287.08,True,"2029-01-18 02:25:49 UTC","230d, 15:11:23"
916669549.367,20342278.481,4854.053,True,"2029-01-18 02:25:49 UTC","235d, 10:37:58"
916669549.367,20757873.418,4200.229,True,"2029-01-18 02:25:49 UTC","240d, 06:04:33"
916669549.367,21173468.354,3807.249,True,"2029-01-18 02:25:49 UTC","245d, 01:31:08"
916669549.367,21589063.291,3527.515,True,"2029-01-18 02:25:49 UTC","249d, 20:57:43"
916669549.367,22004658.228,3307.059,True,"2029-01-18 02:25:49 UTC","254d, 16:24:18"
916669549.367,22420253.165,3123.229,True,"2029-01-18 02:25:49 UTC","259d, 11:50:53"
916669549.367,22835848.101,2965.952,True,"2029-01-18 02:25:49 UTC","264d, 07:17:28"
916669549.367,23251443.038,2831.003,True,"2029-01-18 02:25:49 UTC","269d, 02:44:03"
916669549.367,23667037.975,2717.269,True,"2029-01-18 02:25:49 UTC","273d, 22:10:37"
916669549.367,24082632.911,2625.523,True,"2029-01-18 02:25:49 UTC","278d, 17:37:12"
916669549.367,24498227.848,2557.796,True,"2029-01-18 02:25:49 UTC","283d, 13:03:47"
916669549.367,24913822.785,2516.959,True,"2029-01-18 02:25:49 UTC","288d, 08:30:22"
916669549.367,25329417.722,2506.354,True,"2029-01-18 02:25:49 UTC","293d, 03:56:57"
916669549.367,25745012.658,2529.461,True,"2029-01-18 02:25:49 UTC","297d, 23:23:32"
916669549.367,26160607.595,2589.683,True,"2029-01-18 02:25:49 UTC","302d, 18:50:07"
916669549.367,26576202.532,2690.376,True,"2029-01-18 02:25:49 UTC","307d, 14:16:42"
916669549.367,26991797.468,2835.086,True,"2029-01-18 02:25:49 UTC","312d, 09:43:17"
916669549.367,27407392.405,3027.858,True,"2029-01-18 02:25:49 UTC","317d, 05:09:52"
916669549.367,27822987.342,3273.47,True,"2029-01-18 02:25:49 UTC","322d, 00:36:27"
916669549.367,28238582.278,3577.555,True,"2029-01-18 02:25:49 UTC","326d, 20:03:02"
916669549.367,28654177.215,3946.699,True,"2029-01-18 02:25:49 UTC","331d, 15:29:37"
916669549.367,29069772.152,4388.588,True,"2029-01-18 02:25:49 UTC","336d, 10:56:12"
916669549.367,29485367.089,4912.266,True,"2029-01-18 02:25:49 UTC","341d, 06:22:47"
916669549.367,29900962.025,5528.512,True,"2029-01-18 02:25:49 UTC","346d, 01:49:22"
916669549.367,30316556.962,6250.305,True,"2029-01-18 02:25:49 UTC","350d, 21:15:56"
916669549.367,30732151.899,7093.345,True,"2029-01-18 02:25:49 UTC","355d, 16:42:31"
916669549.367,31147746.835,8076.524,True,"2029-01-18 02:25:49 UTC","360d, 12:09:06"
916669549.367,31563341.772,9222.142,True,"2029-01-18 02:25:49 UTC","365d, 07:35:41"
916669549.367,31978936.709,10555.476,True,"2029-01-18 02:25:49 UTC","370d, 03:02:16"
916669549.367,32394531.646,12102.969,True,"2029-01-18 02:25:49 UTC","374d, 22:28:51"
916669549.367,32810126.582,13887.804,True,"2029-01-18 02:25:49 UTC","379d, 17:55:26"
916669549.367,33225721.519,15921.381,True,"2029-01-18 02:25:49 UTC","384d, 13:22:01"
916669549.367,33641316.456,18189.899,True,"2029-01-18 02:25:49 UTC","389d, 08:48:36"
916669549.367,34056911.392,20638.883,True,"2029-01-18 02:25:49 UTC","394d, 04:15:11"
916669549.367,34472506.329,23165.23,True,"2029-01-18 02:25:49 UTC","398d, 23:41:46"
916669549.367,34888101.266,25720.088,False,"2029-01-18 02:25:49 UTC","403d, 19:08:21"
916669549.367,35303696.203,25141.507,False,"2029-01-18 02:25:49 UTC","408d, 14:34:56"
916669549.367,35719291.139,24562.152,False,"2029-01-18 02:25:49 UTC","413d, 10:01:31"
916669549.367,36134886.076,23982.965,False,"2029-01-18 02:25:49 UTC","418d, 05:28:06"
916669549.367,36550481.013,23404.865,False,"2029-01-18 02:25:49 UTC","423d, 00:54:41"
916669549.367,36966075.949,22828.753,False,"2029-01-18 02:25:49 UTC","427d, 20:21:15"
916669549.367,37381670.886,22255.502,False,"2029-01-18 02:25:49 UTC","432d, 15:47:50"
916669549.367,37797265.823,21685.957,False,"2029-01-18 02:25:49 UTC","437d, 11:14:25"
916669549.367,38212860.759,21120.934,False,"2029-01-18 02:25:49 UTC","442d, 06:41:00"
916669549.367,38628455.696,20561.217,False,"2029-01-18 02:25:49 UTC","447d, 02:07:35"
916669549.367,39044050.633,20007.553,False,"2029-01-18 02:25:49 UTC","451d, 21:34:10"
916669549.367,39459645.57,19460.659,False,"2029-01-18 02:25:49 UTC","456d, 17:00:45"
916669549.367,39875240.506,18921.211,False,"2029-01-18 02:25:49 UTC","461d, 12:27:20"
916669549.367,40290835.443,18389.85,False,"2029-01-18 02:25:49 UTC","466d, 07:53:55"
916669549.367,40706430.38,17867.183,False,"2029-01-18 02:25:49 UTC","471d, 03:20:30"
916669549.367,41122025.316,17353.776,False,"2029-01-18 02:25:49 UTC","475d, 22:47:05"
916669549.367,41537620.253,16850.162,False,"2029-01-18 02:25:49 UTC","480d, 18:13:40"
916669549.367,41953215.19,16356.839,False,"2029-01-18 02:25:49 UTC","485d, 13:40:15"
916669549.367,42368810.127,15874.271,False,"2029-01-18 02:25:49 UTC","490d, 09:06:50"
916669549.367,42784405.063,15402.891,False,"2029-01-18 02:25:49 UTC","495d, 04:33:25"
916669549.367,43200000,14943.105,False,"2029-01-18 02:25:49 UTC","500d, 00:00:00"
917945863.291,10368000,7927.011,False,"2029-02-01 20:57:43 UTC","120d, 00:00:00"
917945863.291,10783594.937,7772.296,False,"2029-02-01 20:57:43 UTC","124d, 19:26:34"
917945863.291,11199189.873,7621.505,False,"2029-02-01 20:57:43 UTC","129d, 14:53:09"
917945863.291,11614784.81,7472.103,False,"2029-02-01 20:57:43 UTC","134d, 10:19:44"
917945863.291,12030379.747,7322.321,False,"2029-02-01 20:57:43 UTC","139d, 05:46:19"
917945863.291,12445974.684,7171.006,False,"2029-02-01 20:57:43 UTC","144d, 01:12:54"
917945863.291,12861569.62,7017.518,False,"2029-02-01 20:57:43 UTC","148d, 20:39:29"
917945863.291,13277164.557,6861.658,False,"2029-02-01 20:57:43 UTC","153d, 16:06:04"
917945863.291,13692759.494,6703.644,False,"2029-02-01 20:57:43 UTC","158d, 11:32:39"
917945863.291,14108354.43,6544.122,False,"2029-02-01 20:57:43 UTC","163d, 06:59:14"
917945863.291,14523949.367,6384.272,False,"2029-02-01 20:57:43 UTC","168d, 02:25:49"
917945863.291,14939544.304,6226.022,False,"2029-02-01 20:57:43 UTC","172d, 21:52:24"
917945863.291,15355139.241,6072.54,False,"2029-02-01 20:57:43 UTC","177d, 17:18:59"
917945863.291,15770734.177,5929.254,False,"2029-02-01 20:57:43 UTC","182d, 12:45:34"
917945863.291,16186329.114,5806.214,False,"2029-02-01 20:57:43 UTC","187d, 08:12:09"
917945863.291,16601924.051,5724.002,False,"2029-02-01 20:57:43 UTC","192d, 03:38:44"
917945863.291,17017518.987,5730.71,False,"2029-02-01 20:57:43 UTC","196d, 23:05:18"
917945863.291,17433113.924,5960.599,False,"2029-02-01 20:57:43 UTC","201d, 18:31:53"
917945863.291,17848708.861,6902.471,False,"2029-02-01 20:57:43 UTC","206d, 13:58:28"
917945863.291,18264303.797,11534.717,False,"2029-02-01 20:57:43 UTC","211d, 09:25:03"
917945863.291,18679898.734,16983.987,True,"2029-02-01 20:57:43 UTC","216d, 04:51:38"
917945863.291,19095493.671,7128.623,True,"2029-02-01 20:57:43 UTC","221d, 00:18:13"
917945863.291,19511088.608,5275.344,True,"2029-02-01 20:57:43 UTC","225d, 19:44:48"
917945863.291,19926683.544,4537.865,True,"2029-02-01 20:57:43 UTC","230d, 15:11:23"
917945863.291,20342278.481,4114.482,True,"2029-02-01 20:57:43 UTC","235d, 10:37:58"
917945863.291,20757873.418,3814.203,True,"2029-02-01 20:57:43 UTC","240d, 06:04:33"
917945863.291,21173468.354,3574.56,True,"2029-02-01 20:57:43 UTC","245d, 01:31:08"
917945863.291,21589063.291,3371.279,True,"2029-02-01 20:57:43 UTC","249d, 20:57:43"
917945863.291,22004658.228,3194.182,True,"2029-02-01 20:57:43 UTC","254d, 16:24:18"
917945863.291,22420253.165,3039.235,True,"2029-02-01 20:57:43 UTC","259d, 11:50:53"
917945863.291,22835848.101,2905.509,True,"2029-02-01 20:57:43 UTC","264d, 07:17:28"
917945863.291,23251443.038,2793.883,True,"2029-02-01 20:57:43 UTC","269d, 02:44:03"
917945863.291,23667037.975,2706.41,True,"2029-02-01 20:57:43 UTC","273d, 22:10:37"
917945863.291,24082632.911,2645.932,True,"2029-02-01 20:57:43 UTC","278d, 17:37:12"
917945863.291,24498227.848,2615.758,True,"2029-02-01 20:57:43 UTC","283d, 13:03:47"
917945863.291,24913822.785,2619.367,True,"2029-02-01 20:57:43 UTC","288d, 08:30:22"
917945863.291,25329417.722,2660.203,True,"2029-02-01 20:57:43 UTC","293d, 03:56:57"
917945863.291,25745012.658,2741.663,True,"2029-02-01 20:57:43 UTC","297d, 23:23:32"
917945863.291,26160607.595,2867.293,True,"2029-02-01 20:57:43 UTC","302d, 18:50:07"
917945863.291,26576202.532,3041.077,True,"2029-02-01 20:57:43 UTC","307d, 14:16:42"
917945863.291,26991797.468,3267.665,True,"2029-02-01 20:57:43 UTC","312d, 09:43:17"
917945863.291,27407392.405,3552.489,True,"2029-02-01 20:57:43 UTC","317d, 05:09:52"
917945863.291,27822987.342,3901.829,True,"2029-02-01 20:57:43 UTC","322d, 00:36:27"
917945863.291,28238582.278,4322.934,True,"2029-02-01 20:57:43 UTC","326d, 20:03:02"
917945863.291,28654177.215,4824.255,True,"2029-02-01 20:57:43 UTC","331d, 15:29:37"
917945863.291,29069772.152,5415.804,True,"2029-02-01 20:57:43 UTC","336d, 10:56:12"
917945863.291,29485367.089,6109.622,True,"2029-02-01 20:57:43 UTC","341d, 06:22:47"
917945863.291,29900962.025,6920.307,True,"2029-02-01 20:57:43 UTC","346d, 01:49:22"
917945863.291,30316556.962,7865.514,True,"2029-02-01 20:57:43 UTC","350d, 21:15:56"
917945863.291,30732151.899,8966.277,True,"2029-02-01 20:57:43 UTC","355d, 16:42:31"
917945863.291,31147746.835,10246.814,True,"2029-02-01 20:57:43 UTC","360d, 12:09:06"
917945863.291,31563341.772,11733.183,True,"2029-02-01 20:57:43 UTC","365d, 07:35:41"
917945863.291,31978936.709,13449.725,True,"2029-02-01 20:57:43 UTC","370d, 03:02:16"
917945863.291,32394531.646,15411.802,True,"2029-02-01 20:57:43 UTC","374d, 22:28:51"
917945863.291,32810126.582,17613.696,True,"2029-02-01 20:57:43 UTC","379d, 17:55:26"
917945863.291,33225721.519,20013.129,True,"2029-02-01 20:57:43 UTC","384d, 13:22:01"
917945863.291,33641316.456,22520.038,True,"2029-02-01 20:57:43 UTC","389d, 08:48:36"
917945863.291,34056911.392,25925.585,False,"2029-02-01 20:57:43 UTC","394d, 04:15:11"
917945863.291,34472506.329,25348.478,False,"2029-02-01 20:57:43 UTC","398d, 23:41:46"
917945863.291,34888101.266,24770.494,False,"2029-02-01 20:57:43 UTC","403d, 19:08:21"
917945863.291,35303696.203,24192.568,False,"2029-02-01 20:57:43 UTC","408d, 14:34:56"
917945863.291,35719291.139,23615.618,False,"2029-02-01 20:57:43 UTC","413d, 10:01:31"
917945863.291,36134886.076,23040.54,False,"2029-02-01 20:57:43 UTC","418d, 05:28:06"
917945863.291,36550481.013,22468.204,False,"2029-02-01 20:57:43 UTC","423d, 00:54:41"
917945863.291,36966075.949,21899.451,False,"2029-02-01 20:57:43 UTC","427d, 20:21:15"
917945863.291,37381670.886,21335.095,False,"2029-02-01 20:57:43 UTC","432d, 15:47:50"
917945863.291,37797265.823,20775.915,False,"2029-02-01 20:57:43 UTC","437d, 11:14:25"
917945863.291,38212860.759,20222.659,False,"2029-02-01 20:57:43 UTC","442d, 06:41:00"
917945863.291,38628455.696,19676.04,False,"2029-02-01 20:57:43 UTC","447d, 02:07:35"
917945863.291,39044050.633,19136.734,False,"2029-02-01 20:57:43 UTC","451d, 21:34:10"
917945863.291,39459645.57,18605.383,False,"2029-02-01 20:57:43 UTC","456d, 17:00:45"
917945863.291,39875240.506,18082.591,False,"2029-02-01 20:57:43 UTC","461d, 12:27:20"
917945863.291,40290835.443,17568.927,False,"2029-02-01 20:57:43 UTC","466d, 07:53:55"
917945863.291,40706430.38,17064.925,False,"2029-02-01 20:57:43 UTC","471d, 03:20:30"
917945863.291,41122025.316,16571.083,False,"2029-02-01 20:57:43 UTC","475d, 22:47:05"
917945863.291,41537620.253,16087.868,False,"2029-02-01 20:57:43 UTC","480d, 18:13:40"
917945863.291,41953215.19,15615.715,False,"2029-02-01 20:57:43 UTC","485d, 13:40:15"
917945863.291,42368810.127,15155.031,False,"2029-02-01 20:57:43 UTC","490d, 09:06:50"
917945863.291,42784405.063,14706.196,False,"2029-02-01 20:57:43 UTC","495d, 04:33:25"
917945863.291,43200000,14269.573,False,"2029-02-01 20:57:43 UTC","500d, 00:00:00"
919222177.215,10368000,9276.38,False,"2029-02-16 15:29:37 UTC","120d, 00:00:00"
919222177.215,10783594.937,9047.295,False,"2029-02-16 15:29:37 UTC","124d, 19:26:34"
919222177.215,11199189.873,8820.622,False,"2029-02-16 15:29:37 UTC","129d, 14:53:09"
919222177.215,11614784.81,8595.036,False,"2029-02-16 15:29:37 UTC","134d, 10:19:44"
919222177.215,12030379.747,8369.731,False,"2029-02-16 15:29:37 UTC","139d, 05:46:19"
919222177.215,12445974.684,8144.335,False,"2029-02-16 15:29:37 UTC","144d, 01:12:54"
919222177.215,12861569.62,7918.862,False,"2029-02-16 15:29:37 UTC","148d, 20:39:29"
919222177.215,13277164.557,7693.698,False,"2029-02-16 15:29:37 UTC","153d, 16:06:04"
919222177.215,13692759.494,7469.65,False,"2029-02-16 15:29:37 UTC","158d, 11:32:39"
919222177.215,14108354.43,7248.079,False,"2029-02-16 15:29:37 UTC","163d, 06:59:14"
919222177.215,14523949.367,7031.206,False,"2029-02-16 15:29:37 UTC","168d, 02:25:49"
919222177.215,14939544.304,6822.761,False,"2029-02-16 15:29:37 UTC","172d, 21:52:24"
919222177.215,15355139.241,6629.453,False,"2029-02-16 15:29:37 UTC","177d, 17:18:59"
919222177.215,15770734.177,6464.579,False,"2029-02-16 15:29:37 UTC","182d, 12:45:34"
919222177.215,16186329.114,6358.068,False,"2029-02-16 15:29:37 UTC","187d, 08:12:09"
919222177.215,16601924.051,6389.965,False,"2029-02-16 15:29:37 UTC","192d, 03:38:44"
919222177.215,17017518.987,6835.395,False,"2029-02-16 15:29:37 UTC","196d, 23:05:18"
919222177.215,17433113.924,9144.781,False,"2029-02-16 15:29:37 UTC","201d, 18:31:53"
919222177.215,17848708.861,27677.763,True,"2029-02-16 15:29:37 UTC","206d, 13:58:28"
919222177.215,18264303.797,8332.968,True,"2029-02-16 15:29:37 UTC","211d, 09:25:03"
919222177.215,18679898.734,5786.845,True,"2029-02-16 15:29:37 UTC","216d, 04:51:38"
919222177.215,19095493.671,4947.035,True,"2029-02-16 15:29:37 UTC","221d, 00:18:13"
919222177.215,19511088.608,4490.609,True,"2029-02-16 15:29:37 UTC","225d, 19:44:48"
919222177.215,19926683.544,4167.205,True,"2029-02-16 15:29:37 UTC","230d, 15:11:23"
919222177.215,20342278.481,3905.079,True,"2029-02-16 15:29:37 UTC","235d, 10:37:58"
919222177.215,20757873.418,3678.66,True,"2029-02-16 15:29:37 UTC","240d, 06:04:33"
919222177.215,21173468.354,3477.89,True,"2029-02-16 15:29:37 UTC","245d, 01:31:08"
919222177.215,21589063.291,3299.032,True,"2029-02-16 15:29:37 UTC","249d, 20:57:43"
919222177.215,22004658.228,3141.386,True,"2029-02-16 15:29:37 UTC","254d, 16:24:18"
919222177.215,22420253.165,3005.959,True,"2029-02-16 15:29:37 UTC","259d, 11:50:53"
919222177.215,22835848.101,2894.853,True,"2029-02-16 15:29:37 UTC","264d, 07:17:28"
919222177.215,23251443.038,2810.904,True,"2029-02-16 15:29:37 UTC","269d, 02:44:03"
919222177.215,23667037.975,2757.413,True,"2029-02-16 15:29:37 UTC","273d, 22:10:37"
919222177.215,24082632.911,2737.883,True,"2029-02-16 15:29:37 UTC","278d, 17:37:12"
919222177.215,24498227.848,2755.816,True,"2029-02-16 15:29:37 UTC","283d, 13:03:47"
919222177.215,24913822.785,2814.669,True,"2029-02-16 15:29:37 UTC","288d, 08:30:22"
919222177.215,25329417.722,2918.002,True,"2029-02-16 15:29:37 UTC","293d, 03:56:57"
919222177.215,25745012.658,3069.741,True,"2029-02-16 15:29:37 UTC","297d, 23:23:32"
919222177.215,26160607.595,3274.416,True,"2029-02-16 15:29:37 UTC","302d, 18:50:07"
919222177.215,26576202.532,3537.275,True,"2029-02-16 15:29:37 UTC","307d, 14:16:42"
919222177.215,26991797.468,3864.33,True,"2029-02-16 15:29:37 UTC","312d, 09:43:17"
919222177.215,27407392.405,4262.441,True,"2029-02-16 15:29:37 UTC","317d, 05:09:52"
919222177.215,27822987.342,4739.519,True,"2029-02-16 15:29:37 UTC","322d, 00:36:27"
919222177.215,28238582.278,5304.873,True,"2029-02-16 15:29:37 UTC","326d, 20:03:02"
919222177.215,28654177.215,5969.664,True,"2029-02-16 15:29:37 UTC","331d, 15:29:37"
919222177.215,29069772.152,6747.454,True,"2029-02-16 15:29:37 UTC","336d, 10:56:12"
919222177.215,29485367.089,7654.734,True,"2029-02-16 15:29:37 UTC","341d, 06:22:47"
919222177.215,29900962.025,8711.347,True,"2029-02-16 15:29:37 UTC","346d, 01:49:22"
919222177.215,30316556.962,9940.489,True,"2029-02-16 15:29:37 UTC","350d, 21:15:56"
919222177.215,30732151.899,11367.792,True,"2029-02-16 15:29:37 UTC","355d, 16:42:31"
919222177.215,31147746.835,13018.531,True,"2029-02-16 15:29:37 UTC","360d, 12:09:06"
919222177.215,31563341.772,14911.543,True,"2029-02-16 15:29:37 UTC","365d, 07:35:41"
919222177.215,31978936.709,17048.455,True,"2029-02-16 15:29:37 UTC","370d, 03:02:16"
919222177.215,32394531.646,19398.581,True,"2029-02-16 15:29:37 UTC","374d, 22:28:51"
919222177.215,32810126.582,21885.169,True,"2029-02-16 15:29:37 UTC","379d, 17:55:26"
919222177.215,33225721.519,24385.654,True,"2029-02-16 15:29:37 UTC","384d, 13:22:01"
919222177.215,33641316.456,25595.937,False,"2029-02-16 15:29:37 UTC","389d, 08:48:36"
919222177.215,34056911.392,25018.835,False,"2029-02-16 15:29:37 UTC","394d, 04:15:11"
919222177.215,34472506.329,24441.664,False,"2029-02-16 15:29:37 UTC","398d, 23:41:46"
919222177.215,34888101.266,23865.338,False,"2029-02-16 15:29:37 UTC","403d, 19:08:21"
919222177.215,35303696.203,23290.746,False,"2029-02-16 15:29:37 UTC","408d, 14:34:56"
919222177.215,35719291.139,22718.756,False,"2029-02-16 15:29:37 UTC","413d, 10:01:31"
919222177.215,36134886.076,22150.207,False,"2029-02-16 15:29:37 UTC","418d, 05:28:06"
919222177.215,36550481.013,21585.907,False,"2029-02-16 15:29:37 UTC","423d, 00:54:41"
919222177.215,36966075.949,21026.634,False,"2029-02-16 15:29:37 UTC","427d, 20:21:15"
919222177.215,37381670.886,20473.136,False,"2029-02-16 15:29:37 UTC","432d, 15:47:50"
919222177.215,37797265.823,19926.121,False,"2029-02-16 15:29:37 UTC","437d, 11:14:25"
919222177.215,38212860.759,19386.269,False,"2029-02-16 15:29:37 UTC","442d, 06:41:00"
919222177.215,38628455.696,18854.218,False,"2029-02-16 15:29:37 UTC","447d, 02:07:35"
919222177.215,39044050.633,18330.576,False,"2029-02-16 15:29:37 UTC","451d, 21:34:10"
919222177.215,39459645.57,17815.912,False,"2029-02-16 15:29:37 UTC","456d, 17:00:45"
919222177.215,39875240.506,17310.761,False,"2029-02-16 15:29:37 UTC","461d, 12:27:20"
919222177.215,40290835.443,16815.625,False,"2029-02-16 15:29:37 UTC","466d, 07:53:55"
919222177.215,40706430.38,16330.973,False,"2029-02-16 15:29:37 UTC","471d, 03:20:30"
919222177.215,41122025.316,15857.241,False,"2029-02-16 15:29:37 UTC","475d, 22:47:05"
919222177.215,41537620.253,15394.839,False,"2029-02-16 15:29:37 UTC","480d, 18:13:40"
919222177.215,41953215.19,14944.148,False,"2029-02-16 15:29:37 UTC","485d, 13:40:15"
919222177.215,42368810.127,14505.531,False,"2029-02-16 15:29:37 UTC","490d, 09:06:50"
919222177.215,42784405.063,14079.332,False,"2029-02-16 15:29:37 UTC","495d, 04:33:25"
919222177.215,43200000,13665.886,False,"2029-02-16 15:29:37 UTC","500d, 00:00:00"
920498491.139,10368000,10598.18,False,"2029-03-03 10:01:31 UTC","120d, 00:00:00"
920498491.139,10783594.937,10276.36,False,"2029-03-03 10:01:31 UTC","124d, 19:26:34"
920498491.139,11199189.873,9959.459,False,"2029-03-03 10:01:31 UTC","129d, 14:53:09"
920498491.139,11614784.81,9646.677,False,"2029-03-03 10:01:31 UTC","134d, 10:19:44"
920498491.139,12030379.747,9337.626,False,"2029-03-03 10:01:31 UTC","139d, 05:46:19"
920498491.139,12445974.684,9032.29,False,"2029-03-03 10:01:31 UTC","144d, 01:12:54"
920498491.139,12861569.62,8731.025,False,"2029-03-03 10:01:31 UTC","148d, 20:39:29"
920498491.139,13277164.557,8434.629,False,"2029-03-03 10:01:31 UTC","153d, 16:06:04"
920498491.139,13692759.494,8144.516,False,"2029-03-03 10:01:31 UTC","158d, 11:32:39"
920498491.139,14108354.43,7863.116,False,"2029-03-03 10:01:31 UTC","163d, 06:59:14"
920498491.139,14523949.367,7594.765,False,"2029-03-03 10:01:31 UTC","168d, 02:25:49"
920498491.139,14939544.304,7347.848,False,"2029-03-03 10:01:31 UTC","172d, 21:52:24"
920498491.139,15355139.241,7140.554,False,"2029-03-03 10:01:31 UTC","177d, 17:18:59"
920498491.139,15770734.177,7019.222,False,"2029-03-03 10:01:31 UTC","182d, 12:45:34"
920498491.139,16186329.114,7133.087,False,"2029-03-03 10:01:31 UTC","187d, 08:12:09"
920498491.139,16601924.051,8186.868,False,"2029-03-03 10:01:31 UTC","192d, 03:38:44"
920498491.139,17017518.987,17532.818,False,"2029-03-03 10:01:31 UTC","196d, 23:05:18"
920498491.139,17433113.924,10303.678,True,"2029-03-03 10:01:31 UTC","201d, 18:31:53"
920498491.139,17848708.861,6409.937,True,"2029-03-03 10:01:31 UTC","206d, 13:58:28"
920498491.139,18264303.797,5436.2,True,"2029-03-03 10:01:31 UTC","211d, 09:25:03"
920498491.139,18679898.734,4942.925,True,"2029-03-03 10:01:31 UTC","216d, 04:51:38"
920498491.139,19095493.671,4593.108,True,"2029-03-03 10:01:31 UTC","221d, 00:18:13"
920498491.139,19511088.608,4304.605,True,"2029-03-03 10:01:31 UTC","225d, 19:44:48"
920498491.139,19926683.544,4050.891,True,"2029-03-03 10:01:31 UTC","230d, 15:11:23"
920498491.139,20342278.481,3822.244,True,"2029-03-03 10:01:31 UTC","235d, 10:37:58"
920498491.139,20757873.418,3615.301,True,"2029-03-03 10:01:31 UTC","240d, 06:04:33"
920498491.139,21173468.354,3429.612,True,"2029-03-03 10:01:31 UTC","245d, 01:31:08"
920498491.139,21589063.291,3266.309,True,"2029-03-03 10:01:31 UTC","249d, 20:57:43"
920498491.139,22004658.228,3127.532,True,"2029-03-03 10:01:31 UTC","254d, 16:24:18"
920498491.139,22420253.165,3016.115,True,"2029-03-03 10:01:31 UTC","259d, 11:50:53"
920498491.139,22835848.101,2935.353,True,"2029-03-03 10:01:31 UTC","264d, 07:17:28"
920498491.139,23251443.038,2888.781,True,"2029-03-03 10:01:31 UTC","269d, 02:44:03"
920498491.139,23667037.975,2879.978,True,"2029-03-03 10:01:31 UTC","273d, 22:10:37"
920498491.139,24082632.911,2912.483,True,"2029-03-03 10:01:31 UTC","278d, 17:37:12"
920498491.139,24498227.848,2989.891,True,"2029-03-03 10:01:31 UTC","283d, 13:03:47"
920498491.139,24913822.785,3116.083,True,"2029-03-03 10:01:31 UTC","288d, 08:30:22"
920498491.139,25329417.722,3295.473,True,"2029-03-03 10:01:31 UTC","293d, 03:56:57"
920498491.139,25745012.658,3533.138,True,"2029-03-03 10:01:31 UTC","297d, 23:23:32"
920498491.139,26160607.595,3834.853,True,"2029-03-03 10:01:31 UTC","302d, 18:50:07"
920498491.139,26576202.532,4207.139,True,"2029-03-03 10:01:31 UTC","307d, 14:16:42"
920498491.139,26991797.468,4657.427,True,"2029-03-03 10:01:31 UTC","312d, 09:43:17"
920498491.139,27407392.405,5194.375,True,"2029-03-03 10:01:31 UTC","317d, 05:09:52"
920498491.139,27822987.342,5828.324,True,"2029-03-03 10:01:31 UTC","322d, 00:36:27"
920498491.139,28238582.278,6571.846,True,"2029-03-03 10:01:31 UTC","326d, 20:03:02"
920498491.139,28654177.215,7440.322,True,"2029-03-03 10:01:31 UTC","331d, 15:29:37"
920498491.139,29069772.152,8452.435,True,"2029-03-03 10:01:31 UTC","336d, 10:56:12"
920498491.139,29485367.089,9630.366,True,"2029-03-03 10:01:31 UTC","341d, 06:22:47"
920498491.139,29900962.025,10999.251,True,"2029-03-03 10:01:31 UTC","346d, 01:49:22"
920498491.139,30316556.962,12585.079,True,"2029-03-03 10:01:31 UTC","350d, 21:15:56"
920498491.139,30732151.899,14409.729,True,"2029-03-03 10:01:31 UTC","355d, 16:42:31"
920498491.139,31147746.835,16481.553,True,"2029-03-03 10:01:31 UTC","360d, 12:09:06"
920498491.139,31563341.772,18781.008,True,"2029-03-03 10:01:31 UTC","365d, 07:35:41"
920498491.139,31978936.709,21245.095,True,"2029-03-03 10:01:31 UTC","370d, 03:02:16"
920498491.139,32394531.646,23761.771,True,"2029-03-03 10:01:31 UTC","374d, 22:28:51"
920498491.139,32810126.582,25885.017,False,"2029-03-03 10:01:31 UTC","379d, 17:55:26"
920498491.139,33225721.519,25308.278,False,"2029-03-03 10:01:31 UTC","384d, 13:22:01"
920498491.139,33641316.456,24731.32,False,"2029-03-03 10:01:31 UTC","389d, 08:48:36"
920498491.139,34056911.392,24155.051,False,"2029-03-03 10:01:31 UTC","394d, 04:15:11"
920498491.139,34472506.329,23580.359,False,"2029-03-03 10:01:31 UTC","398d, 23:41:46"
920498491.139,34888101.266,23008.105,False,"2029-03-03 10:01:31 UTC","403d, 19:08:21"
920498491.139,35303696.203,22439.125,False,"2029-03-03 10:01:31 UTC","408d, 14:34:56"
920498491.139,35719291.139,21874.227,False,"2029-03-03 10:01:31 UTC","413d, 10:01:31"
920498491.139,36134886.076,21314.185,False,"2029-03-03 10:01:31 UTC","418d, 05:28:06"
920498491.139,36550481.013,20759.744,False,"2029-03-03 10:01:31 UTC","423d, 00:54:41"
920498491.139,36966075.949,20211.615,False,"2029-03-03 10:01:31 UTC","427d, 20:21:15"
920498491.139,37381670.886,19670.475,False,"2029-03-03 10:01:31 UTC","432d, 15:47:50"
920498491.139,37797265.823,19136.966,False,"2029-03-03 10:01:31 UTC","437d, 11:14:25"
920498491.139,38212860.759,18611.694,False,"2029-03-03 10:01:31 UTC","442d, 06:41:00"
920498491.139,38628455.696,18095.233,False,"2029-03-03 10:01:31 UTC","447d, 02:07:35"
920498491.139,39044050.633,17588.12,False,"2029-03-03 10:01:31 UTC","451d, 21:34:10"
920498491.139,39459645.57,17090.86,False,"2029-03-03 10:01:31 UTC","456d, 17:00:45"
920498491.139,39875240.506,16603.924,False,"2029-03-03 10:01:31 UTC","461d, 12:27:20"
920498491.139,40290835.443,16127.753,False,"2029-03-03 10:01:31 UTC","466d, 07:53:55"
920498491.139,40706430.38,15662.758,False,"2029-03-03 10:01:31 UTC","471d, 03:20:30"
920498491.139,41122025.316,15209.324,False,"2029-03-03 10:01:31 UTC","475d, 22:47:05"
920498491.139,41537620.253,14767.814,False,"2029-03-03 10:01:31 UTC","480d, 18:13:40"
920498491.139,41953215.19,14338.57,False,"2029-03-03 10:01:31 UTC","485d, 13:40:15"
920498491.139,42368810.127,13921.922,False,"2029-03-03 10:01:31 UTC","490d, 09:06:50"
920498491.139,42784405.063,13518.199,False,"2029-03-03 10:01:31 UTC","495d, 04:33:25"
920498491.139,43200000,13127.734,False,"2029-03-03 10:01:31 UTC","500d, 00:00:00"
921774805.063,10368000,11832.582,False,"2029-03-18 04:33:25 UTC","120d, 00:00:00"
921774805.063,10783594.937,11409.711,False,"2029-03-18 04:33:25 UTC","124d, 19:26:34"
921774805.063,11199189.873,10996.722,False,"2029-03-18 04:33:25 UTC","129d, 14:53:09"
921774805.063,11614784.81,10592.939,False,"2029-03-18 04:33:25 UTC","134d, 10:19:44"
921774805.063,12030379.747,10198.087,False,"2029-03-18 04:33:25 UTC","139d, 05:46:19"
921774805.063,12445974.684,9812.299,False,"2029-03-18 04:33:25 UTC","144d, 01:12:54"
921774805.063,12861569.62,9436.195,False,"2029-03-18 04:33:25 UTC","148d, 20:39:29"
921774805.063,13277164.557,9071.113,False,"2029-03-18 04:33:25 UTC","153d, 16:06:04"
921774805.063,13692759.494,8719.617,False,"2029-03-18 04:33:25 UTC","158d, 11:32:39"
921774805.063,14108354.43,8386.728,False,"2029-03-18 04:33:25 UTC","163d, 06:59:14"
921774805.063,14523949.367,8083.112,False,"2029-03-18 04:33:25 UTC","168d, 02:25:49"
921774805.063,14939544.304,7834.762,False,"2029-03-18 04:33:25 UTC","172d, 21:52:24"
921774805.063,15355139.241,7719.765,False,"2029-03-18 04:33:25 UTC","177d, 17:18:59"
921774805.063,15770734.177,8068.558,False,"2029-03-18 04:33:25 UTC","182d, 12:45:34"
921774805.063,16186329.114,11618.359,False,"2029-03-18 04:33:25 UTC","187d, 08:12:09"
921774805.063,16601924.051,14456.272,True,"2029-03-18 04:33:25 UTC","192d, 03:38:44"
921774805.063,17017518.987,7182.098,True,"2029-03-18 04:33:25 UTC","196d, 23:05:18"
921774805.063,17433113.924,6015.57,True,"2029-03-18 04:33:25 UTC","201d, 18:31:53"
921774805.063,17848708.861,5480.144,True,"2029-03-18 04:33:25 UTC","206d, 13:58:28"
921774805.063,18264303.797,5099.88,True,"2029-03-18 04:33:25 UTC","211d, 09:25:03"
921774805.063,18679898.734,4780.462,True,"2029-03-18 04:33:25 UTC","216d, 04:51:38"
921774805.063,19095493.671,4494.78,True,"2029-03-18 04:33:25 UTC","221d, 00:18:13"
921774805.063,19511088.608,4233.649,True,"2029-03-18 04:33:25 UTC","225d, 19:44:48"
921774805.063,19926683.544,3994.145,True,"2029-03-18 04:33:25 UTC","230d, 15:11:23"
921774805.063,20342278.481,3776.057,True,"2029-03-18 04:33:25 UTC","235d, 10:37:58"
921774805.063,20757873.418,3580.616,True,"2029-03-18 04:33:25 UTC","240d, 06:04:33"
921774805.063,21173468.354,3409.971,True,"2029-03-18 04:33:25 UTC","245d, 01:31:08"
921774805.063,21589063.291,3266.926,True,"2029-03-18 04:33:25 UTC","249d, 20:57:43"
921774805.063,22004658.228,3154.75,True,"2029-03-18 04:33:25 UTC","254d, 16:24:18"
921774805.063,22420253.165,3076.995,True,"2029-03-18 04:33:25 UTC","259d, 11:50:53"
921774805.063,22835848.101,3037.317,True,"2029-03-18 04:33:25 UTC","264d, 07:17:28"
921774805.063,23251443.038,3039.36,True,"2029-03-18 04:33:25 UTC","269d, 02:44:03"
921774805.063,23667037.975,3086.786,True,"2029-03-18 04:33:25 UTC","273d, 22:10:37"
921774805.063,24082632.911,3183.456,True,"2029-03-18 04:33:25 UTC","278d, 17:37:12"
921774805.063,24498227.848,3333.678,True,"2029-03-18 04:33:25 UTC","283d, 13:03:47"
921774805.063,24913822.785,3542.364,True,"2029-03-18 04:33:25 UTC","288d, 08:30:22"
921774805.063,25329417.722,3815.077,True,"2029-03-18 04:33:25 UTC","293d, 03:56:57"
921774805.063,25745012.658,4158.048,True,"2029-03-18 04:33:25 UTC","297d, 23:23:32"
921774805.063,26160607.595,4578.291,True,"2029-03-18 04:33:25 UTC","302d, 18:50:07"
921774805.063,26576202.532,5083.877,True,"2029-03-18 04:33:25 UTC","307d, 14:16:42"
921774805.063,26991797.468,5684.378,True,"2029-03-18 04:33:25 UTC","312d, 09:43:17"
921774805.063,27407392.405,6391.423,True,"2029-03-18 04:33:25 UTC","317d, 05:09:52"
921774805.063,27822987.342,7219.304,True,"2029-03-18 04:33:25 UTC","322d, 00:36:27"
921774805.063,28238582.278,8185.558,True,"2029-03-18 04:33:25 UTC","326d, 20:03:02"
921774805.063,28654177.215,9311.318,True,"2029-03-18 04:33:25 UTC","331d, 15:29:37"
921774805.063,29069772.152,10621.116,True,"2029-03-18 04:33:25 UTC","336d, 10:56:12"
921774805.063,29485367.089,12141.416,True,"2029-03-18 04:33:25 UTC","341d, 06:22:47"
921774805.063,29900962.025,13896.695,True,"2029-03-18 04:33:25 UTC","346d, 01:49:22"
921774805.063,30316556.962,15901.446,True,"2029-03-18 04:33:25 UTC","350d, 21:15:56"
921774805.063,30732151.899,18146.875,True,"2029-03-18 04:33:25 UTC","355d, 16:42:31"
921774805.063,31147746.835,20584.286,True,"2029-03-18 04:33:25 UTC","360d, 12:09:06"
921774805.063,31563341.772,23114.266,True,"2029-03-18 04:33:25 UTC","365d, 07:35:41"
921774805.063,31978936.709,26216.716,False,"2029-03-18 04:33:25 UTC","370d, 03:02:16"
921774805.063,32394531.646,25639.786,False,"2029-03-18 04:33:25 UTC","374d, 22:28:51"
921774805.063,32810126.582,25062.463,False,"2029-03-18 04:33:25 UTC","379d, 17:55:26"
921774805.063,33225721.519,24485.651,False,"2029-03-18 04:33:25 UTC","384d, 13:22:01"
921774805.063,33641316.456,23910.232,False,"2029-03-18 04:33:25 UTC","389d, 08:48:36"
921774805.063,34056911.392,23337.064,False,"2029-03-18 04:33:25 UTC","394d, 04:15:11"
921774805.063,34472506.329,22766.98,False,"2029-03-18 04:33:25 UTC","398d, 23:41:46"
921774805.063,34888101.266,22200.783,False,"2029-03-18 04:33:25 UTC","403d, 19:08:21"
921774805.063,35303696.203,21639.25,False,"2029-03-18 04:33:25 UTC","408d, 14:34:56"
921774805.063,35719291.139,21083.122,False,"2029-03-18 04:33:25 UTC","413d, 10:01:31"
921774805.063,36134886.076,20533.111,False,"2029-03-18 04:33:25 UTC","418d, 05:28:06"
921774805.063,36550481.013,19989.894,False,"2029-03-18 04:33:25 UTC","423d, 00:54:41"
921774805.063,36966075.949,19454.116,False,"2029-03-18 04:33:25 UTC","427d, 20:21:15"
921774805.063,37381670.886,18926.386,False,"2029-03-18 04:33:25 UTC","432d, 15:47:50"
921774805.063,37797265.823,18407.279,False,"2029-03-18 04:33:25 UTC","437d, 11:14:25"
921774805.063,38212860.759,17897.338,False,"2029-03-18 04:33:25 UTC","442d, 06:41:00"
921774805.063,38628455.696,17397.07,False,"2029-03-18 04:33:25 UTC","447d, 02:07:35"
921774805.063,39044050.633,16906.952,False,"2029-03-18 04:33:25 UTC","451d, 21:34:10"
921774805.063,39459645.57,16427.428,False,"2029-03-18 04:33:25 UTC","456d, 17:00:45"
921774805.063,39875240.506,15958.914,False,"2029-03-18 04:33:25 UTC","461d, 12:27:20"
921774805.063,40290835.443,15501.799,False,"2029-03-18 04:33:25 UTC","466d, 07:53:55"
921774805.063,40706430.38,15056.445,False,"2029-03-18 04:33:25 UTC","471d, 03:20:30"
921774805.063,41122025.316,14623.196,False,"2029-03-18 04:33:25 UTC","475d, 22:47:05"
921774805.063,41537620.253,14202.379,False,"2029-03-18 04:33:25 UTC","480d, 18:13:40"
921774805.063,41953215.19,13794.312,False,"2029-03-18 04:33:25 UTC","485d, 13:40:15"
921774805.063,42368810.127,13399.315,False,"2029-03-18 04:33:25 UTC","490d, 09:06:50"
921774805.063,42784405.063,13017.721,False,"2029-03-18 04:33:25 UTC","495d, 04:33:25"
921774805.063,43200000,12649.901,False,"2029-03-18 04:33:25 UTC","500d, 00:00:00"
923051118.987,10368000,12946.076,False,"2029-04-01 23:05:18 UTC","120d, 00:00:00"
923051118.987,10783594.937,12420.131,False,"2029-04-01 23:05:18 UTC","124d, 19:26:34"
923051118.987,11199189.873,11910.56,False,"2029-04-01 23:05:18 UTC","129d, 14:53:09"
923051118.987,11614784.81,11416.588,False,"2029-04-01 23:05:18 UTC","134d, 10:19:44"
923051118.987,12030379.747,10937.914,False,"2029-04-01 23:05:18 UTC","139d, 05:46:19"
923051118.987,12445974.684,10474.805,False,"2029-04-01 23:05:18 UTC","144d, 01:12:54"
923051118.987,12861569.62,10028.367,False,"2029-04-01 23:05:18 UTC","148d, 20:39:29"
923051118.987,13277164.557,9601.207,False,"2029-04-01 23:05:18 UTC","153d, 16:06:04"
923051118.987,13692759.494,9199.123,False,"2029-04-01 23:05:18 UTC","158d, 11:32:39"
923051118.987,14108354.43,8836.005,False,"2029-04-01 23:05:18 UTC","163d, 06:59:14"
923051118.987,14523949.367,8551.107,False,"2029-04-01 23:05:18 UTC","168d, 02:25:49"
923051118.987,14939544.304,8493.079,False,"2029-04-01 23:05:18 UTC","172d, 21:52:24"
923051118.987,15355139.241,9652.656,False,"2029-04-01 23:05:18 UTC","177d, 17:18:59"
923051118.987,15770734.177,26389.428,True,"2029-04-01 23:05:18 UTC","182d, 12:45:34"
923051118.987,16186329.114,8184.407,True,"2029-04-01 23:05:18 UTC","187d, 08:12:09"
923051118.987,16601924.051,6697.791,True,"2029-04-01 23:05:18 UTC","192d, 03:38:44"
923051118.987,17017518.987,6112.919,True,"2029-04-01 23:05:18 UTC","196d, 23:05:18"
923051118.987,17433113.924,5697.379,True,"2029-04-01 23:05:18 UTC","201d, 18:31:53"
923051118.987,17848708.861,5341.777,True,"2029-04-01 23:05:18 UTC","206d, 13:58:28"
923051118.987,18264303.797,5018.84,True,"2029-04-01 23:05:18 UTC","211d, 09:25:03"
923051118.987,18679898.734,4720.13,True,"2029-04-01 23:05:18 UTC","216d, 04:51:38"
923051118.987,19095493.671,4443.199,True,"2029-04-01 23:05:18 UTC","221d, 00:18:13"
923051118.987,19511088.608,4188.054,True,"2029-04-01 23:05:18 UTC","225d, 19:44:48"
923051118.987,19926683.544,3955.977,True,"2029-04-01 23:05:18 UTC","230d, 15:11:23"
923051118.987,20342278.481,3749.074,True,"2029-04-01 23:05:18 UTC","235d, 10:37:58"
923051118.987,20757873.418,3570.067,True,"2029-04-01 23:05:18 UTC","240d, 06:04:33"
923051118.987,21173468.354,3422.15,True,"2029-04-01 23:05:18 UTC","245d, 01:31:08"
923051118.987,21589063.291,3308.853,True,"2029-04-01 23:05:18 UTC","249d, 20:57:43"
923051118.987,22004658.228,3233.882,True,"2029-04-01 23:05:18 UTC","254d, 16:24:18"
923051118.987,22420253.165,3200.989,True,"2029-04-01 23:05:18 UTC","259d, 11:50:53"
923051118.987,22835848.101,3213.936,True,"2029-04-01 23:05:18 UTC","264d, 07:17:28"
923051118.987,23251443.038,3276.609,True,"2029-04-01 23:05:18 UTC","269d, 02:44:03"
923051118.987,23667037.975,3393.233,True,"2029-04-01 23:05:18 UTC","273d, 22:10:37"
923051118.987,24082632.911,3568.565,True,"2029-04-01 23:05:18 UTC","278d, 17:37:12"
923051118.987,24498227.848,3807.974,True,"2029-04-01 23:05:18 UTC","283d, 13:03:47"
923051118.987,24913822.785,4117.443,True,"2029-04-01 23:05:18 UTC","288d, 08:30:22"
923051118.987,25329417.722,4503.632,True,"2029-04-01 23:05:18 UTC","293d, 03:56:57"
923051118.987,25745012.658,4974.101,True,"2029-04-01 23:05:18 UTC","297d, 23:23:32"
923051118.987,26160607.595,5537.715,True,"2029-04-01 23:05:18 UTC","302d, 18:50:07"
923051118.987,26576202.532,6205.199,True,"2029-04-01 23:05:18 UTC","307d, 14:16:42"
923051118.987,26991797.468,6989.778,True,"2029-04-01 23:05:18 UTC","312d, 09:43:17"
923051118.987,27407392.405,7907.822,True,"2029-04-01 23:05:18 UTC","317d, 05:09:52"
923051118.987,27822987.342,8979.358,True,"2029-04-01 23:05:18 UTC","322d, 00:36:27"
923051118.987,28238582.278,10228.165,True,"2029-04-01 23:05:18 UTC","326d, 20:03:02"
923051118.987,28654177.215,11680.888,True,"2029-04-01 23:05:18 UTC","331d, 15:29:37"
923051118.987,29069772.152,13364.128,True,"2029-04-01 23:05:18 UTC","336d, 10:56:12"
923051118.987,29485367.089,15297.875,True,"2029-04-01 23:05:18 UTC","341d, 06:22:47"
923051118.987,29900962.025,17483.626,True,"2029-04-01 23:05:18 UTC","346d, 01:49:22"
923051118.987,30316556.962,19887.52,True,"2029-04-01 23:05:18 UTC","350d, 21:15:56"
923051118.987,30732151.899,22425.156,True,"2029-04-01 23:05:18 UTC","355d, 16:42:31"
923051118.987,31147746.835,24963.047,True,"2029-04-01 23:05:18 UTC","360d, 12:09:06"
923051118.987,31563341.772,26014.149,False,"2029-04-01 23:05:18 UTC","365d, 07:35:41"
923051118.987,31978936.709,25435.851,False,"2029-04-01 23:05:18 UTC","370d, 03:02:16"
923051118.987,32394531.646,24857.858,False,"2029-04-01 23:05:18 UTC","374d, 22:28:51"
923051118.987,32810126.582,24281.049,False,"2029-04-01 23:05:18 UTC","379d, 17:55:26"
923051118.987,33225721.519,23706.278,False,"2029-04-01 23:05:18 UTC","384d, 13:22:01"
923051118.987,33641316.456,23134.373,False,"2029-04-01 23:05:18 UTC","389d, 08:48:36"
923051118.987,34056911.392,22566.139,False,"2029-04-01 23:05:18 UTC","394d, 04:15:11"
923051118.987,34472506.329,22002.348,False,"2029-04-01 23:05:18 UTC","398d, 23:41:46"
923051118.987,34888101.266,21443.743,False,"2029-04-01 23:05:18 UTC","403d, 19:08:21"
923051118.987,35303696.203,20891.036,False,"2029-04-01 23:05:18 UTC","408d, 14:34:56"
923051118.987,35719291.139,20344.908,False,"2029-04-01 23:05:18 UTC","413d, 10:01:31"
923051118.987,36134886.076,19806.003,False,"2029-04-01 23:05:18 UTC","418d, 05:28:06"
923051118.987,36550481.013,19274.936,False,"2029-04-01 23:05:18 UTC","423d, 00:54:41"
923051118.987,36966075.949,18752.286,False,"2029-04-01 23:05:18 UTC","427d, 20:21:15"
923051118.987,37381670.886,18238.6,False,"2029-04-01 23:05:18 UTC","432d, 15:47:50"
923051118.987,37797265.823,17734.392,False,"2029-04-01 23:05:18 UTC","437d, 11:14:25"
923051118.987,38212860.759,17240.142,False,"2029-04-01 23:05:18 UTC","442d, 06:41:00"
923051118.987,38628455.696,16756.303,False,"2029-04-01 23:05:18 UTC","447d, 02:07:35"
923051118.987,39044050.633,16283.293,False,"2029-04-01 23:05:18 UTC","451d, 21:34:10"
923051118.987,39459645.57,15821.507,False,"2029-04-01 23:05:18 UTC","456d, 17:00:45"
923051118.987,39875240.506,15371.311,False,"2029-04-01 23:05:18 UTC","461d, 12:27:20"
923051118.987,40290835.443,14933.049,False,"2029-04-01 23:05:18 UTC","466d, 07:53:55"
923051118.987,40706430.38,14507.048,False,"2029-04-01 23:05:18 UTC","471d, 03:20:30"
923051118.987,41122025.316,14093.62,False,"2029-04-01 23:05:18 UTC","475d, 22:47:05"
923051118.987,41537620.253,13693.072,False,"2029-04-01 23:05:18 UTC","480d, 18:13:40"
923051118.987,41953215.19,13305.714,False,"2029-04-01 23:05:18 UTC","485d, 13:40:15"
923051118.987,42368810.127,12931.877,False,"2029-04-01 23:05:18 UTC","490d, 09:06:50"
923051118.987,42784405.063,12571.94,False,"2029-04-01 23:05:18 UTC","495d, 04:33:25"
923051118.987,43200000,12226.365,False,"2029-04-01 23:05:18 UTC","500d, 00:00:00"
924327432.911,10368000,13921.727,False,"2029-04-16 17:37:12 UTC","120d, 00:00:00"
924327432.911,10783594.937,13294.809,False,"2029-04-16 17:37:12 UTC","124d, 19:26:34"
924327432.911,11199189.873,12691.72,False,"2029-04-16 17:37:12 UTC","129d, 14:53:09"
924327432.911,11614784.81,12111.488,False,"2029-04-16 17:37:12 UTC","134d, 10:19:44"
924327432.911,12030379.747,11553.813,False,"2029-04-16 17:37:12 UTC","139d, 05:46:19"
924327432.911,12445974.684,11019.377,False,"2029-04-16 17:37:12 UTC","144d, 01:12:54"
924327432.911,12861569.62,10510.685,False,"2029-04-16 17:37:12 UTC","148d, 20:39:29"
924327432.911,13277164.557,10034.397,False,"2029-04-16 17:37:12 UTC","153d, 16:06:04"
924327432.911,13692759.494,9609.035,False,"2029-04-16 17:37:12 UTC","158d, 11:32:39"
924327432.911,14108354.43,9298.375,False,"2029-04-16 17:37:12 UTC","163d, 06:59:14"
924327432.911,14523949.367,9448.104,False,"2029-04-16 17:37:12 UTC","168d, 02:25:49"
924327432.911,14939544.304,16072.143,False,"2029-04-16 17:37:12 UTC","172d, 21:52:24"
924327432.911,15355139.241,9659.813,True,"2029-04-16 17:37:12 UTC","177d, 17:18:59"
924327432.911,15770734.177,7498.935,True,"2029-04-16 17:37:12 UTC","182d, 12:45:34"
924327432.911,16186329.114,6854.403,True,"2029-04-16 17:37:12 UTC","187d, 08:12:09"
924327432.911,16601924.051,6397.899,True,"2029-04-16 17:37:12 UTC","192d, 03:38:44"
924327432.911,17017518.987,5999.952,True,"2029-04-16 17:37:12 UTC","196d, 23:05:18"
924327432.911,17433113.924,5633.7,True,"2029-04-16 17:37:12 UTC","201d, 18:31:53"
924327432.911,17848708.861,5291.679,True,"2029-04-16 17:37:12 UTC","206d, 13:58:28"
924327432.911,18264303.797,4971.943,True,"2029-04-16 17:37:12 UTC","211d, 09:25:03"
924327432.911,18679898.734,4674.674,True,"2029-04-16 17:37:12 UTC","216d, 04:51:38"
924327432.911,19095493.671,4401.141,True,"2029-04-16 17:37:12 UTC","221d, 00:18:13"
924327432.911,19511088.608,4153.338,True,"2029-04-16 17:37:12 UTC","225d, 19:44:48"
924327432.911,19926683.544,3933.829,True,"2029-04-16 17:37:12 UTC","230d, 15:11:23"
924327432.911,20342278.481,3745.662,True,"2029-04-16 17:37:12 UTC","235d, 10:37:58"
924327432.911,20757873.418,3592.272,True,"2029-04-16 17:37:12 UTC","240d, 06:04:33"
924327432.911,21173468.354,3477.355,True,"2029-04-16 17:37:12 UTC","245d, 01:31:08"
924327432.911,21589063.291,3404.738,True,"2029-04-16 17:37:12 UTC","249d, 20:57:43"
924327432.911,22004658.228,3378.3,True,"2029-04-16 17:37:12 UTC","254d, 16:24:18"
924327432.911,22420253.165,3401.998,True,"2029-04-16 17:37:12 UTC","259d, 11:50:53"
924327432.911,22835848.101,3480.026,True,"2029-04-16 17:37:12 UTC","264d, 07:17:28"
924327432.911,23251443.038,3617.013,True,"2029-04-16 17:37:12 UTC","269d, 02:44:03"
924327432.911,23667037.975,3818.145,True,"2029-04-16 17:37:12 UTC","273d, 22:10:37"
924327432.911,24082632.911,4089.19,True,"2029-04-16 17:37:12 UTC","278d, 17:37:12"
924327432.911,24498227.848,4436.521,True,"2029-04-16 17:37:12 UTC","283d, 13:03:47"
924327432.911,24913822.785,4867.265,True,"2029-04-16 17:37:12 UTC","288d, 08:30:22"
924327432.911,25329417.722,5389.658,True,"2029-04-16 17:37:12 UTC","293d, 03:56:57"
924327432.911,25745012.658,6013.576,True,"2029-04-16 17:37:12 UTC","297d, 23:23:32"
924327432.911,26160607.595,6751.192,True,"2029-04-16 17:37:12 UTC","302d, 18:50:07"
924327432.911,26576202.532,7617.685,True,"2029-04-16 17:37:12 UTC","307d, 14:16:42"
924327432.911,26991797.468,8631.881,True,"2029-04-16 17:37:12 UTC","312d, 09:43:17"
924327432.911,27407392.405,9816.621,True,"2029-04-16 17:37:12 UTC","317d, 05:09:52"
924327432.911,27822987.342,11198.392,True,"2029-04-16 17:37:12 UTC","322d, 00:36:27"
924327432.911,28238582.278,12805.353,True,"2029-04-16 17:37:12 UTC","326d, 20:03:02"
924327432.911,28654177.215,14662.239,True,"2029-04-16 17:37:12 UTC","331d, 15:29:37"
924327432.911,29069772.152,16780.18,True,"2029-04-16 17:37:12 UTC","336d, 10:56:12"
924327432.911,29485367.089,19140.473,True,"2029-04-16 17:37:12 UTC","341d, 06:22:47"
924327432.911,29900962.025,21676.212,True,"2029-04-16 17:37:12 UTC","346d, 01:49:22"
924327432.911,30316556.962,24265.014,True,"2029-04-16 17:37:12 UTC","350d, 21:15:56"
924327432.911,30732151.899,26431.93,False,"2029-04-16 17:37:12 UTC","355d, 16:42:31"
924327432.911,31147746.835,25852.012,False,"2029-04-16 17:37:12 UTC","360d, 12:09:06"
924327432.911,31563341.772,25272.167,False,"2029-04-16 17:37:12 UTC","365d, 07:35:41"
924327432.911,31978936.709,24693.269,False,"2029-04-16 17:37:12 UTC","370d, 03:02:16"
924327432.911,32394531.646,24116.167,False,"2029-04-16 17:37:12 UTC","374d, 22:28:51"
924327432.911,32810126.582,23541.69,False,"2029-04-16 17:37:12 UTC","379d, 17:55:26"
924327432.911,33225721.519,22970.638,False,"2029-04-16 17:37:12 UTC","384d, 13:22:01"
924327432.911,33641316.456,22403.783,False,"2029-04-16 17:37:12 UTC","389d, 08:48:36"
924327432.911,34056911.392,21841.87,False,"2029-04-16 17:37:12 UTC","394d, 04:15:11"
924327432.911,34472506.329,21285.612,False,"2029-04-16 17:37:12 UTC","398d, 23:41:46"
924327432.911,34888101.266,20735.691,False,"2029-04-16 17:37:12 UTC","403d, 19:08:21"
924327432.911,35303696.203,20192.758,False,"2029-04-16 17:37:12 UTC","408d, 14:34:56"
924327432.911,35719291.139,19657.43,False,"2029-04-16 17:37:12 UTC","413d, 10:01:31"
924327432.911,36134886.076,19130.293,False,"2029-04-16 17:37:12 UTC","418d, 05:28:06"
924327432.911,36550481.013,18611.9,False,"2029-04-16 17:37:12 UTC","423d, 00:54:41"
924327432.911,36966075.949,18102.77,False,"2029-04-16 17:37:12 UTC","427d, 20:21:15"
924327432.911,37381670.886,17603.393,False,"2029-04-16 17:37:12 UTC","432d, 15:47:50"
924327432.911,37797265.823,17114.226,False,"2029-04-16 17:37:12 UTC","437d, 11:14:25"
924327432.911,38212860.759,16635.696,False,"2029-04-16 17:37:12 UTC","442d, 06:41:00"
924327432.911,38628455.696,16168.203,False,"2029-04-16 17:37:12 UTC","447d, 02:07:35"
924327432.911,39044050.633,15712.119,False,"2029-04-16 17:37:12 UTC","451d, 21:34:10"
924327432.911,39459645.57,15267.792,False,"2029-04-16 17:37:12 UTC","456d, 17:00:45"
924327432.911,39875240.506,14835.549,False,"2029-04-16 17:37:12 UTC","461d, 12:27:20"
924327432.911,40290835.443,14415.699,False,"2029-04-16 17:37:12 UTC","466d, 07:53:55"
924327432.911,40706430.38,14008.54,False,"2029-04-16 17:37:12 UTC","471d, 03:20:30"
924327432.911,41122025.316,13614.366,False,"2029-04-16 17:37:12 UTC","475d, 22:47:05"
924327432.911,41537620.253,13233.477,False,"2029-04-16 17:37:12 UTC","480d, 18:13:40"
924327432.911,41953215.19,12866.199,False,"2029-04-16 17:37:12 UTC","485d, 13:40:15"
924327432.911,42368810.127,12512.909,False,"2029-04-16 17:37:12 UTC","490d, 09:06:50"
924327432.911,42784405.063,12174.084,False,"2029-04-16 17:37:12 UTC","495d, 04:33:25"
924327432.911,43200000,11850.384,False,"2029-04-16 17:37:12 UTC","500d, 00:00:00"
925603746.835,10368000,14753.717,False,"2029-05-01 12:09:06 UTC","120d, 00:00:00"
925603746.835,10783594.937,14030.738,False,"2029-05-01 12:09:06 UTC","124d, 19:26:34"
925603746.835,11199189.873,13339.643,False,"2029-05-01 12:09:06 UTC","129d, 14:53:09"
925603746.835,11614784.81,12679.297,False,"2029-05-01 12:09:06 UTC","134d, 10:19:44"
925603746.835,12030379.747,12049.704,False,"2029-05-01 12:09:06 UTC","139d, 05:46:19"
925603746.835,12445974.684,11453.02,False,"2029-05-01 12:09:06 UTC","144d, 01:12:54"
925603746.835,12861569.62,10896.736,False,"2029-05-01 12:09:06 UTC","148d, 20:39:29"
925603746.835,13277164.557,10406.1,False,"2029-05-01 12:09:06 UTC","153d, 16:06:04"
925603746.835,13692759.494,10096.294,False,"2029-05-01 12:09:06 UTC","158d, 11:32:39"
925603746.835,14108354.43,11192.719,False,"2029-05-01 12:09:06 UTC","163d, 06:59:14"
925603746.835,14523949.367,12880.951,True,"2029-05-01 12:09:06 UTC","168d, 02:25:49"
925603746.835,14939544.304,8440.371,True,"2029-05-01 12:09:06 UTC","172d, 21:52:24"
925603746.835,15355139.241,7720.944,True,"2029-05-01 12:09:06 UTC","177d, 17:18:59"
925603746.835,15770734.177,7216.832,True,"2029-05-01 12:09:06 UTC","182d, 12:45:34"
925603746.835,16186329.114,6769.225,True,"2029-05-01 12:09:06 UTC","187d, 08:12:09"
925603746.835,16601924.051,6352.568,True,"2029-05-01 12:09:06 UTC","192d, 03:38:44"
925603746.835,17017518.987,5960.646,True,"2029-05-01 12:09:06 UTC","196d, 23:05:18"
925603746.835,17433113.924,5592.028,True,"2029-05-01 12:09:06 UTC","201d, 18:31:53"
925603746.835,17848708.861,5247.004,True,"2029-05-01 12:09:06 UTC","206d, 13:58:28"
925603746.835,18264303.797,4926.749,True,"2029-05-01 12:09:06 UTC","211d, 09:25:03"
925603746.835,18679898.734,4633.052,True,"2029-05-01 12:09:06 UTC","216d, 04:51:38"
925603746.835,19095493.671,4368.235,True,"2029-05-01 12:09:06 UTC","221d, 00:18:13"
925603746.835,19511088.608,4135.104,True,"2029-05-01 12:09:06 UTC","225d, 19:44:48"
925603746.835,19926683.544,3936.897,True,"2029-05-01 12:09:06 UTC","230d, 15:11:23"
925603746.835,20342278.481,3777.201,True,"2029-05-01 12:09:06 UTC","235d, 10:37:58"
925603746.835,20757873.418,3659.844,True,"2029-05-01 12:09:06 UTC","240d, 06:04:33"
925603746.835,21173468.354,3588.79,True,"2029-05-01 12:09:06 UTC","245d, 01:31:08"
925603746.835,21589063.291,3568.096,True,"2029-05-01 12:09:06 UTC","249d, 20:57:43"
925603746.835,22004658.228,3601.988,True,"2029-05-01 12:09:06 UTC","254d, 16:24:18"
925603746.835,22420253.165,3695.018,True,"2029-05-01 12:09:06 UTC","259d, 11:50:53"
925603746.835,22835848.101,3852.218,True,"2029-05-01 12:09:06 UTC","264d, 07:17:28"
925603746.835,23251443.038,4079.168,True,"2029-05-01 12:09:06 UTC","269d, 02:44:03"
925603746.835,23667037.975,4382.006,True,"2029-05-01 12:09:06 UTC","273d, 22:10:37"
925603746.835,24082632.911,4767.516,True,"2029-05-01 12:09:06 UTC","278d, 17:37:12"
925603746.835,24498227.848,5243.399,True,"2029-05-01 12:09:06 UTC","283d, 13:03:47"
925603746.835,24913822.785,5818.758,True,"2029-05-01 12:09:06 UTC","288d, 08:30:22"
925603746.835,25329417.722,6504.746,True,"2029-05-01 12:09:06 UTC","293d, 03:56:57"
925603746.835,25745012.658,7315.327,True,"2029-05-01 12:09:06 UTC","297d, 23:23:32"
925603746.835,26160607.595,8268.023,True,"2029-05-01 12:09:06 UTC","302d, 18:50:07"
925603746.835,26576202.532,9384.515,True,"2029-05-01 12:09:06 UTC","307d, 14:16:42"
925603746.835,26991797.468,10690.739,True,"2029-05-01 12:09:06 UTC","312d, 09:43:17"
925603746.835,27407392.405,12215.761,True,"2029-05-01 12:09:06 UTC","317d, 05:09:52"
925603746.835,27822987.342,13988.13,True,"2029-05-01 12:09:06 UTC","322d, 00:36:27"
925603746.835,28238582.278,16027.652,True,"2029-05-01 12:09:06 UTC","326d, 20:03:02"
925603746.835,28654177.215,18330.648,True,"2029-05-01 12:09:06 UTC","331d, 15:29:37"
925603746.835,29069772.152,20849.954,True,"2029-05-01 12:09:06 UTC","336d, 10:56:12"
925603746.835,29485367.089,23479.684,True,"2029-05-01 12:09:06 UTC","341d, 06:22:47"
925603746.835,29900962.025,26893.393,False,"2029-05-01 12:09:06 UTC","346d, 01:49:22"
925603746.835,30316556.962,26311.179,False,"2029-05-01 12:09:06 UTC","350d, 21:15:56"
925603746.835,30732151.899,25728.778,False,"2029-05-01 12:09:06 UTC","355d, 16:42:31"
925603746.835,31147746.835,25147.059,False,"2029-05-01 12:09:06 UTC","360d, 12:09:06"
925603746.835,31563341.772,24566.867,False,"2029-05-01 12:09:06 UTC","365d, 07:35:41"
925603746.835,31978936.709,23989.028,False,"2029-05-01 12:09:06 UTC","370d, 03:02:16"
925603746.835,32394531.646,23414.341,False,"2029-05-01 12:09:06 UTC","374d, 22:28:51"
925603746.835,32810126.582,22843.579,False,"2029-05-01 12:09:06 UTC","379d, 17:55:26"
925603746.835,33225721.519,22277.488,False,"2029-05-01 12:09:06 UTC","384d, 13:22:01"
925603746.835,33641316.456,21716.783,False,"2029-05-01 12:09:06 UTC","389d, 08:48:36"
925603746.835,34056911.392,21162.15,False,"2029-05-01 12:09:06 UTC","394d, 04:15:11"
925603746.835,34472506.329,20614.244,False,"2029-05-01 12:09:06 UTC","398d, 23:41:46"
925603746.835,34888101.266,20073.69,False,"2029-05-01 12:09:06 UTC","403d, 19:08:21"
925603746.835,35303696.203,19541.079,False,"2029-05-01 12:09:06 UTC","408d, 14:34:56"
925603746.835,35719291.139,19016.972,False,"2029-05-01 12:09:06 UTC","413d, 10:01:31"
925603746.835,36134886.076,18501.897,False,"2029-05-01 12:09:06 UTC","418d, 05:28:06"
925603746.835,36550481.013,17996.351,False,"2029-05-01 12:09:06 UTC","423d, 00:54:41"
925603746.835,36966075.949,17500.801,False,"2029-05-01 12:09:06 UTC","427d, 20:21:15"
925603746.835,37381670.886,17015.682,False,"2029-05-01 12:09:06 UTC","432d, 15:47:50"
925603746.835,37797265.823,16541.403,False,"2029-05-01 12:09:06 UTC","437d, 11:14:25"
925603746.835,38212860.759,16078.343,False,"2029-05-01 12:09:06 UTC","442d, 06:41:00"
925603746.835,38628455.696,15626.855,False,"2029-05-01 12:09:06 UTC","447d, 02:07:35"
925603746.835,39044050.633,15187.27,False,"2029-05-01 12:09:06 UTC","451d, 21:34:10"
925603746.835,39459645.57,14759.898,False,"2029-05-01 12:09:06 UTC","456d, 17:00:45"
925603746.835,39875240.506,14345.032,False,"2029-05-01 12:09:06 UTC","461d, 12:27:20"
925603746.835,40290835.443,13942.955,False,"2029-05-01 12:09:06 UTC","466d, 07:53:55"
925603746.835,40706430.38,13553.943,False,"2029-05-01 12:09:06 UTC","471d, 03:20:30"
925603746.835,41122025.316,13178.285,False,"2029-05-01 12:09:06 UTC","475d, 22:47:05"
925603746.835,41537620.253,12816.291,False,"2029-05-01 12:09:06 UTC","480d, 18:13:40"
925603746.835,41953215.19,12468.328,False,"2029-05-01 12:09:06 UTC","485d, 13:40:15"
925603746.835,42368810.127,12134.867,False,"2029-05-01 12:09:06 UTC","490d, 09:06:50"
925603746.835,42784405.063,11816.58,False,"2029-05-01 12:09:06 UTC","495d, 04:33:25"
925603746.835,43200000,11514.531,False,"2029-05-01 12:09:06 UTC","500d, 00:00:00"
926880060.759,10368000,15444.206,False,"2029-05-16 06:41:00 UTC","120d, 00:00:00"
926880060.759,10783594.937,14631.996,False,"2029-05-16 06:41:00 UTC","124d, 19:26:34"
926880060.759,11199189.873,13860.071,False,"2029-05-16 06:41:00 UTC","129d, 14:53:09"
926880060.759,11614784.81,13127.399,False,"2029-05-16 06:41:00 UTC","134d, 10:19:44"
926880060.759,12030379.747,12435.359,False,"2029-05-16 06:41:00 UTC","139d, 05:46:19"
926880060.759,12445974.684,11791.902,False,"2029-05-16 06:41:00 UTC","144d, 01:12:54"
926880060.759,12861569.62,11231.828,False,"2029-05-16 06:41:00 UTC","148d, 20:39:29"
926880060.759,13277164.557,11005.968,False,"2029-05-16 06:41:00 UTC","153d, 16:06:04"
926880060.759,13692759.494,28956.7,False,"2029-05-16 06:41:00 UTC","158d, 11:32:39"
926880060.759,14108354.43,9553.987,True,"2029-05-16 06:41:00 UTC","163d, 06:59:14"
926880060.759,14523949.367,8733.029,True,"2029-05-16 06:41:00 UTC","168d, 02:25:49"
926880060.759,14939544.304,8173.578,True,"2029-05-16 06:41:00 UTC","172d, 21:52:24"
926880060.759,15355139.241,7667.39,True,"2029-05-16 06:41:00 UTC","177d, 17:18:59"
926880060.759,15770734.177,7191.818,True,"2029-05-16 06:41:00 UTC","182d, 12:45:34"
926880060.759,16186329.114,6742.227,True,"2029-05-16 06:41:00 UTC","187d, 08:12:09"
926880060.759,16601924.051,6317.682,True,"2029-05-16 06:41:00 UTC","192d, 03:38:44"
926880060.759,17017518.987,5918.486,True,"2029-05-16 06:41:00 UTC","196d, 23:05:18"
926880060.759,17433113.924,5545.608,True,"2029-05-16 06:41:00 UTC","201d, 18:31:53"
926880060.759,17848708.861,5200.532,True,"2029-05-16 06:41:00 UTC","206d, 13:58:28"
926880060.759,18264303.797,4885.228,True,"2029-05-16 06:41:00 UTC","211d, 09:25:03"
926880060.759,18679898.734,4602.149,True,"2029-05-16 06:41:00 UTC","216d, 04:51:38"
926880060.759,19095493.671,4354.215,True,"2029-05-16 06:41:00 UTC","221d, 00:18:13"
926880060.759,19511088.608,4144.774,True,"2029-05-16 06:41:00 UTC","225d, 19:44:48"
926880060.759,19926683.544,3977.53,True,"2029-05-16 06:41:00 UTC","230d, 15:11:23"
926880060.759,20342278.481,3856.44,True,"2029-05-16 06:41:00 UTC","235d, 10:37:58"
926880060.759,20757873.418,3785.635,True,"2029-05-16 06:41:00 UTC","240d, 06:04:33"
926880060.759,21173468.354,3769.413,True,"2029-05-16 06:41:00 UTC","245d, 01:31:08"
926880060.759,21589063.291,3812.32,True,"2029-05-16 06:41:00 UTC","249d, 20:57:43"
926880060.759,22004658.228,3919.286,True,"2029-05-16 06:41:00 UTC","254d, 16:24:18"
926880060.759,22420253.165,4095.736,True,"2029-05-16 06:41:00 UTC","259d, 11:50:53"
926880060.759,22835848.101,4347.62,True,"2029-05-16 06:41:00 UTC","264d, 07:17:28"
926880060.759,23251443.038,4681.464,True,"2029-05-16 06:41:00 UTC","269d, 02:44:03"
926880060.759,23667037.975,5104.546,True,"2029-05-16 06:41:00 UTC","273d, 22:10:37"
926880060.759,24082632.911,5625.299,True,"2029-05-16 06:41:00 UTC","278d, 17:37:12"
926880060.759,24498227.848,6253.926,True,"2029-05-16 06:41:00 UTC","283d, 13:03:47"
926880060.759,24913822.785,7003.168,True,"2029-05-16 06:41:00 UTC","288d, 08:30:22"
926880060.759,25329417.722,7889.15,True,"2029-05-16 06:41:00 UTC","293d, 03:56:57"
926880060.759,25745012.658,8932.163,True,"2029-05-16 06:41:00 UTC","297d, 23:23:32"
926880060.759,26160607.595,10157.154,True,"2029-05-16 06:41:00 UTC","302d, 18:50:07"
926880060.759,26576202.532,11593.365,True,"2029-05-16 06:41:00 UTC","307d, 14:16:42"
926880060.759,26991797.468,13272.043,True,"2029-05-16 06:41:00 UTC","312d, 09:43:17"
926880060.759,27407392.405,15220.309,True,"2029-05-16 06:41:00 UTC","317d, 05:09:52"
926880060.759,27822987.342,17448.688,True,"2029-05-16 06:41:00 UTC","322d, 00:36:27"
926880060.759,28238582.278,19931.25,True,"2029-05-16 06:41:00 UTC","326d, 20:03:02"
926880060.759,28654177.215,22584.278,True,"2029-05-16 06:41:00 UTC","331d, 15:29:37"
926880060.759,29069772.152,25261.635,True,"2029-05-16 06:41:00 UTC","336d, 10:56:12"
926880060.759,29485367.089,26813.206,False,"2029-05-16 06:41:00 UTC","341d, 06:22:47"
926880060.759,29900962.025,26227.515,False,"2029-05-16 06:41:00 UTC","346d, 01:49:22"
926880060.759,30316556.962,25642.21,False,"2029-05-16 06:41:00 UTC","350d, 21:15:56"
926880060.759,30732151.899,25058.136,False,"2029-05-16 06:41:00 UTC","355d, 16:42:31"
926880060.759,31147746.835,24476.114,False,"2029-05-16 06:41:00 UTC","360d, 12:09:06"
926880060.759,31563341.772,23896.944,False,"2029-05-16 06:41:00 UTC","365d, 07:35:41"
926880060.759,31978936.709,23321.398,False,"2029-05-16 06:41:00 UTC","370d, 03:02:16"
926880060.759,32394531.646,22750.224,False,"2029-05-16 06:41:00 UTC","374d, 22:28:51"
926880060.759,32810126.582,22184.141,False,"2029-05-16 06:41:00 UTC","379d, 17:55:26"
926880060.759,33225721.519,21623.84,False,"2029-05-16 06:41:00 UTC","384d, 13:22:01"
926880060.759,33641316.456,21069.983,False,"2029-05-16 06:41:00 UTC","389d, 08:48:36"
926880060.759,34056911.392,20523.199,False,"2029-05-16 06:41:00 UTC","394d, 04:15:11"
926880060.759,34472506.329,19984.09,False,"2029-05-16 06:41:00 UTC","398d, 23:41:46"
926880060.759,34888101.266,19453.225,False,"2029-05-16 06:41:00 UTC","403d, 19:08:21"
926880060.759,35303696.203,18931.141,False,"2029-05-16 06:41:00 UTC","408d, 14:34:56"
926880060.759,35719291.139,18418.346,False,"2029-05-16 06:41:00 UTC","413d, 10:01:31"
926880060.759,36134886.076,17915.318,False,"2029-05-16 06:41:00 UTC","418d, 05:28:06"
926880060.759,36550481.013,17422.503,False,"2029-05-16 06:41:00 UTC","423d, 00:54:41"
926880060.759,36966075.949,16940.319,False,"2029-05-16 06:41:00 UTC","427d, 20:21:15"
926880060.759,37381670.886,16469.154,False,"2029-05-16 06:41:00 UTC","432d, 15:47:50"
926880060.759,37797265.823,16009.372,False,"2029-05-16 06:41:00 UTC","437d, 11:14:25"
926880060.759,38212860.759,15561.309,False,"2029-05-16 06:41:00 UTC","442d, 06:41:00"
926880060.759,38628455.696,15125.279,False,"2029-05-16 06:41:00 UTC","447d, 02:07:35"
926880060.759,39044050.633,14701.575,False,"2029-05-16 06:41:00 UTC","451d, 21:34:10"
926880060.759,39459645.57,14290.474,False,"2029-05-16 06:41:00 UTC","456d, 17:00:45"
926880060.759,39875240.506,13892.239,False,"2029-05-16 06:41:00 UTC","461d, 12:27:20"
926880060.759,40290835.443,13507.13,False,"2029-05-16 06:41:00 UTC","466d, 07:53:55"
926880060.759,40706430.38,13135.413,False,"2029-05-16 06:41:00 UTC","471d, 03:20:30"
926880060.759,41122025.316,12777.374,False,"2029-05-16 06:41:00 UTC","475d, 22:47:05"
926880060.759,41537620.253,12433.351,False,"2029-05-16 06:41:00 UTC","480d, 18:13:40"
926880060.759,41953215.19,12103.782,False,"2029-05-16 06:41:00 UTC","485d, 13:40:15"
926880060.759,42368810.127,11789.302,False,"2029-05-16 06:41:00 UTC","490d, 09:06:50"
926880060.759,42784405.063,11490.952,False,"2029-05-16 06:41:00 UTC","495d, 04:33:25"
926880060.759,43200000,11210.672,False,"2029-05-16 06:41:00 UTC","500d, 00:00:00"
928156374.684,10368000,16001.328,False,"2029-05-31 01:12:54 UTC","120d, 00:00:00"
928156374.684,10783594.937,15107.859,False,"2029-05-31 01:12:54 UTC","124d, 19:26:34"
928156374.684,11199189.873,14263.208,False,"2029-05-31 01:12:54 UTC","129d, 14:53:09"
928156374.684,11614784.81,13467.256,False,"2029-05-31 01:12:54 UTC","134d, 10:19:44"
928156374.684,12030379.747,12727.142,False,"2029-05-31 01:12:54 UTC","139d, 05:46:19"
928156374.684,12445974.684,12089.691,False,"2029-05-31 01:12:54 UTC","144d, 01:12:54"
928156374.684,12861569.62,12474.643,False,"2029-05-31 01:12:54 UTC","148d, 20:39:29"
928156374.684,13277164.557,10909.588,True,"2029-05-31 01:12:54 UTC","153d, 16:06:04"
928156374.684,13692759.494,9916.912,True,"2029-05-31 01:12:54 UTC","158d, 11:32:39"
928156374.684,14108354.43,9292.957,True,"2029-05-31 01:12:54 UTC","163d, 06:59:14"
928156374.684,14523949.367,8716.823,True,"2029-05-31 01:12:54 UTC","168d, 02:25:49"
928156374.684,14939544.304,8171.783,True,"2029-05-31 01:12:54 UTC","172d, 21:52:24"
928156374.684,15355139.241,7655.11,True,"2029-05-31 01:12:54 UTC","177d, 17:18:59"
928156374.684,15770734.177,7166.251,True,"2029-05-31 01:12:54 UTC","182d, 12:45:34"
928156374.684,16186329.114,6705.364,True,"2029-05-31 01:12:54 UTC","187d, 08:12:09"
928156374.684,16601924.051,6273.071,True,"2029-05-31 01:12:54 UTC","192d, 03:38:44"
928156374.684,17017518.987,5870.418,True,"2029-05-31 01:12:54 UTC","196d, 23:05:18"
928156374.684,17433113.924,5498.902,True,"2029-05-31 01:12:54 UTC","201d, 18:31:53"
928156374.684,17848708.861,5160.498,True,"2029-05-31 01:12:54 UTC","206d, 13:58:28"
928156374.684,18264303.797,4857.673,True,"2029-05-31 01:12:54 UTC","211d, 09:25:03"
928156374.684,18679898.734,4593.386,True,"2029-05-31 01:12:54 UTC","216d, 04:51:38"
928156374.684,19095493.671,4371.05,True,"2029-05-31 01:12:54 UTC","221d, 00:18:13"
928156374.684,19511088.608,4194.464,True,"2029-05-31 01:12:54 UTC","225d, 19:44:48"
928156374.684,19926683.544,4067.728,True,"2029-05-31 01:12:54 UTC","230d, 15:11:23"
928156374.684,20342278.481,3995.184,True,"2029-05-31 01:12:54 UTC","235d, 10:37:58"
928156374.684,20757873.418,3981.414,True,"2029-05-31 01:12:54 UTC","240d, 06:04:33"
928156374.684,21173468.354,4031.32,True,"2029-05-31 01:12:54 UTC","245d, 01:31:08"
928156374.684,21589063.291,4150.221,True,"2029-05-31 01:12:54 UTC","249d, 20:57:43"
928156374.684,22004658.228,4343.931,True,"2029-05-31 01:12:54 UTC","254d, 16:24:18"
928156374.684,22420253.165,4618.788,True,"2029-05-31 01:12:54 UTC","259d, 11:50:53"
928156374.684,22835848.101,4981.769,True,"2029-05-31 01:12:54 UTC","264d, 07:17:28"
928156374.684,23251443.038,5440.776,True,"2029-05-31 01:12:54 UTC","269d, 02:44:03"
928156374.684,23667037.975,6005.173,True,"2029-05-31 01:12:54 UTC","273d, 22:10:37"
928156374.684,24082632.911,6686.526,True,"2029-05-31 01:12:54 UTC","278d, 17:37:12"
928156374.684,24498227.848,7499.499,True,"2029-05-31 01:12:54 UTC","283d, 13:03:47"
928156374.684,24913822.785,8462.784,True,"2029-05-31 01:12:54 UTC","288d, 08:30:22"
928156374.684,25329417.722,9599.899,True,"2029-05-31 01:12:54 UTC","293d, 03:56:57"
928156374.684,25745012.658,10939.474,True,"2029-05-31 01:12:54 UTC","297d, 23:23:32"
928156374.684,26160607.595,12514.177,True,"2029-05-31 01:12:54 UTC","302d, 18:50:07"
928156374.684,26576202.532,14356.678,True,"2029-05-31 01:12:54 UTC","307d, 14:16:42"
928156374.684,26991797.468,16489.994,True,"2029-05-31 01:12:54 UTC","312d, 09:43:17"
928156374.684,27407392.405,18909.608,True,"2029-05-31 01:12:54 UTC","317d, 05:09:52"
928156374.684,27822987.342,21558.909,True,"2029-05-31 01:12:54 UTC","322d, 00:36:27"
928156374.684,28238582.278,24311.603,True,"2029-05-31 01:12:54 UTC","326d, 20:03:02"
928156374.684,28654177.215,27357.462,False,"2029-05-31 01:12:54 UTC","331d, 15:29:37"
928156374.684,29069772.152,26767.717,False,"2029-05-31 01:12:54 UTC","336d, 10:56:12"
928156374.684,29485367.089,26178.037,False,"2029-05-31 01:12:54 UTC","341d, 06:22:47"
928156374.684,29900962.025,25589.26,False,"2029-05-31 01:12:54 UTC","346d, 01:49:22"
928156374.684,30316556.962,25002.207,False,"2029-05-31 01:12:54 UTC","350d, 21:15:56"
928156374.684,30732151.899,24417.676,False,"2029-05-31 01:12:54 UTC","355d, 16:42:31"
928156374.684,31147746.835,23836.44,False,"2029-05-31 01:12:54 UTC","360d, 12:09:06"
928156374.684,31563341.772,23259.25,False,"2029-05-31 01:12:54 UTC","365d, 07:35:41"
928156374.684,31978936.709,22686.83,False,"2029-05-31 01:12:54 UTC","370d, 03:02:16"
928156374.684,32394531.646,22119.876,False,"2029-05-31 01:12:54 UTC","374d, 22:28:51"
928156374.684,32810126.582,21559.056,False,"2029-05-31 01:12:54 UTC","379d, 17:55:26"
928156374.684,33225721.519,21005.01,False,"2029-05-31 01:12:54 UTC","384d, 13:22:01"
928156374.684,33641316.456,20458.347,False,"2029-05-31 01:12:54 UTC","389d, 08:48:36"
928156374.684,34056911.392,19919.647,False,"2029-05-31 01:12:54 UTC","394d, 04:15:11"
928156374.684,34472506.329,19389.459,False,"2029-05-31 01:12:54 UTC","398d, 23:41:46"
928156374.684,34888101.266,18868.304,False,"2029-05-31 01:12:54 UTC","403d, 19:08:21"
928156374.684,35303696.203,18356.67,False,"2029-05-31 01:12:54 UTC","408d, 14:34:56"
928156374.684,35719291.139,17855.017,False,"2029-05-31 01:12:54 UTC","413d, 10:01:31"
928156374.684,36134886.076,17363.776,False,"2029-05-31 01:12:54 UTC","418d, 05:28:06"
928156374.684,36550481.013,16883.348,False,"2029-05-31 01:12:54 UTC","423d, 00:54:41"
928156374.684,36966075.949,16414.105,False,"2029-05-31 01:12:54 UTC","427d, 20:21:15"
928156374.684,37381670.886,15956.396,False,"2029-05-31 01:12:54 UTC","432d, 15:47:50"
928156374.684,37797265.823,15510.542,False,"2029-05-31 01:12:54 UTC","437d, 11:14:25"
928156374.684,38212860.759,15076.839,False,"2029-05-31 01:12:54 UTC","442d, 06:41:00"
928156374.684,38628455.696,14655.565,False,"2029-05-31 01:12:54 UTC","447d, 02:07:35"
928156374.684,39044050.633,14246.979,False,"2029-05-31 01:12:54 UTC","451d, 21:34:10"
928156374.684,39459645.57,13851.323,False,"2029-05-31 01:12:54 UTC","456d, 17:00:45"
928156374.684,39875240.506,13468.833,False,"2029-05-31 01:12:54 UTC","461d, 12:27:20"
928156374.684,40290835.443,13099.746,False,"2029-05-31 01:12:54 UTC","466d, 07:53:55"
928156374.684,40706430.38,12744.31,False,"2029-05-31 01:12:54 UTC","471d, 03:20:30"
928156374.684,41122025.316,12402.811,False,"2029-05-31 01:12:54 UTC","475d, 22:47:05"
928156374.684,41537620.253,12075.614,False,"2029-05-31 01:12:54 UTC","480d, 18:13:40"
928156374.684,41953215.19,11763.249,False,"2029-05-31 01:12:54 UTC","485d, 13:40:15"
928156374.684,42368810.127,11466.597,False,"2029-05-31 01:12:54 UTC","490d, 09:06:50"
928156374.684,42784405.063,11187.38,False,"2029-05-31 01:12:54 UTC","495d, 04:33:25"
928156374.684,43200000,10929.662,False,"2029-05-31 01:12:54 UTC","500d, 00:00:00"
929432688.608,10368000,16437.63,False,"2029-06-14 19:44:48 UTC","120d, 00:00:00"
929432688.608,10783594.937,15471.006,False,"2029-06-14 19:44:48 UTC","124d, 19:26:34"
929432688.608,11199189.873,14561.301,False,"2029-06-14 19:44:48 UTC","129d, 14:53:09"
929432688.608,11614784.81,13711.627,False,"2029-06-14 19:44:48 UTC","134d, 10:19:44"
929432688.608,12030379.747,12974.26,False,"2029-06-14 19:44:48 UTC","139d, 05:46:19"
929432688.608,12445974.684,13275.92,True,"2029-06-14 19:44:48 UTC","144d, 01:12:54"
929432688.608,12861569.62,11309.087,True,"2029-06-14 19:44:48 UTC","148d, 20:39:29"
929432688.608,13277164.557,10607.817,True,"2029-06-14 19:44:48 UTC","153d, 16:06:04"
929432688.608,13692759.494,9946.057,True,"2029-06-14 19:44:48 UTC","158d, 11:32:39"
929432688.608,14108354.43,9317.894,True,"2029-06-14 19:44:48 UTC","163d, 06:59:14"
929432688.608,14523949.367,8722.366,True,"2029-06-14 19:44:48 UTC","168d, 02:25:49"
929432688.608,14939544.304,8158.925,True,"2029-06-14 19:44:48 UTC","172d, 21:52:24"
929432688.608,15355139.241,7627.296,True,"2029-06-14 19:44:48 UTC","177d, 17:18:59"
929432688.608,15770734.177,7127.536,True,"2029-06-14 19:44:48 UTC","182d, 12:45:34"
929432688.608,16186329.114,6660.089,True,"2029-06-14 19:44:48 UTC","187d, 08:12:09"
929432688.608,16601924.051,6225.832,True,"2029-06-14 19:44:48 UTC","192d, 03:38:44"
929432688.608,17017518.987,5826.124,True,"2029-06-14 19:44:48 UTC","196d, 23:05:18"
929432688.608,17433113.924,5462.837,True,"2029-06-14 19:44:48 UTC","201d, 18:31:53"
929432688.608,17848708.861,5138.378,True,"2029-06-14 19:44:48 UTC","206d, 13:58:28"
929432688.608,18264303.797,4855.686,True,"2029-06-14 19:44:48 UTC","211d, 09:25:03"
929432688.608,18679898.734,4618.204,True,"2029-06-14 19:44:48 UTC","216d, 04:51:38"
929432688.608,19095493.671,4429.82,True,"2029-06-14 19:44:48 UTC","221d, 00:18:13"
929432688.608,19511088.608,4294.792,True,"2029-06-14 19:44:48 UTC","225d, 19:44:48"
929432688.608,19926683.544,4217.701,True,"2029-06-14 19:44:48 UTC","230d, 15:11:23"
929432688.608,20342278.481,4203.451,True,"2029-06-14 19:44:48 UTC","235d, 10:37:58"
929432688.608,20757873.418,4257.325,True,"2029-06-14 19:44:48 UTC","240d, 06:04:33"
929432688.608,21173468.354,4385.048,True,"2029-06-14 19:44:48 UTC","245d, 01:31:08"
929432688.608,21589063.291,4592.846,True,"2029-06-14 19:44:48 UTC","249d, 20:57:43"
929432688.608,22004658.228,4887.504,True,"2029-06-14 19:44:48 UTC","254d, 16:24:18"
929432688.608,22420253.165,5276.555,True,"2029-06-14 19:44:48 UTC","259d, 11:50:53"
929432688.608,22835848.101,5768.69,True,"2029-06-14 19:44:48 UTC","264d, 07:17:28"
929432688.608,23251443.038,6374.422,True,"2029-06-14 19:44:48 UTC","269d, 02:44:03"
929432688.608,23667037.975,7106.967,True,"2029-06-14 19:44:48 UTC","273d, 22:10:37"
929432688.608,24082632.911,7983.263,True,"2029-06-14 19:44:48 UTC","278d, 17:37:12"
929432688.608,24498227.848,9025.007,True,"2029-06-14 19:44:48 UTC","283d, 13:03:47"
929432688.608,24913822.785,10259.435,True,"2029-06-14 19:44:48 UTC","288d, 08:30:22"
929432688.608,25329417.722,11719.284,True,"2029-06-14 19:44:48 UTC","293d, 03:56:57"
929432688.608,25745012.658,13440.662,True,"2029-06-14 19:44:48 UTC","297d, 23:23:32"
929432688.608,26160607.595,15456.464,True,"2029-06-14 19:44:48 UTC","302d, 18:50:07"
929432688.608,26576202.532,17781.95,True,"2029-06-14 19:44:48 UTC","307d, 14:16:42"
929432688.608,26991797.468,20390.475,True,"2029-06-14 19:44:48 UTC","312d, 09:43:17"
929432688.608,27407392.405,23186.334,True,"2029-06-14 19:44:48 UTC","317d, 05:09:52"
929432688.608,27822987.342,25998.827,True,"2029-06-14 19:44:48 UTC","322d, 00:36:27"
929432688.608,28238582.278,27348.128,False,"2029-06-14 19:44:48 UTC","326d, 20:03:02"
929432688.608,28654177.215,26753.257,False,"2029-06-14 19:44:48 UTC","331d, 15:29:37"
929432688.608,29069772.152,26158.934,False,"2029-06-14 19:44:48 UTC","336d, 10:56:12"
929432688.608,29485367.089,25565.979,False,"2029-06-14 19:44:48 UTC","341d, 06:22:47"
929432688.608,29900962.025,24975.186,False,"2029-06-14 19:44:48 UTC","346d, 01:49:22"
929432688.608,30316556.962,24387.334,False,"2029-06-14 19:44:48 UTC","350d, 21:15:56"
929432688.608,30732151.899,23803.174,False,"2029-06-14 19:44:48 UTC","355d, 16:42:31"
929432688.608,31147746.835,23223.435,False,"2029-06-14 19:44:48 UTC","360d, 12:09:06"
929432688.608,31563341.772,22648.82,False,"2029-06-14 19:44:48 UTC","365d, 07:35:41"
929432688.608,31978936.709,22080.005,False,"2029-06-14 19:44:48 UTC","370d, 03:02:16"
929432688.608,32394531.646,21517.639,False,"2029-06-14 19:44:48 UTC","374d, 22:28:51"
929432688.608,32810126.582,20962.343,False,"2029-06-14 19:44:48 UTC","379d, 17:55:26"
929432688.608,33225721.519,20414.709,False,"2029-06-14 19:44:48 UTC","384d, 13:22:01"
929432688.608,33641316.456,19875.299,False,"2029-06-14 19:44:48 UTC","389d, 08:48:36"
929432688.608,34056911.392,19344.647,False,"2029-06-14 19:44:48 UTC","394d, 04:15:11"
929432688.608,34472506.329,18823.256,False,"2029-06-14 19:44:48 UTC","398d, 23:41:46"
929432688.608,34888101.266,18311.601,False,"2029-06-14 19:44:48 UTC","403d, 19:08:21"
929432688.608,35303696.203,17810.128,False,"2029-06-14 19:44:48 UTC","408d, 14:34:56"
929432688.608,35719291.139,17319.251,False,"2029-06-14 19:44:48 UTC","413d, 10:01:31"
929432688.608,36134886.076,16839.36,False,"2029-06-14 19:44:48 UTC","418d, 05:28:06"
929432688.608,36550481.013,16370.813,False,"2029-06-14 19:44:48 UTC","423d, 00:54:41"
929432688.608,36966075.949,15913.945,False,"2029-06-14 19:44:48 UTC","427d, 20:21:15"
929432688.608,37381670.886,15469.061,False,"2029-06-14 19:44:48 UTC","432d, 15:47:50"
929432688.608,37797265.823,15036.445,False,"2029-06-14 19:44:48 UTC","437d, 11:14:25"
929432688.608,38212860.759,14616.356,False,"2029-06-14 19:44:48 UTC","442d, 06:41:00"
929432688.608,38628455.696,14209.033,False,"2029-06-14 19:44:48 UTC","447d, 02:07:35"
929432688.608,39044050.633,13814.699,False,"2029-06-14 19:44:48 UTC","451d, 21:34:10"
929432688.608,39459645.57,13433.558,False,"2029-06-14 19:44:48 UTC","456d, 17:00:45"
929432688.608,39875240.506,13065.81,False,"2029-06-14 19:44:48 UTC","461d, 12:27:20"
929432688.608,40290835.443,12711.652,False,"2029-06-14 19:44:48 UTC","466d, 07:53:55"
929432688.608,40706430.38,12371.295,False,"2029-06-14 19:44:48 UTC","471d, 03:20:30"
929432688.608,41122025.316,12044.988,False,"2029-06-14 19:44:48 UTC","475d, 22:47:05"
929432688.608,41537620.253,11733.068,False,"2029-06-14 19:44:48 UTC","480d, 18:13:40"
929432688.608,41953215.19,11436.081,False,"2029-06-14 19:44:48 UTC","485d, 13:40:15"
929432688.608,42368810.127,11155.101,False,"2029-06-14 19:44:48 UTC","490d, 09:06:50"
929432688.608,42784405.063,10892.841,False,"2029-06-14 19:44:48 UTC","495d, 04:33:25"
929432688.608,43200000,10659.265,False,"2029-06-14 19:44:48 UTC","500d, 00:00:00"
930709002.532,10368000,16768.558,False,"2029-06-29 14:16:42 UTC","120d, 00:00:00"
930709002.532,10783594.937,15734.845,False,"2029-06-29 14:16:42 UTC","124d, 19:26:34"
930709002.532,11199189.873,14761.048,False,"2029-06-29 14:16:42 UTC","129d, 14:53:09"
930709002.532,11614784.81,13837.145,False,"2029-06-29 14:16:42 UTC","134d, 10:19:44"
930709002.532,12030379.747,12985.506,True,"2029-06-29 14:16:42 UTC","139d, 05:46:19"
930709002.532,12445974.684,12165.449,True,"2029-06-29 14:16:42 UTC","144d, 01:12:54"
930709002.532,12861569.62,11392.488,True,"2029-06-29 14:16:42 UTC","148d, 20:39:29"
930709002.532,13277164.557,10662.371,True,"2029-06-29 14:16:42 UTC","153d, 16:06:04"
930709002.532,13692759.494,9972.721,True,"2029-06-29 14:16:42 UTC","158d, 11:32:39"
930709002.532,14108354.43,9321.763,True,"2029-06-29 14:16:42 UTC","163d, 06:59:14"
930709002.532,14523949.367,8708.191,True,"2029-06-29 14:16:42 UTC","168d, 02:25:49"
930709002.532,14939544.304,8131.15,True,"2029-06-29 14:16:42 UTC","172d, 21:52:24"
930709002.532,15355139.241,7590.238,True,"2029-06-29 14:16:42 UTC","177d, 17:18:59"
930709002.532,15770734.177,7085.535,True,"2029-06-29 14:16:42 UTC","182d, 12:45:34"
930709002.532,16186329.114,6617.626,True,"2029-06-29 14:16:42 UTC","187d, 08:12:09"
930709002.532,16601924.051,6187.634,True,"2029-06-29 14:16:42 UTC","192d, 03:38:44"
930709002.532,17017518.987,5797.251,True,"2029-06-29 14:16:42 UTC","196d, 23:05:18"
930709002.532,17433113.924,5448.759,True,"2029-06-29 14:16:42 UTC","201d, 18:31:53"
930709002.532,17848708.861,5145.028,True,"2029-06-29 14:16:42 UTC","206d, 13:58:28"
930709002.532,18264303.797,4889.496,True,"2029-06-29 14:16:42 UTC","211d, 09:25:03"
930709002.532,18679898.734,4686.125,True,"2029-06-29 14:16:42 UTC","216d, 04:51:38"
930709002.532,19095493.671,4539.336,True,"2029-06-29 14:16:42 UTC","221d, 00:18:13"
930709002.532,19511088.608,4453.971,True,"2029-06-29 14:16:42 UTC","225d, 19:44:48"
930709002.532,19926683.544,4435.281,True,"2029-06-29 14:16:42 UTC","230d, 15:11:23"
930709002.532,20342278.481,4488.955,True,"2029-06-29 14:16:42 UTC","235d, 10:37:58"
930709002.532,20757873.418,4621.16,True,"2029-06-29 14:16:42 UTC","240d, 06:04:33"
930709002.532,21173468.354,4838.587,True,"2029-06-29 14:16:42 UTC","245d, 01:31:08"
930709002.532,21589063.291,5148.562,True,"2029-06-29 14:16:42 UTC","249d, 20:57:43"
930709002.532,22004658.228,5559.316,True,"2029-06-29 14:16:42 UTC","254d, 16:24:18"
930709002.532,22420253.165,6080.508,True,"2029-06-29 14:16:42 UTC","259d, 11:50:53"
930709002.532,22835848.101,6724.033,True,"2029-06-29 14:16:42 UTC","264d, 07:17:28"
930709002.532,23251443.038,7505.043,True,"2029-06-29 14:16:42 UTC","269d, 02:44:03"
930709002.532,23667037.975,8443.123,True,"2029-06-29 14:16:42 UTC","273d, 22:10:37"
930709002.532,24082632.911,9563.437,True,"2029-06-29 14:16:42 UTC","278d, 17:37:12"
930709002.532,24498227.848,10897.471,True,"2029-06-29 14:16:42 UTC","283d, 13:03:47"
930709002.532,24913822.785,12482.513,True,"2029-06-29 14:16:42 UTC","288d, 08:30:22"
930709002.532,25329417.722,14357.991,True,"2029-06-29 14:16:42 UTC","293d, 03:56:57"
930709002.532,25745012.658,16555.368,True,"2029-06-29 14:16:42 UTC","297d, 23:23:32"
930709002.532,26160607.595,19077.473,True,"2029-06-29 14:16:42 UTC","302d, 18:50:07"
930709002.532,26576202.532,21867.505,True,"2029-06-29 14:16:42 UTC","307d, 14:16:42"
930709002.532,26991797.468,24783.684,True,"2029-06-29 14:16:42 UTC","312d, 09:43:17"
930709002.532,27407392.405,27966.757,False,"2029-06-29 14:16:42 UTC","317d, 05:09:52"
930709002.532,27822987.342,27365.86,False,"2029-06-29 14:16:42 UTC","322d, 00:36:27"
930709002.532,28238582.278,26765.132,False,"2029-06-29 14:16:42 UTC","326d, 20:03:02"
930709002.532,28654177.215,26165.385,False,"2029-06-29 14:16:42 UTC","331d, 15:29:37"
930709002.532,29069772.152,25567.418,False,"2029-06-29 14:16:42 UTC","336d, 10:56:12"
930709002.532,29485367.089,24972.007,False,"2029-06-29 14:16:42 UTC","341d, 06:22:47"
930709002.532,29900962.025,24379.908,False,"2029-06-29 14:16:42 UTC","346d, 01:49:22"
930709002.532,30316556.962,23791.856,False,"2029-06-29 14:16:42 UTC","350d, 21:15:56"
930709002.532,30732151.899,23208.559,False,"2029-06-29 14:16:42 UTC","355d, 16:42:31"
930709002.532,31147746.835,22630.705,False,"2029-06-29 14:16:42 UTC","360d, 12:09:06"
930709002.532,31563341.772,22058.951,False,"2029-06-29 14:16:42 UTC","365d, 07:35:41"
930709002.532,31978936.709,21493.932,False,"2029-06-29 14:16:42 UTC","370d, 03:02:16"
930709002.532,32394531.646,20936.251,False,"2029-06-29 14:16:42 UTC","374d, 22:28:51"
930709002.532,32810126.582,20386.488,False,"2029-06-29 14:16:42 UTC","379d, 17:55:26"
930709002.532,33225721.519,19845.19,False,"2029-06-29 14:16:42 UTC","384d, 13:22:01"
930709002.532,33641316.456,19312.878,False,"2029-06-29 14:16:42 UTC","389d, 08:48:36"
930709002.532,34056911.392,18790.044,False,"2029-06-29 14:16:42 UTC","394d, 04:15:11"
930709002.532,34472506.329,18277.15,False,"2029-06-29 14:16:42 UTC","398d, 23:41:46"
930709002.532,34888101.266,17774.63,False,"2029-06-29 14:16:42 UTC","403d, 19:08:21"
930709002.532,35303696.203,17282.888,False,"2029-06-29 14:16:42 UTC","408d, 14:34:56"
930709002.532,35719291.139,16802.3,False,"2029-06-29 14:16:42 UTC","413d, 10:01:31"
930709002.532,36134886.076,16333.217,False,"2029-06-29 14:16:42 UTC","418d, 05:28:06"
930709002.532,36550481.013,15875.957,False,"2029-06-29 14:16:42 UTC","423d, 00:54:41"
930709002.532,36966075.949,15430.817,False,"2029-06-29 14:16:42 UTC","427d, 20:21:15"
930709002.532,37381670.886,14998.064,False,"2029-06-29 14:16:42 UTC","432d, 15:47:50"
930709002.532,37797265.823,14577.942,False,"2029-06-29 14:16:42 UTC","437d, 11:14:25"
930709002.532,38212860.759,14170.67,False,"2029-06-29 14:16:42 UTC","442d, 06:41:00"
930709002.532,38628455.696,13776.448,False,"2029-06-29 14:16:42 UTC","447d, 02:07:35"
930709002.532,39044050.633,13395.449,False,"2029-06-29 14:16:42 UTC","451d, 21:34:10"
930709002.532,39459645.57,13027.831,False,"2029-06-29 14:16:42 UTC","456d, 17:00:45"
930709002.532,39875240.506,12673.733,False,"2029-06-29 14:16:42 UTC","461d, 12:27:20"
930709002.532,40290835.443,12333.275,False,"2029-06-29 14:16:42 UTC","466d, 07:53:55"
930709002.532,40706430.38,12006.563,False,"2029-06-29 14:16:42 UTC","471d, 03:20:30"
930709002.532,41122025.316,11693.686,False,"2029-06-29 14:16:42 UTC","475d, 22:47:05"
930709002.532,41537620.253,11394.715,False,"2029-06-29 14:16:42 UTC","480d, 18:13:40"
930709002.532,41953215.19,11109.684,False,"2029-06-29 14:16:42 UTC","485d, 13:40:15"
930709002.532,42368810.127,10838.531,False,"2029-06-29 14:16:42 UTC","490d, 09:06:50"
930709002.532,42784405.063,10580.721,False,"2029-06-29 14:16:42 UTC","495d, 04:33:25"
930709002.532,43200000,10326.717,False,"2029-06-29 14:16:42 UTC","500d, 00:00:00"
931985316.456,10368000,17015.458,False,"2029-07-14 08:48:36 UTC","120d, 00:00:00"
931985316.456,10783594.937,15946.687,False,"2029-07-14 08:48:36 UTC","124d, 19:26:34"
931985316.456,11199189.873,16008.823,True,"2029-07-14 08:48:36 UTC","129d, 14:53:09"
931985316.456,11614784.81,14052.011,True,"2029-07-14 08:48:36 UTC","134d, 10:19:44"
931985316.456,12030379.747,13108.017,True,"2029-07-14 08:48:36 UTC","139d, 05:46:19"
931985316.456,12445974.684,12246.967,True,"2029-07-14 08:48:36 UTC","144d, 01:12:54"
931985316.456,12861569.62,11442.41,True,"2029-07-14 08:48:36 UTC","148d, 20:39:29"
931985316.456,13277164.557,10687.124,True,"2029-07-14 08:48:36 UTC","153d, 16:06:04"
931985316.456,13692759.494,9977.381,True,"2029-07-14 08:48:36 UTC","158d, 11:32:39"
931985316.456,14108354.43,9310.77,True,"2029-07-14 08:48:36 UTC","163d, 06:59:14"
931985316.456,14523949.367,8685.679,True,"2029-07-14 08:48:36 UTC","168d, 02:25:49"
931985316.456,14939544.304,8101.134,True,"2029-07-14 08:48:36 UTC","172d, 21:52:24"
931985316.456,15355139.241,7556.754,True,"2029-07-14 08:48:36 UTC","177d, 17:18:59"
931985316.456,15770734.177,7052.746,True,"2029-07-14 08:48:36 UTC","182d, 12:45:34"
931985316.456,16186329.114,6589.924,True,"2029-07-14 08:48:36 UTC","187d, 08:12:09"
931985316.456,16601924.051,6169.728,True,"2029-07-14 08:48:36 UTC","192d, 03:38:44"
931985316.456,17017518.987,5794.249,True,"2029-07-14 08:48:36 UTC","196d, 23:05:18"
931985316.456,17433113.924,5466.232,True,"2029-07-14 08:48:36 UTC","201d, 18:31:53"
931985316.456,17848708.861,5189.071,True,"2029-07-14 08:48:36 UTC","206d, 13:58:28"
931985316.456,18264303.797,4966.77,True,"2029-07-14 08:48:36 UTC","211d, 09:25:03"
931985316.456,18679898.734,4803.907,True,"2029-07-14 08:48:36 UTC","216d, 04:51:38"
931985316.456,19095493.671,4705.586,True,"2029-07-14 08:48:36 UTC","221d, 00:18:13"
931985316.456,19511088.608,4677.422,True,"2029-07-14 08:48:36 UTC","225d, 19:44:48"
931985316.456,19926683.544,4725.542,True,"2029-07-14 08:48:36 UTC","230d, 15:11:23"
931985316.456,20342278.481,4856.606,True,"2029-07-14 08:48:36 UTC","235d, 10:37:58"
931985316.456,20757873.418,5077.86,True,"2029-07-14 08:48:36 UTC","240d, 06:04:33"
931985316.456,21173468.354,5397.291,True,"2029-07-14 08:48:36 UTC","245d, 01:31:08"
931985316.456,21589063.291,5823.984,True,"2029-07-14 08:48:36 UTC","249d, 20:57:43"
931985316.456,22004658.228,6368.76,True,"2029-07-14 08:48:36 UTC","254d, 16:24:18"
931985316.456,22420253.165,7045.12,True,"2029-07-14 08:48:36 UTC","259d, 11:50:53"
931985316.456,22835848.101,7870.442,True,"2029-07-14 08:48:36 UTC","264d, 07:17:28"
931985316.456,23251443.038,8867.332,True,"2029-07-14 08:48:36 UTC","269d, 02:44:03"
931985316.456,23667037.975,10064.907,True,"2029-07-14 08:48:36 UTC","273d, 22:10:37"
931985316.456,24082632.911,11499.479,True,"2029-07-14 08:48:36 UTC","278d, 17:37:12"
931985316.456,24498227.848,13213.352,True,"2029-07-14 08:48:36 UTC","283d, 13:03:47"
931985316.456,24913822.785,15249.067,True,"2029-07-14 08:48:36 UTC","288d, 08:30:22"
931985316.456,25329417.722,17634.528,True,"2029-07-14 08:48:36 UTC","293d, 03:56:57"
931985316.456,25745012.658,20354.587,True,"2029-07-14 08:48:36 UTC","297d, 23:23:32"
931985316.456,26160607.595,23313.987,True,"2029-07-14 08:48:36 UTC","302d, 18:50:07"
931985316.456,26576202.532,26320.802,True,"2029-07-14 08:48:36 UTC","307d, 14:16:42"
931985316.456,26991797.468,28012.977,False,"2029-07-14 08:48:36 UTC","312d, 09:43:17"
931985316.456,27407392.405,27404.969,False,"2029-07-14 08:48:36 UTC","317d, 05:09:52"
931985316.456,27822987.342,26797.535,False,"2029-07-14 08:48:36 UTC","322d, 00:36:27"
931985316.456,28238582.278,26191.47,False,"2029-07-14 08:48:36 UTC","326d, 20:03:02"
931985316.456,28654177.215,25587.553,False,"2029-07-14 08:48:36 UTC","331d, 15:29:37"
931985316.456,29069772.152,24986.544,False,"2029-07-14 08:48:36 UTC","336d, 10:56:12"
931985316.456,29485367.089,24389.181,False,"2029-07-14 08:48:36 UTC","341d, 06:22:47"
931985316.456,29900962.025,23796.182,False,"2029-07-14 08:48:36 UTC","346d, 01:49:22"
931985316.456,30316556.962,23208.242,False,"2029-07-14 08:48:36 UTC","350d, 21:15:56"
931985316.456,30732151.899,22626.032,False,"2029-07-14 08:48:36 UTC","355d, 16:42:31"
931985316.456,31147746.835,22050.199,False,"2029-07-14 08:48:36 UTC","360d, 12:09:06"
931985316.456,31563341.772,21481.362,False,"2029-07-14 08:48:36 UTC","365d, 07:35:41"
931985316.456,31978936.709,20920.115,False,"2029-07-14 08:48:36 UTC","370d, 03:02:16"
931985316.456,32394531.646,20367.025,False,"2029-07-14 08:48:36 UTC","374d, 22:28:51"
931985316.456,32810126.582,19822.63,False,"2029-07-14 08:48:36 UTC","379d, 17:55:26"
931985316.456,33225721.519,19287.441,False,"2029-07-14 08:48:36 UTC","384d, 13:22:01"
931985316.456,33641316.456,18761.941,False,"2029-07-14 08:48:36 UTC","389d, 08:48:36"
931985316.456,34056911.392,18246.583,False,"2029-07-14 08:48:36 UTC","394d, 04:15:11"
931985316.456,34472506.329,17741.791,False,"2029-07-14 08:48:36 UTC","398d, 23:41:46"
931985316.456,34888101.266,17247.963,False,"2029-07-14 08:48:36 UTC","403d, 19:08:21"
931985316.456,35303696.203,16765.466,False,"2029-07-14 08:48:36 UTC","408d, 14:34:56"
931985316.456,35719291.139,16294.64,False,"2029-07-14 08:48:36 UTC","413d, 10:01:31"
931985316.456,36134886.076,15835.795,False,"2029-07-14 08:48:36 UTC","418d, 05:28:06"
931985316.456,36550481.013,15389.217,False,"2029-07-14 08:48:36 UTC","423d, 00:54:41"
931985316.456,36966075.949,14955.161,False,"2029-07-14 08:48:36 UTC","427d, 20:21:15"
931985316.456,37381670.886,14533.857,False,"2029-07-14 08:48:36 UTC","432d, 15:47:50"
931985316.456,37797265.823,14125.508,False,"2029-07-14 08:48:36 UTC","437d, 11:14:25"
931985316.456,38212860.759,13730.292,False,"2029-07-14 08:48:36 UTC","442d, 06:41:00"
931985316.456,38628455.696,13348.356,False,"2029-07-14 08:48:36 UTC","447d, 02:07:35"
931985316.456,39044050.633,12979.823,False,"2029-07-14 08:48:36 UTC","451d, 21:34:10"
931985316.456,39459645.57,12624.781,False,"2029-07-14 08:48:36 UTC","456d, 17:00:45"
931985316.456,39875240.506,12283.28,False,"2029-07-14 08:48:36 UTC","461d, 12:27:20"
931985316.456,40290835.443,11955.319,False,"2029-07-14 08:48:36 UTC","466d, 07:53:55"
931985316.456,40706430.38,11640.824,False,"2029-07-14 08:48:36 UTC","471d, 03:20:30"
931985316.456,41122025.316,11339.61,False,"2029-07-14 08:48:36 UTC","475d, 22:47:05"
931985316.456,41537620.253,11051.412,False,"2029-07-14 08:48:36 UTC","480d, 18:13:40"
931985316.456,41953215.19,10777.227,False,"2029-07-14 08:48:36 UTC","485d, 13:40:15"
931985316.456,42368810.127,10563.174,False,"2029-07-14 08:48:36 UTC","490d, 09:06:50"
931985316.456,42784405.063,11319.913,True,"2029-07-14 08:48:36 UTC","495d, 04:33:25"
931985316.456,43200000,10187.399,True,"2029-07-14 08:48:36 UTC","500d, 00:00:00"
933261630.38,10368000,18568.046,False,"2029-07-29 03:20:30 UTC","120d, 00:00:00"
933261630.38,10783594.937,16573.97,True,"2029-07-29 03:20:30 UTC","124d, 19:26:34"
933261630.38,11199189.873,15175.058,True,"2029-07-29 03:20:30 UTC","129d, 14:53:09"
933261630.38,11614784.81,14128.029,True,"2029-07-29 03:20:30 UTC","134d, 10:19:44"
933261630.38,12030379.747,13178.062,True,"2029-07-29 03:20:30 UTC","139d, 05:46:19"
933261630.38,12445974.684,12295.757,True,"2029-07-29 03:20:30 UTC","144d, 01:12:54"
933261630.38,12861569.62,11471.271,True,"2029-07-29 03:20:30 UTC","148d, 20:39:29"
933261630.38,13277164.557,10699.327,True,"2029-07-29 03:20:30 UTC","153d, 16:06:04"
933261630.38,13692759.494,9976.467,True,"2029-07-29 03:20:30 UTC","158d, 11:32:39"
933261630.38,14108354.43,9300.286,True,"2029-07-29 03:20:30 UTC","163d, 06:59:14"
933261630.38,14523949.367,8669.173,True,"2029-07-29 03:20:30 UTC","168d, 02:25:49"
933261630.38,14939544.304,8082.215,True,"2029-07-29 03:20:30 UTC","172d, 21:52:24"
933261630.38,15355139.241,7539.169,True,"2029-07-29 03:20:30 UTC","177d, 17:18:59"
933261630.38,15770734.177,7040.46,True,"2029-07-29 03:20:30 UTC","182d, 12:45:34"
933261630.38,16186329.114,6587.205,True,"2029-07-29 03:20:30 UTC","187d, 08:12:09"
933261630.38,16601924.051,6181.232,True,"2029-07-29 03:20:30 UTC","192d, 03:38:44"
933261630.38,17017518.987,5825.097,True,"2029-07-29 03:20:30 UTC","196d, 23:05:18"
933261630.38,17433113.924,5522.087,True,"2029-07-29 03:20:30 UTC","201d, 18:31:53"
933261630.38,17848708.861,5276.208,True,"2029-07-29 03:20:30 UTC","206d, 13:58:28"
933261630.38,18264303.797,5092.158,True,"2029-07-29 03:20:30 UTC","211d, 09:25:03"
933261630.38,18679898.734,4975.291,True,"2029-07-29 03:20:30 UTC","216d, 04:51:38"
933261630.38,19095493.671,4931.589,True,"2029-07-29 03:20:30 UTC","221d, 00:18:13"
933261630.38,19511088.608,4967.651,True,"2029-07-29 03:20:30 UTC","225d, 19:44:48"
933261630.38,19926683.544,5090.697,True,"2029-07-29 03:20:30 UTC","230d, 15:11:23"
933261630.38,20342278.481,5308.636,True,"2029-07-29 03:20:30 UTC","235d, 10:37:58"
933261630.38,20757873.418,5630.257,True,"2029-07-29 03:20:30 UTC","240d, 06:04:33"
933261630.38,21173468.354,6065.662,True,"2029-07-29 03:20:30 UTC","245d, 01:31:08"
933261630.38,21589063.291,6627.023,True,"2029-07-29 03:20:30 UTC","249d, 20:57:43"
933261630.38,22004658.228,7329.665,True,"2029-07-29 03:20:30 UTC","254d, 16:24:18"
933261630.38,22420253.165,8193.465,True,"2029-07-29 03:20:30 UTC","259d, 11:50:53"
933261630.38,22835848.101,9244.413,True,"2029-07-29 03:20:30 UTC","264d, 07:17:28"
933261630.38,23251443.038,10516.082,True,"2029-07-29 03:20:30 UTC","269d, 02:44:03"
933261630.38,23667037.975,12050.22,True,"2029-07-29 03:20:30 UTC","273d, 22:10:37"
933261630.38,24082632.911,13894.669,True,"2029-07-29 03:20:30 UTC","278d, 17:37:12"
933261630.38,24498227.848,16094.821,True,"2029-07-29 03:20:30 UTC","283d, 13:03:47"
933261630.38,24913822.785,18672.557,True,"2029-07-29 03:20:30 UTC","288d, 08:30:22"
933261630.38,25329417.722,21588.649,True,"2029-07-29 03:20:30 UTC","293d, 03:56:57"
933261630.38,25745012.658,24701.694,True,"2029-07-29 03:20:30 UTC","297d, 23:23:32"
933261630.38,26160607.595,28690.743,False,"2029-07-29 03:20:30 UTC","302d, 18:50:07"
933261630.38,26576202.532,28074.573,False,"2029-07-29 03:20:30 UTC","307d, 14:16:42"
933261630.38,26991797.468,27458.551,False,"2029-07-29 03:20:30 UTC","312d, 09:43:17"
933261630.38,27407392.405,26843.468,False,"2029-07-29 03:20:30 UTC","317d, 05:09:52"
933261630.38,27822987.342,26230.103,False,"2029-07-29 03:20:30 UTC","322d, 00:36:27"
933261630.38,28238582.278,25619.218,False,"2029-07-29 03:20:30 UTC","326d, 20:03:02"
933261630.38,28654177.215,25011.557,False,"2029-07-29 03:20:30 UTC","331d, 15:29:37"
933261630.38,29069772.152,24407.845,False,"2029-07-29 03:20:30 UTC","336d, 10:56:12"
933261630.38,29485367.089,23808.789,False,"2029-07-29 03:20:30 UTC","341d, 06:22:47"
933261630.38,29900962.025,23215.07,False,"2029-07-29 03:20:30 UTC","346d, 01:49:22"
933261630.38,30316556.962,22627.349,False,"2029-07-29 03:20:30 UTC","350d, 21:15:56"
933261630.38,30732151.899,22046.262,False,"2029-07-29 03:20:30 UTC","355d, 16:42:31"
933261630.38,31147746.835,21472.42,False,"2029-07-29 03:20:30 UTC","360d, 12:09:06"
933261630.38,31563341.772,20906.41,False,"2029-07-29 03:20:30 UTC","365d, 07:35:41"
933261630.38,31978936.709,20348.79,False,"2029-07-29 03:20:30 UTC","370d, 03:02:16"
933261630.38,32394531.646,19800.091,False,"2029-07-29 03:20:30 UTC","374d, 22:28:51"
933261630.38,32810126.582,19260.819,False,"2029-07-29 03:20:30 UTC","379d, 17:55:26"
933261630.38,33225721.519,18731.45,False,"2029-07-29 03:20:30 UTC","384d, 13:22:01"
933261630.38,33641316.456,18212.431,False,"2029-07-29 03:20:30 UTC","389d, 08:48:36"
933261630.38,34056911.392,17704.183,False,"2029-07-29 03:20:30 UTC","394d, 04:15:11"
933261630.38,34472506.329,17207.096,False,"2029-07-29 03:20:30 UTC","398d, 23:41:46"
933261630.38,34888101.266,16721.532,False,"2029-07-29 03:20:30 UTC","403d, 19:08:21"
933261630.38,35303696.203,16247.824,False,"2029-07-29 03:20:30 UTC","408d, 14:34:56"
933261630.38,35719291.139,15786.278,False,"2029-07-29 03:20:30 UTC","413d, 10:01:31"
933261630.38,36134886.076,15337.17,False,"2029-07-29 03:20:30 UTC","418d, 05:28:06"
933261630.38,36550481.013,14900.748,False,"2029-07-29 03:20:30 UTC","423d, 00:54:41"
933261630.38,36966075.949,14477.234,False,"2029-07-29 03:20:30 UTC","427d, 20:21:15"
933261630.38,37381670.886,14066.821,False,"2029-07-29 03:20:30 UTC","432d, 15:47:50"
933261630.38,37797265.823,13669.673,False,"2029-07-29 03:20:30 UTC","437d, 11:14:25"
933261630.38,38212860.759,13285.929,False,"2029-07-29 03:20:30 UTC","442d, 06:41:00"
933261630.38,38628455.696,12915.7,False,"2029-07-29 03:20:30 UTC","447d, 02:07:35"
933261630.38,39044050.633,12559.072,False,"2029-07-29 03:20:30 UTC","451d, 21:34:10"
933261630.38,39459645.57,12216.115,False,"2029-07-29 03:20:30 UTC","456d, 17:00:45"
933261630.38,39875240.506,11886.921,False,"2029-07-29 03:20:30 UTC","461d, 12:27:20"
933261630.38,40290835.443,11571.74,False,"2029-07-29 03:20:30 UTC","466d, 07:53:55"
933261630.38,40706430.38,11271.628,False,"2029-07-29 03:20:30 UTC","471d, 03:20:30"
933261630.38,41122025.316,10992.25,False,"2029-07-29 03:20:30 UTC","475d, 22:47:05"
933261630.38,41537620.253,10783.61,False,"2029-07-29 03:20:30 UTC","480d, 18:13:40"
933261630.38,41953215.19,13762.014,False,"2029-07-29 03:20:30 UTC","485d, 13:40:15"
933261630.38,42368810.127,10867.961,True,"2029-07-29 03:20:30 UTC","490d, 09:06:50"
933261630.38,42784405.063,10195.472,True,"2029-07-29 03:20:30 UTC","495d, 04:33:25"
933261630.38,43200000,9903.038,True,"2029-07-29 03:20:30 UTC","500d, 00:00:00"
934537944.304,10368000,17779.096,True,"2029-08-12 21:52:24 UTC","120d, 00:00:00"
934537944.304,10783594.937,16388.25,True,"2029-08-12 21:52:24 UTC","124d, 19:26:34"
934537944.304,11199189.873,15241.607,True,"2029-08-12 21:52:24 UTC","129d, 14:53:09"
934537944.304,11614784.81,14199.959,True,"2029-08-12 21:52:24 UTC","134d, 10:19:44"
934537944.304,12030379.747,13235.736,True,"2029-08-12 21:52:24 UTC","139d, 05:46:19"
934537944.304,12445974.684,12337.749,True,"2029-08-12 21:52:24 UTC","144d, 01:12:54"
934537944.304,12861569.62,11499.493,True,"2029-08-12 21:52:24 UTC","148d, 20:39:29"
934537944.304,13277164.557,10716.508,True,"2029-08-12 21:52:24 UTC","153d, 16:06:04"
934537944.304,13692759.494,9985.562,True,"2029-08-12 21:52:24 UTC","158d, 11:32:39"
934537944.304,14108354.43,9304.344,True,"2029-08-12 21:52:24 UTC","163d, 06:59:14"
934537944.304,14523949.367,8671.336,True,"2029-08-12 21:52:24 UTC","168d, 02:25:49"
934537944.304,14939544.304,8085.761,True,"2029-08-12 21:52:24 UTC","172d, 21:52:24"
934537944.304,15355139.241,7547.582,True,"2029-08-12 21:52:24 UTC","177d, 17:18:59"
934537944.304,15770734.177,7057.508,True,"2029-08-12 21:52:24 UTC","182d, 12:45:34"
934537944.304,16186329.114,6617.027,True,"2029-08-12 21:52:24 UTC","187d, 08:12:09"
934537944.304,16601924.051,6228.423,True,"2029-08-12 21:52:24 UTC","192d, 03:38:44"
934537944.304,17017518.987,5894.805,True,"2029-08-12 21:52:24 UTC","196d, 23:05:18"
934537944.304,17433113.924,5620.111,True,"2029-08-12 21:52:24 UTC","201d, 18:31:53"
934537944.304,17848708.861,5409.098,True,"2029-08-12 21:52:24 UTC","206d, 13:58:28"
934537944.304,18264303.797,5267.328,True,"2029-08-12 21:52:24 UTC","211d, 09:25:03"
934537944.304,18679898.734,5201.14,True,"2029-08-12 21:52:24 UTC","216d, 04:51:38"
934537944.304,19095493.671,5217.628,True,"2029-08-12 21:52:24 UTC","221d, 00:18:13"
934537944.304,19511088.608,5324.645,True,"2029-08-12 21:52:24 UTC","225d, 19:44:48"
934537944.304,19926683.544,5530.87,True,"2029-08-12 21:52:24 UTC","230d, 15:11:23"
934537944.304,20342278.481,5846.043,True,"2029-08-12 21:52:24 UTC","235d, 10:37:58"
934537944.304,20757873.418,6281.454,True,"2029-08-12 21:52:24 UTC","240d, 06:04:33"
934537944.304,21173468.354,6850.799,True,"2029-08-12 21:52:24 UTC","245d, 01:31:08"
934537944.304,21589063.291,7571.43,True,"2029-08-12 21:52:24 UTC","249d, 20:57:43"
934537944.304,22004658.228,8465.961,True,"2029-08-12 21:52:24 UTC","254d, 16:24:18"
934537944.304,22420253.165,9564.111,True,"2029-08-12 21:52:24 UTC","259d, 11:50:53"
934537944.304,22835848.101,10904.389,True,"2029-08-12 21:52:24 UTC","264d, 07:17:28"
934537944.304,23251443.038,12534.623,True,"2029-08-12 21:52:24 UTC","269d, 02:44:03"
934537944.304,23667037.975,14508.78,True,"2029-08-12 21:52:24 UTC","273d, 22:10:37"
934537944.304,24082632.911,16874.891,True,"2029-08-12 21:52:24 UTC","278d, 17:37:12"
934537944.304,24498227.848,19646.246,True,"2029-08-12 21:52:24 UTC","283d, 13:03:47"
934537944.304,24913822.785,22753.372,True,"2029-08-12 21:52:24 UTC","288d, 08:30:22"
934537944.304,25329417.722,26002.546,True,"2029-08-12 21:52:24 UTC","293d, 03:56:57"
934537944.304,25745012.658,28768.977,False,"2029-08-12 21:52:24 UTC","297d, 23:23:32"
934537944.304,26160607.595,28143.468,False,"2029-08-12 21:52:24 UTC","302d, 18:50:07"
934537944.304,26576202.532,27518.454,False,"2029-08-12 21:52:24 UTC","307d, 14:16:42"
934537944.304,26991797.468,26894.711,False,"2029-08-12 21:52:24 UTC","312d, 09:43:17"
934537944.304,27407392.405,26273.003,False,"2029-08-12 21:52:24 UTC","317d, 05:09:52"
934537944.304,27822987.342,25654.079,False,"2029-08-12 21:52:24 UTC","322d, 00:36:27"
934537944.304,28238582.278,25038.671,False,"2029-08-12 21:52:24 UTC","326d, 20:03:02"
934537944.304,28654177.215,24427.495,False,"2029-08-12 21:52:24 UTC","331d, 15:29:37"
934537944.304,29069772.152,23821.245,False,"2029-08-12 21:52:24 UTC","336d, 10:56:12"
934537944.304,29485367.089,23220.596,False,"2029-08-12 21:52:24 UTC","341d, 06:22:47"
934537944.304,29900962.025,22626.202,False,"2029-08-12 21:52:24 UTC","346d, 01:49:22"
934537944.304,30316556.962,22038.692,False,"2029-08-12 21:52:24 UTC","350d, 21:15:56"
934537944.304,30732151.899,21458.672,False,"2029-08-12 21:52:24 UTC","355d, 16:42:31"
934537944.304,31147746.835,20886.724,False,"2029-08-12 21:52:24 UTC","360d, 12:09:06"
934537944.304,31563341.772,20323.402,False,"2029-08-12 21:52:24 UTC","365d, 07:35:41"
934537944.304,31978936.709,19769.235,False,"2029-08-12 21:52:24 UTC","370d, 03:02:16"
934537944.304,32394531.646,19224.725,False,"2029-08-12 21:52:24 UTC","374d, 22:28:51"
934537944.304,32810126.582,18690.346,False,"2029-08-12 21:52:24 UTC","379d, 17:55:26"
934537944.304,33225721.519,18166.542,False,"2029-08-12 21:52:24 UTC","384d, 13:22:01"
934537944.304,33641316.456,17653.731,False,"2029-08-12 21:52:24 UTC","389d, 08:48:36"
934537944.304,34056911.392,17152.303,False,"2029-08-12 21:52:24 UTC","394d, 04:15:11"
934537944.304,34472506.329,16662.616,False,"2029-08-12 21:52:24 UTC","398d, 23:41:46"
934537944.304,34888101.266,16185.001,False,"2029-08-12 21:52:24 UTC","403d, 19:08:21"
934537944.304,35303696.203,15719.762,False,"2029-08-12 21:52:24 UTC","408d, 14:34:56"
934537944.304,35719291.139,15267.172,False,"2029-08-12 21:52:24 UTC","413d, 10:01:31"
934537944.304,36134886.076,14827.479,False,"2029-08-12 21:52:24 UTC","418d, 05:28:06"
934537944.304,36550481.013,14400.904,False,"2029-08-12 21:52:24 UTC","423d, 00:54:41"
934537944.304,36966075.949,13987.641,False,"2029-08-12 21:52:24 UTC","427d, 20:21:15"
934537944.304,37381670.886,13587.866,False,"2029-08-12 21:52:24 UTC","432d, 15:47:50"
934537944.304,37797265.823,13201.739,False,"2029-08-12 21:52:24 UTC","437d, 11:14:25"
934537944.304,38212860.759,12829.418,False,"2029-08-12 21:52:24 UTC","442d, 06:41:00"
934537944.304,38628455.696,12471.096,False,"2029-08-12 21:52:24 UTC","447d, 02:07:35"
934537944.304,39044050.633,12127.093,False,"2029-08-12 21:52:24 UTC","451d, 21:34:10"
934537944.304,39459645.57,11798.116,False,"2029-08-12 21:52:24 UTC","456d, 17:00:45"
934537944.304,39875240.506,11486.193,False,"2029-08-12 21:52:24 UTC","461d, 12:27:20"
934537944.304,40290835.443,11198.698,False,"2029-08-12 21:52:24 UTC","466d, 07:53:55"
934537944.304,40706430.38,10974.364,False,"2029-08-12 21:52:24 UTC","471d, 03:20:30"
934537944.304,41122025.316,11276.721,False,"2029-08-12 21:52:24 UTC","475d, 22:47:05"
934537944.304,41537620.253,17377.681,True,"2029-08-12 21:52:24 UTC","480d, 18:13:40"
934537944.304,41953215.19,10717.713,True,"2029-08-12 21:52:24 UTC","485d, 13:40:15"
934537944.304,42368810.127,10150.547,True,"2029-08-12 21:52:24 UTC","490d, 09:06:50"
934537944.304,42784405.063,9845.863,True,"2029-08-12 21:52:24 UTC","495d, 04:33:25"
934537944.304,43200000,9608.898,True,"2029-08-12 21:52:24 UTC","500d, 00:00:00"
935814258.228,10368000,17720.138,True,"2029-08-27 16:24:18 UTC","120d, 00:00:00"
935814258.228,10783594.937,16468.687,True,"2029-08-27 16:24:18 UTC","124d, 19:26:34"
935814258.228,11199189.873,15329.701,True,"2029-08-27 16:24:18 UTC","129d, 14:53:09"
935814258.228,11614784.81,14277.76,True,"2029-08-27 16:24:18 UTC","134d, 10:19:44"
935814258.228,12030379.747,13300.758,True,"2029-08-27 16:24:18 UTC","139d, 05:46:19"
935814258.228,12445974.684,12391.06,True,"2029-08-27 16:24:18 UTC","144d, 01:12:54"
935814258.228,12861569.62,11543.184,True,"2029-08-27 16:24:18 UTC","148d, 20:39:29"
935814258.228,13277164.557,10753.007,True,"2029-08-27 16:24:18 UTC","153d, 16:06:04"
935814258.228,13692759.494,10017.435,True,"2029-08-27 16:24:18 UTC","158d, 11:32:39"
935814258.228,14108354.43,9334.259,True,"2029-08-27 16:24:18 UTC","163d, 06:59:14"
935814258.228,14523949.367,8702.087,True,"2029-08-27 16:24:18 UTC","168d, 02:25:49"
935814258.228,14939544.304,8120.33,True,"2029-08-27 16:24:18 UTC","172d, 21:52:24"
935814258.228,15355139.241,7589.205,True,"2029-08-27 16:24:18 UTC","177d, 17:18:59"
935814258.228,15770734.177,7109.768,True,"2029-08-27 16:24:18 UTC","182d, 12:45:34"
935814258.228,16186329.114,6683.942,True,"2029-08-27 16:24:18 UTC","187d, 08:12:09"
935814258.228,16601924.051,6314.563,True,"2029-08-27 16:24:18 UTC","192d, 03:38:44"
935814258.228,17017518.987,6005.405,True,"2029-08-27 16:24:18 UTC","196d, 23:05:18"
935814258.228,17433113.924,5761.201,True,"2029-08-27 16:24:18 UTC","201d, 18:31:53"
935814258.228,17848708.861,5587.647,True,"2029-08-27 16:24:18 UTC","206d, 13:58:28"
935814258.228,18264303.797,5491.395,True,"2029-08-27 16:24:18 UTC","211d, 09:25:03"
935814258.228,18679898.734,5480.035,True,"2029-08-27 16:24:18 UTC","216d, 04:51:38"
935814258.228,19095493.671,5562.1,True,"2029-08-27 16:24:18 UTC","221d, 00:18:13"
935814258.228,19511088.608,5747.148,True,"2029-08-27 16:24:18 UTC","225d, 19:44:48"
935814258.228,19926683.544,6046.006,True,"2029-08-27 16:24:18 UTC","230d, 15:11:23"
935814258.228,20342278.481,6471.313,True,"2029-08-27 16:24:18 UTC","235d, 10:37:58"
935814258.228,20757873.418,7038.457,True,"2029-08-27 16:24:18 UTC","240d, 06:04:33"
935814258.228,21173468.354,7766.985,True,"2029-08-27 16:24:18 UTC","245d, 01:31:08"
935814258.228,21589063.291,8682.451,True,"2029-08-27 16:24:18 UTC","249d, 20:57:43"
935814258.228,22004658.228,9818.582,True,"2029-08-27 16:24:18 UTC","254d, 16:24:18"
935814258.228,22420253.165,11219.267,True,"2029-08-27 16:24:18 UTC","259d, 11:50:53"
935814258.228,22835848.101,12939.042,True,"2029-08-27 16:24:18 UTC","264d, 07:17:28"
935814258.228,23251443.038,15038.67,True,"2029-08-27 16:24:18 UTC","269d, 02:44:03"
935814258.228,23667037.975,17568.782,True,"2029-08-27 16:24:18 UTC","273d, 22:10:37"
935814258.228,24082632.911,20531.726,True,"2029-08-27 16:24:18 UTC","278d, 17:37:12"
935814258.228,24498227.848,23822.227,True,"2029-08-27 16:24:18 UTC","283d, 13:03:47"
935814258.228,24913822.785,27190.23,True,"2029-08-27 16:24:18 UTC","288d, 08:30:22"
935814258.228,25329417.722,28846.163,False,"2029-08-27 16:24:18 UTC","293d, 03:56:57"
935814258.228,25745012.658,28210.318,False,"2029-08-27 16:24:18 UTC","297d, 23:23:32"
935814258.228,26160607.595,27575.289,False,"2029-08-27 16:24:18 UTC","302d, 18:50:07"
935814258.228,26576202.532,26941.84,False,"2029-08-27 16:24:18 UTC","307d, 14:16:42"
935814258.228,26991797.468,26310.721,False,"2029-08-27 16:24:18 UTC","312d, 09:43:17"
935814258.228,27407392.405,25682.672,False,"2029-08-27 16:24:18 UTC","317d, 05:09:52"
935814258.228,27822987.342,25058.416,False,"2029-08-27 16:24:18 UTC","322d, 00:36:27"
935814258.228,28238582.278,24438.662,False,"2029-08-27 16:24:18 UTC","326d, 20:03:02"
935814258.228,28654177.215,23824.098,False,"2029-08-27 16:24:18 UTC","331d, 15:29:37"
935814258.228,29069772.152,23215.395,False,"2029-08-27 16:24:18 UTC","336d, 10:56:12"
935814258.228,29485367.089,22613.201,False,"2029-08-27 16:24:18 UTC","341d, 06:22:47"
935814258.228,29900962.025,22018.145,False,"2029-08-27 16:24:18 UTC","346d, 01:49:22"
935814258.228,30316556.962,21430.83,False,"2029-08-27 16:24:18 UTC","350d, 21:15:56"
935814258.228,30732151.899,20851.836,False,"2029-08-27 16:24:18 UTC","355d, 16:42:31"
935814258.228,31147746.835,20281.718,False,"2029-08-27 16:24:18 UTC","360d, 12:09:06"
935814258.228,31563341.772,19721.006,False,"2029-08-27 16:24:18 UTC","365d, 07:35:41"
935814258.228,31978936.709,19170.2,False,"2029-08-27 16:24:18 UTC","370d, 03:02:16"
935814258.228,32394531.646,18629.776,False,"2029-08-27 16:24:18 UTC","374d, 22:28:51"
935814258.228,32810126.582,18100.18,False,"2029-08-27 16:24:18 UTC","379d, 17:55:26"
935814258.228,33225721.519,17581.831,False,"2029-08-27 16:24:18 UTC","384d, 13:22:01"
935814258.228,33641316.456,17075.119,False,"2029-08-27 16:24:18 UTC","389d, 08:48:36"
935814258.228,34056911.392,16580.405,False,"2029-08-27 16:24:18 UTC","394d, 04:15:11"
935814258.228,34472506.329,16098.022,False,"2029-08-27 16:24:18 UTC","398d, 23:41:46"
935814258.228,34888101.266,15628.276,False,"2029-08-27 16:24:18 UTC","403d, 19:08:21"
935814258.228,35303696.203,15171.446,False,"2029-08-27 16:24:18 UTC","408d, 14:34:56"
935814258.228,35719291.139,14727.787,False,"2029-08-27 16:24:18 UTC","413d, 10:01:31"
935814258.228,36134886.076,14297.534,False,"2029-08-27 16:24:18 UTC","418d, 05:28:06"
935814258.228,36550481.013,13880.907,False,"2029-08-27 16:24:18 UTC","423d, 00:54:41"
935814258.228,36966075.949,13478.122,False,"2029-08-27 16:24:18 UTC","427d, 20:21:15"
935814258.228,37381670.886,13089.419,False,"2029-08-27 16:24:18 UTC","432d, 15:47:50"
935814258.228,37797265.823,12715.109,False,"2029-08-27 16:24:18 UTC","437d, 11:14:25"
935814258.228,38212860.759,12355.7,False,"2029-08-27 16:24:18 UTC","442d, 06:41:00"
935814258.228,38628455.696,12012.202,False,"2029-08-27 16:24:18 UTC","447d, 02:07:35"
935814258.228,39044050.633,11687.06,False,"2029-08-27 16:24:18 UTC","451d, 21:34:10"
935814258.228,39459645.57,11387.461,False,"2029-08-27 16:24:18 UTC","456d, 17:00:45"
935814258.228,39875240.506,11141.044,False,"2029-08-27 16:24:18 UTC","461d, 12:27:20"
935814258.228,40290835.443,11119.152,False,"2029-08-27 16:24:18 UTC","466d, 07:53:55"
935814258.228,40706430.38,15016.39,False,"2029-08-27 16:24:18 UTC","471d, 03:20:30"
935814258.228,41122025.316,12776.252,True,"2029-08-27 16:24:18 UTC","475d, 22:47:05"
935814258.228,41537620.253,10572.973,True,"2029-08-27 16:24:18 UTC","480d, 18:13:40"
935814258.228,41953215.19,10054.739,True,"2029-08-27 16:24:18 UTC","485d, 13:40:15"
935814258.228,42368810.127,9743.016,True,"2029-08-27 16:24:18 UTC","490d, 09:06:50"
935814258.228,42784405.063,9498.548,True,"2029-08-27 16:24:18 UTC","495d, 04:33:25"
935814258.228,43200000,9289.811,True,"2029-08-27 16:24:18 UTC","500d, 00:00:00"
937090572.152,10368000,17830.795,True,"2029-09-11 10:56:12 UTC","120d, 00:00:00"
937090572.152,10783594.937,16586.065,True,"2029-09-11 10:56:12 UTC","124d, 19:26:34"
937090572.152,11199189.873,15438.702,True,"2029-09-11 10:56:12 UTC","129d, 14:53:09"
937090572.152,11614784.81,14375.671,True,"2029-09-11 10:56:12 UTC","134d, 10:19:44"
937090572.152,12030379.747,13388.149,True,"2029-09-11 10:56:12 UTC","139d, 05:46:19"
937090572.152,12445974.684,12469.543,True,"2029-09-11 10:56:12 UTC","144d, 01:12:54"
937090572.152,12861569.62,11614.733,True,"2029-09-11 10:56:12 UTC","148d, 20:39:29"
937090572.152,13277164.557,10819.745,True,"2029-09-11 10:56:12 UTC","153d, 16:06:04"
937090572.152,13692759.494,10081.58,True,"2029-09-11 10:56:12 UTC","158d, 11:32:39"
937090572.152,14108354.43,9398.137,True,"2029-09-11 10:56:12 UTC","163d, 06:59:14"
937090572.152,14523949.367,8768.18,True,"2029-09-11 10:56:12 UTC","168d, 02:25:49"
937090572.152,14939544.304,8191.344,True,"2029-09-11 10:56:12 UTC","172d, 21:52:24"
937090572.152,15355139.241,7668.154,True,"2029-09-11 10:56:12 UTC","177d, 17:18:59"
937090572.152,15770734.177,7200.075,True,"2029-09-11 10:56:12 UTC","182d, 12:45:34"
937090572.152,16186329.114,6789.559,True,"2029-09-11 10:56:12 UTC","187d, 08:12:09"
937090572.152,16601924.051,6440.102,True,"2029-09-11 10:56:12 UTC","192d, 03:38:44"
937090572.152,17017518.987,6156.297,True,"2029-09-11 10:56:12 UTC","196d, 23:05:18"
937090572.152,17433113.924,5943.867,True,"2029-09-11 10:56:12 UTC","201d, 18:31:53"
937090572.152,17848708.861,5809.69,True,"2029-09-11 10:56:12 UTC","206d, 13:58:28"
937090572.152,18264303.797,5761.809,True,"2029-09-11 10:56:12 UTC","211d, 09:25:03"
937090572.152,18679898.734,5809.45,True,"2029-09-11 10:56:12 UTC","216d, 04:51:38"
937090572.152,19095493.671,5963.117,True,"2029-09-11 10:56:12 UTC","221d, 00:18:13"
937090572.152,19511088.608,6234.843,True,"2029-09-11 10:56:12 UTC","225d, 19:44:48"
937090572.152,19926683.544,6638.756,True,"2029-09-11 10:56:12 UTC","230d, 15:11:23"
937090572.152,20342278.481,7192.088,True,"2029-09-11 10:56:12 UTC","235d, 10:37:58"
937090572.152,20757873.418,7916.721,True,"2029-09-11 10:56:12 UTC","240d, 06:04:33"
937090572.152,21173468.354,8841.297,True,"2029-09-11 10:56:12 UTC","245d, 01:31:08"
937090572.152,21589063.291,10003.749,True,"2029-09-11 10:56:12 UTC","249d, 20:57:43"
937090572.152,22004658.228,11453.683,True,"2029-09-11 10:56:12 UTC","254d, 16:24:18"
937090572.152,22420253.165,13252.909,True,"2029-09-11 10:56:12 UTC","259d, 11:50:53"
937090572.152,22835848.101,15469.708,True,"2029-09-11 10:56:12 UTC","264d, 07:17:28"
937090572.152,23251443.038,18157.559,True,"2029-09-11 10:56:12 UTC","269d, 02:44:03"
937090572.152,23667037.975,21306.149,True,"2029-09-11 10:56:12 UTC","273d, 22:10:37"
937090572.152,24082632.911,24770.13,True,"2029-09-11 10:56:12 UTC","278d, 17:37:12"
937090572.152,24498227.848,29559.365,False,"2029-09-11 10:56:12 UTC","283d, 13:03:47"
937090572.152,24913822.785,28911.803,False,"2029-09-11 10:56:12 UTC","288d, 08:30:22"
937090572.152,25329417.722,28264.604,False,"2029-09-11 10:56:12 UTC","293d, 03:56:57"
937090572.152,25745012.658,27618.528,False,"2029-09-11 10:56:12 UTC","297d, 23:23:32"
937090572.152,26160607.595,26974.326,False,"2029-09-11 10:56:12 UTC","302d, 18:50:07"
937090572.152,26576202.532,26332.743,False,"2029-09-11 10:56:12 UTC","307d, 14:16:42"
937090572.152,26991797.468,25694.508,False,"2029-09-11 10:56:12 UTC","312d, 09:43:17"
937090572.152,27407392.405,25060.341,False,"2029-09-11 10:56:12 UTC","317d, 05:09:52"
937090572.152,27822987.342,24430.944,False,"2029-09-11 10:56:12 UTC","322d, 00:36:27"
937090572.152,28238582.278,23807.005,False,"2029-09-11 10:56:12 UTC","326d, 20:03:02"
937090572.152,28654177.215,23189.193,False,"2029-09-11 10:56:12 UTC","331d, 15:29:37"
937090572.152,29069772.152,22578.156,False,"2029-09-11 10:56:12 UTC","336d, 10:56:12"
937090572.152,29485367.089,21974.523,False,"2029-09-11 10:56:12 UTC","341d, 06:22:47"
937090572.152,29900962.025,21378.9,False,"2029-09-11 10:56:12 UTC","346d, 01:49:22"
937090572.152,30316556.962,20791.869,False,"2029-09-11 10:56:12 UTC","350d, 21:15:56"
937090572.152,30732151.899,20213.988,False,"2029-09-11 10:56:12 UTC","355d, 16:42:31"
937090572.152,31147746.835,19645.79,False,"2029-09-11 10:56:12 UTC","360d, 12:09:06"
937090572.152,31563341.772,19087.78,False,"2029-09-11 10:56:12 UTC","365d, 07:35:41"
937090572.152,31978936.709,18540.438,False,"2029-09-11 10:56:12 UTC","370d, 03:02:16"
937090572.152,32394531.646,18004.214,False,"2029-09-11 10:56:12 UTC","374d, 22:28:51"
937090572.152,32810126.582,17479.532,False,"2029-09-11 10:56:12 UTC","379d, 17:55:26"
937090572.152,33225721.519,16966.787,False,"2029-09-11 10:56:12 UTC","384d, 13:22:01"
937090572.152,33641316.456,16466.346,False,"2029-09-11 10:56:12 UTC","389d, 08:48:36"
937090572.152,34056911.392,15978.551,False,"2029-09-11 10:56:12 UTC","394d, 04:15:11"
937090572.152,34472506.329,15503.716,False,"2029-09-11 10:56:12 UTC","398d, 23:41:46"
937090572.152,34888101.266,15042.134,False,"2029-09-11 10:56:12 UTC","403d, 19:08:21"
937090572.152,35303696.203,14594.083,False,"2029-09-11 10:56:12 UTC","408d, 14:34:56"
937090572.152,35719291.139,14159.828,False,"2029-09-11 10:56:12 UTC","413d, 10:01:31"
937090572.152,36134886.076,13739.644,False,"2029-09-11 10:56:12 UTC","418d, 05:28:06"
937090572.152,36550481.013,13333.841,False,"2029-09-11 10:56:12 UTC","423d, 00:54:41"
937090572.152,36966075.949,12942.823,False,"2029-09-11 10:56:12 UTC","427d, 20:21:15"
937090572.152,37381670.886,12567.217,False,"2029-09-11 10:56:12 UTC","432d, 15:47:50"
937090572.152,37797265.823,12208.173,False,"2029-09-11 10:56:12 UTC","437d, 11:14:25"
937090572.152,38212860.759,11868.153,False,"2029-09-11 10:56:12 UTC","442d, 06:41:00"
937090572.152,38628455.696,11553.367,False,"2029-09-11 10:56:12 UTC","447d, 02:07:35"
937090572.152,39044050.633,11283.01,False,"2029-09-11 10:56:12 UTC","451d, 21:34:10"
937090572.152,39459645.57,11138.462,False,"2029-09-11 10:56:12 UTC","456d, 17:00:45"
937090572.152,39875240.506,11756.502,False,"2029-09-11 10:56:12 UTC","461d, 12:27:20"
937090572.152,40290835.443,33692.752,True,"2029-09-11 10:56:12 UTC","466d, 07:53:55"
937090572.152,40706430.38,11784.99,True,"2029-09-11 10:56:12 UTC","471d, 03:20:30"
937090572.152,41122025.316,10396.411,True,"2029-09-11 10:56:12 UTC","475d, 22:47:05"
937090572.152,41537620.253,9906.408,True,"2029-09-11 10:56:12 UTC","480d, 18:13:40"
937090572.152,41953215.19,9590.193,True,"2029-09-11 10:56:12 UTC","485d, 13:40:15"
937090572.152,42368810.127,9339.772,True,"2029-09-11 10:56:12 UTC","490d, 09:06:50"
937090572.152,42784405.063,9126.172,True,"2029-09-11 10:56:12 UTC","495d, 04:33:25"
937090572.152,43200000,8938.967,True,"2029-09-11 10:56:12 UTC","500d, 00:00:00"
938366886.076,10368000,17989.21,True,"2029-09-26 05:28:06 UTC","120d, 00:00:00"
938366886.076,10783594.937,16736.56,True,"2029-09-26 05:28:06 UTC","124d, 19:26:34"
938366886.076,11199189.873,15578.718,True,"2029-09-26 05:28:06 UTC","129d, 14:53:09"
938366886.076,11614784.81,14505.507,True,"2029-09-26 05:28:06 UTC","134d, 10:19:44"
938366886.076,12030379.747,13509.065,True,"2029-09-26 05:28:06 UTC","139d, 05:46:19"
938366886.076,12445974.684,12583.14,True,"2029-09-26 05:28:06 UTC","144d, 01:12:54"
938366886.076,12861569.62,11722.749,True,"2029-09-26 05:28:06 UTC","148d, 20:39:29"
938366886.076,13277164.557,10923.993,True,"2029-09-26 05:28:06 UTC","153d, 16:06:04"
938366886.076,13692759.494,10183.954,True,"2029-09-26 05:28:06 UTC","158d, 11:32:39"
938366886.076,14108354.43,9500.656,True,"2029-09-26 05:28:06 UTC","163d, 06:59:14"
938366886.076,14523949.367,8873.048,True,"2029-09-26 05:28:06 UTC","168d, 02:25:49"
938366886.076,14939544.304,8301.03,True,"2029-09-26 05:28:06 UTC","172d, 21:52:24"
938366886.076,15355139.241,7785.5,True,"2029-09-26 05:28:06 UTC","177d, 17:18:59"
938366886.076,15770734.177,7328.41,True,"2029-09-26 05:28:06 UTC","182d, 12:45:34"
938366886.076,16186329.114,6932.853,True,"2029-09-26 05:28:06 UTC","187d, 08:12:09"
938366886.076,16601924.051,6603.14,True,"2029-09-26 05:28:06 UTC","192d, 03:38:44"
938366886.076,17017518.987,6344.877,True,"2029-09-26 05:28:06 UTC","196d, 23:05:18"
938366886.076,17433113.924,6165.039,True,"2029-09-26 05:28:06 UTC","201d, 18:31:53"
938366886.076,17848708.861,6072.017,True,"2029-09-26 05:28:06 UTC","206d, 13:58:28"
938366886.076,18264303.797,6075.683,True,"2029-09-26 05:28:06 UTC","211d, 09:25:03"
938366886.076,18679898.734,6187.494,True,"2029-09-26 05:28:06 UTC","216d, 04:51:38"
938366886.076,19095493.671,6420.76,True,"2029-09-26 05:28:06 UTC","221d, 00:18:13"
938366886.076,19511088.608,6791.215,True,"2029-09-26 05:28:06 UTC","225d, 19:44:48"
938366886.076,19926683.544,7318.057,True,"2029-09-26 05:28:06 UTC","230d, 15:11:23"
938366886.076,20342278.481,8025.615,True,"2029-09-26 05:28:06 UTC","235d, 10:37:58"
938366886.076,20757873.418,8945.709,True,"2029-09-26 05:28:06 UTC","240d, 06:04:33"
938366886.076,21173468.354,10120.569,True,"2029-09-26 05:28:06 UTC","245d, 01:31:08"
938366886.076,21589063.291,11605.703,True,"2029-09-26 05:28:06 UTC","249d, 20:57:43"
938366886.076,22004658.228,13470.604,True,"2029-09-26 05:28:06 UTC","254d, 16:24:18"
938366886.076,22420253.165,15791.755,True,"2029-09-26 05:28:06 UTC","259d, 11:50:53"
938366886.076,22835848.101,18626.071,True,"2029-09-26 05:28:06 UTC","264d, 07:17:28"
938366886.076,23251443.038,21949.854,True,"2029-09-26 05:28:06 UTC","269d, 02:44:03"
938366886.076,23667037.975,25575.331,True,"2029-09-26 05:28:06 UTC","273d, 22:10:37"
938366886.076,24082632.911,29614.614,False,"2029-09-26 05:28:06 UTC","278d, 17:37:12"
938366886.076,24498227.848,28954.382,False,"2029-09-26 05:28:06 UTC","283d, 13:03:47"
938366886.076,24913822.785,28294.829,False,"2029-09-26 05:28:06 UTC","288d, 08:30:22"
938366886.076,25329417.722,27636.704,False,"2029-09-26 05:28:06 UTC","293d, 03:56:57"
938366886.076,25745012.658,26980.75,False,"2029-09-26 05:28:06 UTC","297d, 23:23:32"
938366886.076,26160607.595,26327.703,False,"2029-09-26 05:28:06 UTC","302d, 18:50:07"
938366886.076,26576202.532,25678.292,False,"2029-09-26 05:28:06 UTC","307d, 14:16:42"
938366886.076,26991797.468,25033.231,False,"2029-09-26 05:28:06 UTC","312d, 09:43:17"
938366886.076,27407392.405,24393.223,False,"2029-09-26 05:28:06 UTC","317d, 05:09:52"
938366886.076,27822987.342,23758.955,False,"2029-09-26 05:28:06 UTC","322d, 00:36:27"
938366886.076,28238582.278,23131.1,False,"2029-09-26 05:28:06 UTC","326d, 20:03:02"
938366886.076,28654177.215,22510.309,False,"2029-09-26 05:28:06 UTC","331d, 15:29:37"
938366886.076,29069772.152,21897.214,False,"2029-09-26 05:28:06 UTC","336d, 10:56:12"
938366886.076,29485367.089,21292.427,False,"2029-09-26 05:28:06 UTC","341d, 06:22:47"
938366886.076,29900962.025,20696.536,False,"2029-09-26 05:28:06 UTC","346d, 01:49:22"
938366886.076,30316556.962,20110.106,False,"2029-09-26 05:28:06 UTC","350d, 21:15:56"
938366886.076,30732151.899,19533.675,False,"2029-09-26 05:28:06 UTC","355d, 16:42:31"
938366886.076,31147746.835,18967.757,False,"2029-09-26 05:28:06 UTC","360d, 12:09:06"
938366886.076,31563341.772,18412.837,False,"2029-09-26 05:28:06 UTC","365d, 07:35:41"
938366886.076,31978936.709,17869.376,False,"2029-09-26 05:28:06 UTC","370d, 03:02:16"
938366886.076,32394531.646,17337.803,False,"2029-09-26 05:28:06 UTC","374d, 22:28:51"
938366886.076,32810126.582,16818.524,False,"2029-09-26 05:28:06 UTC","379d, 17:55:26"
938366886.076,33225721.519,16311.917,False,"2029-09-26 05:28:06 UTC","384d, 13:22:01"
938366886.076,33641316.456,15818.336,False,"2029-09-26 05:28:06 UTC","389d, 08:48:36"
938366886.076,34056911.392,15338.113,False,"2029-09-26 05:28:06 UTC","394d, 04:15:11"
938366886.076,34472506.329,14871.568,False,"2029-09-26 05:28:06 UTC","398d, 23:41:46"
938366886.076,34888101.266,14419.011,False,"2029-09-26 05:28:06 UTC","403d, 19:08:21"
938366886.076,35303696.203,13980.767,False,"2029-09-26 05:28:06 UTC","408d, 14:34:56"
938366886.076,35719291.139,13557.201,False,"2029-09-26 05:28:06 UTC","413d, 10:01:31"
938366886.076,36134886.076,13148.781,False,"2029-09-26 05:28:06 UTC","418d, 05:28:06"
938366886.076,36550481.013,12756.19,False,"2029-09-26 05:28:06 UTC","423d, 00:54:41"
938366886.076,36966075.949,12380.592,False,"2029-09-26 05:28:06 UTC","427d, 20:21:15"
938366886.076,37381670.886,12024.246,False,"2029-09-26 05:28:06 UTC","432d, 15:47:50"
938366886.076,37797265.823,11692.194,False,"2029-09-26 05:28:06 UTC","437d, 11:14:25"
938366886.076,38212860.759,11397.654,False,"2029-09-26 05:28:06 UTC","442d, 06:41:00"
938366886.076,38628455.696,11184.04,False,"2029-09-26 05:28:06 UTC","447d, 02:07:35"
938366886.076,39044050.633,11257.844,False,"2029-09-26 05:28:06 UTC","451d, 21:34:10"
938366886.076,39459645.57,13724.184,False,"2029-09-26 05:28:06 UTC","456d, 17:00:45"
938366886.076,39875240.506,19407.432,True,"2029-09-26 05:28:06 UTC","461d, 12:27:20"
938366886.076,40290835.443,11253.497,True,"2029-09-26 05:28:06 UTC","466d, 07:53:55"
938366886.076,40706430.38,10174.336,True,"2029-09-26 05:28:06 UTC","471d, 03:20:30"
938366886.076,41122025.316,9702.966,True,"2029-09-26 05:28:06 UTC","475d, 22:47:05"
938366886.076,41537620.253,9383.988,True,"2029-09-26 05:28:06 UTC","480d, 18:13:40"
938366886.076,41953215.19,9129.045,True,"2029-09-26 05:28:06 UTC","485d, 13:40:15"
938366886.076,42368810.127,8911.451,True,"2029-09-26 05:28:06 UTC","490d, 09:06:50"
938366886.076,42784405.063,8720.938,True,"2029-09-26 05:28:06 UTC","495d, 04:33:25"
938366886.076,43200000,8552.96,True,"2029-09-26 05:28:06 UTC","500d, 00:00:00"
939643200,10368000,18190.232,True,"2029-10-11 00:00:00 UTC","120d, 00:00:00"
939643200,10783594.937,16926.721,True,"2029-10-11 00:00:00 UTC","124d, 19:26:34"
939643200,11199189.873,15758.204,True,"2029-10-11 00:00:00 UTC","129d, 14:53:09"
939643200,11614784.81,14675.337,True,"2029-10-11 00:00:00 UTC","134d, 10:19:44"
939643200,12030379.747,13670.556,True,"2029-10-11 00:00:00 UTC","139d, 05:46:19"
939643200,12445974.684,12737.714,True,"2029-10-11 00:00:00 UTC","144d, 01:12:54"
939643200,12861569.62,11871.878,True,"2029-10-11 00:00:00 UTC","148d, 20:39:29"
939643200,13277164.557,11069.2,True,"2029-10-11 00:00:00 UTC","153d, 16:06:04"
939643200,13692759.494,10326.853,True,"2029-10-11 00:00:00 UTC","158d, 11:32:39"
939643200,14108354.43,9643.005,True,"2029-10-11 00:00:00 UTC","163d, 06:59:14"
939643200,14523949.367,9016.83,True,"2029-10-11 00:00:00 UTC","168d, 02:25:49"
939643200,14939544.304,8448.55,True,"2029-10-11 00:00:00 UTC","172d, 21:52:24"
939643200,15355139.241,7939.505,True,"2029-10-11 00:00:00 UTC","177d, 17:18:59"
939643200,15770734.177,7492.249,True,"2029-10-11 00:00:00 UTC","182d, 12:45:34"
939643200,16186329.114,7110.659,True,"2029-10-11 00:00:00 UTC","187d, 08:12:09"
939643200,16601924.051,6800.06,True,"2029-10-11 00:00:00 UTC","192d, 03:38:44"
939643200,17017518.987,6567.346,True,"2029-10-11 00:00:00 UTC","196d, 23:05:18"
939643200,17433113.924,6421.098,True,"2029-10-11 00:00:00 UTC","201d, 18:31:53"
939643200,17848708.861,6371.698,True,"2029-10-11 00:00:00 UTC","206d, 13:58:28"
939643200,18264303.797,6431.491,True,"2029-10-11 00:00:00 UTC","211d, 09:25:03"
939643200,18679898.734,6615.062,True,"2029-10-11 00:00:00 UTC","216d, 04:51:38"
939643200,19095493.671,6939.81,True,"2029-10-11 00:00:00 UTC","221d, 00:18:13"
939643200,19511088.608,7426.993,True,"2029-10-11 00:00:00 UTC","225d, 19:44:48"
939643200,19926683.544,8103.472,True,"2029-10-11 00:00:00 UTC","230d, 15:11:23"
939643200,20342278.481,9004.277,True,"2029-10-11 00:00:00 UTC","235d, 10:37:58"
939643200,20757873.418,10175.922,True,"2029-10-11 00:00:00 UTC","240d, 06:04:33"
939643200,21173468.354,11679.801,True,"2029-10-11 00:00:00 UTC","245d, 01:31:08"
939643200,21589063.291,13593.238,True,"2029-10-11 00:00:00 UTC","249d, 20:57:43"
939643200,22004658.228,16001.418,True,"2029-10-11 00:00:00 UTC","254d, 16:24:18"
939643200,22420253.165,18965.513,True,"2029-10-11 00:00:00 UTC","259d, 11:50:53"
939643200,22835848.101,22448.919,True,"2029-10-11 00:00:00 UTC","264d, 07:17:28"
939643200,23251443.038,26221.45,True,"2029-10-11 00:00:00 UTC","269d, 02:44:03"
939643200,23667037.975,29635.549,False,"2029-10-11 00:00:00 UTC","273d, 22:10:37"
939643200,24082632.911,28961.693,False,"2029-10-11 00:00:00 UTC","278d, 17:37:12"
939643200,24498227.848,28288.844,False,"2029-10-11 00:00:00 UTC","283d, 13:03:47"
939643200,24913822.785,27617.74,False,"2029-10-11 00:00:00 UTC","288d, 08:30:22"
939643200,25329417.722,26949.119,False,"2029-10-11 00:00:00 UTC","293d, 03:56:57"
939643200,25745012.658,26283.714,False,"2029-10-11 00:00:00 UTC","297d, 23:23:32"
939643200,26160607.595,25622.251,False,"2029-10-11 00:00:00 UTC","302d, 18:50:07"
939643200,26576202.532,24965.444,False,"2029-10-11 00:00:00 UTC","307d, 14:16:42"
939643200,26991797.468,24314.001,False,"2029-10-11 00:00:00 UTC","312d, 09:43:17"
939643200,27407392.405,23668.611,False,"2029-10-11 00:00:00 UTC","317d, 05:09:52"
939643200,27822987.342,23029.951,False,"2029-10-11 00:00:00 UTC","322d, 00:36:27"
939643200,28238582.278,22398.68,False,"2029-10-11 00:00:00 UTC","326d, 20:03:02"
939643200,28654177.215,21775.438,False,"2029-10-11 00:00:00 UTC","331d, 15:29:37"
939643200,29069772.152,21160.844,False,"2029-10-11 00:00:00 UTC","336d, 10:56:12"
939643200,29485367.089,20555.496,False,"2029-10-11 00:00:00 UTC","341d, 06:22:47"
939643200,29900962.025,19959.966,False,"2029-10-11 00:00:00 UTC","346d, 01:49:22"
939643200,30316556.962,19374.804,False,"2029-10-11 00:00:00 UTC","350d, 21:15:56"
939643200,30732151.899,18800.532,False,"2029-10-11 00:00:00 UTC","355d, 16:42:31"
939643200,31147746.835,18237.647,False,"2029-10-11 00:00:00 UTC","360d, 12:09:06"
939643200,31563341.772,17686.618,False,"2029-10-11 00:00:00 UTC","365d, 07:35:41"
939643200,31978936.709,17147.889,False,"2029-10-11 00:00:00 UTC","370d, 03:02:16"
939643200,32394531.646,16621.877,False,"2029-10-11 00:00:00 UTC","374d, 22:28:51"
939643200,32810126.582,16108.974,False,"2029-10-11 00:00:00 UTC","379d, 17:55:26"
939643200,33225721.519,15609.554,False,"2029-10-11 00:00:00 UTC","384d, 13:22:01"
939643200,33641316.456,15123.976,False,"2029-10-11 00:00:00 UTC","389d, 08:48:36"
939643200,34056911.392,14652.592,False,"2029-10-11 00:00:00 UTC","394d, 04:15:11"
939643200,34472506.329,14195.768,False,"2029-10-11 00:00:00 UTC","398d, 23:41:46"
939643200,34888101.266,13753.911,False,"2029-10-11 00:00:00 UTC","403d, 19:08:21"
939643200,35303696.203,13327.52,False,"2029-10-11 00:00:00 UTC","408d, 14:34:56"
939643200,35719291.139,12917.292,False,"2029-10-11 00:00:00 UTC","413d, 10:01:31"
939643200,36134886.076,12524.326,False,"2029-10-11 00:00:00 UTC","418d, 05:28:06"
939643200,36550481.013,12150.582,False,"2029-10-11 00:00:00 UTC","423d, 00:54:41"
939643200,36966075.949,11800.012,False,"2029-10-11 00:00:00 UTC","427d, 20:21:15"
939643200,37381670.886,11481.708,False,"2029-10-11 00:00:00 UTC","432d, 15:47:50"
939643200,37797265.823,11220.456,False,"2029-10-11 00:00:00 UTC","437d, 11:14:25"
939643200,38212860.759,11102.995,False,"2029-10-11 00:00:00 UTC","442d, 06:41:00"
939643200,38628455.696,11594.811,False,"2029-10-11 00:00:00 UTC","447d, 02:07:35"
939643200,39044050.633,18760.293,False,"2029-10-11 00:00:00 UTC","451d, 21:34:10"
939643200,39459645.57,15128.814,True,"2029-10-11 00:00:00 UTC","456d, 17:00:45"
939643200,39875240.506,10819.532,True,"2029-10-11 00:00:00 UTC","461d, 12:27:20"
939643200,40290835.443,9899.472,True,"2029-10-11 00:00:00 UTC","466d, 07:53:55"
939643200,40706430.38,9442.332,True,"2029-10-11 00:00:00 UTC","471d, 03:20:30"
939643200,41122025.316,9122.335,True,"2029-10-11 00:00:00 UTC","475d, 22:47:05"
939643200,41537620.253,8864.487,True,"2029-10-11 00:00:00 UTC","480d, 18:13:40"
939643200,41953215.19,8644.107,True,"2029-10-11 00:00:00 UTC","485d, 13:40:15"
939643200,42368810.127,8451.2,True,"2029-10-11 00:00:00 UTC","490d, 09:06:50"
939643200,42784405.063,8281.182,True,"2029-10-11 00:00:00 UTC","495d, 04:33:25"
939643200,43200000,8131.832,True,"2029-10-11 00:00:00 UTC","500d, 00:00:00"
