departureTime,travelTime,totalDeltaV,longWay,departureDate,travelDuration
838814400,10368000,414493.041,False,"2026-08-01 00:00:00 UTC","120d, 00:00:00"
838814400,10809191.489,489897.246,False,"2026-08-01 00:00:00 UTC","125d, 02:33:11"
838814400,11250382.979,597848.12,False,"2026-08-01 00:00:00 UTC","130d, 05:06:22"
838814400,11691574.468,764563.619,False,"2026-08-01 00:00:00 UTC","135d, 07:39:34"
838814400,12132765.957,1052926.651,False,"2026-08-01 00:00:00 UTC","140d, 10:12:45"
838814400,12573957.447,1644654.381,False,"2026-08-01 00:00:00 UTC","145d, 12:45:57"
838814400,13015148.936,2974530.738,False,"2026-08-01 00:00:00 UTC","150d, 15:19:08"
838814400,13456340.426,2754305.639,True,"2026-08-01 00:00:00 UTC","155d, 17:52:20"
838814400,13897531.915,1536682.581,True,"2026-08-01 00:00:00 UTC","160d, 20:25:31"
838814400,14338723.404,1007704.932,True,"2026-08-01 00:00:00 UTC","165d, 22:58:43"
838814400,14779914.894,742864.574,True,"2026-08-01 00:00:00 UTC","171d, 01:31:54"
838814400,15221106.383,586890.265,True,"2026-08-01 00:00:00 UTC","176d, 04:05:06"
838814400,15662297.872,484659.214,True,"2026-08-01 00:00:00 UTC","181d, 06:38:17"
838814400,16103489.362,412631.865,True,"2026-08-01 00:00:00 UTC","186d, 09:11:29"
838814400,16544680.851,359216.002,True,"2026-08-01 00:00:00 UTC","191d, 11:44:40"
838814400,16985872.34,318072.417,True,"2026-08-01 00:00:00 UTC","196d, 14:17:52"
838814400,17427063.83,285448.382,True,"2026-08-01 00:00:00 UTC","201d, 16:51:03"
838814400,17868255.319,258980.552,True,"2026-08-01 00:00:00 UTC","206d, 19:24:15"
838814400,18309446.809,237105.297,True,"2026-08-01 00:00:00 UTC","211d, 21:57:26"
838814400,18750638.298,218745.916,True,"2026-08-01 00:00:00 UTC","217d, 00:30:38"
838814400,19191829.787,203136.314,True,"2026-08-01 00:00:00 UTC","222d, 03:03:49"
838814400,19633021.277,189716.425,True,"2026-08-01 00:00:00 UTC","227d, 05:37:01"
838814400,20074212.766,178067.409,True,"2026-08-01 00:00:00 UTC","232d, 08:10:12"
838814400,20515404.255,167869.949,True,"2026-08-01 00:00:00 UTC","237d, 10:43:24"
838814400,20956595.745,158876.531,True,"2026-08-01 00:00:00 UTC","242d, 13:16:35"
838814400,21397787.234,150892.486,True,"2026-08-01 00:00:00 UTC","247d, 15:49:47"
838814400,21838978.723,143762.713,True,"2026-08-01 00:00:00 UTC","252d, 18:22:58"
838814400,22280170.213,137362.181,True,"2026-08-01 00:00:00 UTC","257d, 20:56:10"
838814400,22721361.702,131589.03,True,"2026-08-01 00:00:00 UTC","262d, 23:29:21"
838814400,23162553.191,126199.191,True,"2026-08-01 00:00:00 UTC","268d, 02:02:33"
838814400,23603744.681,121194.004,True,"2026-08-01 00:00:00 UTC","273d, 04:35:44"
838814400,24044936.17,116607.59,True,"2026-08-01 00:00:00 UTC","278d, 07:08:56"
838814400,24486127.66,112391.99,True,"2026-08-01 00:00:00 UTC","283d, 09:42:07"
838814400,24927319.149,108506.475,True,"2026-08-01 00:00:00 UTC","288d, 12:15:19"
838814400,25368510.638,104916.251,True,"2026-08-01 00:00:00 UTC","293d, 14:48:30"
838814400,25809702.128,101591.426,True,"2026-08-01 00:00:00 UTC","298d, 17:21:42"
838814400,26250893.617,98506.196,True,"2026-08-01 00:00:00 UTC","303d, 19:54:53"
838814400,26692085.106,95638.183,True,"2026-08-01 00:00:00 UTC","308d, 22:28:05"
838814400,27133276.596,92967.891,True,"2026-08-01 00:00:00 UTC","314d, 01:01:16"
838814400,27574468.085,90478.294,True,"2026-08-01 00:00:00 UTC","319d, 03:34:28"
838814400,28015659.574,88154.458,True,"2026-08-01 00:00:00 UTC","324d, 06:07:39"
838814400,28456851.064,85983.258,True,"2026-08-01 00:00:00 UTC","329d, 08:40:51"
838814400,28898042.553,83953.128,True,"2026-08-01 00:00:00 UTC","334d, 11:14:02"
838814400,29339234.043,82053.869,True,"2026-08-01 00:00:00 UTC","339d, 13:47:14"
838814400,29780425.532,80276.468,True,"2026-08-01 00:00:00 UTC","344d, 16:20:25"
838814400,30221617.021,81935.699,True,"2026-08-01 00:00:00 UTC","349d, 18:53:37"
838814400,30662808.511,80483.656,True,"2026-08-01 00:00:00 UTC","354d, 21:26:48"
838814400,31104000,79116.38,True,"2026-08-01 00:00:00 UTC","360d, 00:00:00"
839152646.809,10368000,367198.947,False,"2026-08-04 21:57:26 UTC","120d, 00:00:00"
839152646.809,10809191.489,424948.59,False,"2026-08-04 21:57:26 UTC","125d, 02:33:11"
839152646.809,11250382.979,503744.302,False,"2026-08-04 21:57:26 UTC","130d, 05:06:22"
839152646.809,11691574.468,617364.772,False,"2026-08-04 21:57:26 UTC","135d, 07:39:34"
839152646.809,12132765.957,794667.182,False,"2026-08-04 21:57:26 UTC","140d, 10:12:45"
839152646.809,12573957.447,1106068.807,False,"2026-08-04 21:57:26 UTC","145d, 12:45:57"
839152646.809,13015148.936,1756847.274,False,"2026-08-04 21:57:26 UTC","150d, 15:19:08"
839152646.809,13456340.426,3123021.913,False,"2026-08-04 21:57:26 UTC","155d, 17:52:20"
839152646.809,13897531.915,2551606.756,True,"2026-08-04 21:57:26 UTC","160d, 20:25:31"
839152646.809,14338723.404,1452365.897,True,"2026-08-04 21:57:26 UTC","165d, 22:58:43"
839152646.809,14779914.894,970642.501,True,"2026-08-04 21:57:26 UTC","171d, 01:31:54"
839152646.809,15221106.383,723161.165,True,"2026-08-04 21:57:26 UTC","176d, 04:05:06"
839152646.809,15662297.872,574986.474,True,"2026-08-04 21:57:26 UTC","181d, 06:38:17"
839152646.809,16103489.362,476821.076,True,"2026-08-04 21:57:26 UTC","186d, 09:11:29"
839152646.809,16544680.851,407144.748,True,"2026-08-04 21:57:26 UTC","191d, 11:44:40"
839152646.809,16985872.34,355194.678,True,"2026-08-04 21:57:26 UTC","196d, 14:17:52"
839152646.809,17427063.83,315018.399,True,"2026-08-04 21:57:26 UTC","201d, 16:51:03"
839152646.809,17868255.319,283061.634,True,"2026-08-04 21:57:26 UTC","206d, 19:24:15"
839152646.809,18309446.809,257070.698,True,"2026-08-04 21:57:26 UTC","211d, 21:57:26"
839152646.809,18750638.298,235546.225,True,"2026-08-04 21:57:26 UTC","217d, 00:30:38"
839152646.809,19191829.787,217451.016,True,"2026-08-04 21:57:26 UTC","222d, 03:03:49"
839152646.809,19633021.277,202044.261,True,"2026-08-04 21:57:26 UTC","227d, 05:37:01"
839152646.809,20074212.766,188782.648,True,"2026-08-04 21:57:26 UTC","232d, 08:10:12"
839152646.809,20515404.255,177258.784,True,"2026-08-04 21:57:26 UTC","237d, 10:43:24"
839152646.809,20956595.745,167161.391,True,"2026-08-04 21:57:26 UTC","242d, 13:16:35"
839152646.809,21397787.234,158248.735,True,"2026-08-04 21:57:26 UTC","247d, 15:49:47"
839152646.809,21838978.723,150330.392,True,"2026-08-04 21:57:26 UTC","252d, 18:22:58"
839152646.809,22280170.213,143254.43,True,"2026-08-04 21:57:26 UTC","257d, 20:56:10"
839152646.809,22721361.702,136898.229,True,"2026-08-04 21:57:26 UTC","262d, 23:29:21"
839152646.809,23162553.191,131038.392,True,"2026-08-04 21:57:26 UTC","268d, 02:02:33"
839152646.809,23603744.681,125596.855,True,"2026-08-04 21:57:26 UTC","273d, 04:35:44"
839152646.809,24044936.17,120625.75,True,"2026-08-04 21:57:26 UTC","278d, 07:08:56"
839152646.809,24486127.66,116069.13,True,"2026-08-04 21:57:26 UTC","283d, 09:42:07"
839152646.809,24927319.149,111879.764,True,"2026-08-04 21:57:26 UTC","288d, 12:15:19"
839152646.809,25368510.638,108017.519,True,"2026-08-04 21:57:26 UTC","293d, 14:48:30"
839152646.809,25809702.128,104448.091,True,"2026-08-04 21:57:26 UTC","298d, 17:21:42"
839152646.809,26250893.617,101141.993,True,"2026-08-04 21:57:26 UTC","303d, 19:54:53"
839152646.809,26692085.106,98073.764,True,"2026-08-04 21:57:26 UTC","308d, 22:28:05"
839152646.809,27133276.596,95221.299,True,"2026-08-04 21:57:26 UTC","314d, 01:01:16"
839152646.809,27574468.085,92565.36,True,"2026-08-04 21:57:26 UTC","319d, 03:34:28"
839152646.809,28015659.574,90089.119,True,"2026-08-04 21:57:26 UTC","324d, 06:07:39"
839152646.809,28456851.064,87777.826,True,"2026-08-04 21:57:26 UTC","329d, 08:40:51"
839152646.809,28898042.553,85618.509,True,"2026-08-04 21:57:26 UTC","334d, 11:14:02"
839152646.809,29339234.043,83599.746,True,"2026-08-04 21:57:26 UTC","339d, 13:47:14"
839152646.809,29780425.532,81711.459,True,"2026-08-04 21:57:26 UTC","344d, 16:20:25"
839152646.809,30221617.021,83225.846,True,"2026-08-04 21:57:26 UTC","349d, 18:53:37"
839152646.809,30662808.511,81682.636,True,"2026-08-04 21:57:26 UTC","354d, 21:26:48"
839152646.809,31104000,80230.912,True,"2026-08-04 21:57:26 UTC","360d, 00:00:00"
839490893.617,10368000,329408.166,False,"2026-08-08 19:54:53 UTC","120d, 00:00:00"
839490893.617,10809191.489,374912.989,False,"2026-08-08 19:54:53 UTC","125d, 02:33:11"
839490893.617,11250382.979,434758.413,False,"2026-08-08 19:54:53 UTC","130d, 05:06:22"
839490893.617,11691574.468,516815.917,False,"2026-08-08 19:54:53 UTC","135d, 07:39:34"
839490893.617,12132765.957,635957.391,False,"2026-08-08 19:54:53 UTC","140d, 10:12:45"
839490893.617,12573957.447,823738.667,False,"2026-08-08 19:54:53 UTC","145d, 12:45:57"
839490893.617,13015148.936,1158431.414,False,"2026-08-08 19:54:53 UTC","150d, 15:19:08"
839490893.617,13456340.426,1869403.749,False,"2026-08-08 19:54:53 UTC","155d, 17:52:20"
839490893.617,13897531.915,3228228.743,False,"2026-08-08 19:54:53 UTC","160d, 20:25:31"
839490893.617,14338723.404,2385270.841,True,"2026-08-08 19:54:53 UTC","165d, 22:58:43"
839490893.617,14779914.894,1383943.4,True,"2026-08-08 19:54:53 UTC","171d, 01:31:54"
839490893.617,15221106.383,939490.965,True,"2026-08-08 19:54:53 UTC","176d, 04:05:06"
839490893.617,15662297.872,706183.321,True,"2026-08-08 19:54:53 UTC","181d, 06:38:17"
839490893.617,16103489.362,564539.799,True,"2026-08-08 19:54:53 UTC","186d, 09:11:29"
839490893.617,16544680.851,469837.693,True,"2026-08-08 19:54:53 UTC","191d, 11:44:40"
839490893.617,16985872.34,402189.306,True,"2026-08-08 19:54:53 UTC","196d, 14:17:52"
839490893.617,17427063.83,351516.263,True,"2026-08-08 19:54:53 UTC","201d, 16:51:03"
839490893.617,17868255.319,312189.974,True,"2026-08-08 19:54:53 UTC","206d, 19:24:15"
839490893.617,18309446.809,280824.149,True,"2026-08-08 19:54:53 UTC","211d, 21:57:26"
839490893.617,18750638.298,255258.671,True,"2026-08-08 19:54:53 UTC","217d, 00:30:38"
839490893.617,19191829.787,234049.337,True,"2026-08-08 19:54:53 UTC","222d, 03:03:49"
839490893.617,19633021.277,216193.031,True,"2026-08-08 19:54:53 UTC","227d, 05:37:01"
839490893.617,20074212.766,200970.858,True,"2026-08-08 19:54:53 UTC","232d, 08:10:12"
839490893.617,20515404.255,187854.1,True,"2026-08-08 19:54:53 UTC","237d, 10:43:24"
839490893.617,20956595.745,176445.389,True,"2026-08-08 19:54:53 UTC","242d, 13:16:35"
839490893.617,21397787.234,166440.533,True,"2026-08-08 19:54:53 UTC","247d, 15:49:47"
839490893.617,21838978.723,157602.924,True,"2026-08-08 19:54:53 UTC","252d, 18:22:58"
839490893.617,22280170.213,149745.922,True,"2026-08-08 19:54:53 UTC","257d, 20:56:10"
839490893.617,22721361.702,142720.444,True,"2026-08-08 19:54:53 UTC","262d, 23:29:21"
839490893.617,23162553.191,136315.174,True,"2026-08-08 19:54:53 UTC","268d, 02:02:33"
839490893.617,23603744.681,130379.092,True,"2026-08-08 19:54:53 UTC","273d, 04:35:44"
839490893.617,24044936.17,124974.503,True,"2026-08-08 19:54:53 UTC","278d, 07:08:56"
839490893.617,24486127.66,120035.672,True,"2026-08-08 19:54:53 UTC","283d, 09:42:07"
839490893.617,24927319.149,115507.469,True,"2026-08-08 19:54:53 UTC","288d, 12:15:19"
839490893.617,25368510.638,111343.322,True,"2026-08-08 19:54:53 UTC","293d, 14:48:30"
839490893.617,25809702.128,107503.638,True,"2026-08-08 19:54:53 UTC","298d, 17:21:42"
839490893.617,26250893.617,103954.554,True,"2026-08-08 19:54:53 UTC","303d, 19:54:53"
839490893.617,26692085.106,100666.956,True,"2026-08-08 19:54:53 UTC","308d, 22:28:05"
839490893.617,27133276.596,97615.676,True,"2026-08-08 19:54:53 UTC","314d, 01:01:16"
839490893.617,27574468.085,94778.886,True,"2026-08-08 19:54:53 UTC","319d, 03:34:28"
839490893.617,28015659.574,92137.558,True,"2026-08-08 19:54:53 UTC","324d, 06:07:39"
839490893.617,28456851.064,89675.057,True,"2026-08-08 19:54:53 UTC","329d, 08:40:51"
839490893.617,28898042.553,87376.793,True,"2026-08-08 19:54:53 UTC","334d, 11:14:02"
839490893.617,29339234.043,85229.944,True,"2026-08-08 19:54:53 UTC","339d, 13:47:14"
839490893.617,29780425.532,83223.213,True,"2026-08-08 19:54:53 UTC","344d, 16:20:25"
839490893.617,30221617.021,84582.17,True,"2026-08-08 19:54:53 UTC","349d, 18:53:37"
839490893.617,30662808.511,82941.41,True,"2026-08-08 19:54:53 UTC","354d, 21:26:48"
839490893.617,31104000,81399.543,True,"2026-08-08 19:54:53 UTC","360d, 00:00:00"
839829140.426,10368000,298545.192,False,"2026-08-12 17:52:20 UTC","120d, 00:00:00"
839829140.426,10809191.489,335218.958,False,"2026-08-12 17:52:20 UTC","125d, 02:33:11"
839829140.426,11250382.979,382072.459,False,"2026-08-12 17:52:20 UTC","130d, 05:06:22"
839829140.426,11691574.468,443904.544,False,"2026-08-12 17:52:20 UTC","135d, 07:39:34"
839829140.426,12132765.957,529085.781,False,"2026-08-12 17:52:20 UTC","140d, 10:12:45"
839829140.426,12573957.447,653583.018,False,"2026-08-12 17:52:20 UTC","145d, 12:45:57"
839829140.426,13015148.936,851704.251,False,"2026-08-12 17:52:20 UTC","150d, 15:19:08"
839829140.426,13456340.426,1209905.008,False,"2026-08-12 17:52:20 UTC","155d, 17:52:20"
839829140.426,13897531.915,1982225.711,False,"2026-08-12 17:52:20 UTC","160d, 20:25:31"
839829140.426,14338723.404,3294412.325,False,"2026-08-12 17:52:20 UTC","165d, 22:58:43"
839829140.426,14779914.894,2249152.374,True,"2026-08-12 17:52:20 UTC","171d, 01:31:54"
839829140.426,15221106.383,1327524.954,True,"2026-08-12 17:52:20 UTC","176d, 04:05:06"
839829140.426,15662297.872,912944.038,True,"2026-08-12 17:52:20 UTC","181d, 06:38:17"
839829140.426,16103489.362,691364.665,True,"2026-08-12 17:52:20 UTC","186d, 09:11:29"
839829140.426,16544680.851,555250.308,True,"2026-08-12 17:52:20 UTC","191d, 11:44:40"
839829140.426,16985872.34,463527.481,True,"2026-08-12 17:52:20 UTC","196d, 14:17:52"
839829140.426,17427063.83,397645.036,True,"2026-08-12 17:52:20 UTC","201d, 16:51:03"
839829140.426,17868255.319,348095.421,True,"2026-08-12 17:52:20 UTC","206d, 19:24:15"
839829140.426,18309446.809,309523.781,True,"2026-08-12 17:52:20 UTC","211d, 21:57:26"
839829140.426,18750638.298,278687.184,True,"2026-08-12 17:52:20 UTC","217d, 00:30:38"
839829140.426,19191829.787,253505.929,True,"2026-08-12 17:52:20 UTC","222d, 03:03:49"
839829140.426,19633021.277,232583.484,True,"2026-08-12 17:52:20 UTC","227d, 05:37:01"
839829140.426,20074212.766,214946.325,True,"2026-08-12 17:52:20 UTC","232d, 08:10:12"
839829140.426,20515404.255,199894.678,True,"2026-08-12 17:52:20 UTC","237d, 10:43:24"
839829140.426,20956595.745,186912.63,True,"2026-08-12 17:52:20 UTC","242d, 13:16:35"
839829140.426,21397787.234,175611.674,True,"2026-08-12 17:52:20 UTC","247d, 15:49:47"
839829140.426,21838978.723,165693.917,True,"2026-08-12 17:52:20 UTC","252d, 18:22:58"
839829140.426,22280170.213,156927.346,True,"2026-08-12 17:52:20 UTC","257d, 20:56:10"
839829140.426,22721361.702,149128.743,True,"2026-08-12 17:52:20 UTC","262d, 23:29:21"
839829140.426,23162553.191,142088.903,True,"2026-08-12 17:52:20 UTC","268d, 02:02:33"
839829140.426,23603744.681,135589.347,True,"2026-08-12 17:52:20 UTC","273d, 04:35:44"
839829140.426,24044936.17,129693.933,True,"2026-08-12 17:52:20 UTC","278d, 07:08:56"
839829140.426,24486127.66,124324.841,True,"2026-08-12 17:52:20 UTC","283d, 09:42:07"
839829140.426,24927319.149,119417.259,True,"2026-08-12 17:52:20 UTC","288d, 12:15:19"
839829140.426,25368510.638,114916.799,True,"2026-08-12 17:52:20 UTC","293d, 14:48:30"
839829140.426,25809702.128,110777.491,True,"2026-08-12 17:52:20 UTC","298d, 17:21:42"
839829140.426,26250893.617,106960.233,True,"2026-08-12 17:52:20 UTC","303d, 19:54:53"
839829140.426,26692085.106,103431.564,True,"2026-08-12 17:52:20 UTC","308d, 22:28:05"
839829140.426,27133276.596,100162.708,True,"2026-08-12 17:52:20 UTC","314d, 01:01:16"
839829140.426,27574468.085,97128.779,True,"2026-08-12 17:52:20 UTC","319d, 03:34:28"
839829140.426,28015659.574,94308.182,True,"2026-08-12 17:52:20 UTC","324d, 06:07:39"
839829140.426,28456851.064,91682.092,True,"2026-08-12 17:52:20 UTC","329d, 08:40:51"
839829140.426,28898042.553,89234.047,True,"2026-08-12 17:52:20 UTC","334d, 11:14:02"
839829140.426,29339234.043,86949.614,True,"2026-08-12 17:52:20 UTC","339d, 13:47:14"
839829140.426,29780425.532,84816.096,True,"2026-08-12 17:52:20 UTC","344d, 16:20:25"
839829140.426,30221617.021,82822.319,True,"2026-08-12 17:52:20 UTC","349d, 18:53:37"
839829140.426,30662808.511,84263.21,True,"2026-08-12 17:52:20 UTC","354d, 21:26:48"
839829140.426,31104000,82625.008,True,"2026-08-12 17:52:20 UTC","360d, 00:00:00"
840167387.234,10368000,272888.433,False,"2026-08-16 15:49:47 UTC","120d, 00:00:00"
840167387.234,10809191.489,302991.062,False,"2026-08-16 15:49:47 UTC","125d, 02:33:11"
840167387.234,11250382.979,340560.165,False,"2026-08-16 15:49:47 UTC","130d, 05:06:22"
840167387.234,11691574.468,388677.169,False,"2026-08-16 15:49:47 UTC","135d, 07:39:34"
840167387.234,12132765.957,452387.223,False,"2026-08-16 15:49:47 UTC","140d, 10:12:45"
840167387.234,12573957.447,540553.383,False,"2026-08-16 15:49:47 UTC","145d, 12:45:57"
840167387.234,13015148.936,670238.446,False,"2026-08-16 15:49:47 UTC","150d, 15:19:08"
840167387.234,13456340.426,878559.817,False,"2026-08-16 15:49:47 UTC","155d, 17:52:20"
840167387.234,13897531.915,1260537.08,False,"2026-08-16 15:49:47 UTC","160d, 20:25:31"
840167387.234,14338723.404,2095760.973,False,"2026-08-16 15:49:47 UTC","165d, 22:58:43"
840167387.234,14779914.894,3329762.912,False,"2026-08-16 15:49:47 UTC","171d, 01:31:54"
840167387.234,15221106.383,2137058.464,True,"2026-08-16 15:49:47 UTC","176d, 04:05:06"
840167387.234,15662297.872,1280219.198,True,"2026-08-16 15:49:47 UTC","181d, 06:38:17"
840167387.234,16103489.362,889971.983,True,"2026-08-16 15:49:47 UTC","186d, 09:11:29"
840167387.234,16544680.851,678233.564,True,"2026-08-16 15:49:47 UTC","191d, 11:44:40"
840167387.234,16985872.34,546858.125,True,"2026-08-16 15:49:47 UTC","196d, 14:17:52"
840167387.234,17427063.83,457728.468,True,"2026-08-16 15:49:47 UTC","201d, 16:51:03"
840167387.234,17868255.319,393402.135,True,"2026-08-16 15:49:47 UTC","206d, 19:24:15"
840167387.234,18309446.809,344853.182,True,"2026-08-16 15:49:47 UTC","211d, 21:57:26"
840167387.234,18750638.298,306960.543,True,"2026-08-16 15:49:47 UTC","217d, 00:30:38"
840167387.234,19191829.787,276604.798,True,"2026-08-16 15:49:47 UTC","222d, 03:03:49"
840167387.234,19633021.277,251775.971,True,"2026-08-16 15:49:47 UTC","227d, 05:37:01"
840167387.234,20074212.766,231119.072,True,"2026-08-16 15:49:47 UTC","232d, 08:10:12"
840167387.234,20515404.255,213686.493,True,"2026-08-16 15:49:47 UTC","237d, 10:43:24"
840167387.234,20956595.745,198795.298,True,"2026-08-16 15:49:47 UTC","242d, 13:16:35"
840167387.234,21397787.234,185940.93,True,"2026-08-16 15:49:47 UTC","247d, 15:49:47"
840167387.234,21838978.723,174742.8,True,"2026-08-16 15:49:47 UTC","252d, 18:22:58"
840167387.234,22280170.213,164908.699,True,"2026-08-16 15:49:47 UTC","257d, 20:56:10"
840167387.234,22721361.702,156210.795,True,"2026-08-16 15:49:47 UTC","262d, 23:29:21"
840167387.234,23162553.191,148430.15,True,"2026-08-16 15:49:47 UTC","268d, 02:02:33"
840167387.234,23603744.681,141284.9,True,"2026-08-16 15:49:47 UTC","273d, 04:35:44"
840167387.234,24044936.17,134830.863,True,"2026-08-16 15:49:47 UTC","278d, 07:08:56"
840167387.234,24486127.66,128975.14,True,"2026-08-16 15:49:47 UTC","283d, 09:42:07"
840167387.234,24927319.149,123640.971,True,"2026-08-16 15:49:47 UTC","288d, 12:15:19"
840167387.234,25368510.638,118764.399,True,"2026-08-16 15:49:47 UTC","293d, 14:48:30"
840167387.234,25809702.128,114291.716,True,"2026-08-16 15:49:47 UTC","298d, 17:21:42"
840167387.234,26250893.617,110177.506,True,"2026-08-16 15:49:47 UTC","303d, 19:54:53"
840167387.234,26692085.106,106383.116,True,"2026-08-16 15:49:47 UTC","308d, 22:28:05"
840167387.234,27133276.596,102875.463,True,"2026-08-16 15:49:47 UTC","314d, 01:01:16"
840167387.234,27574468.085,99626.07,True,"2026-08-16 15:49:47 UTC","319d, 03:34:28"
840167387.234,28015659.574,96610.319,True,"2026-08-16 15:49:47 UTC","324d, 06:07:39"
840167387.234,28456851.064,93806.83,True,"2026-08-16 15:49:47 UTC","329d, 08:40:51"
840167387.234,28898042.553,91196.964,True,"2026-08-16 15:49:47 UTC","334d, 11:14:02"
840167387.234,29339234.043,88764.425,True,"2026-08-16 15:49:47 UTC","339d, 13:47:14"
840167387.234,29780425.532,86494.911,True,"2026-08-16 15:49:47 UTC","344d, 16:20:25"
840167387.234,30221617.021,84375.857,True,"2026-08-16 15:49:47 UTC","349d, 18:53:37"
840167387.234,30662808.511,85651.541,True,"2026-08-16 15:49:47 UTC","354d, 21:26:48"
840167387.234,31104000,83910.267,True,"2026-08-16 15:49:47 UTC","360d, 00:00:00"
840505634.043,10368000,251242.864,False,"2026-08-20 13:47:14 UTC","120d, 00:00:00"
840505634.043,10809191.489,276329.827,False,"2026-08-20 13:47:14 UTC","125d, 02:33:11"
840505634.043,11250382.979,307041.3,False,"2026-08-20 13:47:14 UTC","130d, 05:06:22"
840505634.043,11691574.468,345441.156,False,"2026-08-20 13:47:14 UTC","135d, 07:39:34"
840505634.043,12132765.957,394740.396,False,"2026-08-20 13:47:14 UTC","140d, 10:12:45"
840505634.043,12573957.447,460224.884,False,"2026-08-20 13:47:14 UTC","145d, 12:45:57"
840505634.043,13015148.936,551244.428,False,"2026-08-20 13:47:14 UTC","150d, 15:19:08"
840505634.043,13456340.426,685961.793,False,"2026-08-20 13:47:14 UTC","155d, 17:52:20"
840505634.043,13897531.915,904375.959,False,"2026-08-20 13:47:14 UTC","160d, 20:25:31"
840505634.043,14338723.404,1310551.153,False,"2026-08-20 13:47:14 UTC","165d, 22:58:43"
840505634.043,14779914.894,2211112.86,False,"2026-08-20 13:47:14 UTC","171d, 01:31:54"
840505634.043,15221106.383,3339583.098,True,"2026-08-20 13:47:14 UTC","176d, 04:05:06"
840505634.043,15662297.872,2043618.794,True,"2026-08-20 13:47:14 UTC","181d, 06:38:17"
840505634.043,16103489.362,1239818.204,True,"2026-08-20 13:47:14 UTC","186d, 09:11:29"
840505634.043,16544680.851,869740.085,True,"2026-08-20 13:47:14 UTC","191d, 11:44:40"
840505634.043,16985872.34,666388.282,True,"2026-08-20 13:47:14 UTC","196d, 14:17:52"
840505634.043,17427063.83,539133.91,True,"2026-08-20 13:47:14 UTC","201d, 16:51:03"
840505634.043,17868255.319,452294.06,True,"2026-08-20 13:47:14 UTC","206d, 19:24:15"
840505634.043,18309446.809,389359.435,True,"2026-08-20 13:47:14 UTC","211d, 21:57:26"
840505634.043,18750638.298,341715.896,True,"2026-08-20 13:47:14 UTC","217d, 00:30:38"
840505634.043,19191829.787,304444.539,True,"2026-08-20 13:47:14 UTC","222d, 03:03:49"
840505634.043,19633021.277,274533.597,True,"2026-08-20 13:47:14 UTC","227d, 05:37:01"
840505634.043,20074212.766,250034.225,True,"2026-08-20 13:47:14 UTC","232d, 08:10:12"
840505634.043,20515404.255,229628.038,True,"2026-08-20 13:47:14 UTC","237d, 10:43:24"
840505634.043,20956595.745,212390.383,True,"2026-08-20 13:47:14 UTC","242d, 13:16:35"
840505634.043,21397787.234,197653.343,True,"2026-08-20 13:47:14 UTC","247d, 15:49:47"
840505634.043,21838978.723,184922.579,True,"2026-08-20 13:47:14 UTC","252d, 18:22:58"
840505634.043,22280170.213,173824.697,True,"2026-08-20 13:47:14 UTC","257d, 20:56:10"
840505634.043,22721361.702,164072.708,True,"2026-08-20 13:47:14 UTC","262d, 23:29:21"
840505634.043,23162553.191,155423.413,True,"2026-08-20 13:47:14 UTC","268d, 02:02:33"
840505634.043,23603744.681,147533.677,True,"2026-08-20 13:47:14 UTC","273d, 04:35:44"
840505634.043,24044936.17,140440.309,True,"2026-08-20 13:47:14 UTC","278d, 07:08:56"
840505634.043,24486127.66,134031.437,True,"2026-08-20 13:47:14 UTC","283d, 09:42:07"
840505634.043,24927319.149,128215.415,True,"2026-08-20 13:47:14 UTC","288d, 12:15:19"
840505634.043,25368510.638,122916.484,True,"2026-08-20 13:47:14 UTC","293d, 14:48:30"
840505634.043,25809702.128,118071.474,True,"2026-08-20 13:47:14 UTC","298d, 17:21:42"
840505634.043,26250893.617,113627.312,True,"2026-08-20 13:47:14 UTC","303d, 19:54:53"
840505634.043,26692085.106,109539.096,True,"2026-08-20 13:47:14 UTC","308d, 22:28:05"
840505634.043,27133276.596,105768.598,True,"2026-08-20 13:47:14 UTC","314d, 01:01:16"
840505634.043,27574468.085,102283.075,True,"2026-08-20 13:47:14 UTC","319d, 03:34:28"
840505634.043,28015659.574,99054.342,True,"2026-08-20 13:47:14 UTC","324d, 06:07:39"
840505634.043,28456851.064,96058.023,True,"2026-08-20 13:47:14 UTC","329d, 08:40:51"
840505634.043,28898042.553,93272.938,True,"2026-08-20 13:47:14 UTC","334d, 11:14:02"
840505634.043,29339234.043,90680.631,True,"2026-08-20 13:47:14 UTC","339d, 13:47:14"
840505634.043,29780425.532,88264.945,True,"2026-08-20 13:47:14 UTC","344d, 16:20:25"
840505634.043,30221617.021,86011.719,True,"2026-08-20 13:47:14 UTC","349d, 18:53:37"
840505634.043,30662808.511,87110.199,True,"2026-08-20 13:47:14 UTC","354d, 21:26:48"
840505634.043,31104000,85258.522,True,"2026-08-20 13:47:14 UTC","360d, 00:00:00"
840843880.851,10368000,232752.657,False,"2026-08-24 11:44:40 UTC","120d, 00:00:00"
840843880.851,10809191.489,253929.48,False,"2026-08-24 11:44:40 UTC","125d, 02:33:11"
840843880.851,11250382.979,279438.261,False,"2026-08-24 11:44:40 UTC","130d, 05:06:22"
840843880.851,11691574.468,310710.256,False,"2026-08-24 11:44:40 UTC","135d, 07:39:34"
840843880.851,12132765.957,349881.296,False,"2026-08-24 11:44:40 UTC","140d, 10:12:45"
840843880.851,12573957.447,400288.393,False,"2026-08-24 11:44:40 UTC","145d, 12:45:57"
840843880.851,13015148.936,467453.68,False,"2026-08-24 11:44:40 UTC","150d, 15:19:08"
840843880.851,13456340.426,561210.523,False,"2026-08-24 11:44:40 UTC","155d, 17:52:20"
840843880.851,13897531.915,700832.807,False,"2026-08-24 11:44:40 UTC","160d, 20:25:31"
840843880.851,14338723.404,929300.748,False,"2026-08-24 11:44:40 UTC","165d, 22:58:43"
840843880.851,14779914.894,1360361.873,False,"2026-08-24 11:44:40 UTC","171d, 01:31:54"
840843880.851,15221106.383,2330108.412,False,"2026-08-24 11:44:40 UTC","176d, 04:05:06"
840843880.851,15662297.872,3335674.464,True,"2026-08-24 11:44:40 UTC","181d, 06:38:17"
840843880.851,16103489.362,1964379.849,True,"2026-08-24 11:44:40 UTC","186d, 09:11:29"
840843880.851,16544680.851,1204586.723,True,"2026-08-24 11:44:40 UTC","191d, 11:44:40"
840843880.851,16985872.34,851554.038,True,"2026-08-24 11:44:40 UTC","196d, 14:17:52"
840843880.851,17427063.83,655479.646,True,"2026-08-24 11:44:40 UTC","201d, 16:51:03"
840843880.851,17868255.319,531872.113,True,"2026-08-24 11:44:40 UTC","206d, 19:24:15"
840843880.851,18309446.809,447090.057,True,"2026-08-24 11:44:40 UTC","211d, 21:57:26"
840843880.851,18750638.298,385423.006,True,"2026-08-24 11:44:40 UTC","217d, 00:30:38"
840843880.851,19191829.787,338614.576,True,"2026-08-24 11:44:40 UTC","222d, 03:03:49"
840843880.851,19633021.277,301923.315,True,"2026-08-24 11:44:40 UTC","227d, 05:37:01"
840843880.851,20074212.766,272432.645,True,"2026-08-24 11:44:40 UTC","232d, 08:10:12"
840843880.851,20515404.255,248248.068,True,"2026-08-24 11:44:40 UTC","237d, 10:43:24"
840843880.851,20956595.745,228083.913,True,"2026-08-24 11:44:40 UTC","242d, 13:16:35"
840843880.851,21397787.234,211036.176,True,"2026-08-24 11:44:40 UTC","247d, 15:49:47"
840843880.851,21838978.723,196450.57,True,"2026-08-24 11:44:40 UTC","252d, 18:22:58"
840843880.851,22280170.213,183842.129,True,"2026-08-24 11:44:40 UTC","257d, 20:56:10"
840843880.851,22721361.702,172844.14,True,"2026-08-24 11:44:40 UTC","262d, 23:29:21"
840843880.851,23162553.191,163170.762,True,"2026-08-24 11:44:40 UTC","268d, 02:02:33"
840843880.851,23603744.681,154416.826,True,"2026-08-24 11:44:40 UTC","273d, 04:35:44"
840843880.851,24044936.17,146587.354,True,"2026-08-24 11:44:40 UTC","278d, 07:08:56"
840843880.851,24486127.66,139546.319,True,"2026-08-24 11:44:40 UTC","283d, 09:42:07"
840843880.851,24927319.149,133183.376,True,"2026-08-24 11:44:40 UTC","288d, 12:15:19"
840843880.851,25368510.638,127408.07,True,"2026-08-24 11:44:40 UTC","293d, 14:48:30"
840843880.851,25809702.128,122145.576,True,"2026-08-24 11:44:40 UTC","298d, 17:21:42"
840843880.851,26250893.617,117333.471,True,"2026-08-24 11:44:40 UTC","303d, 19:54:53"
840843880.851,26692085.106,112919.282,True,"2026-08-24 11:44:40 UTC","308d, 22:28:05"
840843880.851,27133276.596,108858.595,True,"2026-08-24 11:44:40 UTC","314d, 01:01:16"
840843880.851,27574468.085,105113.574,True,"2026-08-24 11:44:40 UTC","319d, 03:34:28"
840843880.851,28015659.574,101651.809,True,"2026-08-24 11:44:40 UTC","324d, 06:07:39"
840843880.851,28456851.064,98445.386,True,"2026-08-24 11:44:40 UTC","329d, 08:40:51"
840843880.851,28898042.553,95470.157,True,"2026-08-24 11:44:40 UTC","334d, 11:14:02"
840843880.851,29339234.043,92705.136,True,"2026-08-24 11:44:40 UTC","339d, 13:47:14"
840843880.851,29780425.532,90132.028,True,"2026-08-24 11:44:40 UTC","344d, 16:20:25"
840843880.851,30221617.021,87734.826,True,"2026-08-24 11:44:40 UTC","349d, 18:53:37"
840843880.851,30662808.511,88643.311,True,"2026-08-24 11:44:40 UTC","354d, 21:26:48"
840843880.851,31104000,86673.241,True,"2026-08-24 11:44:40 UTC","360d, 00:00:00"
841182127.66,10368000,216788.646,False,"2026-08-28 09:42:07 UTC","120d, 00:00:00"
841182127.66,10809191.489,234862.378,False,"2026-08-28 09:42:07 UTC","125d, 02:33:11"
841182127.66,11250382.979,256335.725,False,"2026-08-28 09:42:07 UTC","130d, 05:06:22"
841182127.66,11691574.468,282230.471,False,"2026-08-28 09:42:07 UTC","135d, 07:39:34"
841182127.66,12132765.957,314019.756,False,"2026-08-28 09:42:07 UTC","140d, 10:12:45"
841182127.66,12573957.447,353909.332,False,"2026-08-28 09:42:07 UTC","145d, 12:45:57"
841182127.66,13015148.936,405359.661,False,"2026-08-28 09:42:07 UTC","150d, 15:19:08"
841182127.66,13456340.426,474126.636,False,"2026-08-28 09:42:07 UTC","155d, 17:52:20"
841182127.66,13897531.915,570528.283,False,"2026-08-28 09:42:07 UTC","160d, 20:25:31"
841182127.66,14338723.404,714972.275,False,"2026-08-28 09:42:07 UTC","165d, 22:58:43"
841182127.66,14779914.894,953561.141,False,"2026-08-28 09:42:07 UTC","171d, 01:31:54"
841182127.66,15221106.383,1410589.675,False,"2026-08-28 09:42:07 UTC","176d, 04:05:06"
841182127.66,15662297.872,2455365.062,False,"2026-08-28 09:42:07 UTC","181d, 06:38:17"
841182127.66,16103489.362,3322634.838,True,"2026-08-28 09:42:07 UTC","186d, 09:11:29"
841182127.66,16544680.851,1895673.54,True,"2026-08-28 09:42:07 UTC","191d, 11:44:40"
841182127.66,16985872.34,1173121.921,True,"2026-08-28 09:42:07 UTC","196d, 14:17:52"
841182127.66,17427063.83,834823.12,True,"2026-08-28 09:42:07 UTC","201d, 16:51:03"
841182127.66,17868255.319,645199.064,True,"2026-08-28 09:42:07 UTC","206d, 19:24:15"
841182127.66,18309446.809,524886.323,True,"2026-08-28 09:42:07 UTC","211d, 21:57:26"
841182127.66,18750638.298,441992.673,True,"2026-08-28 09:42:07 UTC","217d, 00:30:38"
841182127.66,19191829.787,381505.308,True,"2026-08-28 09:42:07 UTC","222d, 03:03:49"
841182127.66,19633021.277,335484.582,True,"2026-08-28 09:42:07 UTC","227d, 05:37:01"
841182127.66,20074212.766,299347.64,True,"2026-08-28 09:42:07 UTC","232d, 08:10:12"
841182127.66,20515404.255,270263.54,True,"2026-08-28 09:42:07 UTC","237d, 10:43:24"
841182127.66,20956595.745,246386.947,True,"2026-08-28 09:42:07 UTC","242d, 13:16:35"
841182127.66,21397787.234,226461.959,True,"2026-08-28 09:42:07 UTC","247d, 15:49:47"
841182127.66,21838978.723,209603.519,True,"2026-08-28 09:42:07 UTC","252d, 18:22:58"
841182127.66,22280170.213,195169.986,True,"2026-08-28 09:42:07 UTC","257d, 20:56:10"
841182127.66,22721361.702,182685.21,True,"2026-08-28 09:42:07 UTC","262d, 23:29:21"
841182127.66,23162553.191,171788.845,True,"2026-08-28 09:42:07 UTC","268d, 02:02:33"
841182127.66,23603744.681,162032.091,True,"2026-08-28 09:42:07 UTC","273d, 04:35:44"
841182127.66,24044936.17,153349.523,True,"2026-08-28 09:42:07 UTC","278d, 07:08:56"
841182127.66,24486127.66,145581.82,True,"2026-08-28 09:42:07 UTC","283d, 09:42:07"
841182127.66,24927319.149,138594.857,True,"2026-08-28 09:42:07 UTC","288d, 12:15:19"
841182127.66,25368510.638,132279.741,True,"2026-08-28 09:42:07 UTC","293d, 14:48:30"
841182127.66,25809702.128,126547.16,True,"2026-08-28 09:42:07 UTC","298d, 17:21:42"
841182127.66,26250893.617,121323.186,True,"2026-08-28 09:42:07 UTC","303d, 19:54:53"
841182127.66,26692085.106,116546.114,True,"2026-08-28 09:42:07 UTC","308d, 22:28:05"
841182127.66,27133276.596,112164.048,True,"2026-08-28 09:42:07 UTC","314d, 01:01:16"
841182127.66,27574468.085,108133.037,True,"2026-08-28 09:42:07 UTC","319d, 03:34:28"
841182127.66,28015659.574,104415.632,True,"2026-08-28 09:42:07 UTC","324d, 06:07:39"
841182127.66,28456851.064,100979.734,True,"2026-08-28 09:42:07 UTC","329d, 08:40:51"
841182127.66,28898042.553,97797.694,True,"2026-08-28 09:42:07 UTC","334d, 11:14:02"
841182127.66,29339234.043,94845.579,True,"2026-08-28 09:42:07 UTC","339d, 13:47:14"
841182127.66,29780425.532,92102.596,True,"2026-08-28 09:42:07 UTC","344d, 16:20:25"
841182127.66,30221617.021,89550.608,True,"2026-08-28 09:42:07 UTC","349d, 18:53:37"
841182127.66,30662808.511,90255.36,True,"2026-08-28 09:42:07 UTC","354d, 21:26:48"
841182127.66,31104000,88158.18,True,"2026-08-28 09:42:07 UTC","360d, 00:00:00"
841520374.468,10368000,202877.929,False,"2026-09-01 07:39:34 UTC","120d, 00:00:00"
841520374.468,10809191.489,218451.171,False,"2026-09-01 07:39:34 UTC","125d, 02:33:11"
841520374.468,11250382.979,236735.751,False,"2026-09-01 07:39:34 UTC","130d, 05:06:22"
841520374.468,11691574.468,258479.236,False,"2026-09-01 07:39:34 UTC","135d, 07:39:34"
841520374.468,12132765.957,284728.831,False,"2026-09-01 07:39:34 UTC","140d, 10:12:45"
841520374.468,12573957.447,316998.495,False,"2026-09-01 07:39:34 UTC","145d, 12:45:57"
841520374.468,13015148.936,357562.653,False,"2026-09-01 07:39:34 UTC","150d, 15:19:08"
841520374.468,13456340.426,410004.053,False,"2026-09-01 07:39:34 UTC","155d, 17:52:20"
841520374.468,13897531.915,480312.585,False,"2026-09-01 07:39:34 UTC","160d, 20:25:31"
841520374.468,14338723.404,579298.121,False,"2026-09-01 07:39:34 UTC","165d, 22:58:43"
841520374.468,14779914.894,728540.982,False,"2026-09-01 07:39:34 UTC","171d, 01:31:54"
841520374.468,15221106.383,977464.238,False,"2026-09-01 07:39:34 UTC","176d, 04:05:06"
841520374.468,15662297.872,1462080.034,False,"2026-09-01 07:39:34 UTC","181d, 06:38:17"
841520374.468,16103489.362,2590393.645,False,"2026-09-01 07:39:34 UTC","186d, 09:11:29"
841520374.468,16544680.851,3302835.926,True,"2026-09-01 07:39:34 UTC","191d, 11:44:40"
841520374.468,16985872.34,1834452.805,True,"2026-09-01 07:39:34 UTC","196d, 14:17:52"
841520374.468,17427063.83,1144261.243,True,"2026-09-01 07:39:34 UTC","201d, 16:51:03"
841520374.468,17868255.319,819035.637,True,"2026-09-01 07:39:34 UTC","206d, 19:24:15"
841520374.468,18309446.809,635270.534,True,"2026-09-01 07:39:34 UTC","211d, 21:57:26"
841520374.468,18750638.298,518006.279,True,"2026-09-01 07:39:34 UTC","217d, 00:30:38"
841520374.468,19191829.787,436887.402,True,"2026-09-01 07:39:34 UTC","222d, 03:03:49"
841520374.468,19633021.277,377524.843,True,"2026-09-01 07:39:34 UTC","227d, 05:37:01"
841520374.468,20074212.766,332265.631,True,"2026-09-01 07:39:34 UTC","232d, 08:10:12"
841520374.468,20515404.255,296671.662,True,"2026-09-01 07:39:34 UTC","237d, 10:43:24"
841520374.468,20956595.745,267990.632,True,"2026-09-01 07:39:34 UTC","242d, 13:16:35"
841520374.468,21397787.234,244422.604,True,"2026-09-01 07:39:34 UTC","247d, 15:49:47"
841520374.468,21838978.723,224739.371,True,"2026-09-01 07:39:34 UTC","252d, 18:22:58"
841520374.468,22280170.213,208073.695,True,"2026-09-01 07:39:34 UTC","257d, 20:56:10"
841520374.468,22721361.702,193795.995,True,"2026-09-01 07:39:34 UTC","262d, 23:29:21"
841520374.468,23162553.191,181438.653,True,"2026-09-01 07:39:34 UTC","268d, 02:02:33"
841520374.468,23603744.681,170498.269,True,"2026-09-01 07:39:34 UTC","273d, 04:35:44"
841520374.468,24044936.17,160819.933,True,"2026-09-01 07:39:34 UTC","278d, 07:08:56"
841520374.468,24486127.66,152211.624,True,"2026-09-01 07:39:34 UTC","283d, 09:42:07"
841520374.468,24927319.149,144508.673,True,"2026-09-01 07:39:34 UTC","288d, 12:15:19"
841520374.468,25368510.638,137578.797,True,"2026-09-01 07:39:34 UTC","293d, 14:48:30"
841520374.468,25809702.128,131314.527,True,"2026-09-01 07:39:34 UTC","298d, 17:21:42"
841520374.468,26250893.617,125627.664,True,"2026-09-01 07:39:34 UTC","303d, 19:54:53"
841520374.468,26692085.106,120445.16,True,"2026-09-01 07:39:34 UTC","308d, 22:28:05"
841520374.468,27133276.596,115706.011,True,"2026-09-01 07:39:34 UTC","314d, 01:01:16"
841520374.468,27574468.085,111358.882,True,"2026-09-01 07:39:34 UTC","319d, 03:34:28"
841520374.468,28015659.574,107360.282,True,"2026-09-01 07:39:34 UTC","324d, 06:07:39"
841520374.468,28456851.064,103673.134,True,"2026-09-01 07:39:34 UTC","329d, 08:40:51"
841520374.468,28898042.553,100265.65,True,"2026-09-01 07:39:34 UTC","334d, 11:14:02"
841520374.468,29339234.043,97110.434,True,"2026-09-01 07:39:34 UTC","339d, 13:47:14"
841520374.468,29780425.532,94183.775,True,"2026-09-01 07:39:34 UTC","344d, 16:20:25"
841520374.468,30221617.021,91465.064,True,"2026-09-01 07:39:34 UTC","349d, 18:53:37"
841520374.468,30662808.511,91951.222,True,"2026-09-01 07:39:34 UTC","354d, 21:26:48"
841520374.468,31104000,89717.417,True,"2026-09-01 07:39:34 UTC","360d, 00:00:00"
841858621.277,10368000,190658.246,False,"2026-09-05 05:37:01 UTC","120d, 00:00:00"
841858621.277,10809191.489,204189.686,False,"2026-09-05 05:37:01 UTC","125d, 02:33:11"
841858621.277,11250382.979,219914.244,False,"2026-09-05 05:37:01 UTC","130d, 05:06:22"
841858621.277,11691574.468,238390.458,False,"2026-09-05 05:37:01 UTC","135d, 07:39:34"
841858621.277,12132765.957,260381.932,False,"2026-09-05 05:37:01 UTC","140d, 10:12:45"
841858621.277,12573957.447,286960.805,False,"2026-09-05 05:37:01 UTC","145d, 12:45:57"
841858621.277,13015148.936,319681.381,False,"2026-09-05 05:37:01 UTC","150d, 15:19:08"
841858621.277,13456340.426,360886.496,False,"2026-09-05 05:37:01 UTC","155d, 17:52:20"
841858621.277,13897531.915,414281.813,False,"2026-09-05 05:37:01 UTC","160d, 20:25:31"
841858621.277,14338723.404,486095.007,False,"2026-09-05 05:37:01 UTC","165d, 22:58:43"
841858621.277,14779914.894,587642.945,False,"2026-09-05 05:37:01 UTC","171d, 01:31:54"
841858621.277,15221106.383,741738.769,False,"2026-09-05 05:37:01 UTC","176d, 04:05:06"
841858621.277,15662297.872,1001399.794,False,"2026-09-05 05:37:01 UTC","181d, 06:38:17"
841858621.277,16103489.362,1515933.875,False,"2026-09-05 05:37:01 UTC","186d, 09:11:29"
841858621.277,16544680.851,2739777.595,False,"2026-09-05 05:37:01 UTC","191d, 11:44:40"
841858621.277,16985872.34,3276263.606,True,"2026-09-05 05:37:01 UTC","196d, 14:17:52"
841858621.277,17427063.83,1778153.151,True,"2026-09-05 05:37:01 UTC","201d, 16:51:03"
841858621.277,17868255.319,1117023.071,True,"2026-09-05 05:37:01 UTC","206d, 19:24:15"
841858621.277,18309446.809,803743.118,True,"2026-09-05 05:37:01 UTC","211d, 21:57:26"
841858621.277,18750638.298,625445.69,True,"2026-09-05 05:37:01 UTC","217d, 00:30:38"
841858621.277,19191829.787,511076.24,True,"2026-09-05 05:37:01 UTC","222d, 03:03:49"
841858621.277,19633021.277,431668.609,True,"2026-09-05 05:37:01 UTC","227d, 05:37:01"
841858621.277,20074212.766,373406.245,True,"2026-09-05 05:37:01 UTC","232d, 08:10:12"
841858621.277,20515404.255,328902.088,True,"2026-09-05 05:37:01 UTC","237d, 10:43:24"
841858621.277,20956595.745,293853.268,True,"2026-09-05 05:37:01 UTC","242d, 13:16:35"
841858621.277,21397787.234,265581.364,True,"2026-09-05 05:37:01 UTC","247d, 15:49:47"
841858621.277,21838978.723,242329.369,True,"2026-09-05 05:37:01 UTC","252d, 18:22:58"
841858621.277,22280170.213,222895.519,True,"2026-09-05 05:37:01 UTC","257d, 20:56:10"
841858621.277,22721361.702,206429.819,True,"2026-09-05 05:37:01 UTC","262d, 23:29:21"
841858621.277,23162553.191,192314.553,True,"2026-09-05 05:37:01 UTC","268d, 02:02:33"
841858621.277,23603744.681,179961.191,True,"2026-09-05 05:37:01 UTC","273d, 04:35:44"
841858621.277,24044936.17,169111.379,True,"2026-09-05 05:37:01 UTC","278d, 07:08:56"
841858621.277,24486127.66,159523.933,True,"2026-09-05 05:37:01 UTC","283d, 09:42:07"
841858621.277,24927319.149,150994.461,True,"2026-09-05 05:37:01 UTC","288d, 12:15:19"
841858621.277,25368510.638,143360.694,True,"2026-09-05 05:37:01 UTC","293d, 14:48:30"
841858621.277,25809702.128,136492.181,True,"2026-09-05 05:37:01 UTC","298d, 17:21:42"
841858621.277,26250893.617,130282.871,True,"2026-09-05 05:37:01 UTC","303d, 19:54:53"
841858621.277,26692085.106,124645.674,True,"2026-09-05 05:37:01 UTC","308d, 22:28:05"
841858621.277,27133276.596,119508.419,True,"2026-09-05 05:37:01 UTC","314d, 01:01:16"
841858621.277,27574468.085,114810.795,True,"2026-09-05 05:37:01 UTC","319d, 03:34:28"
841858621.277,28015659.574,110502.034,True,"2026-09-05 05:37:01 UTC","324d, 06:07:39"
841858621.277,28456851.064,106539.099,True,"2026-09-05 05:37:01 UTC","329d, 08:40:51"
841858621.277,28898042.553,102885.289,True,"2026-09-05 05:37:01 UTC","334d, 11:14:02"
841858621.277,29339234.043,99509.123,True,"2026-09-05 05:37:01 UTC","339d, 13:47:14"
841858621.277,29780425.532,96383.471,True,"2026-09-05 05:37:01 UTC","344d, 16:20:25"
841858621.277,30221617.021,93484.843,True,"2026-09-05 05:37:01 UTC","349d, 18:53:37"
841858621.277,30662808.511,93736.216,True,"2026-09-05 05:37:01 UTC","354d, 21:26:48"
841858621.277,31104000,91355.378,True,"2026-09-05 05:37:01 UTC","360d, 00:00:00"
842196868.085,10368000,179847.497,False,"2026-09-09 03:34:28 UTC","120d, 00:00:00"
842196868.085,10809191.489,191692.124,False,"2026-09-09 03:34:28 UTC","125d, 02:33:11"
842196868.085,11250382.979,205332.997,False,"2026-09-09 03:34:28 UTC","130d, 05:06:22"
842196868.085,11691574.468,221195.098,False,"2026-09-09 03:34:28 UTC","135d, 07:39:34"
842196868.085,12132765.957,239847.453,False,"2026-09-09 03:34:28 UTC","140d, 10:12:45"
842196868.085,12573957.447,262069.544,False,"2026-09-09 03:34:28 UTC","145d, 12:45:57"
842196868.085,13015148.936,288958.396,False,"2026-09-09 03:34:28 UTC","150d, 15:19:08"
842196868.085,13456340.426,322108.875,False,"2026-09-09 03:34:28 UTC","155d, 17:52:20"
842196868.085,13897531.915,363933.155,False,"2026-09-09 03:34:28 UTC","160d, 20:25:31"
842196868.085,14338723.404,418262.63,False,"2026-09-09 03:34:28 UTC","165d, 22:58:43"
842196868.085,14779914.894,491570.941,False,"2026-09-09 03:34:28 UTC","171d, 01:31:54"
842196868.085,15221106.383,595707.059,False,"2026-09-09 03:34:28 UTC","176d, 04:05:06"
842196868.085,15662297.872,754804.231,False,"2026-09-09 03:34:28 UTC","181d, 06:38:17"
842196868.085,16103489.362,1025845.58,False,"2026-09-09 03:34:28 UTC","186d, 09:11:29"
842196868.085,16544680.851,1573557.804,False,"2026-09-09 03:34:28 UTC","191d, 11:44:40"
842196868.085,16985872.34,2909470.228,False,"2026-09-09 03:34:28 UTC","196d, 14:17:52"
842196868.085,17427063.83,3240908.534,True,"2026-09-09 03:34:28 UTC","201d, 16:51:03"
842196868.085,17868255.319,1724545.417,True,"2026-09-09 03:34:28 UTC","206d, 19:24:15"
842196868.085,18309446.809,1090570.285,True,"2026-09-09 03:34:28 UTC","211d, 21:57:26"
842196868.085,18750638.298,788550.978,True,"2026-09-09 03:34:28 UTC","217d, 00:30:38"
842196868.085,19191829.787,615501.246,True,"2026-09-09 03:34:28 UTC","222d, 03:03:49"
842196868.085,19633021.277,503954.488,True,"2026-09-09 03:34:28 UTC","227d, 05:37:01"
842196868.085,20074212.766,426239.761,True,"2026-09-09 03:34:28 UTC","232d, 08:10:12"
842196868.085,20515404.255,369080.777,True,"2026-09-09 03:34:28 UTC","237d, 10:43:24"
842196868.085,20956595.745,325343.53,True,"2026-09-09 03:34:28 UTC","242d, 13:16:35"
842196868.085,21397787.234,290854.608,True,"2026-09-09 03:34:28 UTC","247d, 15:49:47"
842196868.085,21838978.723,263006.72,True,"2026-09-09 03:34:28 UTC","252d, 18:22:58"
842196868.085,22280170.213,240084.519,True,"2026-09-09 03:34:28 UTC","257d, 20:56:10"
842196868.085,22721361.702,220912.217,True,"2026-09-09 03:34:28 UTC","262d, 23:29:21"
842196868.085,23162553.191,204657.042,True,"2026-09-09 03:34:28 UTC","268d, 02:02:33"
842196868.085,23603744.681,190601.862,True,"2026-09-09 03:34:28 UTC","273d, 04:35:44"
842196868.085,24044936.17,178361.83,True,"2026-09-09 03:34:28 UTC","278d, 07:08:56"
842196868.085,24486127.66,167625.218,True,"2026-09-09 03:34:28 UTC","283d, 09:42:07"
842196868.085,24927319.149,158135.29,True,"2026-09-09 03:34:28 UTC","288d, 12:15:19"
842196868.085,25368510.638,149690.877,True,"2026-09-09 03:34:28 UTC","293d, 14:48:30"
842196868.085,25809702.128,142132.139,True,"2026-09-09 03:34:28 UTC","298d, 17:21:42"
842196868.085,26250893.617,135330.481,True,"2026-09-09 03:34:28 UTC","303d, 19:54:53"
842196868.085,26692085.106,129181.289,True,"2026-09-09 03:34:28 UTC","308d, 22:28:05"
842196868.085,27133276.596,123598.597,True,"2026-09-09 03:34:28 UTC","314d, 01:01:16"
842196868.085,27574468.085,118511.118,True,"2026-09-09 03:34:28 UTC","319d, 03:34:28"
842196868.085,28015659.574,113859.256,True,"2026-09-09 03:34:28 UTC","324d, 06:07:39"
842196868.085,28456851.064,109592.813,True,"2026-09-09 03:34:28 UTC","329d, 08:40:51"
842196868.085,28898042.553,105669.221,True,"2026-09-09 03:34:28 UTC","334d, 11:14:02"
842196868.085,29339234.043,102052.162,True,"2026-09-09 03:34:28 UTC","339d, 13:47:14"
842196868.085,29780425.532,98710.483,True,"2026-09-09 03:34:28 UTC","344d, 16:20:25"
842196868.085,30221617.021,95617.326,True,"2026-09-09 03:34:28 UTC","349d, 18:53:37"
842196868.085,30662808.511,95616.143,True,"2026-09-09 03:34:28 UTC","354d, 21:26:48"
842196868.085,31104000,93076.878,True,"2026-09-09 03:34:28 UTC","360d, 00:00:00"
842535114.894,10368000,170222.82,False,"2026-09-13 01:31:54 UTC","120d, 00:00:00"
842535114.894,10809191.489,180659.384,False,"2026-09-13 01:31:54 UTC","125d, 02:33:11"
842535114.894,11250382.979,192583.706,False,"2026-09-13 01:31:54 UTC","130d, 05:06:22"
842535114.894,11691574.468,206324.377,False,"2026-09-13 01:31:54 UTC","135d, 07:39:34"
842535114.894,12132765.957,222313.485,False,"2026-09-13 01:31:54 UTC","140d, 10:12:45"
842535114.894,12573957.447,241130.573,False,"2026-09-13 01:31:54 UTC","145d, 12:45:57"
842535114.894,13015148.936,263571.166,False,"2026-09-13 01:31:54 UTC","150d, 15:19:08"
842535114.894,13456340.426,290757.611,False,"2026-09-13 01:31:54 UTC","155d, 17:52:20"
842535114.894,13897531.915,324326.363,False,"2026-09-13 01:31:54 UTC","160d, 20:25:31"
842535114.894,14338723.404,366761.254,False,"2026-09-13 01:31:54 UTC","165d, 22:58:43"
842535114.894,14779914.894,422024.809,False,"2026-09-13 01:31:54 UTC","171d, 01:31:54"
842535114.894,15221106.383,496850.099,False,"2026-09-13 01:31:54 UTC","176d, 04:05:06"
842535114.894,15662297.872,603655.522,False,"2026-09-13 01:31:54 UTC","181d, 06:38:17"
842535114.894,16103489.362,768015.694,False,"2026-09-13 01:31:54 UTC","186d, 09:11:29"
842535114.894,16544680.851,1051377.498,False,"2026-09-13 01:31:54 UTC","191d, 11:44:40"
842535114.894,16985872.34,1636746.226,False,"2026-09-13 01:31:54 UTC","196d, 14:17:52"
842535114.894,17427063.83,3107250.98,False,"2026-09-13 01:31:54 UTC","201d, 16:51:03"
842535114.894,17868255.319,3193254.089,True,"2026-09-13 01:31:54 UTC","206d, 19:24:15"
842535114.894,18309446.809,1671513.594,True,"2026-09-13 01:31:54 UTC","211d, 21:57:26"
842535114.894,18750638.298,1064190.17,True,"2026-09-13 01:31:54 UTC","217d, 00:30:38"
842535114.894,19191829.787,773114.017,True,"2026-09-13 01:31:54 UTC","222d, 03:03:49"
842535114.894,19633021.277,605238.337,True,"2026-09-13 01:31:54 UTC","227d, 05:37:01"
842535114.894,20074212.766,496513.774,True,"2026-09-13 01:31:54 UTC","232d, 08:10:12"
842535114.894,20515404.255,420514.223,True,"2026-09-13 01:31:54 UTC","237d, 10:43:24"
842535114.894,20956595.745,364487.194,True,"2026-09-13 01:31:54 UTC","242d, 13:16:35"
842535114.894,21397787.234,321545.534,True,"2026-09-13 01:31:54 UTC","247d, 15:49:47"
842535114.894,21838978.723,287642.754,True,"2026-09-13 01:31:54 UTC","252d, 18:22:58"
842535114.894,22280170.213,260241.73,True,"2026-09-13 01:31:54 UTC","257d, 20:56:10"
842535114.894,22721361.702,237668.638,True,"2026-09-13 01:31:54 UTC","262d, 23:29:21"
842535114.894,23162553.191,218773.981,True,"2026-09-13 01:31:54 UTC","268d, 02:02:33"
842535114.894,23603744.681,202647.747,True,"2026-09-13 01:31:54 UTC","273d, 04:35:44"
842535114.894,24044936.17,188741.851,True,"2026-09-13 01:31:54 UTC","278d, 07:08:56"
842535114.894,24486127.66,176645.205,True,"2026-09-13 01:31:54 UTC","283d, 09:42:07"
842535114.894,24927319.149,166031.061,True,"2026-09-13 01:31:54 UTC","288d, 12:15:19"
842535114.894,25368510.638,156647.14,True,"2026-09-13 01:31:54 UTC","293d, 14:48:30"
842535114.894,25809702.128,148295.588,True,"2026-09-13 01:31:54 UTC","298d, 17:21:42"
842535114.894,26250893.617,140819.061,True,"2026-09-13 01:31:54 UTC","303d, 19:54:53"
842535114.894,26692085.106,134090.876,True,"2026-09-13 01:31:54 UTC","308d, 22:28:05"
842535114.894,27133276.596,128007.899,True,"2026-09-13 01:31:54 UTC","314d, 01:01:16"
842535114.894,27574468.085,122485.319,True,"2026-09-13 01:31:54 UTC","319d, 03:34:28"
842535114.894,28015659.574,117452.774,True,"2026-09-13 01:31:54 UTC","324d, 06:07:39"
842535114.894,28456851.064,112851.405,True,"2026-09-13 01:31:54 UTC","329d, 08:40:51"
842535114.894,28898042.553,108631.613,True,"2026-09-13 01:31:54 UTC","334d, 11:14:02"
842535114.894,29339234.043,104751.323,True,"2026-09-13 01:31:54 UTC","339d, 13:47:14"
842535114.894,29780425.532,101174.632,True,"2026-09-13 01:31:54 UTC","344d, 16:20:25"
842535114.894,30221617.021,97870.733,True,"2026-09-13 01:31:54 UTC","349d, 18:53:37"
842535114.894,30662808.511,97597.347,True,"2026-09-13 01:31:54 UTC","354d, 21:26:48"
842535114.894,31104000,94887.161,True,"2026-09-13 01:31:54 UTC","360d, 00:00:00"
842873361.702,10368000,161605.89,False,"2026-09-16 23:29:21 UTC","120d, 00:00:00"
842873361.702,10809191.489,170856.108,False,"2026-09-16 23:29:21 UTC","125d, 02:33:11"
842873361.702,11250382.979,181351.114,False,"2026-09-16 23:29:21 UTC","130d, 05:06:22"
842873361.702,11691574.468,193348.65,False,"2026-09-16 23:29:21 UTC","135d, 07:39:34"
842873361.702,12132765.957,207182.292,False,"2026-09-16 23:29:21 UTC","140d, 10:12:45"
842873361.702,12573957.447,223291.358,False,"2026-09-16 23:29:21 UTC","145d, 12:45:57"
842873361.702,13015148.936,242266.175,False,"2026-09-16 23:29:21 UTC","150d, 15:19:08"
842873361.702,13456340.426,264918.827,False,"2026-09-16 23:29:21 UTC","155d, 17:52:20"
842873361.702,13897531.915,292397.98,False,"2026-09-16 23:29:21 UTC","160d, 20:25:31"
842873361.702,14338723.404,326383.612,False,"2026-09-16 23:29:21 UTC","165d, 22:58:43"
842873361.702,14779914.894,369435.136,False,"2026-09-16 23:29:21 UTC","171d, 01:31:54"
842873361.702,15221106.383,425654.639,False,"2026-09-16 23:29:21 UTC","176d, 04:05:06"
842873361.702,15662297.872,502054.353,False,"2026-09-16 23:29:21 UTC","181d, 06:38:17"
842873361.702,16103489.362,611674.258,False,"2026-09-16 23:29:21 UTC","186d, 09:11:29"
842873361.702,16544680.851,781694.082,False,"2026-09-16 23:29:21 UTC","191d, 11:44:40"
842873361.702,16985872.34,1078686.783,False,"2026-09-16 23:29:21 UTC","196d, 14:17:52"
842873361.702,17427063.83,1707813.536,False,"2026-09-16 23:29:21 UTC","201d, 16:51:03"
842873361.702,17868255.319,3343360.604,False,"2026-09-16 23:29:21 UTC","206d, 19:24:15"
842873361.702,18309446.809,3128926.108,True,"2026-09-16 23:29:21 UTC","211d, 21:57:26"
842873361.702,18750638.298,1617802.462,True,"2026-09-16 23:29:21 UTC","217d, 00:30:38"
842873361.702,19191829.787,1037285.915,True,"2026-09-16 23:29:21 UTC","222d, 03:03:49"
842873361.702,19633021.277,757135.503,True,"2026-09-16 23:29:21 UTC","227d, 05:37:01"
842873361.702,20074212.766,594483.35,True,"2026-09-16 23:29:21 UTC","232d, 08:10:12"
842873361.702,20515404.255,488642.58,True,"2026-09-16 23:29:21 UTC","237d, 10:43:24"
842873361.702,20956595.745,414416.561,True,"2026-09-16 23:29:21 UTC","242d, 13:16:35"
842873361.702,21397787.234,359572.917,True,"2026-09-16 23:29:21 UTC","247d, 15:49:47"
842873361.702,21838978.723,317470.653,True,"2026-09-16 23:29:21 UTC","252d, 18:22:58"
842873361.702,22280170.213,284190.435,True,"2026-09-16 23:29:21 UTC","257d, 20:56:10"
842873361.702,22721361.702,257265.984,True,"2026-09-16 23:29:21 UTC","262d, 23:29:21"
842873361.702,23162553.191,235065.957,True,"2026-09-16 23:29:21 UTC","268d, 02:02:33"
842873361.702,23603744.681,216388.695,True,"2026-09-16 23:29:21 UTC","273d, 04:35:44"
842873361.702,24044936.17,200464.845,True,"2026-09-16 23:29:21 UTC","278d, 07:08:56"
842873361.702,24486127.66,186743.593,True,"2026-09-16 23:29:21 UTC","283d, 09:42:07"
842873361.702,24927319.149,174803.004,True,"2026-09-16 23:29:21 UTC","288d, 12:15:19"
842873361.702,25368510.638,164322.688,True,"2026-09-16 23:29:21 UTC","293d, 14:48:30"
842873361.702,25809702.128,155055.011,True,"2026-09-16 23:29:21 UTC","298d, 17:21:42"
842873361.702,26250893.617,146805.569,True,"2026-09-16 23:29:21 UTC","303d, 19:54:53"
842873361.702,26692085.106,139419.624,True,"2026-09-16 23:29:21 UTC","308d, 22:28:05"
842873361.702,27133276.596,132772.49,True,"2026-09-16 23:29:21 UTC","314d, 01:01:16"
842873361.702,27574468.085,126762.579,True,"2026-09-16 23:29:21 UTC","319d, 03:34:28"
842873361.702,28015659.574,121306.309,True,"2026-09-16 23:29:21 UTC","324d, 06:07:39"
842873361.702,28456851.064,116334.289,True,"2026-09-16 23:29:21 UTC","329d, 08:40:51"
842873361.702,28898042.553,111788.448,True,"2026-09-16 23:29:21 UTC","334d, 11:14:02"
842873361.702,29339234.043,107619.835,True,"2026-09-16 23:29:21 UTC","339d, 13:47:14"
842873361.702,29780425.532,103786.915,True,"2026-09-16 23:29:21 UTC","344d, 16:20:25"
842873361.702,30221617.021,100254.24,True,"2026-09-16 23:29:21 UTC","349d, 18:53:37"
842873361.702,30662808.511,96991.396,True,"2026-09-16 23:29:21 UTC","354d, 21:26:48"
842873361.702,31104000,96791.946,True,"2026-09-16 23:29:21 UTC","360d, 00:00:00"
843211608.511,10368000,153852.386,False,"2026-09-20 21:26:48 UTC","120d, 00:00:00"
843211608.511,10809191.489,162094.648,False,"2026-09-20 21:26:48 UTC","125d, 02:33:11"
843211608.511,11250382.979,171388.058,False,"2026-09-20 21:26:48 UTC","130d, 05:06:22"
843211608.511,11691574.468,181937.432,False,"2026-09-20 21:26:48 UTC","135d, 07:39:34"
843211608.511,12132765.957,194004.131,False,"2026-09-20 21:26:48 UTC","140d, 10:12:45"
843211608.511,12573957.447,207926.892,False,"2026-09-20 21:26:48 UTC","145d, 12:45:57"
843211608.511,13015148.936,224152.572,False,"2026-09-20 21:26:48 UTC","150d, 15:19:08"
843211608.511,13456340.426,243282.8,False,"2026-09-20 21:26:48 UTC","155d, 17:52:20"
843211608.511,13897531.915,266147.129,False,"2026-09-20 21:26:48 UTC","160d, 20:25:31"
843211608.511,14338723.404,293922.151,False,"2026-09-20 21:26:48 UTC","165d, 22:58:43"
843211608.511,14779914.894,328334.339,False,"2026-09-20 21:26:48 UTC","171d, 01:31:54"
843211608.511,15221106.383,372024.437,False,"2026-09-20 21:26:48 UTC","176d, 04:05:06"
843211608.511,15662297.872,429246.036,False,"2026-09-20 21:26:48 UTC","181d, 06:38:17"
843211608.511,16103489.362,507317.706,False,"2026-09-20 21:26:48 UTC","186d, 09:11:29"
843211608.511,16544680.851,619971.193,False,"2026-09-20 21:26:48 UTC","191d, 11:44:40"
843211608.511,16985872.34,796208.496,False,"2026-09-20 21:26:48 UTC","196d, 14:17:52"
843211608.511,17427063.83,1108607.528,False,"2026-09-20 21:26:48 UTC","201d, 16:51:03"
843211608.511,17868255.319,1789806.235,False,"2026-09-20 21:26:48 UTC","206d, 19:24:15"
843211608.511,18309446.809,3631230.42,False,"2026-09-20 21:26:48 UTC","211d, 21:57:26"
843211608.511,18750638.298,3043582.6,True,"2026-09-20 21:26:48 UTC","217d, 00:30:38"
843211608.511,19191829.787,1562299.061,True,"2026-09-20 21:26:48 UTC","222d, 03:03:49"
843211608.511,19633021.277,1009375.815,True,"2026-09-20 21:26:48 UTC","227d, 05:37:01"
843211608.511,20074212.766,740368.712,True,"2026-09-20 21:26:48 UTC","232d, 08:10:12"
843211608.511,20515404.255,583089.88,True,"2026-09-20 21:26:48 UTC","237d, 10:43:24"
843211608.511,20956595.745,480247.04,True,"2026-09-20 21:26:48 UTC","242d, 13:16:35"
843211608.511,21397787.234,407884.267,True,"2026-09-20 21:26:48 UTC","247d, 15:49:47"
843211608.511,21838978.723,354295.463,True,"2026-09-20 21:26:48 UTC","252d, 18:22:58"
843211608.511,22280170.213,313089.492,True,"2026-09-20 21:26:48 UTC","257d, 20:56:10"
843211608.511,22721361.702,280476.77,True,"2026-09-20 21:26:48 UTC","262d, 23:29:21"
843211608.511,23162553.191,254064.07,True,"2026-09-20 21:26:48 UTC","268d, 02:02:33"
843211608.511,23603744.681,232199.916,True,"2026-09-20 21:26:48 UTC","273d, 04:35:44"
843211608.511,24044936.17,213801.416,True,"2026-09-20 21:26:48 UTC","278d, 07:08:56"
843211608.511,24486127.66,198119.257,True,"2026-09-20 21:26:48 UTC","283d, 09:42:07"
843211608.511,24927319.149,184599.711,True,"2026-09-20 21:26:48 UTC","288d, 12:15:19"
843211608.511,25368510.638,172830.177,True,"2026-09-20 21:26:48 UTC","293d, 14:48:30"
843211608.511,25809702.128,162496.95,True,"2026-09-20 21:26:48 UTC","298d, 17:21:42"
843211608.511,26250893.617,153357.281,True,"2026-09-20 21:26:48 UTC","303d, 19:54:53"
843211608.511,26692085.106,145220.405,True,"2026-09-20 21:26:48 UTC","308d, 22:28:05"
843211608.511,27133276.596,137934.341,True,"2026-09-20 21:26:48 UTC","314d, 01:01:16"
843211608.511,27574468.085,131376.519,True,"2026-09-20 21:26:48 UTC","319d, 03:34:28"
843211608.511,28015659.574,125447.017,True,"2026-09-20 21:26:48 UTC","324d, 06:07:39"
843211608.511,28456851.064,120063.564,True,"2026-09-20 21:26:48 UTC","329d, 08:40:51"
843211608.511,28898042.553,115157.831,True,"2026-09-20 21:26:48 UTC","334d, 11:14:02"
843211608.511,29339234.043,110672.614,True,"2026-09-20 21:26:48 UTC","339d, 13:47:14"
843211608.511,29780425.532,106559.682,True,"2026-09-20 21:26:48 UTC","344d, 16:20:25"
843211608.511,30221617.021,102778.107,True,"2026-09-20 21:26:48 UTC","349d, 18:53:37"
843211608.511,30662808.511,99292.961,True,"2026-09-20 21:26:48 UTC","354d, 21:26:48"
843211608.511,31104000,98797.481,True,"2026-09-20 21:26:48 UTC","360d, 00:00:00"
843549855.319,10368000,146844.292,False,"2026-09-24 19:24:15 UTC","120d, 00:00:00"
843549855.319,10809191.489,154223.629,False,"2026-09-24 19:24:15 UTC","125d, 02:33:11"
843549855.319,11250382.979,162498.127,False,"2026-09-24 19:24:15 UTC","130d, 05:06:22"
843549855.319,11691574.468,171832.493,False,"2026-09-24 19:24:15 UTC","135d, 07:39:34"
843549855.319,12132765.957,182434.267,False,"2026-09-24 19:24:15 UTC","140d, 10:12:45"
843549855.319,12573957.447,194568.628,False,"2026-09-24 19:24:15 UTC","145d, 12:45:57"
843549855.319,13015148.936,208579.787,False,"2026-09-24 19:24:15 UTC","150d, 15:19:08"
843549855.319,13456340.426,224922.632,False,"2026-09-24 19:24:15 UTC","155d, 17:52:20"
843549855.319,13897531.915,244210.901,False,"2026-09-24 19:24:15 UTC","160d, 20:25:31"
843549855.319,14338723.404,267292.949,False,"2026-09-24 19:24:15 UTC","165d, 22:58:43"
843549855.319,14779914.894,295375.59,False,"2026-09-24 19:24:15 UTC","171d, 01:31:54"
843549855.319,15221106.383,330235.921,False,"2026-09-24 19:24:15 UTC","176d, 04:05:06"
843549855.319,15662297.872,374603.866,False,"2026-09-24 19:24:15 UTC","181d, 06:38:17"
843549855.319,16103489.362,432900.553,False,"2026-09-24 19:24:15 UTC","186d, 09:11:29"
843549855.319,16544680.851,512786.919,False,"2026-09-24 19:24:15 UTC","191d, 11:44:40"
843549855.319,16985872.34,628778.76,False,"2026-09-24 19:24:15 UTC","196d, 14:17:52"
843549855.319,17427063.83,811985.451,False,"2026-09-24 19:24:15 UTC","201d, 16:51:03"
843549855.319,17868255.319,1142159.278,False,"2026-09-24 19:24:15 UTC","206d, 19:24:15"
843549855.319,18309446.809,1886847.361,False,"2026-09-24 19:24:15 UTC","211d, 21:57:26"
843549855.319,18750638.298,3987811.591,False,"2026-09-24 19:24:15 UTC","217d, 00:30:38"
843549855.319,19191829.787,2934019.094,True,"2026-09-24 19:24:15 UTC","222d, 03:03:49"
843549855.319,19633021.277,1504182.075,True,"2026-09-24 19:24:15 UTC","227d, 05:37:01"
843549855.319,20074212.766,980096.63,True,"2026-09-24 19:24:15 UTC","232d, 08:10:12"
843549855.319,20515404.255,722619.934,True,"2026-09-24 19:24:15 UTC","237d, 10:43:24"
843549855.319,20956595.745,570941.492,True,"2026-09-24 19:24:15 UTC","242d, 13:16:35"
843549855.319,21397787.234,471253.418,True,"2026-09-24 19:24:15 UTC","247d, 15:49:47"
843549855.319,21838978.723,400869.833,True,"2026-09-24 19:24:15 UTC","252d, 18:22:58"
843549855.319,22280170.213,348624.025,True,"2026-09-24 19:24:15 UTC","257d, 20:56:10"
843549855.319,22721361.702,308381.76,True,"2026-09-24 19:24:15 UTC","262d, 23:29:21"
843549855.319,23162553.191,276487.857,True,"2026-09-24 19:24:15 UTC","268d, 02:02:33"
843549855.319,23603744.681,250575.937,True,"2026-09-24 19:24:15 UTC","273d, 04:35:44"
843549855.319,24044936.17,229099.935,True,"2026-09-24 19:24:15 UTC","278d, 07:08:56"
843549855.319,24486127.66,211023.08,True,"2026-09-24 19:24:15 UTC","283d, 09:42:07"
843549855.319,24927319.149,195605.35,True,"2026-09-24 19:24:15 UTC","288d, 12:15:19"
843549855.319,25368510.638,182307.108,True,"2026-09-24 19:24:15 UTC","293d, 14:48:30"
843549855.319,25809702.128,170725.626,True,"2026-09-24 19:24:15 UTC","298d, 17:21:42"
843549855.319,26250893.617,160554.281,True,"2026-09-24 19:24:15 UTC","303d, 19:54:53"
843549855.319,26692085.106,151555.522,True,"2026-09-24 19:24:15 UTC","308d, 22:28:05"
843549855.319,27133276.596,143542.469,True,"2026-09-24 19:24:15 UTC","314d, 01:01:16"
843549855.319,27574468.085,136366.104,True,"2026-09-24 19:24:15 UTC","319d, 03:34:28"
843549855.319,28015659.574,129906.155,True,"2026-09-24 19:24:15 UTC","324d, 06:07:39"
843549855.319,28456851.064,124064.509,True,"2026-09-24 19:24:15 UTC","329d, 08:40:51"
843549855.319,28898042.553,118760.35,True,"2026-09-24 19:24:15 UTC","334d, 11:14:02"
843549855.319,29339234.043,113926.529,True,"2026-09-24 19:24:15 UTC","339d, 13:47:14"
843549855.319,29780425.532,109506.823,True,"2026-09-24 19:24:15 UTC","344d, 16:20:25"
843549855.319,30221617.021,105453.818,True,"2026-09-24 19:24:15 UTC","349d, 18:53:37"
843549855.319,30662808.511,101727.286,True,"2026-09-24 19:24:15 UTC","354d, 21:26:48"
843549855.319,31104000,100910.603,True,"2026-09-24 19:24:15 UTC","360d, 00:00:00"
843888102.128,10368000,140484.193,False,"2026-09-28 17:21:42 UTC","120d, 00:00:00"
843888102.128,10809191.489,147119.636,False,"2026-09-28 17:21:42 UTC","125d, 02:33:11"
843888102.128,11250382.979,154523.349,False,"2026-09-28 17:21:42 UTC","130d, 05:06:22"
843888102.128,11691574.468,162829.249,False,"2026-09-28 17:21:42 UTC","135d, 07:39:34"
843888102.128,12132765.957,172204.165,False,"2026-09-28 17:21:42 UTC","140d, 10:12:45"
843888102.128,12573957.447,182858.562,False,"2026-09-28 17:21:42 UTC","145d, 12:45:57"
843888102.128,13015148.936,195061.742,False,"2026-09-28 17:21:42 UTC","150d, 15:19:08"
843888102.128,13456340.426,209163.844,False,"2026-09-28 17:21:42 UTC","155d, 17:52:20"
843888102.128,13897531.915,225628.489,False,"2026-09-28 17:21:42 UTC","160d, 20:25:31"
843888102.128,14338723.404,245082.631,False,"2026-09-28 17:21:42 UTC","165d, 22:58:43"
843888102.128,14779914.894,268395.233,False,"2026-09-28 17:21:42 UTC","171d, 01:31:54"
843888102.128,15221106.383,296806.399,False,"2026-09-28 17:21:42 UTC","176d, 04:05:06"
843888102.128,15662297.872,332149.287,False,"2026-09-28 17:21:42 UTC","181d, 06:38:17"
843888102.128,16103489.362,377253.263,False,"2026-09-28 17:21:42 UTC","186d, 09:11:29"
843888102.128,16544680.851,436727.819,False,"2026-09-28 17:21:42 UTC","191d, 11:44:40"
843888102.128,16985872.34,518622.942,False,"2026-09-28 17:21:42 UTC","196d, 14:17:52"
843888102.128,17427063.83,638358.16,False,"2026-09-28 17:21:42 UTC","201d, 16:51:03"
843888102.128,17868255.319,829523.134,False,"2026-09-28 17:21:42 UTC","206d, 19:24:15"
843888102.128,18309446.809,1180612.115,False,"2026-09-28 17:21:42 UTC","211d, 21:57:26"
843888102.128,18750638.298,2004710.547,False,"2026-09-28 17:21:42 UTC","217d, 00:30:38"
843888102.128,19191829.787,4431588.619,False,"2026-09-28 17:21:42 UTC","222d, 03:03:49"
843888102.128,19633021.277,2799269.868,True,"2026-09-28 17:21:42 UTC","227d, 05:37:01"
843888102.128,20074212.766,1442997.536,True,"2026-09-28 17:21:42 UTC","232d, 08:10:12"
843888102.128,20515404.255,949207.727,True,"2026-09-28 17:21:42 UTC","237d, 10:43:24"
843888102.128,20956595.745,703752.013,True,"2026-09-28 17:21:42 UTC","242d, 13:16:35"
843888102.128,21397787.234,557955.016,True,"2026-09-28 17:21:42 UTC","247d, 15:49:47"
843888102.128,21838978.723,461610.997,True,"2026-09-28 17:21:42 UTC","252d, 18:22:58"
843888102.128,22280170.213,393343.025,True,"2026-09-28 17:21:42 UTC","257d, 20:56:10"
843888102.128,22721361.702,342541.006,True,"2026-09-28 17:21:42 UTC","262d, 23:29:21"
843888102.128,23162553.191,303337.102,True,"2026-09-28 17:21:42 UTC","268d, 02:02:33"
843888102.128,23603744.681,272182.206,True,"2026-09-28 17:21:42 UTC","273d, 04:35:44"
843888102.128,24044936.17,246816.72,True,"2026-09-28 17:21:42 UTC","278d, 07:08:56"
843888102.128,24486127.66,225776.212,True,"2026-09-28 17:21:42 UTC","283d, 09:42:07"
843888102.128,24927319.149,208051.065,True,"2026-09-28 17:21:42 UTC","288d, 12:15:19"
843888102.128,25368510.638,192923.147,True,"2026-09-28 17:21:42 UTC","293d, 14:48:30"
843888102.128,25809702.128,179867.774,True,"2026-09-28 17:21:42 UTC","298d, 17:21:42"
843888102.128,26250893.617,168492.73,True,"2026-09-28 17:21:42 UTC","303d, 19:54:53"
843888102.128,26692085.106,158498.972,True,"2026-09-28 17:21:42 UTC","308d, 22:28:05"
843888102.128,27133276.596,149654.541,True,"2026-09-28 17:21:42 UTC","314d, 01:01:16"
843888102.128,27574468.085,141776.775,True,"2026-09-28 17:21:42 UTC","319d, 03:34:28"
843888102.128,28015659.574,134719.892,True,"2026-09-28 17:21:42 UTC","324d, 06:07:39"
843888102.128,28456851.064,128366.162,True,"2026-09-28 17:21:42 UTC","329d, 08:40:51"
843888102.128,28898042.553,122619.491,True,"2026-09-28 17:21:42 UTC","334d, 11:14:02"
843888102.128,29339234.043,117400.697,True,"2026-09-28 17:21:42 UTC","339d, 13:47:14"
843888102.128,29780425.532,112643.975,True,"2026-09-28 17:21:42 UTC","344d, 16:20:25"
843888102.128,30221617.021,108294.215,True,"2026-09-28 17:21:42 UTC","349d, 18:53:37"
843888102.128,30662808.511,104304.948,True,"2026-09-28 17:21:42 UTC","354d, 21:26:48"
843888102.128,31104000,103138.81,True,"2026-09-28 17:21:42 UTC","360d, 00:00:00"
844226348.936,10368000,134690.982,False,"2026-10-02 15:19:08 UTC","120d, 00:00:00"
844226348.936,10809191.489,140681.076,False,"2026-10-02 15:19:08 UTC","125d, 02:33:11"
844226348.936,11250382.979,147335.284,False,"2026-10-02 15:19:08 UTC","130d, 05:06:22"
844226348.936,11691574.468,154763.607,False,"2026-10-02 15:19:08 UTC","135d, 07:39:34"
844226348.936,12132765.957,163101.669,False,"2026-10-02 15:19:08 UTC","140d, 10:12:45"
844226348.936,12573957.447,172518.618,False,"2026-10-02 15:19:08 UTC","145d, 12:45:57"
844226348.936,13015148.936,183228.132,False,"2026-10-02 15:19:08 UTC","150d, 15:19:08"
844226348.936,13456340.426,195504.045,False,"2026-10-02 15:19:08 UTC","155d, 17:52:20"
844226348.936,13897531.915,209703.036,False,"2026-10-02 15:19:08 UTC","160d, 20:25:31"
844226348.936,14338723.404,226298.384,False,"2026-10-02 15:19:08 UTC","165d, 22:58:43"
844226348.936,14779914.894,245931.702,False,"2026-10-02 15:19:08 UTC","171d, 01:31:54"
844226348.936,15221106.383,269494.894,False,"2026-10-02 15:19:08 UTC","176d, 04:05:06"
844226348.936,15662297.872,298265.275,False,"2026-10-02 15:19:08 UTC","181d, 06:38:17"
844226348.936,16103489.362,334139.012,False,"2026-10-02 15:19:08 UTC","186d, 09:11:29"
844226348.936,16544680.851,380057.962,False,"2026-10-02 15:19:08 UTC","191d, 11:44:40"
844226348.936,16985872.34,440846.513,False,"2026-10-02 15:19:08 UTC","196d, 14:17:52"
844226348.936,17427063.83,525003.344,False,"2026-10-02 15:19:08 UTC","201d, 16:51:03"
844226348.936,17868255.319,649005.926,False,"2026-10-02 15:19:08 UTC","206d, 19:24:15"
844226348.936,18309446.809,849412.671,False,"2026-10-02 15:19:08 UTC","211d, 21:57:26"
844226348.936,18750638.298,1225586.383,False,"2026-10-02 15:19:08 UTC","217d, 00:30:38"
844226348.936,19191829.787,2151814.672,False,"2026-10-02 15:19:08 UTC","222d, 03:03:49"
844226348.936,19633021.277,4971936.859,False,"2026-10-02 15:19:08 UTC","227d, 05:37:01"
844226348.936,20074212.766,2641312.298,True,"2026-10-02 15:19:08 UTC","232d, 08:10:12"
844226348.936,20515404.255,1378662.957,True,"2026-10-02 15:19:08 UTC","237d, 10:43:24"
844226348.936,20956595.745,916593.035,True,"2026-10-02 15:19:08 UTC","242d, 13:16:35"
844226348.936,21397787.234,683687.726,True,"2026-10-02 15:19:08 UTC","247d, 15:49:47"
844226348.936,21838978.723,544084.203,True,"2026-10-02 15:19:08 UTC","252d, 18:22:58"
844226348.936,22280170.213,451295.251,True,"2026-10-02 15:19:08 UTC","257d, 20:56:10"
844226348.936,22721361.702,385293.13,True,"2026-10-02 15:19:08 UTC","262d, 23:29:21"
844226348.936,23162553.191,336043.223,True,"2026-10-02 15:19:08 UTC","268d, 02:02:33"
844226348.936,23603744.681,297936.085,True,"2026-10-02 15:19:08 UTC","273d, 04:35:44"
844226348.936,24044936.17,267561.484,True,"2026-10-02 15:19:08 UTC","278d, 07:08:56"
844226348.936,24486127.66,242796.64,True,"2026-10-02 15:19:08 UTC","283d, 09:42:07"
844226348.936,24927319.149,222231.09,True,"2026-10-02 15:19:08 UTC","288d, 12:15:19"
844226348.936,25368510.638,204890.23,True,"2026-10-02 15:19:08 UTC","293d, 14:48:30"
844226348.936,25809702.128,190079.173,True,"2026-10-02 15:19:08 UTC","298d, 17:21:42"
844226348.936,26250893.617,177289.197,True,"2026-10-02 15:19:08 UTC","303d, 19:54:53"
844226348.936,26692085.106,166139.377,True,"2026-10-02 15:19:08 UTC","308d, 22:28:05"
844226348.936,27133276.596,156338.88,True,"2026-10-02 15:19:08 UTC","314d, 01:01:16"
844226348.936,27574468.085,147661.855,True,"2026-10-02 15:19:08 UTC","319d, 03:34:28"
844226348.936,28015659.574,139930.284,True,"2026-10-02 15:19:08 UTC","324d, 06:07:39"
844226348.936,28456851.064,133001.994,True,"2026-10-02 15:19:08 UTC","329d, 08:40:51"
844226348.936,28898042.553,126762.097,True,"2026-10-02 15:19:08 UTC","334d, 11:14:02"
844226348.936,29339234.043,121116.778,True,"2026-10-02 15:19:08 UTC","339d, 13:47:14"
844226348.936,29780425.532,115988.709,True,"2026-10-02 15:19:08 UTC","344d, 16:20:25"
844226348.936,30221617.021,111313.609,True,"2026-10-02 15:19:08 UTC","349d, 18:53:37"
844226348.936,30662808.511,107037.64,True,"2026-10-02 15:19:08 UTC","354d, 21:26:48"
844226348.936,31104000,105490.337,True,"2026-10-02 15:19:08 UTC","360d, 00:00:00"
844564595.745,10368000,129396.596,False,"2026-10-06 13:16:35 UTC","120d, 00:00:00"
844564595.745,10809191.489,134823.577,False,"2026-10-06 13:16:35 UTC","125d, 02:33:11"
844564595.745,11250382.979,140828.467,False,"2026-10-06 13:16:35 UTC","130d, 05:06:22"
844564595.745,11691574.468,147502.484,False,"2026-10-06 13:16:35 UTC","135d, 07:39:34"
844564595.745,12132765.957,154957.044,False,"2026-10-06 13:16:35 UTC","140d, 10:12:45"
844564595.745,12573957.447,163329.667,False,"2026-10-06 13:16:35 UTC","145d, 12:45:57"
844564595.745,13015148.936,172792.082,False,"2026-10-06 13:16:35 UTC","150d, 15:19:08"
844564595.745,13456340.426,183561.552,False,"2026-10-06 13:16:35 UTC","155d, 17:52:20"
844564595.745,13897531.915,195916.974,False,"2026-10-06 13:16:35 UTC","160d, 20:25:31"
844564595.745,14338723.404,210222.344,False,"2026-10-06 13:16:35 UTC","165d, 22:58:43"
844564595.745,14779914.894,226961.77,False,"2026-10-06 13:16:35 UTC","171d, 01:31:54"
844564595.745,15221106.383,246793.338,False,"2026-10-06 13:16:35 UTC","176d, 04:05:06"
844564595.745,15662297.872,270634.817,False,"2026-10-06 13:16:35 UTC","181d, 06:38:17"
844564595.745,16103489.362,299805.637,False,"2026-10-06 13:16:35 UTC","186d, 09:11:29"
844564595.745,16544680.851,336273.645,False,"2026-10-06 13:16:35 UTC","191d, 11:44:40"
844564595.745,16985872.34,383109.539,False,"2026-10-06 13:16:35 UTC","196d, 14:17:52"
844564595.745,17427063.83,445385.974,False,"2026-10-06 13:16:35 UTC","201d, 16:51:03"
844564595.745,17868255.319,532126.019,False,"2026-10-06 13:16:35 UTC","206d, 19:24:15"
844564595.745,18309446.809,661063.528,False,"2026-10-06 13:16:35 UTC","211d, 21:57:26"
844564595.745,18750638.298,872369.376,False,"2026-10-06 13:16:35 UTC","217d, 00:30:38"
844564595.745,19191829.787,1279207.76,False,"2026-10-06 13:16:35 UTC","222d, 03:03:49"
844564595.745,19633021.277,2341038.368,False,"2026-10-06 13:16:35 UTC","227d, 05:37:01"
844564595.745,20074212.766,5573050.558,False,"2026-10-06 13:16:35 UTC","232d, 08:10:12"
844564595.745,20515404.255,2464655.463,True,"2026-10-06 13:16:35 UTC","237d, 10:43:24"
844564595.745,20956595.745,1311442.179,True,"2026-10-06 13:16:35 UTC","242d, 13:16:35"
844564595.745,21397787.234,882258.72,True,"2026-10-06 13:16:35 UTC","247d, 15:49:47"
844564595.745,21838978.723,662412.683,True,"2026-10-06 13:16:35 UTC","252d, 18:22:58"
844564595.745,22280170.213,529323.633,True,"2026-10-06 13:16:35 UTC","257d, 20:56:10"
844564595.745,22721361.702,440311.026,True,"2026-10-06 13:16:35 UTC","262d, 23:29:21"
844564595.745,23162553.191,376730.741,True,"2026-10-06 13:16:35 UTC","268d, 02:02:33"
844564595.745,23603744.681,329138.83,True,"2026-10-06 13:16:35 UTC","273d, 04:35:44"
844564595.745,24044936.17,292167.948,True,"2026-10-06 13:16:35 UTC","278d, 07:08:56"
844564595.745,24486127.66,262638.879,True,"2026-10-06 13:16:35 UTC","283d, 09:42:07"
844564595.745,24927319.149,238526.038,True,"2026-10-06 13:16:35 UTC","288d, 12:15:19"
844564595.745,25368510.638,218476.775,True,"2026-10-06 13:16:35 UTC","293d, 14:48:30"
844564595.745,25809702.128,201553.61,True,"2026-10-06 13:16:35 UTC","298d, 17:21:42"
844564595.745,26250893.617,187086.472,True,"2026-10-06 13:16:35 UTC","303d, 19:54:53"
844564595.745,26692085.106,174583.832,True,"2026-10-06 13:16:35 UTC","308d, 22:28:05"
844564595.745,27133276.596,163677.04,True,"2026-10-06 13:16:35 UTC","314d, 01:01:16"
844564595.745,27574468.085,154084.266,True,"2026-10-06 13:16:35 UTC","319d, 03:34:28"
844564595.745,28015659.574,145586.418,True,"2026-10-06 13:16:35 UTC","324d, 06:07:39"
844564595.745,28456851.064,138010.656,True,"2026-10-06 13:16:35 UTC","329d, 08:40:51"
844564595.745,28898042.553,131218.837,True,"2026-10-06 13:16:35 UTC","334d, 11:14:02"
844564595.745,29339234.043,125099.266,True,"2026-10-06 13:16:35 UTC","339d, 13:47:14"
844564595.745,29780425.532,119560.688,True,"2026-10-06 13:16:35 UTC","344d, 16:20:25"
844564595.745,30221617.021,114527.851,True,"2026-10-06 13:16:35 UTC","349d, 18:53:37"
844564595.745,30662808.511,109938.18,True,"2026-10-06 13:16:35 UTC","354d, 21:26:48"
844564595.745,31104000,107974.252,True,"2026-10-06 13:16:35 UTC","360d, 00:00:00"
844902842.553,10368000,124543.494,False,"2026-10-10 11:14:02 UTC","120d, 00:00:00"
844902842.553,10809191.489,129476.498,False,"2026-10-10 11:14:02 UTC","125d, 02:33:11"
844902842.553,11250382.979,134915.511,False,"2026-10-10 11:14:02 UTC","130d, 05:06:22"
844902842.553,11691574.468,140936.853,False,"2026-10-10 11:14:02 UTC","135d, 07:39:34"
844902842.553,12132765.957,147632.947,False,"2026-10-10 11:14:02 UTC","140d, 10:12:45"
844902842.553,12573957.447,155116.798,False,"2026-10-10 11:14:02 UTC","145d, 12:45:57"
844902842.553,13015148.936,163528.063,False,"2026-10-10 11:14:02 UTC","150d, 15:19:08"
844902842.553,13456340.426,173041.389,False,"2026-10-10 11:14:02 UTC","155d, 17:52:20"
844902842.553,13897531.915,183878.08,False,"2026-10-10 11:14:02 UTC","160d, 20:25:31"
844902842.553,14338723.404,196322.76,False,"2026-10-10 11:14:02 UTC","165d, 22:58:43"
844902842.553,14779914.894,210747.703,False,"2026-10-10 11:14:02 UTC","171d, 01:31:54"
844902842.553,15221106.383,227649.29,False,"2026-10-10 11:14:02 UTC","176d, 04:05:06"
844902842.553,15662297.872,247704.317,False,"2026-10-10 11:14:02 UTC","181d, 06:38:17"
844902842.553,16103489.362,271860.002,False,"2026-10-10 11:14:02 UTC","186d, 09:11:29"
844902842.553,16544680.851,301483.925,False,"2026-10-10 11:14:02 UTC","191d, 11:44:40"
844902842.553,16985872.34,338626.316,False,"2026-10-10 11:14:02 UTC","196d, 14:17:52"
844902842.553,17427063.83,386506.985,False,"2026-10-10 11:14:02 UTC","201d, 16:51:03"
844902842.553,17868255.319,450488.6,False,"2026-10-10 11:14:02 UTC","206d, 19:24:15"
844902842.553,18309446.809,540214.502,False,"2026-10-10 11:14:02 UTC","211d, 21:57:26"
844902842.553,18750638.298,674931.128,False,"2026-10-10 11:14:02 UTC","217d, 00:30:38"
844902842.553,19191829.787,899278.746,False,"2026-10-10 11:14:02 UTC","222d, 03:03:49"
844902842.553,19633021.277,1344354.399,False,"2026-10-10 11:14:02 UTC","227d, 05:37:01"
844902842.553,20074212.766,2593256.063,False,"2026-10-10 11:14:02 UTC","232d, 08:10:12"
844902842.553,20515404.255,6069246.859,True,"2026-10-10 11:14:02 UTC","237d, 10:43:24"
844902842.553,20956595.745,2275644.112,True,"2026-10-10 11:14:02 UTC","242d, 13:16:35"
844902842.553,21397787.234,1241889.42,True,"2026-10-10 11:14:02 UTC","247d, 15:49:47"
844902842.553,21838978.723,846326.093,True,"2026-10-10 11:14:02 UTC","252d, 18:22:58"
844902842.553,22280170.213,639977.99,True,"2026-10-10 11:14:02 UTC","257d, 20:56:10"
844902842.553,22721361.702,513712.767,True,"2026-10-10 11:14:02 UTC","262d, 23:29:21"
844902842.553,23162553.191,428695.177,True,"2026-10-10 11:14:02 UTC","268d, 02:02:33"
844902842.553,23603744.681,367700.423,True,"2026-10-10 11:14:02 UTC","273d, 04:35:44"
844902842.553,24044936.17,321807.532,True,"2026-10-10 11:14:02 UTC","278d, 07:08:56"
844902842.553,24486127.66,286054.993,True,"2026-10-10 11:14:02 UTC","283d, 09:42:07"
844902842.553,24927319.149,257437.401,True,"2026-10-10 11:14:02 UTC","288d, 12:15:19"
844902842.553,25368510.638,234028.052,True,"2026-10-10 11:14:02 UTC","293d, 14:48:30"
844902842.553,25809702.128,214535.353,True,"2026-10-10 11:14:02 UTC","298d, 17:21:42"
844902842.553,26250893.617,198061.413,True,"2026-10-10 11:14:02 UTC","303d, 19:54:53"
844902842.553,26692085.106,183962.914,True,"2026-10-10 11:14:02 UTC","308d, 22:28:05"
844902842.553,27133276.596,171767.035,True,"2026-10-10 11:14:02 UTC","314d, 01:01:16"
844902842.553,27574468.085,161118.599,True,"2026-10-10 11:14:02 UTC","319d, 03:34:28"
844902842.553,28015659.574,151745.713,True,"2026-10-10 11:14:02 UTC","324d, 06:07:39"
844902842.553,28456851.064,143436.769,True,"2026-10-10 11:14:02 UTC","329d, 08:40:51"
844902842.553,28898042.553,136024.663,True,"2026-10-10 11:14:02 UTC","334d, 11:14:02"
844902842.553,29339234.043,129375.716,True,"2026-10-10 11:14:02 UTC","339d, 13:47:14"
844902842.553,29780425.532,123381.753,True,"2026-10-10 11:14:02 UTC","344d, 16:20:25"
844902842.553,30221617.021,117954.33,True,"2026-10-10 11:14:02 UTC","349d, 18:53:37"
844902842.553,30662808.511,113020.465,True,"2026-10-10 11:14:02 UTC","354d, 21:26:48"
844902842.553,31104000,110600.561,True,"2026-10-10 11:14:02 UTC","360d, 00:00:00"
845241089.362,10368000,120082.702,False,"2026-10-14 09:11:29 UTC","120d, 00:00:00"
845241089.362,10809191.489,124580.247,False,"2026-10-14 09:11:29 UTC","125d, 02:33:11"
845241089.362,11250382.979,129523.405,False,"2026-10-14 09:11:29 UTC","130d, 05:06:22"
845241089.362,11691574.468,134976.566,False,"2026-10-14 09:11:29 UTC","135d, 07:39:34"
845241089.362,12132765.957,141017.095,False,"2026-10-14 09:11:29 UTC","140d, 10:12:45"
845241089.362,12573957.447,147738.781,False,"2026-10-14 09:11:29 UTC","145d, 12:45:57"
845241089.362,13015148.936,155256.441,False,"2026-10-14 09:11:29 UTC","150d, 15:19:08"
845241089.362,13456340.426,163712.165,False,"2026-10-14 09:11:29 UTC","155d, 17:52:20"
845241089.362,13897531.915,173283.92,False,"2026-10-14 09:11:29 UTC","160d, 20:25:31"
845241089.362,14338723.404,184197.618,False,"2026-10-14 09:11:29 UTC","165d, 22:58:43"
845241089.362,14779914.894,196744.412,False,"2026-10-14 09:11:29 UTC","171d, 01:31:54"
845241089.362,15221106.383,211306.022,False,"2026-10-14 09:11:29 UTC","176d, 04:05:06"
845241089.362,15662297.872,228392.852,False,"2026-10-14 09:11:29 UTC","181d, 06:38:17"
845241089.362,16103489.362,248703.115,False,"2026-10-14 09:11:29 UTC","186d, 09:11:29"
845241089.362,16544680.851,273217.841,False,"2026-10-14 09:11:29 UTC","191d, 11:44:40"
845241089.362,16985872.34,303360.116,False,"2026-10-14 09:11:29 UTC","196d, 14:17:52"
845241089.362,17427063.83,341275.658,False,"2026-10-14 09:11:29 UTC","201d, 16:51:03"
845241089.362,17868255.319,390358.428,False,"2026-10-14 09:11:29 UTC","206d, 19:24:15"
845241089.362,18309446.809,456313.242,False,"2026-10-14 09:11:29 UTC","211d, 21:57:26"
845241089.362,18750638.298,549525.434,False,"2026-10-14 09:11:29 UTC","217d, 00:30:38"
845241089.362,19191829.787,691087.147,False,"2026-10-14 09:11:29 UTC","222d, 03:03:49"
845241089.362,19633021.277,931264.897,False,"2026-10-14 09:11:29 UTC","227d, 05:37:01"
845241089.362,20074212.766,1425064.395,False,"2026-10-14 09:11:29 UTC","232d, 08:10:12"
845241089.362,20515404.255,2944837.329,False,"2026-10-14 09:11:29 UTC","237d, 10:43:24"
845241089.362,20956595.745,6136208.813,True,"2026-10-14 09:11:29 UTC","242d, 13:16:35"
845241089.362,21397787.234,2082580.536,True,"2026-10-14 09:11:29 UTC","247d, 15:49:47"
845241089.362,21838978.723,1170768.501,True,"2026-10-14 09:11:29 UTC","252d, 18:22:58"
845241089.362,22280170.213,809021.659,True,"2026-10-14 09:11:29 UTC","257d, 20:56:10"
845241089.362,22721361.702,616503.376,True,"2026-10-14 09:11:29 UTC","262d, 23:29:21"
845241089.362,23162553.191,497342.42,True,"2026-10-14 09:11:29 UTC","268d, 02:02:33"
845241089.362,23603744.681,416543.607,True,"2026-10-14 09:11:29 UTC","273d, 04:35:44"
845241089.362,24044936.17,358180.228,True,"2026-10-14 09:11:29 UTC","278d, 07:08:56"
845241089.362,24486127.66,314091.664,True,"2026-10-14 09:11:29 UTC","283d, 09:42:07"
845241089.362,24927319.149,279640.024,True,"2026-10-14 09:11:29 UTC","288d, 12:15:19"
845241089.362,25368510.638,251996.019,True,"2026-10-14 09:11:29 UTC","293d, 14:48:30"
845241089.362,25809702.128,229336.768,True,"2026-10-14 09:11:29 UTC","298d, 17:21:42"
845241089.362,26250893.617,210435.605,True,"2026-10-14 09:11:29 UTC","303d, 19:54:53"
845241089.362,26692085.106,194437.227,True,"2026-10-14 09:11:29 UTC","308d, 22:28:05"
845241089.362,27133276.596,180727.34,True,"2026-10-14 09:11:29 UTC","314d, 01:01:16"
845241089.362,27574468.085,168853.529,True,"2026-10-14 09:11:29 UTC","319d, 03:34:28"
845241089.362,28015659.574,158475.336,True,"2026-10-14 09:11:29 UTC","324d, 06:07:39"
845241089.362,28456851.064,149331.714,True,"2026-10-14 09:11:29 UTC","329d, 08:40:51"
845241089.362,28898042.553,141219.198,True,"2026-10-14 09:11:29 UTC","334d, 11:14:02"
845241089.362,29339234.043,133976.893,True,"2026-10-14 09:11:29 UTC","339d, 13:47:14"
845241089.362,29780425.532,127475.929,True,"2026-10-14 09:11:29 UTC","344d, 16:20:25"
845241089.362,30221617.021,121611.899,True,"2026-10-14 09:11:29 UTC","349d, 18:53:37"
845241089.362,30662808.511,116299.353,True,"2026-10-14 09:11:29 UTC","354d, 21:26:48"
845241089.362,31104000,113380.329,True,"2026-10-14 09:11:29 UTC","360d, 00:00:00"
845579336.17,10368000,115972.272,False,"2026-10-18 07:08:56 UTC","120d, 00:00:00"
845579336.17,10809191.489,120084.205,False,"2026-10-18 07:08:56 UTC","125d, 02:33:11"
845579336.17,11250382.979,124590.681,False,"2026-10-18 07:08:56 UTC","130d, 05:06:22"
845579336.17,11691574.468,129546.451,False,"2026-10-18 07:08:56 UTC","135d, 07:39:34"
845579336.17,12132765.957,135016.829,False,"2026-10-18 07:08:56 UTC","140d, 10:12:45"
845579336.17,12573957.447,141080.377,False,"2026-10-18 07:08:56 UTC","145d, 12:45:57"
845579336.17,13015148.936,147832.45,False,"2026-10-18 07:08:56 UTC","150d, 15:19:08"
845579336.17,13456340.426,155389.942,False,"2026-10-18 07:08:56 UTC","155d, 17:52:20"
845579336.17,13897531.915,163897.731,False,"2026-10-18 07:08:56 UTC","160d, 20:25:31"
845579336.17,14338723.404,173537.588,False,"2026-10-18 07:08:56 UTC","165d, 22:58:43"
845579336.17,14779914.894,184540.714,False,"2026-10-18 07:08:56 UTC","171d, 01:31:54"
845579336.17,15221106.383,197205.747,False,"2026-10-18 07:08:56 UTC","176d, 04:05:06"
845579336.17,15662297.872,211925.255,False,"2026-10-18 07:08:56 UTC","181d, 06:38:17"
845579336.17,16103489.362,229225.766,False,"2026-10-18 07:08:56 UTC","186d, 09:11:29"
845579336.17,16544680.851,249830.169,False,"2026-10-18 07:08:56 UTC","191d, 11:44:40"
845579336.17,16985872.34,274758.572,False,"2026-10-18 07:08:56 UTC","196d, 14:17:52"
845579336.17,17427063.83,305498.48,False,"2026-10-18 07:08:56 UTC","201d, 16:51:03"
845579336.17,17868255.319,344307.125,False,"2026-10-18 07:08:56 UTC","206d, 19:24:15"
845579336.17,18309446.809,394783.514,False,"2026-10-18 07:08:56 UTC","211d, 21:57:26"
845579336.17,18750638.298,463039.873,False,"2026-10-18 07:08:56 UTC","217d, 00:30:38"
845579336.17,19191829.787,560358.93,False,"2026-10-18 07:08:56 UTC","222d, 03:03:49"
845579336.17,19633021.277,710116.205,False,"2026-10-18 07:08:56 UTC","227d, 05:37:01"
845579336.17,20074212.766,969794.361,False,"2026-10-18 07:08:56 UTC","232d, 08:10:12"
845579336.17,20515404.255,1527237.173,False,"2026-10-18 07:08:56 UTC","237d, 10:43:24"
845579336.17,20956595.745,3465417.715,False,"2026-10-18 07:08:56 UTC","242d, 13:16:35"
845579336.17,21397787.234,5590218.673,True,"2026-10-18 07:08:56 UTC","247d, 15:49:47"
845579336.17,21838978.723,1892297.096,True,"2026-10-18 07:08:56 UTC","252d, 18:22:58"
845579336.17,22280170.213,1098962.715,True,"2026-10-18 07:08:56 UTC","257d, 20:56:10"
845579336.17,22721361.702,770668.889,True,"2026-10-18 07:08:56 UTC","262d, 23:29:21"
845579336.17,23162553.191,592191.304,True,"2026-10-18 07:08:56 UTC","268d, 02:02:33"
845579336.17,23603744.681,480379.101,True,"2026-10-18 07:08:56 UTC","273d, 04:35:44"
845579336.17,24044936.17,403851.48,True,"2026-10-18 07:08:56 UTC","278d, 07:08:56"
845579336.17,24486127.66,348250.676,True,"2026-10-18 07:08:56 UTC","283d, 09:42:07"
845579336.17,24927319.149,306064.388,True,"2026-10-18 07:08:56 UTC","288d, 12:15:19"
845579336.17,25368510.638,272983.947,True,"2026-10-18 07:08:56 UTC","293d, 14:48:30"
845579336.17,25809702.128,246363.497,True,"2026-10-18 07:08:56 UTC","298d, 17:21:42"
845579336.17,26250893.617,224489.909,True,"2026-10-18 07:08:56 UTC","303d, 19:54:53"
845579336.17,26692085.106,206205.878,True,"2026-10-18 07:08:56 UTC","308d, 22:28:05"
845579336.17,27133276.596,190701.824,True,"2026-10-18 07:08:56 UTC","314d, 01:01:16"
845579336.17,27574468.085,177394.635,True,"2026-10-18 07:08:56 UTC","319d, 03:34:28"
845579336.17,28015659.574,165853.754,True,"2026-10-18 07:08:56 UTC","324d, 06:07:39"
845579336.17,28456851.064,155754.419,True,"2026-10-18 07:08:56 UTC","329d, 08:40:51"
845579336.17,28898042.553,146847.082,True,"2026-10-18 07:08:56 UTC","334d, 11:14:02"
845579336.17,29339234.043,138936.862,True,"2026-10-18 07:08:56 UTC","339d, 13:47:14"
845579336.17,29780425.532,131869.372,True,"2026-10-18 07:08:56 UTC","344d, 16:20:25"
845579336.17,30221617.021,125520.754,True,"2026-10-18 07:08:56 UTC","349d, 18:53:37"
845579336.17,30662808.511,119790.511,True,"2026-10-18 07:08:56 UTC","354d, 21:26:48"
845579336.17,31104000,116325.825,True,"2026-10-18 07:08:56 UTC","360d, 00:00:00"
845917582.979,10368000,112176.062,False,"2026-10-22 05:06:22 UTC","120d, 00:00:00"
845917582.979,10809191.489,115945.091,False,"2026-10-22 05:06:22 UTC","125d, 02:33:11"
845917582.979,11250382.979,120065.214,False,"2026-10-22 05:06:22 UTC","130d, 05:06:22"
845917582.979,11691574.468,124583.329,False,"2026-10-22 05:06:22 UTC","135d, 07:39:34"
845917582.979,12132765.957,129555.014,False,"2026-10-22 05:06:22 UTC","140d, 10:12:45"
845917582.979,12573957.447,135046.648,False,"2026-10-22 05:06:22 UTC","145d, 12:45:57"
845917582.979,13015148.936,141138.173,False,"2026-10-22 05:06:22 UTC","150d, 15:19:08"
845917582.979,13456340.426,147926.745,False,"2026-10-22 05:06:22 UTC","155d, 17:52:20"
845917582.979,13897531.915,155531.647,False,"2026-10-22 05:06:22 UTC","160d, 20:25:31"
845917582.979,14338723.404,164100.966,False,"2026-10-22 05:06:22 UTC","165d, 22:58:43"
845917582.979,14779914.894,173820.856,False,"2026-10-22 05:06:22 UTC","171d, 01:31:54"
845917582.979,15221106.383,184928.603,False,"2026-10-22 05:06:22 UTC","176d, 04:05:06"
845917582.979,15662297.872,197731.475,False,"2026-10-22 05:06:22 UTC","181d, 06:38:17"
845917582.979,16103489.362,212634.553,False,"2026-10-22 05:06:22 UTC","186d, 09:11:29"
845917582.979,16544680.851,230182.997,False,"2026-10-22 05:06:22 UTC","191d, 11:44:40"
845917582.979,16985872.34,251128.274,False,"2026-10-22 05:06:22 UTC","196d, 14:17:52"
845917582.979,17427063.83,276535.906,False,"2026-10-22 05:06:22 UTC","201d, 16:51:03"
845917582.979,17868255.319,307968.632,False,"2026-10-22 05:06:22 UTC","206d, 19:24:15"
845917582.979,18309446.809,347814.783,False,"2026-10-22 05:06:22 UTC","211d, 21:57:26"
845917582.979,18750638.298,399916.654,False,"2026-10-22 05:06:22 UTC","217d, 00:30:38"
845917582.979,19191829.787,470875.995,False,"2026-10-22 05:06:22 UTC","222d, 03:03:49"
845917582.979,19633021.277,573073.036,False,"2026-10-22 05:06:22 UTC","227d, 05:37:01"
845917582.979,20074212.766,732749.551,False,"2026-10-22 05:06:22 UTC","232d, 08:10:12"
845917582.979,20515404.255,1016837.704,False,"2026-10-22 05:06:22 UTC","237d, 10:43:24"
845917582.979,20956595.745,1659907.674,False,"2026-10-22 05:06:22 UTC","242d, 13:16:35"
845917582.979,21397787.234,4306873.233,False,"2026-10-22 05:06:22 UTC","247d, 15:49:47"
845917582.979,21838978.723,4689308.016,True,"2026-10-22 05:06:22 UTC","252d, 18:22:58"
845917582.979,22280170.213,1710098.192,True,"2026-10-22 05:06:22 UTC","257d, 20:56:10"
845917582.979,22721361.702,1027400.182,True,"2026-10-22 05:06:22 UTC","262d, 23:29:21"
845917582.979,23162553.191,731704.643,True,"2026-10-22 05:06:22 UTC","268d, 02:02:33"
845917582.979,23603744.681,567321.192,True,"2026-10-22 05:06:22 UTC","273d, 04:35:44"
845917582.979,24044936.17,462884,True,"2026-10-22 05:06:22 UTC","278d, 07:08:56"
845917582.979,24486127.66,390766.762,True,"2026-10-22 05:06:22 UTC","283d, 09:42:07"
845917582.979,24927319.149,338030.14,True,"2026-10-22 05:06:22 UTC","288d, 12:15:19"
845917582.979,25368510.638,297814.833,True,"2026-10-22 05:06:22 UTC","293d, 14:48:30"
845917582.979,25809702.128,266151.021,True,"2026-10-22 05:06:22 UTC","298d, 17:21:42"
845917582.979,26250893.617,240584.505,True,"2026-10-22 05:06:22 UTC","303d, 19:54:53"
845917582.979,26692085.106,219517.593,True,"2026-10-22 05:06:22 UTC","308d, 22:28:05"
845917582.979,27133276.596,201865.914,True,"2026-10-22 05:06:22 UTC","314d, 01:01:16"
845917582.979,27574468.085,186867.775,True,"2026-10-22 05:06:22 UTC","319d, 03:34:28"
845917582.979,28015659.574,173972.535,True,"2026-10-22 05:06:22 UTC","324d, 06:07:39"
845917582.979,28456851.064,162772.272,True,"2026-10-22 05:06:22 UTC","329d, 08:40:51"
845917582.979,28898042.553,152958.386,True,"2026-10-22 05:06:22 UTC","334d, 11:14:02"
845917582.979,29339234.043,144293.121,True,"2026-10-22 05:06:22 UTC","339d, 13:47:14"
845917582.979,29780425.532,136590.358,True,"2026-10-22 05:06:22 UTC","344d, 16:20:25"
845917582.979,30221617.021,129702.339,True,"2026-10-22 05:06:22 UTC","349d, 18:53:37"
845917582.979,30662808.511,123510.295,True,"2026-10-22 05:06:22 UTC","354d, 21:26:48"
845917582.979,31104000,119450.691,True,"2026-10-22 05:06:22 UTC","360d, 00:00:00"
846255829.787,10368000,108662.759,False,"2026-10-26 03:03:49 UTC","120d, 00:00:00"
846255829.787,10809191.489,112125.679,False,"2026-10-26 03:03:49 UTC","125d, 02:33:11"
846255829.787,11250382.979,115902.515,False,"2026-10-26 03:03:49 UTC","130d, 05:06:22"
846255829.787,11691574.468,120033.714,False,"2026-10-26 03:03:49 UTC","135d, 07:39:34"
846255829.787,12132765.957,124566.927,False,"2026-10-26 03:03:49 UTC","140d, 10:12:45"
846255829.787,12573957.447,129558.694,False,"2026-10-26 03:03:49 UTC","145d, 12:45:57"
846255829.787,13015148.936,135076.621,False,"2026-10-26 03:03:49 UTC","150d, 15:19:08"
846255829.787,13456340.426,141202.237,False,"2026-10-26 03:03:49 UTC","155d, 17:52:20"
846255829.787,13897531.915,148034.782,False,"2026-10-26 03:03:49 UTC","160d, 20:25:31"
846255829.787,14338723.404,155696.29,False,"2026-10-26 03:03:49 UTC","165d, 22:58:43"
846255829.787,14779914.894,164338.555,False,"2026-10-26 03:03:49 UTC","171d, 01:31:54"
846255829.787,15221106.383,174152.786,False,"2026-10-26 03:03:49 UTC","176d, 04:05:06"
846255829.787,15662297.872,185383.3,False,"2026-10-26 03:03:49 UTC","181d, 06:38:17"
846255829.787,16103489.362,198347.343,False,"2026-10-26 03:03:49 UTC","186d, 09:11:29"
846255829.787,16544680.851,213464.487,False,"2026-10-26 03:03:49 UTC","191d, 11:44:40"
846255829.787,16985872.34,231301.505,False,"2026-10-26 03:03:49 UTC","196d, 14:17:52"
846255829.787,17427063.83,252643.12,False,"2026-10-26 03:03:49 UTC","201d, 16:51:03"
846255829.787,17868255.319,278607.899,False,"2026-10-26 03:03:49 UTC","206d, 19:24:15"
846255829.787,18309446.809,310846.944,False,"2026-10-26 03:03:49 UTC","211d, 21:57:26"
846255829.787,18750638.298,351903.722,False,"2026-10-26 03:03:49 UTC","217d, 00:30:38"
846255829.787,19191829.787,405911.409,False,"2026-10-26 03:03:49 UTC","222d, 03:03:49"
846255829.787,19633021.277,480065.416,False,"2026-10-26 03:03:49 UTC","227d, 05:37:01"
846255829.787,20074212.766,588104.071,False,"2026-10-26 03:03:49 UTC","232d, 08:10:12"
846255829.787,20515404.255,759924.675,False,"2026-10-26 03:03:49 UTC","237d, 10:43:24"
846255829.787,20956595.745,1075129.621,False,"2026-10-26 03:03:49 UTC","242d, 13:16:35"
846255829.787,21397787.234,1837722.427,False,"2026-10-26 03:03:49 UTC","247d, 15:49:47"
846255829.787,21838978.723,5870678.016,False,"2026-10-26 03:03:49 UTC","252d, 18:22:58"
846255829.787,22280170.213,3793425.127,True,"2026-10-26 03:03:49 UTC","257d, 20:56:10"
846255829.787,22721361.702,1539482.926,True,"2026-10-26 03:03:49 UTC","262d, 23:29:21"
846255829.787,23162553.191,957046.086,True,"2026-10-26 03:03:49 UTC","268d, 02:02:33"
846255829.787,23603744.681,692639.533,True,"2026-10-26 03:03:49 UTC","273d, 04:35:44"
846255829.787,24044936.17,542116.404,True,"2026-10-26 03:03:49 UTC","278d, 07:08:56"
846255829.787,24486127.66,445116.142,True,"2026-10-26 03:03:49 UTC","283d, 09:42:07"
846255829.787,24927319.149,377471.756,True,"2026-10-26 03:03:49 UTC","288d, 12:15:19"
846255829.787,25368510.638,327639.327,True,"2026-10-26 03:03:49 UTC","293d, 14:48:30"
846255829.787,25809702.128,289418.933,True,"2026-10-26 03:03:49 UTC","298d, 17:21:42"
846255829.787,26250893.617,259187.113,True,"2026-10-26 03:03:49 UTC","303d, 19:54:53"
846255829.787,26692085.106,234685.751,True,"2026-10-26 03:03:49 UTC","308d, 22:28:05"
846255829.787,27133276.596,214434.729,True,"2026-10-26 03:03:49 UTC","314d, 01:01:16"
846255829.787,27574468.085,197423.551,True,"2026-10-26 03:03:49 UTC","319d, 03:34:28"
846255829.787,28015659.574,182938.807,True,"2026-10-26 03:03:49 UTC","324d, 06:07:39"
846255829.787,28456851.064,170462.481,True,"2026-10-26 03:03:49 UTC","329d, 08:40:51"
846255829.787,28898042.553,159609.351,True,"2026-10-26 03:03:49 UTC","334d, 11:14:02"
846255829.787,29339234.043,150087.003,True,"2026-10-26 03:03:49 UTC","339d, 13:47:14"
846255829.787,29780425.532,141669.484,True,"2026-10-26 03:03:49 UTC","344d, 16:20:25"
846255829.787,30221617.021,134179.45,True,"2026-10-26 03:03:49 UTC","349d, 18:53:37"
846255829.787,30662808.511,127475.779,True,"2026-10-26 03:03:49 UTC","354d, 21:26:48"
846255829.787,31104000,122770.13,True,"2026-10-26 03:03:49 UTC","360d, 00:00:00"
846594076.596,10368000,105405.096,False,"2026-10-30 01:01:16 UTC","120d, 00:00:00"
846594076.596,10809191.489,108593.769,False,"2026-10-30 01:01:16 UTC","125d, 02:33:11"
846594076.596,11250382.979,112064.373,False,"2026-10-30 01:01:16 UTC","130d, 05:06:22"
846594076.596,11691574.468,115852.023,False,"2026-10-30 01:01:16 UTC","135d, 07:39:34"
846594076.596,12132765.957,119997.858,False,"2026-10-30 01:01:16 UTC","140d, 10:12:45"
846594076.596,12573957.447,124550.402,False,"2026-10-30 01:01:16 UTC","145d, 12:45:57"
846594076.596,13015148.936,129567.302,False,"2026-10-30 01:01:16 UTC","150d, 15:19:08"
846594076.596,13456340.426,135117.583,False,"2026-10-30 01:01:16 UTC","155d, 17:52:20"
846594076.596,13897531.915,141284.609,False,"2026-10-30 01:01:16 UTC","160d, 20:25:31"
846594076.596,14338723.404,148170.018,False,"2026-10-30 01:01:16 UTC","165d, 22:58:43"
846594076.596,14779914.894,155899.029,False,"2026-10-30 01:01:16 UTC","171d, 01:31:54"
846594076.596,15221106.383,164627.715,False,"2026-10-30 01:01:16 UTC","176d, 04:05:06"
846594076.596,15662297.872,174553.131,False,"2026-10-30 01:01:16 UTC","181d, 06:38:17"
846594076.596,16103489.362,185927.738,False,"2026-10-30 01:01:16 UTC","186d, 09:11:29"
846594076.596,16544680.851,199080.346,False,"2026-10-30 01:01:16 UTC","191d, 11:44:40"
846594076.596,16985872.34,214447.36,False,"2026-10-30 01:01:16 UTC","196d, 14:17:52"
846594076.596,17427063.83,232620.724,False,"2026-10-30 01:01:16 UTC","201d, 16:51:03"
846594076.596,17868255.319,254424.019,False,"2026-10-30 01:01:16 UTC","206d, 19:24:15"
846594076.596,18309446.809,281038.087,False,"2026-10-30 01:01:16 UTC","211d, 21:57:26"
846594076.596,18750638.298,314218.412,False,"2026-10-30 01:01:16 UTC","217d, 00:30:38"
846594076.596,19191829.787,356693.284,False,"2026-10-30 01:01:16 UTC","222d, 03:03:49"
846594076.596,19633021.277,412946.456,False,"2026-10-30 01:01:16 UTC","227d, 05:37:01"
846594076.596,20074212.766,490900.456,False,"2026-10-30 01:01:16 UTC","232d, 08:10:12"
846594076.596,20515404.255,605995.839,False,"2026-10-30 01:01:16 UTC","237d, 10:43:24"
846594076.596,20956595.745,792875.522,False,"2026-10-30 01:01:16 UTC","242d, 13:16:35"
846594076.596,21397787.234,1148604.617,False,"2026-10-30 01:01:16 UTC","247d, 15:49:47"
846594076.596,21838978.723,2086182.114,False,"2026-10-30 01:01:16 UTC","252d, 18:22:58"
846594076.596,22280170.213,9588405.934,False,"2026-10-30 01:01:16 UTC","257d, 20:56:10"
846594076.596,22721361.702,3056129.912,True,"2026-10-30 01:01:16 UTC","262d, 23:29:21"
846594076.596,23162553.191,1382390.362,True,"2026-10-30 01:01:16 UTC","268d, 02:02:33"
846594076.596,23603744.681,888871.707,True,"2026-10-30 01:01:16 UTC","273d, 04:35:44"
846594076.596,24044936.17,654018.98,True,"2026-10-30 01:01:16 UTC","278d, 07:08:56"
846594076.596,24486127.66,517014.054,True,"2026-10-30 01:01:16 UTC","283d, 09:42:07"
846594076.596,24927319.149,427339.347,True,"2026-10-30 01:01:16 UTC","288d, 12:15:19"
846594076.596,25368510.638,364112.607,True,"2026-10-30 01:01:16 UTC","293d, 14:48:30"
846594076.596,25809702.128,317154.384,True,"2026-10-30 01:01:16 UTC","298d, 17:21:42"
846594076.596,26250893.617,280914.471,True,"2026-10-30 01:01:16 UTC","303d, 19:54:53"
846594076.596,26692085.106,252109.914,True,"2026-10-30 01:01:16 UTC","308d, 22:28:05"
846594076.596,27133276.596,228674.725,True,"2026-10-30 01:01:16 UTC","314d, 01:01:16"
846594076.596,27574468.085,209243.833,True,"2026-10-30 01:01:16 UTC","319d, 03:34:28"
846594076.596,28015659.574,192879.069,True,"2026-10-30 01:01:16 UTC","324d, 06:07:39"
846594076.596,28456851.064,178914.384,True,"2026-10-30 01:01:16 UTC","329d, 08:40:51"
846594076.596,28898042.553,166863.849,True,"2026-10-30 01:01:16 UTC","334d, 11:14:02"
846594076.596,29339234.043,156364.627,True,"2026-10-30 01:01:16 UTC","339d, 13:47:14"
846594076.596,29780425.532,147140.316,True,"2026-10-30 01:01:16 UTC","344d, 16:20:25"
846594076.596,30221617.021,138976.669,True,"2026-10-30 01:01:16 UTC","349d, 18:53:37"
846594076.596,30662808.511,131705.067,True,"2026-10-30 01:01:16 UTC","354d, 21:26:48"
846594076.596,31104000,126301.145,True,"2026-10-30 01:01:16 UTC","360d, 00:00:00"
846932323.404,10368000,102379.213,False,"2026-11-02 22:58:43 UTC","120d, 00:00:00"
846932323.404,10809191.489,105321.359,False,"2026-11-02 22:58:43 UTC","125d, 02:33:11"
846932323.404,11250382.979,108517.784,False,"2026-11-02 22:58:43 UTC","130d, 05:06:22"
846932323.404,11691574.468,111999.159,False,"2026-11-02 22:58:43 UTC","135d, 07:39:34"
846932323.404,12132765.957,115801.239,False,"2026-11-02 22:58:43 UTC","140d, 10:12:45"
846932323.404,12573957.447,119965.963,False,"2026-11-02 22:58:43 UTC","145d, 12:45:57"
846932323.404,13015148.936,124542.864,False,"2026-11-02 22:58:43 UTC","150d, 15:19:08"
846932323.404,13456340.426,129590.865,False,"2026-11-02 22:58:43 UTC","155d, 17:52:20"
846932323.404,13897531.915,135180.628,False,"2026-11-02 22:58:43 UTC","160d, 20:25:31"
846932323.404,14338723.404,141397.634,False,"2026-11-02 22:58:43 UTC","165d, 22:58:43"
846932323.404,14779914.894,148346.294,False,"2026-11-02 22:58:43 UTC","171d, 01:31:54"
846932323.404,15221106.383,156155.505,False,"2026-11-02 22:58:43 UTC","176d, 04:05:06"
846932323.404,15662297.872,164986.288,False,"2026-11-02 22:58:43 UTC","181d, 06:38:17"
846932323.404,16103489.362,175042.473,False,"2026-11-02 22:58:43 UTC","186d, 09:11:29"
846932323.404,16544680.851,186585.959,False,"2026-11-02 22:58:43 UTC","191d, 11:44:40"
846932323.404,16985872.34,199959.002,False,"2026-11-02 22:58:43 UTC","196d, 14:17:52"
846932323.404,17427063.83,215617.617,False,"2026-11-02 22:58:43 UTC","201d, 16:51:03"
846932323.404,17868255.319,234183.172,False,"2026-11-02 22:58:43 UTC","206d, 19:24:15"
846932323.404,18309446.809,256524.851,False,"2026-11-02 22:58:43 UTC","211d, 21:57:26"
846932323.404,18750638.298,283896.99,False,"2026-11-02 22:58:43 UTC","217d, 00:30:38"
846932323.404,19191829.787,318179.14,False,"2026-11-02 22:58:43 UTC","222d, 03:03:49"
846932323.404,19633021.277,362321.402,False,"2026-11-02 22:58:43 UTC","227d, 05:37:01"
846932323.404,20074212.766,421233.802,False,"2026-11-02 22:58:43 UTC","232d, 08:10:12"
846932323.404,20515404.255,503739.256,False,"2026-11-02 22:58:43 UTC","237d, 10:43:24"
846932323.404,20956595.745,627442.67,False,"2026-11-02 22:58:43 UTC","242d, 13:16:35"
846932323.404,21397787.234,833273.624,False,"2026-11-02 22:58:43 UTC","247d, 15:49:47"
846932323.404,21838978.723,1243163.521,False,"2026-11-02 22:58:43 UTC","252d, 18:22:58"
846932323.404,22280170.213,2454065.605,False,"2026-11-02 22:58:43 UTC","257d, 20:56:10"
846932323.404,22721361.702,20491836.512,False,"2026-11-02 22:58:43 UTC","262d, 23:29:21"
846932323.404,23162553.191,2485164.893,True,"2026-11-02 22:58:43 UTC","268d, 02:02:33"
846932323.404,23603744.681,1239832.42,True,"2026-11-02 22:58:43 UTC","273d, 04:35:44"
846932323.404,24044936.17,823982.79,True,"2026-11-02 22:58:43 UTC","278d, 07:08:56"
846932323.404,24486127.66,616553.019,True,"2026-11-02 22:58:43 UTC","283d, 09:42:07"
846932323.404,24927319.149,492356.712,True,"2026-11-02 22:58:43 UTC","288d, 12:15:19"
846932323.404,25368510.638,409699.319,True,"2026-11-02 22:58:43 UTC","293d, 14:48:30"
846932323.404,25809702.128,350746.81,True,"2026-11-02 22:58:43 UTC","298d, 17:21:42"
846932323.404,26250893.617,306596.531,True,"2026-11-02 22:58:43 UTC","303d, 19:54:53"
846932323.404,26692085.106,272308.468,True,"2026-11-02 22:58:43 UTC","308d, 22:28:05"
846932323.404,27133276.596,244921.277,True,"2026-11-02 22:58:43 UTC","314d, 01:01:16"
846932323.404,27574468.085,222551.773,True,"2026-11-02 22:58:43 UTC","319d, 03:34:28"
846932323.404,28015659.574,203945.19,True,"2026-11-02 22:58:43 UTC","324d, 06:07:39"
846932323.404,28456851.064,188233.226,True,"2026-11-02 22:58:43 UTC","329d, 08:40:51"
846932323.404,28898042.553,174795.883,True,"2026-11-02 22:58:43 UTC","334d, 11:14:02"
846932323.404,29339234.043,163178.621,True,"2026-11-02 22:58:43 UTC","339d, 13:47:14"
846932323.404,29780425.532,153040.614,True,"2026-11-02 22:58:43 UTC","344d, 16:20:25"
846932323.404,30221617.021,144121.273,True,"2026-11-02 22:58:43 UTC","349d, 18:53:37"
846932323.404,30662808.511,136217.962,True,"2026-11-02 22:58:43 UTC","354d, 21:26:48"
846932323.404,31104000,130062.799,True,"2026-11-02 22:58:43 UTC","360d, 00:00:00"
847270570.213,10368000,99564.135,False,"2026-11-06 20:56:10 UTC","120d, 00:00:00"
847270570.213,10809191.489,102283.98,False,"2026-11-06 20:56:10 UTC","125d, 02:33:11"
847270570.213,11250382.979,105234.085,False,"2026-11-06 20:56:10 UTC","130d, 05:06:22"
847270570.213,11691574.468,108441.396,False,"2026-11-06 20:56:10 UTC","135d, 07:39:34"
847270570.213,12132765.957,111937.18,False,"2026-11-06 20:56:10 UTC","140d, 10:12:45"
847270570.213,12573957.447,115757.93,False,"2026-11-06 20:56:10 UTC","145d, 12:45:57"
847270570.213,13015148.936,119946.512,False,"2026-11-06 20:56:10 UTC","150d, 15:19:08"
847270570.213,13456340.426,124553.616,False,"2026-11-06 20:56:10 UTC","155d, 17:52:20"
847270570.213,13897531.915,129639.639,False,"2026-11-06 20:56:10 UTC","160d, 20:25:31"
847270570.213,14338723.404,135277.129,False,"2026-11-06 20:56:10 UTC","165d, 22:58:43"
847270570.213,14779914.894,141554.011,False,"2026-11-06 20:56:10 UTC","171d, 01:31:54"
847270570.213,15221106.383,148577.897,False,"2026-11-06 20:56:10 UTC","176d, 04:05:06"
847270570.213,15662297.872,156481.934,False,"2026-11-06 20:56:10 UTC","181d, 06:38:17"
847270570.213,16103489.362,165432.871,False,"2026-11-06 20:56:10 UTC","186d, 09:11:29"
847270570.213,16544680.851,175642.393,False,"2026-11-06 20:56:10 UTC","191d, 11:44:40"
847270570.213,16985872.34,187383.37,False,"2026-11-06 20:56:10 UTC","196d, 14:17:52"
847270570.213,17427063.83,201013.72,False,"2026-11-06 20:56:10 UTC","201d, 16:51:03"
847270570.213,17868255.319,217012.379,False,"2026-11-06 20:56:10 UTC","206d, 19:24:15"
847270570.213,18309446.809,236035.238,False,"2026-11-06 20:56:10 UTC","211d, 21:57:26"
847270570.213,18750638.298,259005.275,False,"2026-11-06 20:56:10 UTC","217d, 00:30:38"
847270570.213,19191829.787,287264.055,False,"2026-11-06 20:56:10 UTC","222d, 03:03:49"
847270570.213,19633021.277,322839.631,False,"2026-11-06 20:56:10 UTC","227d, 05:37:01"
847270570.213,20074212.766,368950.522,False,"2026-11-06 20:56:10 UTC","232d, 08:10:12"
847270570.213,20515404.255,431030.334,False,"2026-11-06 20:56:10 UTC","237d, 10:43:24"
847270570.213,20956595.745,519031.063,False,"2026-11-06 20:56:10 UTC","242d, 13:16:35"
847270570.213,21397787.234,653355.312,False,"2026-11-06 20:56:10 UTC","247d, 15:49:47"
847270570.213,21838978.723,883459.131,False,"2026-11-06 20:56:10 UTC","252d, 18:22:58"
847270570.213,22280170.213,1368107.586,False,"2026-11-06 20:56:10 UTC","257d, 20:56:10"
847270570.213,22721361.702,3047816.688,False,"2026-11-06 20:56:10 UTC","262d, 23:29:21"
847270570.213,23162553.191,11894358.215,True,"2026-11-06 20:56:10 UTC","268d, 02:02:33"
847270570.213,23603744.681,2047221.388,True,"2026-11-06 20:56:10 UTC","273d, 04:35:44"
847270570.213,24044936.17,1112871.701,True,"2026-11-06 20:56:10 UTC","278d, 07:08:56"
847270570.213,24486127.66,763357.929,True,"2026-11-06 20:56:10 UTC","283d, 09:42:07"
847270570.213,24927319.149,580575.942,True,"2026-11-06 20:56:10 UTC","288d, 12:15:19"
847270570.213,25368510.638,468233.818,True,"2026-11-06 20:56:10 UTC","293d, 14:48:30"
847270570.213,25809702.128,392217.512,True,"2026-11-06 20:56:10 UTC","298d, 17:21:42"
847270570.213,26250893.617,337380.362,True,"2026-11-06 20:56:10 UTC","303d, 19:54:53"
847270570.213,26692085.106,295969.625,True,"2026-11-06 20:56:10 UTC","308d, 22:28:05"
847270570.213,27133276.596,263605.513,True,"2026-11-06 20:56:10 UTC","314d, 01:01:16"
847270570.213,27574468.085,237626.83,True,"2026-11-06 20:56:10 UTC","319d, 03:34:28"
847270570.213,28015659.574,216323.323,True,"2026-11-06 20:56:10 UTC","324d, 06:07:39"
847270570.213,28456851.064,198545.748,True,"2026-11-06 20:56:10 UTC","329d, 08:40:51"
847270570.213,28898042.553,183493.257,True,"2026-11-06 20:56:10 UTC","334d, 11:14:02"
847270570.213,29339234.043,170590.659,True,"2026-11-06 20:56:10 UTC","339d, 13:47:14"
847270570.213,29780425.532,159414.151,True,"2026-11-06 20:56:10 UTC","344d, 16:20:25"
847270570.213,30221617.021,149644.574,True,"2026-11-06 20:56:10 UTC","349d, 18:53:37"
847270570.213,30662808.511,141036.985,True,"2026-11-06 20:56:10 UTC","354d, 21:26:48"
847270570.213,31104000,134076.545,True,"2026-11-06 20:56:10 UTC","360d, 00:00:00"
847608817.021,10368000,96941.346,False,"2026-11-10 18:53:37 UTC","120d, 00:00:00"
847608817.021,10809191.489,99460.149,False,"2026-11-10 18:53:37 UTC","125d, 02:33:11"
847608817.021,11250382.979,102188.258,False,"2026-11-10 18:53:37 UTC","130d, 05:06:22"
847608817.021,11691574.468,105149.476,False,"2026-11-10 18:53:37 UTC","135d, 07:39:34"
847608817.021,12132765.957,108371.309,False,"2026-11-10 18:53:37 UTC","140d, 10:12:45"
847608817.021,12573957.447,111885.708,False,"2026-11-10 18:53:37 UTC","145d, 12:45:57"
847608817.021,13015148.936,115730.019,False,"2026-11-10 18:53:37 UTC","150d, 15:19:08"
847608817.021,13456340.426,119948.166,False,"2026-11-10 18:53:37 UTC","155d, 17:52:20"
847608817.021,13897531.915,124592.178,False,"2026-11-10 18:53:37 UTC","160d, 20:25:31"
847608817.021,14338723.404,129724.146,False,"2026-11-10 18:53:37 UTC","165d, 22:58:43"
847608817.021,14779914.894,135418.792,False,"2026-11-10 18:53:37 UTC","171d, 01:31:54"
847608817.021,15221106.383,141766.856,False,"2026-11-10 18:53:37 UTC","176d, 04:05:06"
847608817.021,15662297.872,148879.647,False,"2026-11-10 18:53:37 UTC","181d, 06:38:17"
847608817.021,16103489.362,156895.226,False,"2026-11-10 18:53:37 UTC","186d, 09:11:29"
847608817.021,16544680.851,165986.98,False,"2026-11-10 18:53:37 UTC","191d, 11:44:40"
847608817.021,16985872.34,176375.711,False,"2026-11-10 18:53:37 UTC","196d, 14:17:52"
847608817.021,17427063.83,188347.066,False,"2026-11-10 18:53:37 UTC","201d, 16:51:03"
847608817.021,17868255.319,202277.256,False,"2026-11-10 18:53:37 UTC","206d, 19:24:15"
847608817.021,18309446.809,218672.104,False,"2026-11-10 18:53:37 UTC","211d, 21:57:26"
847608817.021,18750638.298,238228.198,False,"2026-11-10 18:53:37 UTC","217d, 00:30:38"
847608817.021,19191829.787,261932.303,False,"2026-11-10 18:53:37 UTC","222d, 03:03:49"
847608817.021,19633021.277,291230.225,False,"2026-11-10 18:53:37 UTC","227d, 05:37:01"
847608817.021,20074212.766,328329.209,False,"2026-11-10 18:53:37 UTC","232d, 08:10:12"
847608817.021,20515404.255,376775.811,False,"2026-11-10 18:53:37 UTC","237d, 10:43:24"
847608817.021,20956595.745,442654.508,False,"2026-11-10 18:53:37 UTC","242d, 13:16:35"
847608817.021,21397787.234,537354.641,False,"2026-11-10 18:53:37 UTC","247d, 15:49:47"
847608817.021,21838978.723,684967.368,False,"2026-11-10 18:53:37 UTC","252d, 18:22:58"
847608817.021,22280170.213,946845.217,False,"2026-11-10 18:53:37 UTC","257d, 20:56:10"
847608817.021,22721361.702,1539060.053,False,"2026-11-10 18:53:37 UTC","262d, 23:29:21"
847608817.021,23162553.191,4151200.791,False,"2026-11-10 18:53:37 UTC","268d, 02:02:33"
847608817.021,23603744.681,5852224.716,True,"2026-11-10 18:53:37 UTC","273d, 04:35:44"
847608817.021,24044936.17,1711970.061,True,"2026-11-10 18:53:37 UTC","278d, 07:08:56"
847608817.021,24486127.66,1001232.191,True,"2026-11-10 18:53:37 UTC","283d, 09:42:07"
847608817.021,24927319.149,706920.965,True,"2026-11-10 18:53:37 UTC","288d, 12:15:19"
847608817.021,25368510.638,546029.554,True,"2026-11-10 18:53:37 UTC","293d, 14:48:30"
847608817.021,25809702.128,444632.017,True,"2026-11-10 18:53:37 UTC","298d, 17:21:42"
847608817.021,26250893.617,374903.786,True,"2026-11-10 18:53:37 UTC","303d, 19:54:53"
847608817.021,26692085.106,324031.925,True,"2026-11-10 18:53:37 UTC","308d, 22:28:05"
847608817.021,27133276.596,285294.703,True,"2026-11-10 18:53:37 UTC","314d, 01:01:16"
847608817.021,27574468.085,254826.44,True,"2026-11-10 18:53:37 UTC","319d, 03:34:28"
847608817.021,28015659.574,230246.26,True,"2026-11-10 18:53:37 UTC","324d, 06:07:39"
847608817.021,28456851.064,210007.638,True,"2026-11-10 18:53:37 UTC","329d, 08:40:51"
847608817.021,28898042.553,193062.334,True,"2026-11-10 18:53:37 UTC","334d, 11:14:02"
847608817.021,29339234.043,178674.643,True,"2026-11-10 18:53:37 UTC","339d, 13:47:14"
847608817.021,29780425.532,166312.96,True,"2026-11-10 18:53:37 UTC","344d, 16:20:25"
847608817.021,30221617.021,155583.567,True,"2026-11-10 18:53:37 UTC","349d, 18:53:37"
847608817.021,30662808.511,146188.623,True,"2026-11-10 18:53:37 UTC","354d, 21:26:48"
847608817.021,31104000,138366.597,True,"2026-11-10 18:53:37 UTC","360d, 00:00:00"
847947063.83,10368000,94494.436,False,"2026-11-14 16:51:03 UTC","120d, 00:00:00"
847947063.83,10809191.489,96830.924,False,"2026-11-14 16:51:03 UTC","125d, 02:33:11"
847947063.83,11250382.979,99358.364,False,"2026-11-14 16:51:03 UTC","130d, 05:06:22"
847947063.83,11691574.468,102097.895,False,"2026-11-14 16:51:03 UTC","135d, 07:39:34"
847947063.83,12132765.957,105073.842,False,"2026-11-14 16:51:03 UTC","140d, 10:12:45"
847947063.83,12573957.447,108314.35,False,"2026-11-14 16:51:03 UTC","145d, 12:45:57"
847947063.83,13015148.936,111852.16,False,"2026-11-14 16:51:03 UTC","150d, 15:19:08"
847947063.83,13456340.426,115725.593,False,"2026-11-14 16:51:03 UTC","155d, 17:52:20"
847947063.83,13897531.915,119979.793,False,"2026-11-14 16:51:03 UTC","160d, 20:25:31"
847947063.83,14338723.404,124668.322,False,"2026-11-14 16:51:03 UTC","165d, 22:58:43"
847947063.83,14779914.894,129855.221,False,"2026-11-14 16:51:03 UTC","171d, 01:31:54"
847947063.83,15221106.383,135617.713,False,"2026-11-14 16:51:03 UTC","176d, 04:05:06"
847947063.83,15662297.872,142049.786,False,"2026-11-14 16:51:03 UTC","181d, 06:38:17"
847947063.83,16103489.362,149267.012,False,"2026-11-14 16:51:03 UTC","186d, 09:11:29"
847947063.83,16544680.851,157413.142,False,"2026-11-14 16:51:03 UTC","191d, 11:44:40"
847947063.83,16985872.34,166669.257,False,"2026-11-14 16:51:03 UTC","196d, 14:17:52"
847947063.83,17427063.83,177266.768,False,"2026-11-14 16:51:03 UTC","201d, 16:51:03"
847947063.83,17868255.319,189506.226,False,"2026-11-14 16:51:03 UTC","206d, 19:24:15"
847947063.83,18309446.809,203785.289,False,"2026-11-14 16:51:03 UTC","211d, 21:57:26"
847947063.83,18750638.298,220641.441,False,"2026-11-14 16:51:03 UTC","217d, 00:30:38"
847947063.83,19191829.787,240819.488,False,"2026-11-14 16:51:03 UTC","222d, 03:03:49"
847947063.83,19633021.277,265382.328,False,"2026-11-14 16:51:03 UTC","227d, 05:37:01"
847947063.83,20074212.766,295901.321,False,"2026-11-14 16:51:03 UTC","232d, 08:10:12"
847947063.83,20515404.255,334802.045,False,"2026-11-14 16:51:03 UTC","237d, 10:43:24"
847947063.83,20956595.745,386036.764,False,"2026-11-14 16:51:03 UTC","242d, 13:16:35"
847947063.83,21397787.234,456511.192,False,"2026-11-14 16:51:03 UTC","247d, 15:49:47"
847947063.83,21838978.723,559479.469,False,"2026-11-14 16:51:03 UTC","252d, 18:22:58"
847947063.83,22280170.213,724020.388,False,"2026-11-14 16:51:03 UTC","257d, 20:56:10"
847947063.83,22721361.702,1028708.7,False,"2026-11-14 16:51:03 UTC","262d, 23:29:21"
847947063.83,23162553.191,1784936.074,False,"2026-11-14 16:51:03 UTC","268d, 02:02:33"
847947063.83,23603744.681,6847288.271,False,"2026-11-14 16:51:03 UTC","273d, 04:35:44"
847947063.83,24044936.17,3687426.63,True,"2026-11-14 16:51:03 UTC","278d, 07:08:56"
847947063.83,24486127.66,1451643.14,True,"2026-11-14 16:51:03 UTC","283d, 09:42:07"
847947063.83,24927319.149,902498.066,True,"2026-11-14 16:51:03 UTC","288d, 12:15:19"
847947063.83,25368510.638,654281.977,True,"2026-11-14 16:51:03 UTC","293d, 14:48:30"
847947063.83,25809702.128,512884.294,True,"2026-11-14 16:51:03 UTC","298d, 17:21:42"
847947063.83,26250893.617,421595.364,True,"2026-11-14 16:51:03 UTC","303d, 19:54:53"
847947063.83,26692085.106,357813.147,True,"2026-11-14 16:51:03 UTC","308d, 22:28:05"
847947063.83,27133276.596,310752.869,True,"2026-11-14 16:51:03 UTC","314d, 01:01:16"
847947063.83,27574468.085,274616.701,True,"2026-11-14 16:51:03 UTC","319d, 03:34:28"
847947063.83,28015659.574,246009.981,True,"2026-11-14 16:51:03 UTC","324d, 06:07:39"
847947063.83,28456851.064,222812.984,True,"2026-11-14 16:51:03 UTC","329d, 08:40:51"
847947063.83,28898042.553,203633.734,True,"2026-11-14 16:51:03 UTC","334d, 11:14:02"
847947063.83,29339234.043,187520.342,True,"2026-11-14 16:51:03 UTC","339d, 13:47:14"
847947063.83,29780425.532,173799.772,True,"2026-11-14 16:51:03 UTC","344d, 16:20:25"
847947063.83,30221617.021,161982.664,True,"2026-11-14 16:51:03 UTC","349d, 18:53:37"
847947063.83,30662808.511,151704.624,True,"2026-11-14 16:51:03 UTC","354d, 21:26:48"
847947063.83,31104000,142960.388,True,"2026-11-14 16:51:03 UTC","360d, 00:00:00"
848285310.638,10368000,92208.803,False,"2026-11-18 14:48:30 UTC","120d, 00:00:00"
848285310.638,10809191.489,94379.533,False,"2026-11-18 14:48:30 UTC","125d, 02:33:11"
848285310.638,11250382.979,96725.08,False,"2026-11-18 14:48:30 UTC","130d, 05:06:22"
848285310.638,11691574.468,99264.305,False,"2026-11-18 14:48:30 UTC","135d, 07:39:34"
848285310.638,12132765.957,102018.838,False,"2026-11-18 14:48:30 UTC","140d, 10:12:45"
848285310.638,12573957.447,105013.604,False,"2026-11-18 14:48:30 UTC","145d, 12:45:57"
848285310.638,13015148.936,108277.482,False,"2026-11-18 14:48:30 UTC","150d, 15:19:08"
848285310.638,13456340.426,111844.113,False,"2026-11-18 14:48:30 UTC","155d, 17:52:20"
848285310.638,13897531.915,115752.938,False,"2026-11-18 14:48:30 UTC","160d, 20:25:31"
848285310.638,14338723.404,120050.499,False,"2026-11-18 14:48:30 UTC","165d, 22:58:43"
848285310.638,14779914.894,124792.116,False,"2026-11-18 14:48:30 UTC","171d, 01:31:54"
848285310.638,15221106.383,130044.072,False,"2026-11-18 14:48:30 UTC","176d, 04:05:06"
848285310.638,15662297.872,135886.466,False,"2026-11-18 14:48:30 UTC","181d, 06:38:17"
848285310.638,16103489.362,142417.027,False,"2026-11-18 14:48:30 UTC","186d, 09:11:29"
848285310.638,16544680.851,149756.256,False,"2026-11-18 14:48:30 UTC","191d, 11:44:40"
848285310.638,16985872.34,158054.485,False,"2026-11-18 14:48:30 UTC","196d, 14:17:52"
848285310.638,17427063.83,167501.737,False,"2026-11-18 14:48:30 UTC","201d, 16:51:03"
848285310.638,17868255.319,178341.781,False,"2026-11-18 14:48:30 UTC","206d, 19:24:15"
848285310.638,18309446.809,190892.622,False,"2026-11-18 14:48:30 UTC","211d, 21:57:26"
848285310.638,18750638.298,205577.137,False,"2026-11-18 14:48:30 UTC","217d, 00:30:38"
848285310.638,19191829.787,222970.285,False,"2026-11-18 14:48:30 UTC","222d, 03:03:49"
848285310.638,19633021.277,243874.342,False,"2026-11-18 14:48:30 UTC","227d, 05:37:01"
848285310.638,20074212.766,269443.762,False,"2026-11-18 14:48:30 UTC","232d, 08:10:12"
848285310.638,20515404.255,301402.549,False,"2026-11-18 14:48:30 UTC","237d, 10:43:24"
848285310.638,20956595.745,342445.425,False,"2026-11-18 14:48:30 UTC","242d, 13:16:35"
848285310.638,21397787.234,397033.861,False,"2026-11-18 14:48:30 UTC","247d, 15:49:47"
848285310.638,21838978.723,473129.447,False,"2026-11-18 14:48:30 UTC","252d, 18:22:58"
848285310.638,22280170.213,586466.619,False,"2026-11-18 14:48:30 UTC","257d, 20:56:10"
848285310.638,22721361.702,773120.033,False,"2026-11-18 14:48:30 UTC","262d, 23:29:21"
848285310.638,23162553.191,1137970.947,False,"2026-11-18 14:48:30 UTC","268d, 02:02:33"
848285310.638,23603744.681,2166452.474,False,"2026-11-18 14:48:30 UTC","273d, 04:35:44"
848285310.638,24044936.17,19059815.398,False,"2026-11-18 14:48:30 UTC","278d, 07:08:56"
848285310.638,24486127.66,2619710.769,True,"2026-11-18 14:48:30 UTC","283d, 09:42:07"
848285310.638,24927319.149,1244606.581,True,"2026-11-18 14:48:30 UTC","288d, 12:15:19"
848285310.638,25368510.638,814920.798,True,"2026-11-18 14:48:30 UTC","293d, 14:48:30"
848285310.638,25809702.128,605302.384,True,"2026-11-18 14:48:30 UTC","298d, 17:21:42"
848285310.638,26250893.617,481218.518,True,"2026-11-18 14:48:30 UTC","303d, 19:54:53"
848285310.638,26692085.106,399223.55,True,"2026-11-18 14:48:30 UTC","308d, 22:28:05"
848285310.638,27133276.596,341033.809,True,"2026-11-18 14:48:30 UTC","314d, 01:01:16"
848285310.638,27574468.085,297616.456,True,"2026-11-18 14:48:30 UTC","319d, 03:34:28"
848285310.638,28015659.574,263996.002,True,"2026-11-18 14:48:30 UTC","324d, 06:07:39"
848285310.638,28456851.064,237206.274,True,"2026-11-18 14:48:30 UTC","329d, 08:40:51"
848285310.638,28898042.553,215369.123,True,"2026-11-18 14:48:30 UTC","334d, 11:14:02"
848285310.638,29339234.043,197237.43,True,"2026-11-18 14:48:30 UTC","339d, 13:47:14"
848285310.638,29780425.532,181950.567,True,"2026-11-18 14:48:30 UTC","344d, 16:20:25"
848285310.638,30221617.021,168895.394,True,"2026-11-18 14:48:30 UTC","349d, 18:53:37"
848285310.638,30662808.511,157623.198,True,"2026-11-18 14:48:30 UTC","354d, 21:26:48"
848285310.638,31104000,147889.114,True,"2026-11-18 14:48:30 UTC","360d, 00:00:00"
848623557.447,10368000,90071.408,False,"2026-11-22 12:45:57 UTC","120d, 00:00:00"
848623557.447,10809191.489,92091.069,False,"2026-11-22 12:45:57 UTC","125d, 02:33:11"
848623557.447,11250382.979,94271.312,False,"2026-11-22 12:45:57 UTC","130d, 05:06:22"
848623557.447,11691574.468,96629.043,False,"2026-11-22 12:45:57 UTC","135d, 07:39:34"
848623557.447,12132765.957,99183.59,False,"2026-11-22 12:45:57 UTC","140d, 10:12:45"
848623557.447,12573957.447,101957.144,False,"2026-11-22 12:45:57 UTC","145d, 12:45:57"
848623557.447,13015148.936,104975.316,False,"2026-11-22 12:45:57 UTC","150d, 15:19:08"
848623557.447,13456340.426,108267.821,False,"2026-11-22 12:45:57 UTC","155d, 17:52:20"
848623557.447,13897531.915,111869.333,False,"2026-11-22 12:45:57 UTC","160d, 20:25:31"
848623557.447,14338723.404,115820.572,False,"2026-11-22 12:45:57 UTC","165d, 22:58:43"
848623557.447,14779914.894,120169.678,False,"2026-11-22 12:45:57 UTC","171d, 01:31:54"
848623557.447,15221106.383,124973.991,False,"2026-11-22 12:45:57 UTC","176d, 04:05:06"
848623557.447,15662297.872,130302.363,False,"2026-11-22 12:45:57 UTC","181d, 06:38:17"
848623557.447,16103489.362,136238.202,False,"2026-11-22 12:45:57 UTC","186d, 09:11:29"
848623557.447,16544680.851,142883.552,False,"2026-11-22 12:45:57 UTC","191d, 11:44:40"
848623557.447,16985872.34,150364.607,False,"2026-11-22 12:45:57 UTC","196d, 14:17:52"
848623557.447,17427063.83,158839.332,False,"2026-11-22 12:45:57 UTC","201d, 16:51:03"
848623557.447,17868255.319,168508.153,False,"2026-11-22 12:45:57 UTC","206d, 19:24:15"
848623557.447,18309446.809,179629.284,False,"2026-11-22 12:45:57 UTC","211d, 21:57:26"
848623557.447,18750638.298,192541.223,False,"2026-11-22 12:45:57 UTC","217d, 00:30:38"
848623557.447,19191829.787,207696.652,False,"2026-11-22 12:45:57 UTC","222d, 03:03:49"
848623557.447,19633021.277,225715.12,False,"2026-11-22 12:45:57 UTC","227d, 05:37:01"
848623557.447,20074212.766,247467.893,False,"2026-11-22 12:45:57 UTC","232d, 08:10:12"
848623557.447,20515404.255,274220.489,False,"2026-11-22 12:45:57 UTC","237d, 10:43:24"
848623557.447,20956595.745,307884.543,False,"2026-11-22 12:45:57 UTC","242d, 13:16:35"
848623557.447,21397787.234,351491.185,False,"2026-11-22 12:45:57 UTC","247d, 15:49:47"
848623557.447,21838978.723,410152.385,False,"2026-11-22 12:45:57 UTC","252d, 18:22:58"
848623557.447,22280170.213,493218.863,False,"2026-11-22 12:45:57 UTC","257d, 20:56:10"
848623557.447,22721361.702,619860.119,False,"2026-11-22 12:45:57 UTC","262d, 23:29:21"
848623557.447,23162553.191,836272.487,False,"2026-11-22 12:45:57 UTC","268d, 02:02:33"
848623557.447,23603744.681,1289166.449,False,"2026-11-22 12:45:57 UTC","273d, 04:35:44"
848623557.447,24044936.17,2816601.316,False,"2026-11-22 12:45:57 UTC","278d, 07:08:56"
848623557.447,24486127.66,11036145.335,True,"2026-11-22 12:45:57 UTC","283d, 09:42:07"
848623557.447,24927319.149,1991474.372,True,"2026-11-22 12:45:57 UTC","288d, 12:15:19"
848623557.447,25368510.638,1077430.176,True,"2026-11-22 12:45:57 UTC","293d, 14:48:30"
848623557.447,25809702.128,737282.028,True,"2026-11-22 12:45:57 UTC","298d, 17:21:42"
848623557.447,26250893.617,559927.265,True,"2026-11-22 12:45:57 UTC","303d, 19:54:53"
848623557.447,26692085.106,451136.635,True,"2026-11-22 12:45:57 UTC","308d, 22:28:05"
848623557.447,27133276.596,377629.757,True,"2026-11-22 12:45:57 UTC","314d, 01:01:16"
848623557.447,27574468.085,324663.042,True,"2026-11-22 12:45:57 UTC","319d, 03:34:28"
848623557.447,28015659.574,284702.728,True,"2026-11-22 12:45:57 UTC","324d, 06:07:39"
848623557.447,28456851.064,253498.272,True,"2026-11-22 12:45:57 UTC","329d, 08:40:51"
848623557.447,28898042.553,228469.667,True,"2026-11-22 12:45:57 UTC","334d, 11:14:02"
848623557.447,29339234.043,207960.193,True,"2026-11-22 12:45:57 UTC","339d, 13:47:14"
848623557.447,29780425.532,190857.301,True,"2026-11-22 12:45:57 UTC","344d, 16:20:25"
848623557.447,30221617.021,176386.073,True,"2026-11-22 12:45:57 UTC","349d, 18:53:37"
848623557.447,30662808.511,163990.111,True,"2026-11-22 12:45:57 UTC","354d, 21:26:48"
848623557.447,31104000,153188.386,True,"2026-11-22 12:45:57 UTC","360d, 00:00:00"
848961804.255,10368000,88070.571,False,"2026-11-26 10:43:24 UTC","120d, 00:00:00"
848961804.255,10809191.489,89952.236,False,"2026-11-26 10:43:24 UTC","125d, 02:33:11"
848961804.255,11250382.979,91981.881,False,"2026-11-26 10:43:24 UTC","130d, 05:06:22"
848961804.255,11691574.468,94174.731,False,"2026-11-26 10:43:24 UTC","135d, 07:39:34"
848961804.255,12132765.957,96548.133,False,"2026-11-26 10:43:24 UTC","140d, 10:12:45"
848961804.255,12573957.447,99121.944,False,"2026-11-26 10:43:24 UTC","145d, 12:45:57"
848961804.255,13015148.936,101918.997,False,"2026-11-26 10:43:24 UTC","150d, 15:19:08"
848961804.255,13456340.426,104965.684,False,"2026-11-26 10:43:24 UTC","155d, 17:52:20"
848961804.255,13897531.915,108292.673,False,"2026-11-26 10:43:24 UTC","160d, 20:25:31"
848961804.255,14338723.404,111935.816,False,"2026-11-26 10:43:24 UTC","165d, 22:58:43"
848961804.255,14779914.894,115937.293,False,"2026-11-26 10:43:24 UTC","171d, 01:31:54"
848961804.255,15221106.383,120347.074,False,"2026-11-26 10:43:24 UTC","176d, 04:05:06"
848961804.255,15662297.872,125224.812,False,"2026-11-26 10:43:24 UTC","181d, 06:38:17"
848961804.255,16103489.362,130642.307,False,"2026-11-26 10:43:24 UTC","186d, 09:11:29"
848961804.255,16544680.851,136686.777,False,"2026-11-26 10:43:24 UTC","191d, 11:44:40"
848961804.255,16985872.34,143465.238,False,"2026-11-26 10:43:24 UTC","196d, 14:17:52"
848961804.255,17427063.83,151110.476,False,"2026-11-26 10:43:24 UTC","201d, 16:51:03"
848961804.255,17868255.319,159789.32,False,"2026-11-26 10:43:24 UTC","206d, 19:24:15"
848961804.255,18309446.809,169714.331,False,"2026-11-26 10:43:24 UTC","211d, 21:57:26"
848961804.255,18750638.298,181160.656,False,"2026-11-26 10:43:24 UTC","217d, 00:30:38"
848961804.255,19191829.787,194490.964,False,"2026-11-26 10:43:24 UTC","222d, 03:03:49"
848961804.255,19633021.277,210193.334,False,"2026-11-26 10:43:24 UTC","227d, 05:37:01"
848961804.255,20074212.766,228940.722,False,"2026-11-26 10:43:24 UTC","232d, 08:10:12"
848961804.255,20515404.255,251687.873,False,"2026-11-26 10:43:24 UTC","237d, 10:43:24"
848961804.255,20956595.745,279836.396,False,"2026-11-26 10:43:24 UTC","242d, 13:16:35"
848961804.255,21397787.234,315531.444,False,"2026-11-26 10:43:24 UTC","247d, 15:49:47"
848961804.255,21838978.723,362231.219,False,"2026-11-26 10:43:24 UTC","252d, 18:22:58"
848961804.255,22280170.213,425894.884,False,"2026-11-26 10:43:24 UTC","257d, 20:56:10"
848961804.255,22721361.702,517799.062,False,"2026-11-26 10:43:24 UTC","262d, 23:29:21"
848961804.255,23162553.191,661763.758,False,"2026-11-26 10:43:24 UTC","268d, 02:02:33"
848961804.255,23603744.681,918945.214,False,"2026-11-26 10:43:24 UTC","273d, 04:35:44"
848961804.255,24044936.17,1506583.492,False,"2026-11-26 10:43:24 UTC","278d, 07:08:56"
848961804.255,24486127.66,4108812.896,False,"2026-11-26 10:43:24 UTC","283d, 09:42:07"
848961804.255,24927319.149,4750411.681,True,"2026-11-26 10:43:24 UTC","288d, 12:15:19"
848961804.255,25368510.638,1580975.515,True,"2026-11-26 10:43:24 UTC","293d, 14:48:30"
848961804.255,25809702.128,940710.61,True,"2026-11-26 10:43:24 UTC","298d, 17:21:42"
848961804.255,26250893.617,668500.425,True,"2026-11-26 10:43:24 UTC","303d, 19:54:53"
848961804.255,26692085.106,518074.731,True,"2026-11-26 10:43:24 UTC","308d, 22:28:05"
848961804.255,27133276.596,422720.758,True,"2026-11-26 10:43:24 UTC","314d, 01:01:16"
848961804.255,27574468.085,356914.633,True,"2026-11-26 10:43:24 UTC","319d, 03:34:28"
848961804.255,28015659.574,308791.395,True,"2026-11-26 10:43:24 UTC","324d, 06:07:39"
848961804.255,28456851.064,272088.105,True,"2026-11-26 10:43:24 UTC","329d, 08:40:51"
848961804.255,28898042.553,243187.224,True,"2026-11-26 10:43:24 UTC","334d, 11:14:02"
848961804.255,29339234.043,219853.453,True,"2026-11-26 10:43:24 UTC","339d, 13:47:14"
848961804.255,29780425.532,200631.152,True,"2026-11-26 10:43:24 UTC","344d, 16:20:25"
848961804.255,30221617.021,184531.632,True,"2026-11-26 10:43:24 UTC","349d, 18:53:37"
848961804.255,30662808.511,170859.757,True,"2026-11-26 10:43:24 UTC","354d, 21:26:48"
848961804.255,31104000,158899.025,True,"2026-11-26 10:43:24 UTC","360d, 00:00:00"
849300051.064,10368000,86195.792,False,"2026-11-30 08:40:51 UTC","120d, 00:00:00"
849300051.064,10809191.489,87951.13,False,"2026-11-30 08:40:51 UTC","125d, 02:33:11"
849300051.064,11250382.979,89843.26,False,"2026-11-30 08:40:51 UTC","130d, 05:06:22"
849300051.064,11691574.468,91885.949,False,"2026-11-30 08:40:51 UTC","135d, 07:39:34"
849300051.064,12132765.957,94094.837,False,"2026-11-30 08:40:51 UTC","140d, 10:12:45"
849300051.064,12573957.447,96487.775,False,"2026-11-30 08:40:51 UTC","145d, 12:45:57"
849300051.064,13015148.936,99085.22,False,"2026-11-30 08:40:51 UTC","150d, 15:19:08"
849300051.064,13456340.426,101910.735,False,"2026-11-30 08:40:51 UTC","155d, 17:52:20"
849300051.064,13897531.915,104991.598,False,"2026-11-30 08:40:51 UTC","160d, 20:25:31"
849300051.064,14338723.404,108359.566,False,"2026-11-30 08:40:51 UTC","165d, 22:58:43"
849300051.064,14779914.894,112051.83,False,"2026-11-30 08:40:51 UTC","171d, 01:31:54"
849300051.064,15221106.383,116112.238,False,"2026-11-30 08:40:51 UTC","176d, 04:05:06"
849300051.064,15662297.872,120592.853,False,"2026-11-30 08:40:51 UTC","181d, 06:38:17"
849300051.064,16103489.362,125555.973,False,"2026-11-30 08:40:51 UTC","186d, 09:11:29"
849300051.064,16544680.851,131076.787,False,"2026-11-30 08:40:51 UTC","191d, 11:44:40"
849300051.064,16985872.34,137246.896,False,"2026-11-30 08:40:51 UTC","196d, 14:17:52"
849300051.064,17427063.83,144179.061,False,"2026-11-30 08:40:51 UTC","201d, 16:51:03"
849300051.064,17868255.319,152013.707,False,"2026-11-30 08:40:51 UTC","206d, 19:24:15"
849300051.064,18309446.809,160927.985,False,"2026-11-30 08:40:51 UTC","211d, 21:57:26"
849300051.064,18750638.298,171148.649,False,"2026-11-30 08:40:51 UTC","217d, 00:30:38"
849300051.064,19191829.787,182970.777,False,"2026-11-30 08:40:51 UTC","222d, 03:03:49"
849300051.064,19633021.277,196785.682,False,"2026-11-30 08:40:51 UTC","227d, 05:37:01"
849300051.064,20074212.766,213123.729,False,"2026-11-30 08:40:51 UTC","232d, 08:10:12"
849300051.064,20515404.255,232722.316,False,"2026-11-30 08:40:51 UTC","237d, 10:43:24"
849300051.064,20956595.745,256638.108,False,"2026-11-30 08:40:51 UTC","242d, 13:16:35"
849300051.064,21397787.234,286441.294,False,"2026-11-30 08:40:51 UTC","247d, 15:49:47"
849300051.064,21838978.723,324571.525,False,"2026-11-30 08:40:51 UTC","252d, 18:22:58"
849300051.064,22280170.213,375037.588,False,"2026-11-30 08:40:51 UTC","257d, 20:56:10"
849300051.064,22721361.702,444999.012,False,"2026-11-30 08:40:51 UTC","262d, 23:29:21"
849300051.064,23162553.191,548081.383,False,"2026-11-30 08:40:51 UTC","268d, 02:02:33"
849300051.064,23603744.681,714832.366,False,"2026-11-30 08:40:51 UTC","273d, 04:35:44"
849300051.064,24044936.17,1029632.596,False,"2026-11-30 08:40:51 UTC","278d, 07:08:56"
849300051.064,24486127.66,1838989.364,False,"2026-11-30 08:40:51 UTC","283d, 09:42:07"
849300051.064,24927319.149,7216421.295,False,"2026-11-30 08:40:51 UTC","288d, 12:15:19"
849300051.064,25368510.638,2904807.841,True,"2026-11-30 08:40:51 UTC","293d, 14:48:30"
849300051.064,25809702.128,1293610.095,True,"2026-11-30 08:40:51 UTC","298d, 17:21:42"
849300051.064,26250893.617,827628.731,True,"2026-11-30 08:40:51 UTC","303d, 19:54:53"
849300051.064,26692085.106,607573.501,True,"2026-11-30 08:40:51 UTC","308d, 22:28:05"
849300051.064,27133276.596,479615.893,True,"2026-11-30 08:40:51 UTC","314d, 01:01:16"
849300051.064,27574468.085,396016.485,True,"2026-11-30 08:40:51 UTC","319d, 03:34:28"
849300051.064,28015659.574,337156.009,True,"2026-11-30 08:40:51 UTC","324d, 06:07:39"
849300051.064,28456851.064,293495.206,True,"2026-11-30 08:40:51 UTC","329d, 08:40:51"
849300051.064,28898042.553,259839.881,True,"2026-11-30 08:40:51 UTC","334d, 11:14:02"
849300051.064,29339234.043,233120.467,True,"2026-11-30 08:40:51 UTC","339d, 13:47:14"
849300051.064,29780425.532,211406.687,True,"2026-11-30 08:40:51 UTC","344d, 16:20:25"
849300051.064,30221617.021,193423.879,True,"2026-11-30 08:40:51 UTC","349d, 18:53:37"
849300051.064,30662808.511,178296.398,True,"2026-11-30 08:40:51 UTC","354d, 21:26:48"
849300051.064,31104000,165068.027,True,"2026-11-30 08:40:51 UTC","360d, 00:00:00"
849638297.872,10368000,84437.608,False,"2026-12-04 06:38:17 UTC","120d, 00:00:00"
849638297.872,10809191.489,86077.061,False,"2026-12-04 06:38:17 UTC","125d, 02:33:11"
849638297.872,11250382.979,87843.349,False,"2026-12-04 06:38:17 UTC","130d, 05:06:22"
849638297.872,11691574.468,89748.965,False,"2026-12-04 06:38:17 UTC","135d, 07:39:34"
849638297.872,12132765.957,91808.073,False,"2026-12-04 06:38:17 UTC","140d, 10:12:45"
849638297.872,12573957.447,94036.787,False,"2026-12-04 06:38:17 UTC","145d, 12:45:57"
849638297.872,13015148.936,96453.523,False,"2026-12-04 06:38:17 UTC","150d, 15:19:08"
849638297.872,13456340.426,99079.423,False,"2026-12-04 06:38:17 UTC","155d, 17:52:20"
849638297.872,13897531.915,101938.877,False,"2026-12-04 06:38:17 UTC","160d, 20:25:31"
849638297.872,14338723.404,105060.171,False,"2026-12-04 06:38:17 UTC","165d, 22:58:43"
849638297.872,14779914.894,108476.296,False,"2026-12-04 06:38:17 UTC","171d, 01:31:54"
849638297.872,15221106.383,112225.973,False,"2026-12-04 06:38:17 UTC","176d, 04:05:06"
849638297.872,15662297.872,116354.951,False,"2026-12-04 06:38:17 UTC","181d, 06:38:17"
849638297.872,16103489.362,120917.683,False,"2026-12-04 06:38:17 UTC","186d, 09:11:29"
849638297.872,16544680.851,125979.502,False,"2026-12-04 06:38:17 UTC","191d, 11:44:40"
849638297.872,16985872.34,131619.488,False,"2026-12-04 06:38:17 UTC","196d, 14:17:52"
849638297.872,17427063.83,137934.293,False,"2026-12-04 06:38:17 UTC","201d, 16:51:03"
849638297.872,17868255.319,145043.325,False,"2026-12-04 06:38:17 UTC","206d, 19:24:15"
849638297.872,18309446.809,153095.886,False,"2026-12-04 06:38:17 UTC","211d, 21:57:26"
849638297.872,18750638.298,162281.172,False,"2026-12-04 06:38:17 UTC","217d, 00:30:38"
849638297.872,19191829.787,172842.607,False,"2026-12-04 06:38:17 UTC","222d, 03:03:49"
849638297.872,19633021.277,185098.832,False,"2026-12-04 06:38:17 UTC","227d, 05:37:01"
849638297.872,20074212.766,199475.285,False,"2026-12-04 06:38:17 UTC","232d, 08:10:12"
849638297.872,20515404.255,216553.196,False,"2026-12-04 06:38:17 UTC","237d, 10:43:24"
849638297.872,20956595.745,237148.339,False,"2026-12-04 06:38:17 UTC","242d, 13:16:35"
849638297.872,21397787.234,262443.014,False,"2026-12-04 06:38:17 UTC","247d, 15:49:47"
849638297.872,21838978.723,294218.592,False,"2026-12-04 06:38:17 UTC","252d, 18:22:58"
849638297.872,22280170.213,335306.257,False,"2026-12-04 06:38:17 UTC","257d, 20:56:10"
849638297.872,22721361.702,390492.351,False,"2026-12-04 06:38:17 UTC","262d, 23:29:21"
849638297.872,23162553.191,468196.041,False,"2026-12-04 06:38:17 UTC","268d, 02:02:33"
849638297.872,23603744.681,585595.575,False,"2026-12-04 06:38:17 UTC","273d, 04:35:44"
849638297.872,24044936.17,783110.583,False,"2026-12-04 06:38:17 UTC","278d, 07:08:56"
849638297.872,24486127.66,1183138.232,False,"2026-12-04 06:38:17 UTC","283d, 09:42:07"
849638297.872,24927319.149,2397576.452,False,"2026-12-04 06:38:17 UTC","288d, 12:15:19"
849638297.872,25368510.638,8539589.315,True,"2026-12-04 06:38:17 UTC","293d, 14:48:30"
849638297.872,25809702.128,2045052.572,True,"2026-12-04 06:38:17 UTC","298d, 17:21:42"
849638297.872,26250893.617,1082451.064,True,"2026-12-04 06:38:17 UTC","303d, 19:54:53"
849638297.872,26692085.106,733156.811,True,"2026-12-04 06:38:17 UTC","308d, 22:28:05"
849638297.872,27133276.596,553583.179,True,"2026-12-04 06:38:17 UTC","314d, 01:01:16"
849638297.872,27574468.085,444383.14,True,"2026-12-04 06:38:17 UTC","319d, 03:34:28"
849638297.872,28015659.574,371033.494,True,"2026-12-04 06:38:17 UTC","324d, 06:07:39"
849638297.872,28456851.064,318406.889,True,"2026-12-04 06:38:17 UTC","329d, 08:40:51"
849638297.872,28898042.553,278834.122,True,"2026-12-04 06:38:17 UTC","334d, 11:14:02"
849638297.872,29339234.043,248013.89,True,"2026-12-04 06:38:17 UTC","339d, 13:47:14"
849638297.872,29780425.532,223347.509,True,"2026-12-04 06:38:17 UTC","344d, 16:20:25"
849638297.872,30221617.021,203172.48,True,"2026-12-04 06:38:17 UTC","349d, 18:53:37"
849638297.872,30662808.511,186375.775,True,"2026-12-04 06:38:17 UTC","354d, 21:26:48"
849638297.872,31104000,172184.088,True,"2026-12-04 06:38:17 UTC","360d, 00:00:00"
849976544.681,10368000,82787.463,False,"2026-12-08 04:35:44 UTC","120d, 00:00:00"
849976544.681,10809191.489,84320.401,False,"2026-12-08 04:35:44 UTC","125d, 02:33:11"
849976544.681,11250382.979,85971.289,False,"2026-12-08 04:35:44 UTC","130d, 05:06:22"
849976544.681,11691574.468,87751.507,False,"2026-12-08 04:35:44 UTC","135d, 07:39:34"
849976544.681,12132765.957,89673.928,False,"2026-12-08 04:35:44 UTC","140d, 10:12:45"
849976544.681,12573957.447,91753.163,False,"2026-12-08 04:35:44 UTC","145d, 12:45:57"
849976544.681,13015148.936,94005.861,False,"2026-12-08 04:35:44 UTC","150d, 15:19:08"
849976544.681,13456340.426,96451.081,False,"2026-12-08 04:35:44 UTC","155d, 17:52:20"
849976544.681,13897531.915,99110.738,False,"2026-12-08 04:35:44 UTC","160d, 20:25:31"
849976544.681,14338723.404,102010.16,False,"2026-12-08 04:35:44 UTC","165d, 22:58:43"
849976544.681,14779914.894,105178.776,False,"2026-12-08 04:35:44 UTC","171d, 01:31:54"
849976544.681,15221106.383,108650.983,False,"2026-12-08 04:35:44 UTC","176d, 04:05:06"
849976544.681,15662297.872,112467.239,False,"2026-12-08 04:35:44 UTC","181d, 06:38:17"
849976544.681,16103489.362,116675.464,False,"2026-12-08 04:35:44 UTC","186d, 09:11:29"
849976544.681,16544680.851,121332.845,False,"2026-12-08 04:35:44 UTC","191d, 11:44:40"
849976544.681,16985872.34,126508.191,False,"2026-12-08 04:35:44 UTC","196d, 14:17:52"
849976544.681,17427063.83,132285.061,False,"2026-12-08 04:35:44 UTC","201d, 16:51:03"
849976544.681,17868255.319,138765.938,False,"2026-12-08 04:35:44 UTC","206d, 19:24:15"
849976544.681,18309446.809,146077.937,False,"2026-12-08 04:35:44 UTC","211d, 21:57:26"
849976544.681,18750638.298,154380.696,False,"2026-12-08 04:35:44 UTC","217d, 00:30:38"
849976544.681,19191829.787,163877.53,False,"2026-12-08 04:35:44 UTC","222d, 03:03:49"
849976544.681,19633021.277,174831.519,False,"2026-12-08 04:35:44 UTC","227d, 05:37:01"
849976544.681,20074212.766,187589.297,False,"2026-12-08 04:35:44 UTC","232d, 08:10:12"
849976544.681,20515404.255,202617.218,False,"2026-12-08 04:35:44 UTC","237d, 10:43:24"
849976544.681,20956595.745,220558.136,False,"2026-12-08 04:35:44 UTC","242d, 13:16:35"
849976544.681,21397787.234,242323.967,False,"2026-12-08 04:35:44 UTC","247d, 15:49:47"
849976544.681,21838978.723,269253.382,False,"2026-12-08 04:35:44 UTC","252d, 18:22:58"
849976544.681,22280170.213,303443.419,False,"2026-12-08 04:35:44 UTC","257d, 20:56:10"
849976544.681,22721361.702,348187.598,False,"2026-12-08 04:35:44 UTC","262d, 23:29:21"
849976544.681,23162553.191,409031.703,False,"2026-12-08 04:35:44 UTC","268d, 02:02:33"
849976544.681,23603744.681,496481.464,False,"2026-12-08 04:35:44 UTC","273d, 04:35:44"
849976544.681,24044936.17,632637.843,False,"2026-12-08 04:35:44 UTC","278d, 07:08:56"
849976544.681,24486127.66,873083.764,False,"2026-12-08 04:35:44 UTC","283d, 09:42:07"
849976544.681,24927319.149,1407266.405,False,"2026-12-08 04:35:44 UTC","288d, 12:15:19"
849976544.681,25368510.638,3467873.476,False,"2026-12-08 04:35:44 UTC","293d, 14:48:30"
849976544.681,25809702.128,4405341.934,True,"2026-12-08 04:35:44 UTC","298d, 17:21:42"
849976544.681,26250893.617,1551918.514,True,"2026-12-08 04:35:44 UTC","303d, 19:54:53"
849976544.681,26692085.106,921633.265,True,"2026-12-08 04:35:44 UTC","308d, 22:28:05"
849976544.681,27133276.596,653530.943,True,"2026-12-08 04:35:44 UTC","314d, 01:01:16"
849976544.681,27574468.085,505702.332,True,"2026-12-08 04:35:44 UTC","319d, 03:34:28"
849976544.681,28015659.574,412183.565,True,"2026-12-08 04:35:44 UTC","324d, 06:07:39"
849976544.681,28456851.064,347751.096,True,"2026-12-08 04:35:44 UTC","329d, 08:40:51"
849976544.681,28898042.553,300697.141,True,"2026-12-08 04:35:44 UTC","334d, 11:14:02"
849976544.681,29339234.043,264851.184,True,"2026-12-08 04:35:44 UTC","339d, 13:47:14"
849976544.681,29780425.532,236654.018,True,"2026-12-08 04:35:44 UTC","344d, 16:20:25"
849976544.681,30221617.021,213909.039,True,"2026-12-08 04:35:44 UTC","349d, 18:53:37"
849976544.681,30662808.511,195187.296,True,"2026-12-08 04:35:44 UTC","354d, 21:26:48"
849976544.681,31104000,179519.082,True,"2026-12-08 04:35:44 UTC","360d, 00:00:00"
850314791.489,10368000,81237.601,False,"2026-12-12 02:33:11 UTC","120d, 00:00:00"
850314791.489,10809191.489,82672.454,False,"2026-12-12 02:33:11 UTC","125d, 02:33:11"
850314791.489,11250382.979,84217.308,False,"2026-12-12 02:33:11 UTC","130d, 05:06:22"
850314791.489,11691574.468,85882.569,False,"2026-12-12 02:33:11 UTC","135d, 07:39:34"
850314791.489,12132765.957,87679.979,False,"2026-12-12 02:33:11 UTC","140d, 10:12:45"
850314791.489,12573957.447,89622.835,False,"2026-12-12 02:33:11 UTC","145d, 12:45:57"
850314791.489,13015148.936,91726.255,False,"2026-12-12 02:33:11 UTC","150d, 15:19:08"
850314791.489,13456340.426,94007.493,False,"2026-12-12 02:33:11 UTC","155d, 17:52:20"
850314791.489,13897531.915,96486.335,False,"2026-12-12 02:33:11 UTC","160d, 20:25:31"
850314791.489,14338723.404,99185.568,False,"2026-12-12 02:33:11 UTC","165d, 22:58:43"
850314791.489,14779914.894,102131.584,False,"2026-12-12 02:33:11 UTC","171d, 01:31:54"
850314791.489,15221106.383,105355.107,False,"2026-12-12 02:33:11 UTC","176d, 04:05:06"
850314791.489,15662297.872,108892.131,False,"2026-12-12 02:33:11 UTC","181d, 06:38:17"
850314791.489,16103489.362,112785.094,False,"2026-12-12 02:33:11 UTC","186d, 09:11:29"
850314791.489,16544680.851,117084.392,False,"2026-12-12 02:33:11 UTC","191d, 11:44:40"
850314791.489,16985872.34,121850.339,False,"2026-12-12 02:33:11 UTC","196d, 14:17:52"
850314791.489,17427063.83,127155.741,False,"2026-12-12 02:33:11 UTC","201d, 16:51:03"
850314791.489,17868255.319,133089.31,False,"2026-12-12 02:33:11 UTC","206d, 19:24:15"
850314791.489,18309446.809,139760.28,False,"2026-12-12 02:33:11 UTC","211d, 21:57:26"
850314791.489,18750638.298,147304.723,False,"2026-12-12 02:33:11 UTC","217d, 00:30:38"
850314791.489,19191829.787,155894.362,False,"2026-12-12 02:33:11 UTC","222d, 03:03:49"
850314791.489,19633021.277,165749.115,False,"2026-12-12 02:33:11 UTC","227d, 05:37:01"
850314791.489,20074212.766,177155.354,False,"2026-12-12 02:33:11 UTC","232d, 08:10:12"
850314791.489,20515404.255,190493.166,False,"2026-12-12 02:33:11 UTC","237d, 10:43:24"
850314791.489,20956595.745,206278.289,False,"2026-12-12 02:33:11 UTC","242d, 13:16:35"
850314791.489,21397787.234,225228.815,False,"2026-12-12 02:33:11 UTC","247d, 15:49:47"
850314791.489,21838978.723,248375.603,False,"2026-12-12 02:33:11 UTC","252d, 18:22:58"
850314791.489,22280170.213,277340.484,False,"2026-12-12 02:33:11 UTC","257d, 20:56:10"
850314791.489,22721361.702,314430.429,False,"2026-12-12 02:33:11 UTC","262d, 23:29:21"
850314791.489,23162553.191,363490.703,False,"2026-12-12 02:33:11 UTC","268d, 02:02:33"
850314791.489,23603744.681,431367.351,False,"2026-12-12 02:33:11 UTC","273d, 04:35:44"
850314791.489,24044936.17,531313.02,False,"2026-12-12 02:33:11 UTC","278d, 07:08:56"
850314791.489,24486127.66,692687.289,False,"2026-12-12 02:33:11 UTC","283d, 09:42:07"
850314791.489,24927319.149,995686.789,False,"2026-12-12 02:33:11 UTC","288d, 12:15:19"
850314791.489,25368510.638,1759247.012,False,"2026-12-12 02:33:11 UTC","293d, 14:48:30"
850314791.489,25809702.128,5571631.96,False,"2026-12-12 02:33:11 UTC","298d, 17:21:42"
850314791.489,26250893.617,2653355.358,True,"2026-12-12 02:33:11 UTC","303d, 19:54:53"
850314791.489,26692085.106,1234043.141,True,"2026-12-12 02:33:11 UTC","308d, 22:28:05"
850314791.489,27133276.596,795748.042,True,"2026-12-12 02:33:11 UTC","314d, 01:01:16"
850314791.489,27574468.085,585891.173,True,"2026-12-12 02:33:11 UTC","319d, 03:34:28"
850314791.489,28015659.574,463194.958,True,"2026-12-12 02:33:11 UTC","324d, 06:07:39"
850314791.489,28456851.064,382810.96,True,"2026-12-12 02:33:11 UTC","329d, 08:40:51"
850314791.489,28898042.553,326124.865,True,"2026-12-12 02:33:11 UTC","334d, 11:14:02"
850314791.489,29339234.043,284036.579,True,"2026-12-12 02:33:11 UTC","339d, 13:47:14"
850314791.489,29780425.532,251574.164,True,"2026-12-12 02:33:11 UTC","344d, 16:20:25"
850314791.489,30221617.021,225792.634,True,"2026-12-12 02:33:11 UTC","349d, 18:53:37"
850314791.489,30662808.511,204837.001,True,"2026-12-12 02:33:11 UTC","354d, 21:26:48"
850314791.489,31104000,187480.802,True,"2026-12-12 02:33:11 UTC","360d, 00:00:00"
850653038.298,10368000,79780.975,False,"2026-12-16 00:30:38 UTC","120d, 00:00:00"
850653038.298,10809191.489,81125.339,False,"2026-12-16 00:30:38 UTC","125d, 02:33:11"
850653038.298,11250382.979,82572.584,False,"2026-12-16 00:30:38 UTC","130d, 05:06:22"
850653038.298,11691574.468,84132.251,False,"2026-12-16 00:30:38 UTC","135d, 07:39:34"
850653038.298,12132765.957,85815.089,False,"2026-12-16 00:30:38 UTC","140d, 10:12:45"
850653038.298,12573957.447,87633.247,False,"2026-12-16 00:30:38 UTC","145d, 12:45:57"
850653038.298,13015148.936,89600.501,False,"2026-12-16 00:30:38 UTC","150d, 15:19:08"
850653038.298,13456340.426,91732.54,False,"2026-12-16 00:30:38 UTC","155d, 17:52:20"
850653038.298,13897531.915,94047.301,False,"2026-12-16 00:30:38 UTC","160d, 20:25:31"
850653038.298,14338723.404,96565.386,False,"2026-12-16 00:30:38 UTC","165d, 22:58:43"
850653038.298,14779914.894,99310.574,False,"2026-12-16 00:30:38 UTC","171d, 01:31:54"
850653038.298,15221106.383,102310.455,False,"2026-12-16 00:30:38 UTC","176d, 04:05:06"
850653038.298,15662297.872,105597.228,False,"2026-12-16 00:30:38 UTC","181d, 06:38:17"
850653038.298,16103489.362,109208.699,False,"2026-12-16 00:30:38 UTC","186d, 09:11:29"
850653038.298,16544680.851,113189.561,False,"2026-12-16 00:30:38 UTC","191d, 11:44:40"
850653038.298,16985872.34,117593.038,False,"2026-12-16 00:30:38 UTC","196d, 14:17:52"
850653038.298,17427063.83,122483.029,False,"2026-12-16 00:30:38 UTC","201d, 16:51:03"
850653038.298,17868255.319,127936.932,False,"2026-12-16 00:30:38 UTC","206d, 19:24:15"
850653038.298,18309446.809,134049.414,False,"2026-12-16 00:30:38 UTC","211d, 21:57:26"
850653038.298,18750638.298,140937.538,False,"2026-12-16 00:30:38 UTC","217d, 00:30:38"
850653038.298,19191829.787,148747.821,False,"2026-12-16 00:30:38 UTC","222d, 03:03:49"
850653038.298,19633021.277,157666.166,False,"2026-12-16 00:30:38 UTC","227d, 05:37:01"
850653038.298,20074212.766,167932.112,False,"2026-12-16 00:30:38 UTC","232d, 08:10:12"
850653038.298,20515404.255,179859.778,False,"2026-12-16 00:30:38 UTC","237d, 10:43:24"
850653038.298,20956595.745,193869.48,False,"2026-12-16 00:30:38 UTC","242d, 13:16:35"
850653038.298,21397787.234,210536.979,False,"2026-12-16 00:30:38 UTC","247d, 15:49:47"
850653038.298,21838978.723,230672.943,False,"2026-12-16 00:30:38 UTC","252d, 18:22:58"
850653038.298,22280170.213,255587.719,False,"2026-12-16 00:30:38 UTC","257d, 20:56:10"
850653038.298,22721361.702,286895.332,False,"2026-12-16 00:30:38 UTC","262d, 23:29:21"
850653038.298,23162553.191,327387.219,False,"2026-12-16 00:30:38 UTC","268d, 02:02:33"
850653038.298,23603744.681,381751.686,False,"2026-12-16 00:30:38 UTC","273d, 04:35:44"
850653038.298,24044936.17,458498.364,False,"2026-12-16 00:30:38 UTC","278d, 07:08:56"
850653038.298,24486127.66,574809.676,False,"2026-12-16 00:30:38 UTC","283d, 09:42:07"
850653038.298,24927319.149,771216.966,False,"2026-12-16 00:30:38 UTC","288d, 12:15:19"
850653038.298,25368510.638,1170592.256,False,"2026-12-16 00:30:38 UTC","293d, 14:48:30"
850653038.298,25809702.128,2370452.821,False,"2026-12-16 00:30:38 UTC","298d, 17:21:42"
850653038.298,26250893.617,5669622.044,True,"2026-12-16 00:30:38 UTC","303d, 19:54:53"
850653038.298,26692085.106,1839802.933,True,"2026-12-16 00:30:38 UTC","308d, 22:28:05"
850653038.298,27133276.596,1013286.352,True,"2026-12-16 00:30:38 UTC","314d, 01:01:16"
850653038.298,27574468.085,695051.759,True,"2026-12-16 00:30:38 UTC","319d, 03:34:28"
850653038.298,28015659.574,528033.606,True,"2026-12-16 00:30:38 UTC","324d, 06:07:39"
850653038.298,28456851.064,425411.586,True,"2026-12-16 00:30:38 UTC","329d, 08:40:51"
850653038.298,28898042.553,356055.093,True,"2026-12-16 00:30:38 UTC","334d, 11:14:02"
850653038.298,29339234.043,306092.869,True,"2026-12-16 00:30:38 UTC","339d, 13:47:14"
850653038.298,29780425.532,268418.436,True,"2026-12-16 00:30:38 UTC","344d, 16:20:25"
850653038.298,30221617.021,239017.365,True,"2026-12-16 00:30:38 UTC","349d, 18:53:37"
850653038.298,30662808.511,215451.564,True,"2026-12-16 00:30:38 UTC","354d, 21:26:48"
850653038.298,31104000,196155.051,True,"2026-12-16 00:30:38 UTC","360d, 00:00:00"
850991285.106,10368000,78411.169,False,"2026-12-19 22:28:05 UTC","120d, 00:00:00"
850991285.106,10809191.489,79671.905,False,"2026-12-19 22:28:05 UTC","125d, 02:33:11"
850991285.106,11250382.979,81029.129,False,"2026-12-19 22:28:05 UTC","130d, 05:06:22"
850991285.106,11691574.468,82491.62,False,"2026-12-19 22:28:05 UTC","135d, 07:39:34"
850991285.106,12132765.957,84069.249,False,"2026-12-19 22:28:05 UTC","140d, 10:12:45"
850991285.106,12573957.447,85773.15,False,"2026-12-19 22:28:05 UTC","145d, 12:45:57"
850991285.106,13015148.936,87615.927,False,"2026-12-19 22:28:05 UTC","150d, 15:19:08"
850991285.106,13456340.426,89611.898,False,"2026-12-19 22:28:05 UTC","155d, 17:52:20"
850991285.106,13897531.915,91777.392,False,"2026-12-19 22:28:05 UTC","160d, 20:25:31"
850991285.106,14338723.404,94131.114,False,"2026-12-19 22:28:05 UTC","165d, 22:58:43"
850991285.106,14779914.894,96694.591,False,"2026-12-19 22:28:05 UTC","171d, 01:31:54"
850991285.106,15221106.383,99492.719,False,"2026-12-19 22:28:05 UTC","176d, 04:05:06"
850991285.106,15662297.872,102554.449,False,"2026-12-19 22:28:05 UTC","181d, 06:38:17"
850991285.106,16103489.362,105913.648,False,"2026-12-19 22:28:05 UTC","186d, 09:11:29"
850991285.106,16544680.851,109610.183,False,"2026-12-19 22:28:05 UTC","191d, 11:44:40"
850991285.106,16985872.34,113691.32,False,"2026-12-19 22:28:05 UTC","196d, 14:17:52"
850991285.106,17427063.83,118213.518,False,"2026-12-19 22:28:05 UTC","201d, 16:51:03"
850991285.106,17868255.319,123244.79,False,"2026-12-19 22:28:05 UTC","206d, 19:24:15"
850991285.106,18309446.809,128867.824,False,"2026-12-19 22:28:05 UTC","211d, 21:57:26"
850991285.106,18750638.298,135184.183,False,"2026-12-19 22:28:05 UTC","217d, 00:30:38"
850991285.106,19191829.787,142320.037,False,"2026-12-19 22:28:05 UTC","222d, 03:03:49"
850991285.106,19633021.277,150434.132,False,"2026-12-19 22:28:05 UTC","227d, 05:37:01"
850991285.106,20074212.766,159729.082,False,"2026-12-19 22:28:05 UTC","232d, 08:10:12"
850991285.106,20515404.255,170467.73,False,"2026-12-19 22:28:05 UTC","237d, 10:43:24"
850991285.106,20956595.745,182997.442,False,"2026-12-19 22:28:05 UTC","242d, 13:16:35"
850991285.106,21397787.234,197787.232,False,"2026-12-19 22:28:05 UTC","247d, 15:49:47"
850991285.106,21838978.723,215533.947,False,"2026-12-19 22:28:05 UTC","252d, 18:22:58"
850991285.106,22280170.213,237201.986,False,"2026-12-19 22:28:05 UTC","257d, 20:56:10"
850991285.106,22721361.702,264031.671,False,"2026-12-19 22:28:05 UTC","262d, 23:29:21"
850991285.106,23162553.191,298092.646,False,"2026-12-19 22:28:05 UTC","268d, 02:02:33"
850991285.106,23603744.681,342726.452,False,"2026-12-19 22:28:05 UTC","273d, 04:35:44"
850991285.106,24044936.17,403694.25,False,"2026-12-19 22:28:05 UTC","278d, 07:08:56"
850991285.106,24486127.66,491831.459,False,"2026-12-19 22:28:05 UTC","283d, 09:42:07"
850991285.106,24927319.149,630146.122,False,"2026-12-19 22:28:05 UTC","288d, 12:15:19"
850991285.106,25368510.638,877272.573,False,"2026-12-19 22:28:05 UTC","293d, 14:48:30"
850991285.106,25809702.128,1436364.214,False,"2026-12-19 22:28:05 UTC","298d, 17:21:42"
850991285.106,26250893.617,3541550.987,False,"2026-12-19 22:28:05 UTC","303d, 19:54:53"
850991285.106,26692085.106,3321221.517,True,"2026-12-19 22:28:05 UTC","308d, 22:28:05"
850991285.106,27133276.596,1383427.809,True,"2026-12-19 22:28:05 UTC","314d, 01:01:16"
850991285.106,27574468.085,851863.245,True,"2026-12-19 22:28:05 UTC","319d, 03:34:28"
850991285.106,28015659.574,613085.297,True,"2026-12-19 22:28:05 UTC","324d, 06:07:39"
850991285.106,28456851.064,478237.527,True,"2026-12-19 22:28:05 UTC","329d, 08:40:51"
850991285.106,28898042.553,391782.177,True,"2026-12-19 22:28:05 UTC","334d, 11:14:02"
850991285.106,29339234.043,331708.372,True,"2026-12-19 22:28:05 UTC","339d, 13:47:14"
850991285.106,29780425.532,287581.054,True,"2026-12-19 22:28:05 UTC","344d, 16:20:25"
850991285.106,30221617.021,253822.68,True,"2026-12-19 22:28:05 UTC","349d, 18:53:37"
850991285.106,30662808.511,227183.645,True,"2026-12-19 22:28:05 UTC","354d, 21:26:48"
850991285.106,31104000,205643.266,True,"2026-12-19 22:28:05 UTC","360d, 00:00:00"
851329531.915,10368000,77122.325,False,"2026-12-23 20:25:31 UTC","120d, 00:00:00"
851329531.915,10809191.489,78305.64,False,"2026-12-23 20:25:31 UTC","125d, 02:33:11"
851329531.915,11250382.979,79579.698,False,"2026-12-23 20:25:31 UTC","130d, 05:06:22"
851329531.915,11691574.468,80952.598,False,"2026-12-23 20:25:31 UTC","135d, 07:39:34"
851329531.915,12132765.957,82433.432,False,"2026-12-23 20:25:31 UTC","140d, 10:12:45"
851329531.915,12573957.447,84032.44,False,"2026-12-23 20:25:31 UTC","145d, 12:45:57"
851329531.915,13015148.936,85761.189,False,"2026-12-23 20:25:31 UTC","150d, 15:19:08"
851329531.915,13456340.426,87632.793,False,"2026-12-23 20:25:31 UTC","155d, 17:52:20"
851329531.915,13897531.915,89662.178,False,"2026-12-23 20:25:31 UTC","160d, 20:25:31"
851329531.915,14338723.404,91866.394,False,"2026-12-23 20:25:31 UTC","165d, 22:58:43"
851329531.915,14779914.894,94265.013,False,"2026-12-23 20:25:31 UTC","171d, 01:31:54"
851329531.915,15221106.383,96880.603,False,"2026-12-23 20:25:31 UTC","176d, 04:05:06"
851329531.915,15662297.872,99739.322,False,"2026-12-23 20:25:31 UTC","181d, 06:38:17"
851329531.915,16103489.362,102871.664,False,"2026-12-23 20:25:31 UTC","186d, 09:11:29"
851329531.915,16544680.851,106313.386,False,"2026-12-23 20:25:31 UTC","191d, 11:44:40"
851329531.915,16985872.34,110106.706,False,"2026-12-23 20:25:31 UTC","196d, 14:17:52"
851329531.915,17427063.83,114301.823,False,"2026-12-23 20:25:31 UTC","201d, 16:51:03"
851329531.915,17868255.319,118958.903,False,"2026-12-23 20:25:31 UTC","206d, 19:24:15"
851329531.915,18309446.809,124150.69,False,"2026-12-23 20:25:31 UTC","211d, 21:57:26"
851329531.915,18750638.298,129965.986,False,"2026-12-23 20:25:31 UTC","217d, 00:30:38"
851329531.915,19191829.787,136514.359,False,"2026-12-23 20:25:31 UTC","222d, 03:03:49"
851329531.915,19633021.277,143932.615,False,"2026-12-23 20:25:31 UTC","227d, 05:37:01"
851329531.915,20074212.766,152393.875,False,"2026-12-23 20:25:31 UTC","232d, 08:10:12"
851329531.915,20515404.255,162120.543,False,"2026-12-23 20:25:31 UTC","237d, 10:43:24"
851329531.915,20956595.745,173403.292,False,"2026-12-23 20:25:31 UTC","242d, 13:16:35"
851329531.915,21397787.234,186629.578,False,"2026-12-23 20:25:31 UTC","247d, 15:49:47"
851329531.915,21838978.723,202430.66,False,"2026-12-23 20:25:31 UTC","252d, 18:22:58"
851329531.915,22280170.213,221476.524,False,"2026-12-23 20:25:31 UTC","257d, 20:56:10"
851329531.915,22721361.702,244765.543,False,"2026-12-23 20:25:31 UTC","262d, 23:29:21"
851329531.915,23162553.191,273872.817,False,"2026-12-23 20:25:31 UTC","268d, 02:02:33"
851329531.915,23603744.681,311259.618,False,"2026-12-23 20:25:31 UTC","273d, 04:35:44"
851329531.915,24044936.17,360994.681,False,"2026-12-23 20:25:31 UTC","278d, 07:08:56"
851329531.915,24486127.66,430311.874,False,"2026-12-23 20:25:31 UTC","283d, 09:42:07"
851329531.915,24927319.149,533398.691,False,"2026-12-23 20:25:31 UTC","288d, 12:15:19"
851329531.915,25368510.638,702271.567,False,"2026-12-23 20:25:31 UTC","293d, 14:48:30"
851329531.915,25809702.128,1026806.765,False,"2026-12-23 20:25:31 UTC","298d, 17:21:42"
851329531.915,26250893.617,1876674.698,False,"2026-12-23 20:25:31 UTC","303d, 19:54:53"
851329531.915,26692085.106,5030751.585,False,"2026-12-23 20:25:31 UTC","308d, 22:28:05"
851329531.915,27133276.596,2122794.312,True,"2026-12-23 20:25:31 UTC","314d, 01:01:16"
851329531.915,27574468.085,1094670.778,True,"2026-12-23 20:25:31 UTC","319d, 03:34:28"
851329531.915,28015659.574,729291.568,True,"2026-12-23 20:25:31 UTC","324d, 06:07:39"
851329531.915,28456851.064,545399.895,True,"2026-12-23 20:25:31 UTC","329d, 08:40:51"
851329531.915,28898042.553,435143.211,True,"2026-12-23 20:25:31 UTC","334d, 11:14:02"
851329531.915,29339234.043,361808.035,True,"2026-12-23 20:25:31 UTC","339d, 13:47:14"
851329531.915,29780425.532,309570.395,True,"2026-12-23 20:25:31 UTC","344d, 16:20:25"
851329531.915,30221617.021,270507.626,True,"2026-12-23 20:25:31 UTC","349d, 18:53:37"
851329531.915,30662808.511,240219.075,True,"2026-12-23 20:25:31 UTC","354d, 21:26:48"
851329531.915,31104000,216066.363,True,"2026-12-23 20:25:31 UTC","360d, 00:00:00"
851667778.723,10368000,75909.087,False,"2026-12-27 18:22:58 UTC","120d, 00:00:00"
851667778.723,10809191.489,77020.604,False,"2026-12-27 18:22:58 UTC","125d, 02:33:11"
851667778.723,11250382.979,78217.698,False,"2026-12-27 18:22:58 UTC","130d, 05:06:22"
851667778.723,11691574.468,79507.856,False,"2026-12-27 18:22:58 UTC","135d, 07:39:34"
851667778.723,12132765.957,80899.478,False,"2026-12-27 18:22:58 UTC","140d, 10:12:45"
851667778.723,12573957.447,82402.007,False,"2026-12-27 18:22:58 UTC","145d, 12:45:57"
851667778.723,13015148.936,84026.095,False,"2026-12-27 18:22:58 UTC","150d, 15:19:08"
851667778.723,13456340.426,85783.796,False,"2026-12-27 18:22:58 UTC","155d, 17:52:20"
851667778.723,13897531.915,87688.798,False,"2026-12-27 18:22:58 UTC","160d, 20:25:31"
851667778.723,14338723.404,89756.705,False,"2026-12-27 18:22:58 UTC","165d, 22:58:43"
851667778.723,14779914.894,92005.382,False,"2026-12-27 18:22:58 UTC","171d, 01:31:54"
851667778.723,15221106.383,94455.374,False,"2026-12-27 18:22:58 UTC","176d, 04:05:06"
851667778.723,15662297.872,97130.424,False,"2026-12-27 18:22:58 UTC","181d, 06:38:17"
851667778.723,16103489.362,100058.118,False,"2026-12-27 18:22:58 UTC","186d, 09:11:29"
851667778.723,16544680.851,103270.695,False,"2026-12-27 18:22:58 UTC","191d, 11:44:40"
851667778.723,16985872.34,106806.066,False,"2026-12-27 18:22:58 UTC","196d, 14:17:52"
851667778.723,17427063.83,110709.123,False,"2026-12-27 18:22:58 UTC","201d, 16:51:03"
851667778.723,17868255.319,115033.419,False,"2026-12-27 18:22:58 UTC","206d, 19:24:15"
851667778.723,18309446.809,119843.378,False,"2026-12-27 18:22:58 UTC","211d, 21:57:26"
851667778.723,18750638.298,125217.199,False,"2026-12-27 18:22:58 UTC","217d, 00:30:38"
851667778.723,19191829.787,131250.768,False,"2026-12-27 18:22:58 UTC","222d, 03:03:49"
851667778.723,19633021.277,138062.976,False,"2026-12-27 18:22:58 UTC","227d, 05:37:01"
851667778.723,20074212.766,145803.105,False,"2026-12-27 18:22:58 UTC","232d, 08:10:12"
851667778.723,20515404.255,154661.249,False,"2026-12-27 18:22:58 UTC","237d, 10:43:24"
851667778.723,20956595.745,164883.372,False,"2026-12-27 18:22:58 UTC","242d, 13:16:35"
851667778.723,21397787.234,176798.163,False,"2026-12-27 18:22:58 UTC","247d, 15:49:47"
851667778.723,21838978.723,190992.754,False,"2026-12-27 18:22:58 UTC","252d, 18:22:58"
851667778.723,22280170.213,207890.046,False,"2026-12-27 18:22:58 UTC","257d, 20:56:10"
851667778.723,22721361.702,228329.474,False,"2026-12-27 18:22:58 UTC","262d, 23:29:21"
851667778.723,23162553.191,253537.199,False,"2026-12-27 18:22:58 UTC","268d, 02:02:33"
851667778.723,23603744.681,285376.759,False,"2026-12-27 18:22:58 UTC","273d, 04:35:44"
851667778.723,24044936.17,326822.609,False,"2026-12-27 18:22:58 UTC","278d, 07:08:56"
851667778.723,24486127.66,382926.78,False,"2026-12-27 18:22:58 UTC","283d, 09:42:07"
851667778.723,24927319.149,462999.249,False,"2026-12-27 18:22:58 UTC","288d, 12:15:19"
851667778.723,25368510.638,586234.544,False,"2026-12-27 18:22:58 UTC","293d, 14:48:30"
851667778.723,25809702.128,799306.538,False,"2026-12-27 18:22:58 UTC","298d, 17:21:42"
851667778.723,26250893.617,1250369.053,False,"2026-12-27 18:22:58 UTC","303d, 19:54:53"
851667778.723,26692085.106,2683071.393,False,"2026-12-27 18:22:58 UTC","308d, 22:28:05"
851667778.723,27133276.596,3799148.054,True,"2026-12-27 18:22:58 UTC","314d, 01:01:16"
851667778.723,27574468.085,1513609.16,True,"2026-12-27 18:22:58 UTC","319d, 03:34:28"
851667778.723,28015659.574,896940.835,True,"2026-12-27 18:22:58 UTC","324d, 06:07:39"
851667778.723,28456851.064,633511.708,True,"2026-12-27 18:22:58 UTC","329d, 08:40:51"
851667778.723,28898042.553,488833.041,True,"2026-12-27 18:22:58 UTC","334d, 11:14:02"
851667778.723,29339234.043,397664.311,True,"2026-12-27 18:22:58 UTC","339d, 13:47:14"
851667778.723,29780425.532,335053.671,True,"2026-12-27 18:22:58 UTC","344d, 16:20:25"
851667778.723,30221617.021,289450.833,True,"2026-12-27 18:22:58 UTC","349d, 18:53:37"
851667778.723,30662808.511,254786.583,True,"2026-12-27 18:22:58 UTC","354d, 21:26:48"
851667778.723,31104000,227569.818,True,"2026-12-27 18:22:58 UTC","360d, 00:00:00"
852006025.532,10368000,74766.549,False,"2026-12-31 16:20:25 UTC","120d, 00:00:00"
852006025.532,10809191.489,75811.371,False,"2026-12-31 16:20:25 UTC","125d, 02:33:11"
852006025.532,11250382.979,76937.118,False,"2026-12-31 16:20:25 UTC","130d, 05:06:22"
852006025.532,11691574.468,78150.731,False,"2026-12-31 16:20:25 UTC","135d, 07:39:34"
852006025.532,12132765.957,79459.987,False,"2026-12-31 16:20:25 UTC","140d, 10:12:45"
852006025.532,12573957.447,80873.621,False,"2026-12-31 16:20:25 UTC","145d, 12:45:57"
852006025.532,13015148.936,82401.47,False,"2026-12-31 16:20:25 UTC","150d, 15:19:08"
852006025.532,13456340.426,84054.646,False,"2026-12-31 16:20:25 UTC","155d, 17:52:20"
852006025.532,13897531.915,85845.748,False,"2026-12-31 16:20:25 UTC","160d, 20:25:31"
852006025.532,14338723.404,87789.106,False,"2026-12-31 16:20:25 UTC","165d, 22:58:43"
852006025.532,14779914.894,89901.089,False,"2026-12-31 16:20:25 UTC","171d, 01:31:54"
852006025.532,15221106.383,92200.476,False,"2026-12-31 16:20:25 UTC","176d, 04:05:06"
852006025.532,15662297.872,94708.907,False,"2026-12-31 16:20:25 UTC","181d, 06:38:17"
852006025.532,16103489.362,97451.452,False,"2026-12-31 16:20:25 UTC","186d, 09:11:29"
852006025.532,16544680.851,100457.314,False,"2026-12-31 16:20:25 UTC","191d, 11:44:40"
852006025.532,16985872.34,103760.711,False,"2026-12-31 16:20:25 UTC","196d, 14:17:52"
852006025.532,17427063.83,107402.002,False,"2026-12-31 16:20:25 UTC","201d, 16:51:03"
852006025.532,17868255.319,111429.132,False,"2026-12-31 16:20:25 UTC","206d, 19:24:15"
852006025.532,18309446.809,115899.503,False,"2026-12-31 16:20:25 UTC","211d, 21:57:26"
852006025.532,18750638.298,120882.432,False,"2026-12-31 16:20:25 UTC","217d, 00:30:38"
852006025.532,19191829.787,126462.427,False,"2026-12-31 16:20:25 UTC","222d, 03:03:49"
852006025.532,19633021.277,132743.609,False,"2026-12-31 16:20:25 UTC","227d, 05:37:01"
852006025.532,20074212.766,139855.779,False,"2026-12-31 16:20:25 UTC","232d, 08:10:12"
852006025.532,20515404.255,147962.907,False,"2026-12-31 16:20:25 UTC","237d, 10:43:24"
852006025.532,20956595.745,157275.234,False,"2026-12-31 16:20:25 UTC","242d, 13:16:35"
852006025.532,21397787.234,168138.953,False,"2026-12-31 16:20:25 UTC","247d, 15:49:47"
852006025.532,21838978.723,180935.612,False,"2026-12-31 16:20:25 UTC","252d, 18:22:58"
852006025.532,22280170.213,196049.512,False,"2026-12-31 16:20:25 UTC","257d, 20:56:10"
852006025.532,22721361.702,214160.254,False,"2026-12-31 16:20:25 UTC","262d, 23:29:21"
852006025.532,23162553.191,236241.198,False,"2026-12-31 16:20:25 UTC","268d, 02:02:33"
852006025.532,23603744.681,263736.723,False,"2026-12-31 16:20:25 UTC","273d, 04:35:44"
852006025.532,24044936.17,298884.783,False,"2026-12-31 16:20:25 UTC","278d, 07:08:56"
852006025.532,24486127.66,345344.975,False,"2026-12-31 16:20:25 UTC","283d, 09:42:07"
852006025.532,24927319.149,409530.746,False,"2026-12-31 16:20:25 UTC","288d, 12:15:19"
852006025.532,25368510.638,503770.881,False,"2026-12-31 16:20:25 UTC","293d, 14:48:30"
852006025.532,25809702.128,655064.163,False,"2026-12-31 16:20:25 UTC","298d, 17:21:42"
852006025.532,26250893.617,935466.491,False,"2026-12-31 16:20:25 UTC","303d, 19:54:53"
852006025.532,26692085.106,1612461.088,False,"2026-12-31 16:20:25 UTC","308d, 22:28:05"
852006025.532,27133276.596,4022683.247,False,"2026-12-31 16:20:25 UTC","314d, 01:01:16"
852006025.532,27574468.085,2350098.561,True,"2026-12-31 16:20:25 UTC","319d, 03:34:28"
852006025.532,28015659.574,1157647.406,True,"2026-12-31 16:20:25 UTC","324d, 06:07:39"
852006025.532,28456851.064,753878.659,True,"2026-12-31 16:20:25 UTC","329d, 08:40:51"
852006025.532,28898042.553,556963.788,True,"2026-12-31 16:20:25 UTC","334d, 11:14:02"
852006025.532,29339234.043,441076.122,True,"2026-12-31 16:20:25 UTC","339d, 13:47:14"
852006025.532,29780425.532,364924.159,True,"2026-12-31 16:20:25 UTC","344d, 16:20:25"
852006025.532,30221617.021,311139.049,True,"2026-12-31 16:20:25 UTC","349d, 18:53:37"
852006025.532,30662808.511,271171.138,True,"2026-12-31 16:20:25 UTC","354d, 21:26:48"
852006025.532,31104000,240330.421,True,"2026-12-31 16:20:25 UTC","360d, 00:00:00"
852344272.34,10368000,73690.209,False,"2027-01-04 14:17:52 UTC","120d, 00:00:00"
852344272.34,10809191.489,74672.97,False,"2027-01-04 14:17:52 UTC","125d, 02:33:11"
852344272.34,11250382.979,75732.468,False,"2027-01-04 14:17:52 UTC","130d, 05:06:22"
852344272.34,11691574.468,76875.15,False,"2027-01-04 14:17:52 UTC","135d, 07:39:34"
852344272.34,12132765.957,78108.235,False,"2027-01-04 14:17:52 UTC","140d, 10:12:45"
852344272.34,12573957.447,79439.822,False,"2027-01-04 14:17:52 UTC","145d, 12:45:57"
852344272.34,13015148.936,80879.019,False,"2027-01-04 14:17:52 UTC","150d, 15:19:08"
852344272.34,13456340.426,82436.104,False,"2027-01-04 14:17:52 UTC","155d, 17:52:20"
852344272.34,13897531.915,84122.705,False,"2027-01-04 14:17:52 UTC","160d, 20:25:31"
852344272.34,14338723.404,85952.028,False,"2027-01-04 14:17:52 UTC","165d, 22:58:43"
852344272.34,14779914.894,87939.125,False,"2027-01-04 14:17:52 UTC","171d, 01:31:54"
852344272.34,15221106.383,90101.222,False,"2027-01-04 14:17:52 UTC","176d, 04:05:06"
852344272.34,15662297.872,92458.124,False,"2027-01-04 14:17:52 UTC","181d, 06:38:17"
852344272.34,16103489.362,95032.709,False,"2027-01-04 14:17:52 UTC","186d, 09:11:29"
852344272.34,16544680.851,97851.547,False,"2027-01-04 14:17:52 UTC","191d, 11:44:40"
852344272.34,16985872.34,100945.667,False,"2027-01-04 14:17:52 UTC","196d, 14:17:52"
852344272.34,17427063.83,104351.537,False,"2027-01-04 14:17:52 UTC","201d, 16:51:03"
852344272.34,17868255.319,108112.307,False,"2027-01-04 14:17:52 UTC","206d, 19:24:15"
852344272.34,18309446.809,112279.414,False,"2027-01-04 14:17:52 UTC","211d, 21:57:26"
852344272.34,18750638.298,116914.676,False,"2027-01-04 14:17:52 UTC","217d, 00:30:38"
852344272.34,19191829.787,122093.063,False,"2027-01-04 14:17:52 UTC","222d, 03:03:49"
852344272.34,19633021.277,127906.4,False,"2027-01-04 14:17:52 UTC","227d, 05:37:01"
852344272.34,20074212.766,134468.415,False,"2027-01-04 14:17:52 UTC","232d, 08:10:12"
852344272.34,20515404.255,141921.726,False,"2027-01-04 14:17:52 UTC","237d, 10:43:24"
852344272.34,20956595.745,150447.683,False,"2027-01-04 14:17:52 UTC","242d, 13:16:35"
852344272.34,21397787.234,160426.763,False,"2027-01-04 14:17:52 UTC","247d, 15:49:47"
852344272.34,21838978.723,172036.198,False,"2027-01-04 14:17:52 UTC","252d, 18:22:58"
852344272.34,22280170.213,185652.876,False,"2027-01-04 14:17:52 UTC","257d, 20:56:10"
852344272.34,22721361.702,201835.126,False,"2027-01-04 14:17:52 UTC","262d, 23:29:21"
852344272.34,23162553.191,221368.893,False,"2027-01-04 14:17:52 UTC","268d, 02:02:33"
852344272.34,23603744.681,245396.446,False,"2027-01-04 14:17:52 UTC","273d, 04:35:44"
852344272.34,24044936.17,275643.073,False,"2027-01-04 14:17:52 UTC","278d, 07:08:56"
852344272.34,24486127.66,314841.13,False,"2027-01-04 14:17:52 UTC","283d, 09:42:07"
852344272.34,24927319.149,367584.599,False,"2027-01-04 14:17:52 UTC","288d, 12:15:19"
852344272.34,25368510.638,442224.052,False,"2027-01-04 14:17:52 UTC","293d, 14:48:30"
852344272.34,25809702.128,555640.936,False,"2027-01-04 14:17:52 UTC","298d, 17:21:42"
852344272.34,26250893.617,747640.072,False,"2027-01-04 14:17:52 UTC","303d, 19:54:53"
852344272.34,26692085.106,1137740.395,False,"2027-01-04 14:17:52 UTC","308d, 22:28:05"
852344272.34,27133276.596,2259258.138,False,"2027-01-04 14:17:52 UTC","314d, 01:01:16"
852344272.34,27574468.085,3913126.738,True,"2027-01-04 14:17:52 UTC","319d, 03:34:28"
852344272.34,28015659.574,1607706.085,True,"2027-01-04 14:17:52 UTC","324d, 06:07:39"
852344272.34,28456851.064,927362.328,True,"2027-01-04 14:17:52 UTC","329d, 08:40:51"
852344272.34,28898042.553,646117.747,True,"2027-01-04 14:17:52 UTC","334d, 11:14:02"
852344272.34,29339234.043,494669.589,True,"2027-01-04 14:17:52 UTC","339d, 13:47:14"
852344272.34,29780425.532,400405.402,True,"2027-01-04 14:17:52 UTC","344d, 16:20:25"
852344272.34,30221617.021,336208.777,True,"2027-01-04 14:17:52 UTC","349d, 18:53:37"
852344272.34,30662808.511,289732.538,True,"2027-01-04 14:17:52 UTC","354d, 21:26:48"
852344272.34,31104000,254565.355,True,"2027-01-04 14:17:52 UTC","360d, 00:00:00"
852682519.149,10368000,72675.931,False,"2027-01-08 12:15:19 UTC","120d, 00:00:00"
852682519.149,10809191.489,73600.843,False,"2027-01-08 12:15:19 UTC","125d, 02:33:11"
852682519.149,11250382.979,74598.723,False,"2027-01-08 12:15:19 UTC","130d, 05:06:22"
852682519.149,11691574.468,75675.571,False,"2027-01-08 12:15:19 UTC","135d, 07:39:34"
852682519.149,12132765.957,76838.099,False,"2027-01-08 12:15:19 UTC","140d, 10:12:45"
852682519.149,12573957.447,78093.834,False,"2027-01-08 12:15:19 UTC","145d, 12:45:57"
852682519.149,13015148.936,79451.233,False,"2027-01-08 12:15:19 UTC","150d, 15:19:08"
852682519.149,13456340.426,80919.825,False,"2027-01-08 12:15:19 UTC","155d, 17:52:20"
852682519.149,13897531.915,82510.376,False,"2027-01-08 12:15:19 UTC","160d, 20:25:31"
852682519.149,14338723.404,84235.091,False,"2027-01-08 12:15:19 UTC","165d, 22:58:43"
852682519.149,14779914.894,86107.857,False,"2027-01-08 12:15:19 UTC","171d, 01:31:54"
852682519.149,15221106.383,88144.534,False,"2027-01-08 12:15:19 UTC","176d, 04:05:06"
852682519.149,15662297.872,90363.311,False,"2027-01-08 12:15:19 UTC","181d, 06:38:17"
852682519.149,16103489.362,92785.148,False,"2027-01-08 12:15:19 UTC","186d, 09:11:29"
852682519.149,16544680.851,95434.319,False,"2027-01-08 12:15:19 UTC","191d, 11:44:40"
852682519.149,16985872.34,98339.087,False,"2027-01-08 12:15:19 UTC","196d, 14:17:52"
852682519.149,17427063.83,101532.555,False,"2027-01-08 12:15:19 UTC","201d, 16:51:03"
852682519.149,17868255.319,105053.75,False,"2027-01-08 12:15:19 UTC","206d, 19:24:15"
852682519.149,18309446.809,108949.008,False,"2027-01-08 12:15:19 UTC","211d, 21:57:26"
852682519.149,18750638.298,113273.769,False,"2027-01-08 12:15:19 UTC","217d, 00:30:38"
852682519.149,19191829.787,118094.941,False,"2027-01-08 12:15:19 UTC","222d, 03:03:49"
852682519.149,19633021.277,123494.031,False,"2027-01-08 12:15:19 UTC","227d, 05:37:01"
852682519.149,20074212.766,129571.385,False,"2027-01-08 12:15:19 UTC","232d, 08:10:12"
852682519.149,20515404.255,136451.99,False,"2027-01-08 12:15:19 UTC","237d, 10:43:24"
852682519.149,20956595.745,144344,False,"2027-01-08 12:15:19 UTC","242d, 13:16:35"
852682519.149,21397787.234,153524.992,False,"2027-01-08 12:15:19 UTC","247d, 15:49:47"
852682519.149,21838978.723,164117.184,False,"2027-01-08 12:15:19 UTC","252d, 18:22:58"
852682519.149,22280170.213,176464.119,False,"2027-01-08 12:15:19 UTC","257d, 20:56:10"
852682519.149,22721361.702,191030.477,False,"2027-01-08 12:15:19 UTC","262d, 23:29:21"
852682519.149,23162553.191,208460.453,False,"2027-01-08 12:15:19 UTC","268d, 02:02:33"
852682519.149,23603744.681,229673.328,False,"2027-01-08 12:15:19 UTC","273d, 04:35:44"
852682519.149,24044936.17,256027.171,False,"2027-01-08 12:15:19 UTC","278d, 07:08:56"
852682519.149,24486127.66,289614.61,False,"2027-01-08 12:15:19 UTC","283d, 09:42:07"
852682519.149,24927319.149,333833.573,False,"2027-01-08 12:15:19 UTC","288d, 12:15:19"
852682519.149,25368510.638,394583.792,False,"2027-01-08 12:15:19 UTC","293d, 14:48:30"
852682519.149,25809702.128,483061.329,False,"2027-01-08 12:15:19 UTC","298d, 17:21:42"
852682519.149,26250893.617,623319.04,False,"2027-01-08 12:15:19 UTC","303d, 19:54:53"
852682519.149,26692085.106,877541.804,False,"2027-01-08 12:15:19 UTC","308d, 22:28:05"
852682519.149,27133276.596,1462572.23,False,"2027-01-08 12:15:19 UTC","314d, 01:01:16"
852682519.149,27574468.085,3399808.266,False,"2027-01-08 12:15:19 UTC","319d, 03:34:28"
852682519.149,28015659.574,2482162.793,True,"2027-01-08 12:15:19 UTC","324d, 06:07:39"
852682519.149,28456851.064,1196273.967,True,"2027-01-08 12:15:19 UTC","329d, 08:40:51"
852682519.149,28898042.553,767469.498,True,"2027-01-08 12:15:19 UTC","334d, 11:14:02"
852682519.149,29339234.043,562427.749,True,"2027-01-08 12:15:19 UTC","339d, 13:47:14"
852682519.149,29780425.532,443218.223,True,"2027-01-08 12:15:19 UTC","344d, 16:20:25"
852682519.149,30221617.021,365508.585,True,"2027-01-08 12:15:19 UTC","349d, 18:53:37"
852682519.149,30662808.511,310931.827,True,"2027-01-08 12:15:19 UTC","354d, 21:26:48"
852682519.149,31104000,270544.595,True,"2027-01-08 12:15:19 UTC","360d, 00:00:00"
853020765.957,10368000,71719.912,False,"2027-01-12 10:12:45 UTC","120d, 00:00:00"
853020765.957,10809191.489,72590.805,False,"2027-01-12 10:12:45 UTC","125d, 02:33:11"
853020765.957,11250382.979,73531.278,False,"2027-01-12 10:12:45 UTC","130d, 05:06:22"
853020765.957,11691574.468,74546.921,False,"2027-01-12 10:12:45 UTC","135d, 07:39:34"
853020765.957,12132765.957,75643.988,False,"2027-01-12 10:12:45 UTC","140d, 10:12:45"
853020765.957,12573957.447,76829.489,False,"2027-01-12 10:12:45 UTC","145d, 12:45:57"
853020765.957,13015148.936,78111.293,False,"2027-01-12 10:12:45 UTC","150d, 15:19:08"
853020765.957,13456340.426,79498.255,False,"2027-01-12 10:12:45 UTC","155d, 17:52:20"
853020765.957,13897531.915,81000.372,False,"2027-01-12 10:12:45 UTC","160d, 20:25:31"
853020765.957,14338723.404,82628.956,False,"2027-01-12 10:12:45 UTC","165d, 22:58:43"
853020765.957,14779914.894,84396.858,False,"2027-01-12 10:12:45 UTC","171d, 01:31:54"
853020765.957,15221106.383,86318.725,False,"2027-01-12 10:12:45 UTC","176d, 04:05:06"
853020765.957,15662297.872,88411.323,False,"2027-01-12 10:12:45 UTC","181d, 06:38:17"
853020765.957,16103489.362,90693.925,False,"2027-01-12 10:12:45 UTC","186d, 09:11:29"
853020765.957,16544680.851,93188.791,False,"2027-01-12 10:12:45 UTC","191d, 11:44:40"
853020765.957,16985872.34,95921.769,False,"2027-01-12 10:12:45 UTC","196d, 14:17:52"
853020765.957,17427063.83,98923.04,False,"2027-01-12 10:12:45 UTC","201d, 16:51:03"
853020765.957,17868255.319,102228.064,False,"2027-01-12 10:12:45 UTC","206d, 19:24:15"
853020765.957,18309446.809,105878.783,False,"2027-01-12 10:12:45 UTC","211d, 21:57:26"
853020765.957,18750638.298,109925.178,False,"2027-01-12 10:12:45 UTC","217d, 00:30:38"
853020765.957,19191829.787,114427.293,False,"2027-01-12 10:12:45 UTC","222d, 03:03:49"
853020765.957,19633021.277,119457.911,False,"2027-01-12 10:12:45 UTC","227d, 05:37:01"
853020765.957,20074212.766,125106.137,False,"2027-01-12 10:12:45 UTC","232d, 08:10:12"
853020765.957,20515404.255,131482.272,False,"2027-01-12 10:12:45 UTC","237d, 10:43:24"
853020765.957,20956595.745,138862.545,False,"2027-01-12 10:12:45 UTC","242d, 13:16:35"
853020765.957,21397787.234,147322.14,False,"2027-01-12 10:12:45 UTC","247d, 15:49:47"
853020765.957,21838978.723,157035.749,False,"2027-01-12 10:12:45 UTC","252d, 18:22:58"
853020765.957,22280170.213,168296.052,False,"2027-01-12 10:12:45 UTC","257d, 20:56:10"
853020765.957,22721361.702,181494.309,False,"2027-01-12 10:12:45 UTC","262d, 23:29:21"
853020765.957,23162553.191,197165.552,False,"2027-01-12 10:12:45 UTC","268d, 02:02:33"
853020765.957,23603744.681,216061.024,False,"2027-01-12 10:12:45 UTC","273d, 04:35:44"
853020765.957,24044936.17,239269.191,False,"2027-01-12 10:12:45 UTC","278d, 07:08:56"
853020765.957,24486127.66,268427.872,False,"2027-01-12 10:12:45 UTC","283d, 09:42:07"
853020765.957,24927319.149,306118.618,False,"2027-01-12 10:12:45 UTC","288d, 12:15:19"
853020765.957,25368510.638,356655.266,False,"2027-01-12 10:12:45 UTC","293d, 14:48:30"
853020765.957,25809702.128,427814.461,False,"2027-01-12 10:12:45 UTC","298d, 17:21:42"
853020765.957,26250893.617,535132.209,False,"2027-01-12 10:12:45 UTC","303d, 19:54:53"
853020765.957,26692085.106,714569.406,False,"2027-01-12 10:12:45 UTC","308d, 22:28:05"
853020765.957,27133276.596,1070585.203,False,"2027-01-12 10:12:45 UTC","314d, 01:01:16"
853020765.957,27574468.085,2037604.068,False,"2027-01-12 10:12:45 UTC","319d, 03:34:28"
853020765.957,28015659.574,3792679.476,True,"2027-01-12 10:12:45 UTC","324d, 06:07:39"
853020765.957,28456851.064,1655658.135,True,"2027-01-12 10:12:45 UTC","329d, 08:40:51"
853020765.957,28898042.553,941420.436,True,"2027-01-12 10:12:45 UTC","334d, 11:14:02"
853020765.957,29339234.043,650676.997,True,"2027-01-12 10:12:45 UTC","339d, 13:47:14"
853020765.957,29780425.532,495859.09,True,"2027-01-12 10:12:45 UTC","344d, 16:20:25"
853020765.957,30221617.021,400195.032,True,"2027-01-12 10:12:45 UTC","349d, 18:53:37"
853020765.957,30662808.511,335369.632,True,"2027-01-12 10:12:45 UTC","354d, 21:26:48"
853020765.957,31104000,288608.107,True,"2027-01-12 10:12:45 UTC","360d, 00:00:00"
853359012.766,10368000,70818.648,False,"2027-01-16 08:10:12 UTC","120d, 00:00:00"
853359012.766,10809191.489,71639.007,False,"2027-01-16 08:10:12 UTC","125d, 02:33:11"
853359012.766,11250382.979,72525.902,False,"2027-01-16 08:10:12 UTC","130d, 05:06:22"
853359012.766,11691574.468,73484.552,False,"2027-01-16 08:10:12 UTC","135d, 07:39:34"
853359012.766,12132765.957,74520.791,False,"2027-01-16 08:10:12 UTC","140d, 10:12:45"
853359012.766,12573957.447,75641.158,False,"2027-01-16 08:10:12 UTC","145d, 12:45:57"
853359012.766,13015148.936,76852.99,False,"2027-01-16 08:10:12 UTC","150d, 15:19:08"
853359012.766,13456340.426,78164.536,False,"2027-01-16 08:10:12 UTC","155d, 17:52:20"
853359012.766,13897531.915,79585.099,False,"2027-01-16 08:10:12 UTC","160d, 20:25:31"
853359012.766,14338723.404,81125.193,False,"2027-01-16 08:10:12 UTC","165d, 22:58:43"
853359012.766,14779914.894,82796.742,False,"2027-01-16 08:10:12 UTC","171d, 01:31:54"
853359012.766,15221106.383,84613.317,False,"2027-01-16 08:10:12 UTC","176d, 04:05:06"
853359012.766,15662297.872,86590.419,False,"2027-01-16 08:10:12 UTC","181d, 06:38:17"
853359012.766,16103489.362,88745.828,False,"2027-01-16 08:10:12 UTC","186d, 09:11:29"
853359012.766,16544680.851,91100.034,False,"2027-01-16 08:10:12 UTC","191d, 11:44:40"
853359012.766,16985872.34,93676.766,False,"2027-01-16 08:10:12 UTC","196d, 14:17:52"
853359012.766,17427063.83,96503.649,False,"2027-01-16 08:10:12 UTC","201d, 16:51:03"
853359012.766,17868255.319,99613.041,False,"2027-01-16 08:10:12 UTC","206d, 19:24:15"
853359012.766,18309446.809,103043.079,False,"2027-01-16 08:10:12 UTC","211d, 21:57:26"
853359012.766,18750638.298,106839.04,False,"2027-01-16 08:10:12 UTC","217d, 00:30:38"
853359012.766,19191829.787,111055.084,False,"2027-01-16 08:10:12 UTC","222d, 03:03:49"
853359012.766,19633021.277,115756.562,False,"2027-01-16 08:10:12 UTC","227d, 05:37:01"
853359012.766,20074212.766,121023.065,False,"2027-01-16 08:10:12 UTC","232d, 08:10:12"
853359012.766,20515404.255,126999.42,False,"2027-01-16 08:10:12 UTC","237d, 10:43:24"
853359012.766,20956595.745,133898.795,False,"2027-01-16 08:10:12 UTC","242d, 13:16:35"
853359012.766,21397787.234,141726.248,False,"2027-01-16 08:10:12 UTC","247d, 15:49:47"
853359012.766,21838978.723,150675.525,False,"2027-01-16 08:10:12 UTC","252d, 18:22:58"
853359012.766,22280170.213,160998.279,False,"2027-01-16 08:10:12 UTC","257d, 20:56:10"
853359012.766,22721361.702,173027.406,False,"2027-01-16 08:10:12 UTC","262d, 23:29:21"
853359012.766,23162553.191,187212.532,False,"2027-01-16 08:10:12 UTC","268d, 02:02:33"
853359012.766,23603744.681,204175.927,False,"2027-01-16 08:10:12 UTC","273d, 04:35:44"
853359012.766,24044936.17,224803.813,False,"2027-01-16 08:10:12 UTC","278d, 07:08:56"
853359012.766,24486127.66,250402.232,False,"2027-01-16 08:10:12 UTC","283d, 09:42:07"
853359012.766,24927319.149,282977.586,False,"2027-01-16 08:10:12 UTC","288d, 12:15:19"
853359012.766,25368510.638,325775.296,False,"2027-01-16 08:10:12 UTC","293d, 14:48:30"
853359012.766,25809702.128,384401.819,False,"2027-01-16 08:10:12 UTC","298d, 17:21:42"
853359012.766,26250893.617,469422.092,False,"2027-01-16 08:10:12 UTC","303d, 19:54:53"
853359012.766,26692085.106,603295.982,False,"2027-01-16 08:10:12 UTC","308d, 22:28:05"
853359012.766,27133276.596,843080.335,False,"2027-01-16 08:10:12 UTC","314d, 01:01:16"
853359012.766,27574468.085,1380911.164,False,"2027-01-16 08:10:12 UTC","319d, 03:34:28"
853359012.766,28015659.574,3070738.48,False,"2027-01-16 08:10:12 UTC","324d, 06:07:39"
853359012.766,28456851.064,2514199.283,True,"2027-01-16 08:10:12 UTC","329d, 08:40:51"
853359012.766,28898042.553,1208627.871,True,"2027-01-16 08:10:12 UTC","334d, 11:14:02"
853359012.766,29339234.043,770048.347,True,"2027-01-16 08:10:12 UTC","339d, 13:47:14"
853359012.766,29780425.532,562085.727,True,"2027-01-16 08:10:12 UTC","344d, 16:20:25"
853359012.766,30221617.021,441885.299,True,"2027-01-16 08:10:12 UTC","349d, 18:53:37"
853359012.766,30662808.511,363843.22,True,"2027-01-16 08:10:12 UTC","354d, 21:26:48"
853359012.766,31104000,309190.18,True,"2027-01-16 08:10:12 UTC","360d, 00:00:00"
853697259.574,10368000,69968.914,False,"2027-01-20 06:07:39 UTC","120d, 00:00:00"
853697259.574,10809191.489,70741.905,False,"2027-01-20 06:07:39 UTC","125d, 02:33:11"
853697259.574,11250382.979,71578.709,False,"2027-01-20 06:07:39 UTC","130d, 05:06:22"
853697259.574,11691574.468,72484.199,False,"2027-01-20 06:07:39 UTC","135d, 07:39:34"
853697259.574,12132765.957,73463.825,False,"2027-01-20 06:07:39 UTC","140d, 10:12:45"
853697259.574,12573957.447,74523.695,False,"2027-01-20 06:07:39 UTC","145d, 12:45:57"
853697259.574,13015148.936,75670.663,False,"2027-01-20 06:07:39 UTC","150d, 15:19:08"
853697259.574,13456340.426,76912.429,False,"2027-01-20 06:07:39 UTC","155d, 17:52:20"
853697259.574,13897531.915,78257.667,False,"2027-01-20 06:07:39 UTC","160d, 20:25:31"
853697259.574,14338723.404,79716.175,False,"2027-01-20 06:07:39 UTC","165d, 22:58:43"
853697259.574,14779914.894,81299.047,False,"2027-01-20 06:07:39 UTC","171d, 01:31:54"
853697259.574,15221106.383,83018.887,False,"2027-01-20 06:07:39 UTC","176d, 04:05:06"
853697259.574,15662297.872,84890.072,False,"2027-01-20 06:07:39 UTC","181d, 06:38:17"
853697259.574,16103489.362,86929.058,False,"2027-01-20 06:07:39 UTC","186d, 09:11:29"
853697259.574,16544680.851,89154.766,False,"2027-01-20 06:07:39 UTC","191d, 11:44:40"
853697259.574,16985872.34,91589.057,False,"2027-01-20 06:07:39 UTC","196d, 14:17:52"
853697259.574,17427063.83,94257.312,False,"2027-01-20 06:07:39 UTC","201d, 16:51:03"
853697259.574,17868255.319,97189.174,False,"2027-01-20 06:07:39 UTC","206d, 19:24:15"
853697259.574,18309446.809,100419.467,False,"2027-01-20 06:07:39 UTC","211d, 21:57:26"
853697259.574,18750638.298,103989.388,False,"2027-01-20 06:07:39 UTC","217d, 00:30:38"
853697259.574,19191829.787,107948.025,False,"2027-01-20 06:07:39 UTC","222d, 03:03:49"
853697259.574,19633021.277,112354.35,False,"2027-01-20 06:07:39 UTC","227d, 05:37:01"
853697259.574,20074212.766,117279.846,False,"2027-01-20 06:07:39 UTC","232d, 08:10:12"
853697259.574,20515404.255,122960.587,False,"2027-01-20 06:07:39 UTC","237d, 10:43:24"
853697259.574,20956595.745,129390.539,False,"2027-01-20 06:07:39 UTC","242d, 13:16:35"
853697259.574,21397787.234,136660.762,False,"2027-01-20 06:07:39 UTC","247d, 15:49:47"
853697259.574,21838978.723,144940.682,False,"2027-01-20 06:07:39 UTC","252d, 18:22:58"
853697259.574,22280170.213,154448.518,False,"2027-01-20 06:07:39 UTC","257d, 20:56:10"
853697259.574,22721361.702,165470.15,False,"2027-01-20 06:07:39 UTC","262d, 23:29:21"
853697259.574,23162553.191,178387.437,False,"2027-01-20 06:07:39 UTC","268d, 02:02:33"
853697259.574,23603744.681,193722.029,False,"2027-01-20 06:07:39 UTC","273d, 04:35:44"
853697259.574,24044936.17,212205.537,False,"2027-01-20 06:07:39 UTC","278d, 07:08:56"
853697259.574,24486127.66,234896.503,False,"2027-01-20 06:07:39 UTC","283d, 09:42:07"
853697259.574,24927319.149,263385.012,False,"2027-01-20 06:07:39 UTC","288d, 12:15:19"
853697259.574,25368510.638,300172.019,False,"2027-01-20 06:07:39 UTC","293d, 14:48:30"
853697259.574,25809702.128,349425.112,False,"2027-01-20 06:07:39 UTC","298d, 17:21:42"
853697259.574,26250893.617,418629.103,False,"2027-01-20 06:07:39 UTC","303d, 19:54:53"
853697259.574,26692085.106,522655.884,False,"2027-01-20 06:07:39 UTC","308d, 22:28:05"
853697259.574,27133276.596,695631.867,False,"2027-01-20 06:07:39 UTC","314d, 01:01:16"
853697259.574,27574468.085,1035105.947,False,"2027-01-20 06:07:39 UTC","319d, 03:34:28"
853697259.574,28015659.574,1931814.831,False,"2027-01-20 06:07:39 UTC","324d, 06:07:39"
853697259.574,28456851.064,3623907.38,True,"2027-01-20 06:07:39 UTC","329d, 08:40:51"
853697259.574,28898042.553,1657475.422,True,"2027-01-20 06:07:39 UTC","334d, 11:14:02"
853697259.574,29339234.043,939683.193,True,"2027-01-20 06:07:39 UTC","339d, 13:47:14"
853697259.574,29780425.532,647810.875,True,"2027-01-20 06:07:39 UTC","344d, 16:20:25"
853697259.574,30221617.021,492909.401,True,"2027-01-20 06:07:39 UTC","349d, 18:53:37"
853697259.574,30662808.511,397433.768,True,"2027-01-20 06:07:39 UTC","354d, 21:26:48"
853697259.574,31104000,332854.586,True,"2027-01-20 06:07:39 UTC","360d, 00:00:00"
854035506.383,10368000,69167.734,False,"2027-01-24 04:05:06 UTC","120d, 00:00:00"
854035506.383,10809191.489,69896.236,False,"2027-01-24 04:05:06 UTC","125d, 02:33:11"
854035506.383,11250382.979,70686.121,False,"2027-01-24 04:05:06 UTC","130d, 05:06:22"
854035506.383,11691574.468,71541.941,False,"2027-01-24 04:05:06 UTC","135d, 07:39:34"
854035506.383,12132765.957,72468.792,False,"2027-01-24 04:05:06 UTC","140d, 10:12:45"
854035506.383,12573957.447,73472.388,False,"2027-01-24 04:05:06 UTC","145d, 12:45:57"
854035506.383,13015148.936,74559.138,False,"2027-01-24 04:05:06 UTC","150d, 15:19:08"
854035506.383,13456340.426,75736.243,False,"2027-01-24 04:05:06 UTC","155d, 17:52:20"
854035506.383,13897531.915,77011.81,False,"2027-01-24 04:05:06 UTC","160d, 20:25:31"
854035506.383,14338723.404,78394.984,False,"2027-01-24 04:05:06 UTC","165d, 22:58:43"
854035506.383,14779914.894,79896.113,False,"2027-01-24 04:05:06 UTC","171d, 01:31:54"
854035506.383,15221106.383,81526.935,False,"2027-01-24 04:05:06 UTC","176d, 04:05:06"
854035506.383,15662297.872,83300.82,False,"2027-01-24 04:05:06 UTC","181d, 06:38:17"
854035506.383,16103489.362,85233.04,False,"2027-01-24 04:05:06 UTC","186d, 09:11:29"
854035506.383,16544680.851,87341.125,False,"2027-01-24 04:05:06 UTC","191d, 11:44:40"
854035506.383,16985872.34,89645.278,False,"2027-01-24 04:05:06 UTC","196d, 14:17:52"
854035506.383,17427063.83,92168.903,False,"2027-01-24 04:05:06 UTC","201d, 16:51:03"
854035506.383,17868255.319,94939.251,False,"2027-01-24 04:05:06 UTC","206d, 19:24:15"
854035506.383,18309446.809,97988.248,False,"2027-01-24 04:05:06 UTC","211d, 21:57:26"
854035506.383,18750638.298,101353.532,False,"2027-01-24 04:05:06 UTC","217d, 00:30:38"
854035506.383,19191829.787,105079.789,False,"2027-01-24 04:05:06 UTC","222d, 03:03:49"
854035506.383,19633021.277,109220.485,False,"2027-01-24 04:05:06 UTC","227d, 05:37:01"
854035506.383,20074212.766,113908.016,False,"2027-01-24 04:05:06 UTC","232d, 08:10:12"
854035506.383,20515404.255,119273.396,False,"2027-01-24 04:05:06 UTC","237d, 10:43:24"
854035506.383,20956595.745,125285.067,False,"2027-01-24 04:05:06 UTC","242d, 13:16:35"
854035506.383,21397787.234,132061.405,False,"2027-01-24 04:05:06 UTC","247d, 15:49:47"
854035506.383,21838978.723,139751.584,False,"2027-01-24 04:05:06 UTC","252d, 18:22:58"
854035506.383,22280170.213,148546.287,False,"2027-01-24 04:05:06 UTC","257d, 20:56:10"
854035506.383,22721361.702,158693.103,False,"2027-01-24 04:05:06 UTC","262d, 23:29:21"
854035506.383,23162553.191,170519.411,False,"2027-01-24 04:05:06 UTC","268d, 02:02:33"
854035506.383,23603744.681,184467.21,False,"2027-01-24 04:05:06 UTC","273d, 04:35:44"
854035506.383,24044936.17,201147.911,False,"2027-01-24 04:05:06 UTC","278d, 07:08:56"
854035506.383,24486127.66,221431.763,False,"2027-01-24 04:05:06 UTC","283d, 09:42:07"
854035506.383,24927319.149,246600.37,False,"2027-01-24 04:05:06 UTC","288d, 12:15:19"
854035506.383,25368510.638,278620.874,False,"2027-01-24 04:05:06 UTC","293d, 14:48:30"
854035506.383,25809702.128,320671.654,False,"2027-01-24 04:05:06 UTC","298d, 17:21:42"
854035506.383,26250893.617,378235.177,False,"2027-01-24 04:05:06 UTC","303d, 19:54:53"
854035506.383,26692085.106,461620.833,False,"2027-01-24 04:05:06 UTC","308d, 22:28:05"
854035506.383,27133276.596,592672.052,False,"2027-01-24 04:05:06 UTC","314d, 01:01:16"
854035506.383,27574468.085,826543.519,False,"2027-01-24 04:05:06 UTC","319d, 03:34:28"
854035506.383,28015659.574,1346389.113,False,"2027-01-24 04:05:06 UTC","324d, 06:07:39"
854035506.383,28456851.064,2930282.853,False,"2027-01-24 04:05:06 UTC","329d, 08:40:51"
854035506.383,28898042.553,2468045.086,True,"2027-01-24 04:05:06 UTC","334d, 11:14:02"
854035506.383,29339234.043,1196992.294,True,"2027-01-24 04:05:06 UTC","339d, 13:47:14"
854035506.383,29780425.532,762854.238,True,"2027-01-24 04:05:06 UTC","344d, 16:20:25"
854035506.383,30221617.021,556745.828,True,"2027-01-24 04:05:06 UTC","349d, 18:53:37"
854035506.383,30662808.511,437644.234,True,"2027-01-24 04:05:06 UTC","354d, 21:26:48"
854035506.383,31104000,360346.618,True,"2027-01-24 04:05:06 UTC","360d, 00:00:00"
854373753.191,10368000,68412.367,False,"2027-01-28 02:02:33 UTC","120d, 00:00:00"
854373753.191,10809191.489,69098.991,False,"2027-01-28 02:02:33 UTC","125d, 02:33:11"
854373753.191,11250382.979,69844.842,False,"2027-01-28 02:02:33 UTC","130d, 05:06:22"
854373753.191,11691574.468,70654.17,False,"2027-01-28 02:02:33 UTC","135d, 07:39:34"
854373753.191,12132765.957,71531.744,False,"2027-01-28 02:02:33 UTC","140d, 10:12:45"
854373753.191,12573957.447,72482.912,False,"2027-01-28 02:02:33 UTC","145d, 12:45:57"
854373753.191,13015148.936,73513.677,False,"2027-01-28 02:02:33 UTC","150d, 15:19:08"
854373753.191,13456340.426,74630.781,False,"2027-01-28 02:02:33 UTC","155d, 17:52:20"
854373753.191,13897531.915,75841.812,False,"2027-01-28 02:02:33 UTC","160d, 20:25:31"
854373753.191,14338723.404,77155.327,False,"2027-01-28 02:02:33 UTC","165d, 22:58:43"
854373753.191,14779914.894,78580.994,False,"2027-01-28 02:02:33 UTC","171d, 01:31:54"
854373753.191,15221106.383,80129.774,False,"2027-01-28 02:02:33 UTC","176d, 04:05:06"
854373753.191,15662297.872,81814.127,False,"2027-01-28 02:02:33 UTC","181d, 06:38:17"
854373753.191,16103489.362,83648.269,False,"2027-01-28 02:02:33 UTC","186d, 09:11:29"
854373753.191,16544680.851,85648.483,False,"2027-01-28 02:02:33 UTC","191d, 11:44:40"
854373753.191,16985872.34,87833.501,False,"2027-01-28 02:02:33 UTC","196d, 14:17:52"
854373753.191,17427063.83,90224.967,False,"2027-01-28 02:02:33 UTC","201d, 16:51:03"
854373753.191,17868255.319,92848.025,False,"2027-01-28 02:02:33 UTC","206d, 19:24:15"
854373753.191,18309446.809,95732.046,False,"2027-01-28 02:02:33 UTC","211d, 21:57:26"
854373753.191,18750638.298,98911.548,False,"2027-01-28 02:02:33 UTC","217d, 00:30:38"
854373753.191,19191829.787,102427.376,False,"2027-01-28 02:02:33 UTC","222d, 03:03:49"
854373753.191,19633021.277,106328.213,False,"2027-01-28 02:02:33 UTC","227d, 05:37:01"
854373753.191,20074212.766,110856.49,False,"2027-01-28 02:02:33 UTC","232d, 08:10:12"
854373753.191,20515404.255,115900.162,False,"2027-01-28 02:02:33 UTC","237d, 10:43:24"
854373753.191,20956595.745,121537.397,False,"2027-01-28 02:02:33 UTC","242d, 13:16:35"
854373753.191,21397787.234,127873.761,False,"2027-01-28 02:02:33 UTC","247d, 15:49:47"
854373753.191,21838978.723,135041.449,False,"2027-01-28 02:02:33 UTC","252d, 18:22:58"
854373753.191,22280170.213,143208.222,False,"2027-01-28 02:02:33 UTC","257d, 20:56:10"
854373753.191,22721361.702,152590.156,False,"2027-01-28 02:02:33 UTC","262d, 23:29:21"
854373753.191,23162553.191,163470.322,False,"2027-01-28 02:02:33 UTC","268d, 02:02:33"
854373753.191,23603744.681,176226.83,False,"2027-01-28 02:02:33 UTC","273d, 04:35:44"
854373753.191,24044936.17,191376.231,False,"2027-01-28 02:02:33 UTC","278d, 07:08:56"
854373753.191,24486127.66,209643.013,False,"2027-01-28 02:02:33 UTC","283d, 09:42:07"
854373753.191,24927319.149,232075.478,False,"2027-01-28 02:02:33 UTC","288d, 12:15:19"
854373753.191,25368510.638,260248.449,False,"2027-01-28 02:02:33 UTC","293d, 14:48:30"
854373753.191,25809702.128,296639.095,False,"2027-01-28 02:02:33 UTC","298d, 17:21:42"
854373753.191,26250893.617,345375.816,False,"2027-01-28 02:02:33 UTC","303d, 19:54:53"
854373753.191,26692085.106,413873.672,False,"2027-01-28 02:02:33 UTC","308d, 22:28:05"
854373753.191,27133276.596,516865.566,False,"2027-01-28 02:02:33 UTC","314d, 01:01:16"
854373753.191,27574468.085,688142.744,False,"2027-01-28 02:02:33 UTC","319d, 03:34:28"
854373753.191,28015659.574,1024077.041,False,"2027-01-28 02:02:33 UTC","324d, 06:07:39"
854373753.191,28456851.064,1905808.759,False,"2027-01-28 02:02:33 UTC","329d, 08:40:51"
854373753.191,28898042.553,3482069.133,True,"2027-01-28 02:02:33 UTC","334d, 11:14:02"
854373753.191,29339234.043,1621136.182,True,"2027-01-28 02:02:33 UTC","339d, 13:47:14"
854373753.191,29780425.532,924635.675,True,"2027-01-28 02:02:33 UTC","344d, 16:20:25"
854373753.191,30221617.021,638814.125,True,"2027-01-28 02:02:33 UTC","349d, 18:53:37"
854373753.191,30662808.511,486625.309,True,"2027-01-28 02:02:33 UTC","354d, 21:26:48"
854373753.191,31104000,392672.252,True,"2027-01-28 02:02:33 UTC","360d, 00:00:00"
854712000,10368000,67700.286,False,"2027-02-01 00:00:00 UTC","120d, 00:00:00"
854712000,10809191.489,68347.398,False,"2027-02-01 00:00:00 UTC","125d, 02:33:11"
854712000,11250382.979,69051.834,False,"2027-02-01 00:00:00 UTC","130d, 05:06:22"
854712000,11691574.468,69817.565,False,"2027-02-01 00:00:00 UTC","135d, 07:39:34"
854712000,12132765.957,70649.05,False,"2027-02-01 00:00:00 UTC","140d, 10:12:45"
854712000,12573957.447,71551.298,False,"2027-02-01 00:00:00 UTC","145d, 12:45:57"
854712000,13015148.936,72529.936,False,"2027-02-01 00:00:00 UTC","150d, 15:19:08"
854712000,13456340.426,73591.284,False,"2027-02-01 00:00:00 UTC","155d, 17:52:20"
854712000,13897531.915,74742.456,False,"2027-02-01 00:00:00 UTC","160d, 20:25:31"
854712000,14338723.404,75991.469,False,"2027-02-01 00:00:00 UTC","165d, 22:58:43"
854712000,14779914.894,77347.377,False,"2027-02-01 00:00:00 UTC","171d, 01:31:54"
854712000,15221106.383,78820.432,False,"2027-02-01 00:00:00 UTC","176d, 04:05:06"
854712000,15662297.872,80422.276,False,"2027-02-01 00:00:00 UTC","181d, 06:38:17"
854712000,16103489.362,82166.172,False,"2027-02-01 00:00:00 UTC","186d, 09:11:29"
854712000,16544680.851,84067.288,False,"2027-02-01 00:00:00 UTC","191d, 11:44:40"
854712000,16985872.34,86143.036,False,"2027-02-01 00:00:00 UTC","196d, 14:17:52"
854712000,17427063.83,88413.495,False,"2027-02-01 00:00:00 UTC","201d, 16:51:03"
854712000,17868255.319,90901.936,False,"2027-02-01 00:00:00 UTC","206d, 19:24:15"
854712000,18309446.809,93635.469,False,"2027-02-01 00:00:00 UTC","211d, 21:57:26"
854712000,18750638.298,96645.865,False,"2027-02-01 00:00:00 UTC","217d, 00:30:38"
854712000,19191829.787,99970.596,False,"2027-02-01 00:00:00 UTC","222d, 03:03:49"
854712000,19633021.277,103772.18,False,"2027-02-01 00:00:00 UTC","227d, 05:37:01"
854712000,20074212.766,108055.001,False,"2027-02-01 00:00:00 UTC","232d, 08:10:12"
854712000,20515404.255,112808.282,False,"2027-02-01 00:00:00 UTC","237d, 10:43:24"
854712000,20956595.745,118108.894,False,"2027-02-01 00:00:00 UTC","242d, 13:16:35"
854712000,21397787.234,124051.468,False,"2027-02-01 00:00:00 UTC","247d, 15:49:47"
854712000,21838978.723,130753.842,False,"2027-02-01 00:00:00 UTC","252d, 18:22:58"
854712000,22280170.213,138364.546,False,"2027-02-01 00:00:00 UTC","257d, 20:56:10"
854712000,22721361.702,147073.466,False,"2027-02-01 00:00:00 UTC","262d, 23:29:21"
854712000,23162553.191,157127.247,False,"2027-02-01 00:00:00 UTC","268d, 02:02:33"
854712000,23603744.681,168852.138,False,"2027-02-01 00:00:00 UTC","273d, 04:35:44"
854712000,24044936.17,182688.808,False,"2027-02-01 00:00:00 UTC","278d, 07:08:56"
854712000,24486127.66,199247.15,False,"2027-02-01 00:00:00 UTC","283d, 09:42:07"
854712000,24927319.149,219395.804,False,"2027-02-01 00:00:00 UTC","288d, 12:15:19"
854712000,25368510.638,244415.009,False,"2027-02-01 00:00:00 UTC","293d, 14:48:30"
854712000,25809702.128,276271.697,False,"2027-02-01 00:00:00 UTC","298d, 17:21:42"
854712000,26250893.617,318147.81,False,"2027-02-01 00:00:00 UTC","303d, 19:54:53"
854712000,26692085.106,375540.595,False,"2027-02-01 00:00:00 UTC","308d, 22:28:05"
854712000,27133276.596,458808.632,False,"2027-02-01 00:00:00 UTC","314d, 01:01:16"
854712000,27574468.085,589960.056,False,"2027-02-01 00:00:00 UTC","319d, 03:34:28"
854712000,28015659.574,824765.255,False,"2027-02-01 00:00:00 UTC","324d, 06:07:39"
854712000,28456851.064,1349010.925,False,"2027-02-01 00:00:00 UTC","329d, 08:40:51"
854712000,28898042.553,2923423.743,False,"2027-02-01 00:00:00 UTC","334d, 11:14:02"
854712000,29339234.043,2370159.169,True,"2027-02-01 00:00:00 UTC","339d, 13:47:14"
854712000,29780425.532,1166583.694,True,"2027-02-01 00:00:00 UTC","344d, 16:20:25"
854712000,30221617.021,748007.999,True,"2027-02-01 00:00:00 UTC","349d, 18:53:37"
854712000,30662808.511,547562.082,True,"2027-02-01 00:00:00 UTC","354d, 21:26:48"
854712000,31104000,431222.375,True,"2027-02-01 00:00:00 UTC","360d, 00:00:00"
