departureTime,travelTime,totalDeltaV,longWay,departureDate,travelDuration
838814400,10368000,18111.473,False,"2026-08-01 00:00:00 UTC","120d, 00:00:00"
838814400,10800000,16822.819,False,"2026-08-01 00:00:00 UTC","125d, 00:00:00"
838814400,11232000,15619.1,False,"2026-08-01 00:00:00 UTC","130d, 00:00:00"
838814400,11664000,14492.729,False,"2026-08-01 00:00:00 UTC","135d, 00:00:00"
838814400,12096000,13437.506,False,"2026-08-01 00:00:00 UTC","140d, 00:00:00"
838814400,12528000,12448.354,False,"2026-08-01 00:00:00 UTC","145d, 00:00:00"
838814400,12960000,11521.106,False,"2026-08-01 00:00:00 UTC","150d, 00:00:00"
838814400,13392000,10652.329,False,"2026-08-01 00:00:00 UTC","155d, 00:00:00"
838814400,13824000,9839.179,False,"2026-08-01 00:00:00 UTC","160d, 00:00:00"
838814400,14256000,9079.284,False,"2026-08-01 00:00:00 UTC","165d, 00:00:00"
838814400,14688000,8370.638,False,"2026-08-01 00:00:00 UTC","170d, 00:00:00"
838814400,15120000,7711.52,False,"2026-08-01 00:00:00 UTC","175d, 00:00:00"
838814400,15552000,7100.414,False,"2026-08-01 00:00:00 UTC","180d, 00:00:00"
838814400,15984000,6535.946,False,"2026-08-01 00:00:00 UTC","185d, 00:00:00"
838814400,16416000,6016.821,False,"2026-08-01 00:00:00 UTC","190d, 00:00:00"
838814400,16848000,5541.777,False,"2026-08-01 00:00:00 UTC","195d, 00:00:00"
838814400,17280000,5109.525,False,"2026-08-01 00:00:00 UTC","200d, 00:00:00"
838814400,17712000,4718.715,False,"2026-08-01 00:00:00 UTC","205d, 00:00:00"
838814400,18144000,4367.883,False,"2026-08-01 00:00:00 UTC","210d, 00:00:00"
838814400,18576000,4055.424,False,"2026-08-01 00:00:00 UTC","215d, 00:00:00"
838814400,19008000,3779.549,False,"2026-08-01 00:00:00 UTC","220d, 00:00:00"
838814400,19440000,3538.259,False,"2026-08-01 00:00:00 UTC","225d, 00:00:00"
838814400,19872000,3329.32,False,"2026-08-01 00:00:00 UTC","230d, 00:00:00"
838814400,20304000,3150.245,False,"2026-08-01 00:00:00 UTC","235d, 00:00:00"
838814400,20736000,2998.279,False,"2026-08-01 00:00:00 UTC","240d, 00:00:00"
838814400,21168000,2870.396,False,"2026-08-01 00:00:00 UTC","245d, 00:00:00"
838814400,21600000,2763.282,False,"2026-08-01 00:00:00 UTC","250d, 00:00:00"
838814400,22032000,2673.292,False,"2026-08-01 00:00:00 UTC","255d, 00:00:00"
838814400,22464000,2596.288,False,"2026-08-01 00:00:00 UTC","260d, 00:00:00"
838814400,22896000,2527.187,False,"2026-08-01 00:00:00 UTC","265d, 00:00:00"
838814400,23328000,2458.608,False,"2026-08-01 00:00:00 UTC","270d, 00:00:00"
838814400,23760000,2376.477,False,"2026-08-01 00:00:00 UTC","275d, 00:00:00"
838814400,24192000,2244.142,False,"2026-08-01 00:00:00 UTC","280d, 00:00:00"
838814400,24624000,2576.268,False,"2026-08-01 00:00:00 UTC","285d, 00:00:00"
838814400,25056000,3352.456,True,"2026-08-01 00:00:00 UTC","290d, 00:00:00"
838814400,25488000,2821.637,True,"2026-08-01 00:00:00 UTC","295d, 00:00:00"
838814400,25920000,2689.224,True,"2026-08-01 00:00:00 UTC","300d, 00:00:00"
838814400,26352000,2628.122,True,"2026-08-01 00:00:00 UTC","305d, 00:00:00"
838814400,26784000,2592.536,True,"2026-08-01 00:00:00 UTC","310d, 00:00:00"
838814400,27216000,2569.267,True,"2026-08-01 00:00:00 UTC","315d, 00:00:00"
838814400,27648000,2553.145,True,"2026-08-01 00:00:00 UTC","320d, 00:00:00"
838814400,28080000,2541.814,True,"2026-08-01 00:00:00 UTC","325d, 00:00:00"
838814400,28512000,2534.178,True,"2026-08-01 00:00:00 UTC","330d, 00:00:00"
838814400,28944000,2529.832,True,"2026-08-01 00:00:00 UTC","335d, 00:00:00"
838814400,29376000,2528.859,True,"2026-08-01 00:00:00 UTC","340d, 00:00:00"
838814400,29808000,2531.76,True,"2026-08-01 00:00:00 UTC","345d, 00:00:00"
838814400,30240000,2539.466,True,"2026-08-01 00:00:00 UTC","350d, 00:00:00"
838814400,30672000,2553.383,True,"2026-08-01 00:00:00 UTC","355d, 00:00:00"
838814400,31104000,2575.463,True,"2026-08-01 00:00:00 UTC","360d, 00:00:00"
838814400,31536000,2608.278,True,"2026-08-01 00:00:00 UTC","365d, 00:00:00"
838814400,31968000,2655.089,True,"2026-08-01 00:00:00 UTC","370d, 00:00:00"
838814400,32400000,2719.906,True,"2026-08-01 00:00:00 UTC","375d, 00:00:00"
838814400,32832000,2807.545,True,"2026-08-01 00:00:00 UTC","380d, 00:00:00"
838814400,33264000,2923.689,True,"2026-08-01 00:00:00 UTC","385d, 00:00:00"
838814400,33696000,3074.988,True,"2026-08-01 00:00:00 UTC","390d, 00:00:00"
838814400,34128000,3269.217,True,"2026-08-01 00:00:00 UTC","395d, 00:00:00"
838814400,34560000,3515.539,True,"2026-08-01 00:00:00 UTC","400d, 00:00:00"
838814400,34992000,3824.895,True,"2026-08-01 00:00:00 UTC","405d, 00:00:00"
838814400,35424000,4210.565,True,"2026-08-01 00:00:00 UTC","410d, 00:00:00"
838814400,35856000,4688.953,True,"2026-08-01 00:00:00 UTC","415d, 00:00:00"
838814400,36288000,5280.652,True,"2026-08-01 00:00:00 UTC","420d, 00:00:00"
838814400,36720000,6011.878,True,"2026-08-01 00:00:00 UTC","425d, 00:00:00"
838814400,37152000,6916.349,True,"2026-08-01 00:00:00 UTC","430d, 00:00:00"
838814400,37584000,8037.64,True,"2026-08-01 00:00:00 UTC","435d, 00:00:00"
838814400,38016000,9431.732,True,"2026-08-01 00:00:00 UTC","440d, 00:00:00"
838814400,38448000,11168.71,True,"2026-08-01 00:00:00 UTC","445d, 00:00:00"
838814400,38880000,13330.557,True,"2026-08-01 00:00:00 UTC","450d, 00:00:00"
838814400,39312000,15997.884,True,"2026-08-01 00:00:00 UTC","455d, 00:00:00"
838814400,39744000,19213.097,True,"2026-08-01 00:00:00 UTC","460d, 00:00:00"
838814400,40176000,22911.157,True,"2026-08-01 00:00:00 UTC","465d, 00:00:00"
838814400,40608000,26848.535,True,"2026-08-01 00:00:00 UTC","470d, 00:00:00"
838814400,41040000,28964.876,False,"2026-08-01 00:00:00 UTC","475d, 00:00:00"
838814400,41472000,28310.943,False,"2026-08-01 00:00:00 UTC","480d, 00:00:00"
838814400,41904000,27653,False,"2026-08-01 00:00:00 UTC","485d, 00:00:00"
838814400,42336000,26992.072,False,"2026-08-01 00:00:00 UTC","490d, 00:00:00"
838814400,42768000,26329.19,False,"2026-08-01 00:00:00 UTC","495d, 00:00:00"
838814400,43200000,25665.387,False,"2026-08-01 00:00:00 UTC","500d, 00:00:00"
840234315.789,10368000,15310.19,False,"2026-08-17 10:25:15 UTC","120d, 00:00:00"
840234315.789,10800000,14096.913,False,"2026-08-17 10:25:15 UTC","125d, 00:00:00"
840234315.789,11232000,12971.191,False,"2026-08-17 10:25:15 UTC","130d, 00:00:00"
840234315.789,11664000,11925.745,False,"2026-08-17 10:25:15 UTC","135d, 00:00:00"
840234315.789,12096000,10954.618,False,"2026-08-17 10:25:15 UTC","140d, 00:00:00"
840234315.789,12528000,10052.917,False,"2026-08-17 10:25:15 UTC","145d, 00:00:00"
840234315.789,12960000,9216.601,False,"2026-08-17 10:25:15 UTC","150d, 00:00:00"
840234315.789,13392000,8442.307,False,"2026-08-17 10:25:15 UTC","155d, 00:00:00"
840234315.789,13824000,7727.2,False,"2026-08-17 10:25:15 UTC","160d, 00:00:00"
840234315.789,14256000,7068.853,False,"2026-08-17 10:25:15 UTC","165d, 00:00:00"
840234315.789,14688000,6465.128,False,"2026-08-17 10:25:15 UTC","170d, 00:00:00"
840234315.789,15120000,5914.082,False,"2026-08-17 10:25:15 UTC","175d, 00:00:00"
840234315.789,15552000,5413.869,False,"2026-08-17 10:25:15 UTC","180d, 00:00:00"
840234315.789,15984000,4962.664,False,"2026-08-17 10:25:15 UTC","185d, 00:00:00"
840234315.789,16416000,4558.573,False,"2026-08-17 10:25:15 UTC","190d, 00:00:00"
840234315.789,16848000,4199.568,False,"2026-08-17 10:25:15 UTC","195d, 00:00:00"
840234315.789,17280000,3883.416,False,"2026-08-17 10:25:15 UTC","200d, 00:00:00"
840234315.789,17712000,3607.62,False,"2026-08-17 10:25:15 UTC","205d, 00:00:00"
840234315.789,18144000,3369.381,False,"2026-08-17 10:25:15 UTC","210d, 00:00:00"
840234315.789,18576000,3165.561,False,"2026-08-17 10:25:15 UTC","215d, 00:00:00"
840234315.789,19008000,2992.692,False,"2026-08-17 10:25:15 UTC","220d, 00:00:00"
840234315.789,19440000,2846.986,False,"2026-08-17 10:25:15 UTC","225d, 00:00:00"
840234315.789,19872000,2724.396,False,"2026-08-17 10:25:15 UTC","230d, 00:00:00"
840234315.789,20304000,2620.674,False,"2026-08-17 10:25:15 UTC","235d, 00:00:00"
840234315.789,20736000,2531.436,False,"2026-08-17 10:25:15 UTC","240d, 00:00:00"
840234315.789,21168000,2452.183,False,"2026-08-17 10:25:15 UTC","245d, 00:00:00"
840234315.789,21600000,2378.27,False,"2026-08-17 10:25:15 UTC","250d, 00:00:00"
840234315.789,22032000,2304.894,False,"2026-08-17 10:25:15 UTC","255d, 00:00:00"
840234315.789,22464000,2227.836,False,"2026-08-17 10:25:15 UTC","260d, 00:00:00"
840234315.789,22896000,2150.154,False,"2026-08-17 10:25:15 UTC","265d, 00:00:00"
840234315.789,23328000,2140.3,False,"2026-08-17 10:25:15 UTC","270d, 00:00:00"
840234315.789,23760000,2954.128,False,"2026-08-17 10:25:15 UTC","275d, 00:00:00"
840234315.789,24192000,16688.613,True,"2026-08-17 10:25:15 UTC","280d, 00:00:00"
840234315.789,24624000,4237.935,True,"2026-08-17 10:25:15 UTC","285d, 00:00:00"
840234315.789,25056000,3394.857,True,"2026-08-17 10:25:15 UTC","290d, 00:00:00"
840234315.789,25488000,3077.151,True,"2026-08-17 10:25:15 UTC","295d, 00:00:00"
840234315.789,25920000,2911.675,True,"2026-08-17 10:25:15 UTC","300d, 00:00:00"
840234315.789,26352000,2809.713,True,"2026-08-17 10:25:15 UTC","305d, 00:00:00"
840234315.789,26784000,2740.006,True,"2026-08-17 10:25:15 UTC","310d, 00:00:00"
840234315.789,27216000,2688.941,True,"2026-08-17 10:25:15 UTC","315d, 00:00:00"
840234315.789,27648000,2649.778,True,"2026-08-17 10:25:15 UTC","320d, 00:00:00"
840234315.789,28080000,2618.941,True,"2026-08-17 10:25:15 UTC","325d, 00:00:00"
840234315.789,28512000,2594.547,True,"2026-08-17 10:25:15 UTC","330d, 00:00:00"
840234315.789,28944000,2575.779,True,"2026-08-17 10:25:15 UTC","335d, 00:00:00"
840234315.789,29376000,2562.62,True,"2026-08-17 10:25:15 UTC","340d, 00:00:00"
840234315.789,29808000,2555.778,True,"2026-08-17 10:25:15 UTC","345d, 00:00:00"
840234315.789,30240000,2556.704,True,"2026-08-17 10:25:15 UTC","350d, 00:00:00"
840234315.789,30672000,2567.648,True,"2026-08-17 10:25:15 UTC","355d, 00:00:00"
840234315.789,31104000,2591.719,True,"2026-08-17 10:25:15 UTC","360d, 00:00:00"
840234315.789,31536000,2632.923,True,"2026-08-17 10:25:15 UTC","365d, 00:00:00"
840234315.789,31968000,2696.159,True,"2026-08-17 10:25:15 UTC","370d, 00:00:00"
840234315.789,32400000,2787.204,True,"2026-08-17 10:25:15 UTC","375d, 00:00:00"
840234315.789,32832000,2912.702,True,"2026-08-17 10:25:15 UTC","380d, 00:00:00"
840234315.789,33264000,3080.22,True,"2026-08-17 10:25:15 UTC","385d, 00:00:00"
840234315.789,33696000,3298.413,True,"2026-08-17 10:25:15 UTC","390d, 00:00:00"
840234315.789,34128000,3577.338,True,"2026-08-17 10:25:15 UTC","395d, 00:00:00"
840234315.789,34560000,3928.931,True,"2026-08-17 10:25:15 UTC","400d, 00:00:00"
840234315.789,34992000,4367.681,True,"2026-08-17 10:25:15 UTC","405d, 00:00:00"
840234315.789,35424000,4911.522,True,"2026-08-17 10:25:15 UTC","410d, 00:00:00"
840234315.789,35856000,5583.018,True,"2026-08-17 10:25:15 UTC","415d, 00:00:00"
840234315.789,36288000,6410.88,True,"2026-08-17 10:25:15 UTC","420d, 00:00:00"
840234315.789,36720000,7431.859,True,"2026-08-17 10:25:15 UTC","425d, 00:00:00"
840234315.789,37152000,8692.865,True,"2026-08-17 10:25:15 UTC","430d, 00:00:00"
840234315.789,37584000,10252.659,True,"2026-08-17 10:25:15 UTC","435d, 00:00:00"
840234315.789,38016000,12181.235,True,"2026-08-17 10:25:15 UTC","440d, 00:00:00"
840234315.789,38448000,14552.349,True,"2026-08-17 10:25:15 UTC","445d, 00:00:00"
840234315.789,38880000,17420.573,True,"2026-08-17 10:25:15 UTC","450d, 00:00:00"
840234315.789,39312000,20773.075,True,"2026-08-17 10:25:15 UTC","455d, 00:00:00"
840234315.789,39744000,24464.103,True,"2026-08-17 10:25:15 UTC","460d, 00:00:00"
840234315.789,40176000,28685.799,False,"2026-08-17 10:25:15 UTC","465d, 00:00:00"
840234315.789,40608000,28034.41,False,"2026-08-17 10:25:15 UTC","470d, 00:00:00"
840234315.789,41040000,27378.897,False,"2026-08-17 10:25:15 UTC","475d, 00:00:00"
840234315.789,41472000,26720.306,False,"2026-08-17 10:25:15 UTC","480d, 00:00:00"
840234315.789,41904000,26059.691,False,"2026-08-17 10:25:15 UTC","485d, 00:00:00"
840234315.789,42336000,25398.109,False,"2026-08-17 10:25:15 UTC","490d, 00:00:00"
840234315.789,42768000,24736.613,False,"2026-08-17 10:25:15 UTC","495d, 00:00:00"
840234315.789,43200000,24076.248,False,"2026-08-17 10:25:15 UTC","500d, 00:00:00"
841654231.579,10368000,12549.378,False,"2026-09-02 20:50:31 UTC","120d, 00:00:00"
841654231.579,10800000,11438.037,False,"2026-09-02 20:50:31 UTC","125d, 00:00:00"
841654231.579,11232000,10417.109,False,"2026-09-02 20:50:31 UTC","130d, 00:00:00"
841654231.579,11664000,9479.696,False,"2026-09-02 20:50:31 UTC","135d, 00:00:00"
841654231.579,12096000,8620.127,False,"2026-09-02 20:50:31 UTC","140d, 00:00:00"
841654231.579,12528000,7833.696,False,"2026-09-02 20:50:31 UTC","145d, 00:00:00"
841654231.579,12960000,7116.447,False,"2026-09-02 20:50:31 UTC","150d, 00:00:00"
841654231.579,13392000,6464.975,False,"2026-09-02 20:50:31 UTC","155d, 00:00:00"
841654231.579,13824000,5876.265,False,"2026-09-02 20:50:31 UTC","160d, 00:00:00"
841654231.579,14256000,5347.532,False,"2026-09-02 20:50:31 UTC","165d, 00:00:00"
841654231.579,14688000,4876.08,False,"2026-09-02 20:50:31 UTC","170d, 00:00:00"
841654231.579,15120000,4459.168,False,"2026-09-02 20:50:31 UTC","175d, 00:00:00"
841654231.579,15552000,4093.895,False,"2026-09-02 20:50:31 UTC","180d, 00:00:00"
841654231.579,15984000,3777.097,False,"2026-09-02 20:50:31 UTC","185d, 00:00:00"
841654231.579,16416000,3505.274,False,"2026-09-02 20:50:31 UTC","190d, 00:00:00"
841654231.579,16848000,3274.551,False,"2026-09-02 20:50:31 UTC","195d, 00:00:00"
841654231.579,17280000,3080.693,False,"2026-09-02 20:50:31 UTC","200d, 00:00:00"
841654231.579,17712000,2919.165,False,"2026-09-02 20:50:31 UTC","205d, 00:00:00"
841654231.579,18144000,2785.261,False,"2026-09-02 20:50:31 UTC","210d, 00:00:00"
841654231.579,18576000,2674.265,False,"2026-09-02 20:50:31 UTC","215d, 00:00:00"
841654231.579,19008000,2581.632,False,"2026-09-02 20:50:31 UTC","220d, 00:00:00"
841654231.579,19440000,2503.148,False,"2026-09-02 20:50:31 UTC","225d, 00:00:00"
841654231.579,19872000,2435.07,False,"2026-09-02 20:50:31 UTC","230d, 00:00:00"
841654231.579,20304000,2374.261,False,"2026-09-02 20:50:31 UTC","235d, 00:00:00"
841654231.579,20736000,2318.492,False,"2026-09-02 20:50:31 UTC","240d, 00:00:00"
841654231.579,21168000,2267.424,False,"2026-09-02 20:50:31 UTC","245d, 00:00:00"
841654231.579,21600000,2226.128,False,"2026-09-02 20:50:31 UTC","250d, 00:00:00"
841654231.579,22032000,2218.692,False,"2026-09-02 20:50:31 UTC","255d, 00:00:00"
841654231.579,22464000,2347.617,False,"2026-09-02 20:50:31 UTC","260d, 00:00:00"
841654231.579,22896000,3074.136,False,"2026-09-02 20:50:31 UTC","265d, 00:00:00"
841654231.579,23328000,7299.625,False,"2026-09-02 20:50:31 UTC","270d, 00:00:00"
841654231.579,23760000,7347.448,True,"2026-09-02 20:50:31 UTC","275d, 00:00:00"
841654231.579,24192000,4406.824,True,"2026-09-02 20:50:31 UTC","280d, 00:00:00"
841654231.579,24624000,3644.067,True,"2026-09-02 20:50:31 UTC","285d, 00:00:00"
841654231.579,25056000,3288.798,True,"2026-09-02 20:50:31 UTC","290d, 00:00:00"
841654231.579,25488000,3083.923,True,"2026-09-02 20:50:31 UTC","295d, 00:00:00"
841654231.579,25920000,2949.739,True,"2026-09-02 20:50:31 UTC","300d, 00:00:00"
841654231.579,26352000,2853.901,True,"2026-09-02 20:50:31 UTC","305d, 00:00:00"
841654231.579,26784000,2781.08,True,"2026-09-02 20:50:31 UTC","310d, 00:00:00"
841654231.579,27216000,2723.258,True,"2026-09-02 20:50:31 UTC","315d, 00:00:00"
841654231.579,27648000,2676.014,True,"2026-09-02 20:50:31 UTC","320d, 00:00:00"
841654231.579,28080000,2636.927,True,"2026-09-02 20:50:31 UTC","325d, 00:00:00"
841654231.579,28512000,2604.866,True,"2026-09-02 20:50:31 UTC","330d, 00:00:00"
841654231.579,28944000,2579.693,True,"2026-09-02 20:50:31 UTC","335d, 00:00:00"
841654231.579,29376000,2562.19,True,"2026-09-02 20:50:31 UTC","340d, 00:00:00"
841654231.579,29808000,2554.102,True,"2026-09-02 20:50:31 UTC","345d, 00:00:00"
841654231.579,30240000,2558.221,True,"2026-09-02 20:50:31 UTC","350d, 00:00:00"
841654231.579,30672000,2578.442,True,"2026-09-02 20:50:31 UTC","355d, 00:00:00"
841654231.579,31104000,2619.749,True,"2026-09-02 20:50:31 UTC","360d, 00:00:00"
841654231.579,31536000,2688.116,True,"2026-09-02 20:50:31 UTC","365d, 00:00:00"
841654231.579,31968000,2790.377,True,"2026-09-02 20:50:31 UTC","370d, 00:00:00"
841654231.579,32400000,2934.135,True,"2026-09-02 20:50:31 UTC","375d, 00:00:00"
841654231.579,32832000,3127.806,True,"2026-09-02 20:50:31 UTC","380d, 00:00:00"
841654231.579,33264000,3380.847,True,"2026-09-02 20:50:31 UTC","385d, 00:00:00"
841654231.579,33696000,3704.175,True,"2026-09-02 20:50:31 UTC","390d, 00:00:00"
841654231.579,34128000,4110.778,True,"2026-09-02 20:50:31 UTC","395d, 00:00:00"
841654231.579,34560000,4616.507,True,"2026-09-02 20:50:31 UTC","400d, 00:00:00"
841654231.579,34992000,5241.087,True,"2026-09-02 20:50:31 UTC","405d, 00:00:00"
841654231.579,35424000,6009.373,True,"2026-09-02 20:50:31 UTC","410d, 00:00:00"
841654231.579,35856000,6952.912,True,"2026-09-02 20:50:31 UTC","415d, 00:00:00"
841654231.579,36288000,8111.686,True,"2026-09-02 20:50:31 UTC","420d, 00:00:00"
841654231.579,36720000,9535.652,True,"2026-09-02 20:50:31 UTC","425d, 00:00:00"
841654231.579,37152000,11284.796,True,"2026-09-02 20:50:31 UTC","430d, 00:00:00"
841654231.579,37584000,13424.704,True,"2026-09-02 20:50:31 UTC","435d, 00:00:00"
841654231.579,38016000,16011.639,True,"2026-09-02 20:50:31 UTC","440d, 00:00:00"
841654231.579,38448000,19058.934,True,"2026-09-02 20:50:31 UTC","445d, 00:00:00"
841654231.579,38880000,22483.995,True,"2026-09-02 20:50:31 UTC","450d, 00:00:00"
841654231.579,39312000,26067.026,True,"2026-09-02 20:50:31 UTC","455d, 00:00:00"
841654231.579,39744000,27755.236,False,"2026-09-02 20:50:31 UTC","460d, 00:00:00"
841654231.579,40176000,27102.616,False,"2026-09-02 20:50:31 UTC","465d, 00:00:00"
841654231.579,40608000,26446.873,False,"2026-09-02 20:50:31 UTC","470d, 00:00:00"
841654231.579,41040000,25789.084,False,"2026-09-02 20:50:31 UTC","475d, 00:00:00"
841654231.579,41472000,25130.324,False,"2026-09-02 20:50:31 UTC","480d, 00:00:00"
841654231.579,41904000,24471.665,False,"2026-09-02 20:50:31 UTC","485d, 00:00:00"
841654231.579,42336000,23814.169,False,"2026-09-02 20:50:31 UTC","490d, 00:00:00"
841654231.579,42768000,23158.884,False,"2026-09-02 20:50:31 UTC","495d, 00:00:00"
841654231.579,43200000,22506.84,False,"2026-09-02 20:50:31 UTC","500d, 00:00:00"
843074147.368,10368000,9953.175,False,"2026-09-19 07:15:47 UTC","120d, 00:00:00"
843074147.368,10800000,8977.456,False,"2026-09-19 07:15:47 UTC","125d, 00:00:00"
843074147.368,11232000,8095.568,False,"2026-09-19 07:15:47 UTC","130d, 00:00:00"
843074147.368,11664000,7300.945,False,"2026-09-19 07:15:47 UTC","135d, 00:00:00"
843074147.368,12096000,6588.037,False,"2026-09-19 07:15:47 UTC","140d, 00:00:00"
843074147.368,12528000,5952.024,False,"2026-09-19 07:15:47 UTC","145d, 00:00:00"
843074147.368,12960000,5388.542,False,"2026-09-19 07:15:47 UTC","150d, 00:00:00"
843074147.368,13392000,4893.452,False,"2026-09-19 07:15:47 UTC","155d, 00:00:00"
843074147.368,13824000,4462.626,False,"2026-09-19 07:15:47 UTC","160d, 00:00:00"
843074147.368,14256000,4091.766,False,"2026-09-19 07:15:47 UTC","165d, 00:00:00"
843074147.368,14688000,3776.277,False,"2026-09-19 07:15:47 UTC","170d, 00:00:00"
843074147.368,15120000,3511.196,False,"2026-09-19 07:15:47 UTC","175d, 00:00:00"
843074147.368,15552000,3291.205,False,"2026-09-19 07:15:47 UTC","180d, 00:00:00"
843074147.368,15984000,3110.731,False,"2026-09-19 07:15:47 UTC","185d, 00:00:00"
843074147.368,16416000,2964.119,False,"2026-09-19 07:15:47 UTC","190d, 00:00:00"
843074147.368,16848000,2845.854,False,"2026-09-19 07:15:47 UTC","195d, 00:00:00"
843074147.368,17280000,2750.774,False,"2026-09-19 07:15:47 UTC","200d, 00:00:00"
843074147.368,17712000,2674.244,False,"2026-09-19 07:15:47 UTC","205d, 00:00:00"
843074147.368,18144000,2612.249,False,"2026-09-19 07:15:47 UTC","210d, 00:00:00"
843074147.368,18576000,2561.442,False,"2026-09-19 07:15:47 UTC","215d, 00:00:00"
843074147.368,19008000,2519.186,False,"2026-09-19 07:15:47 UTC","220d, 00:00:00"
843074147.368,19440000,2483.698,False,"2026-09-19 07:15:47 UTC","225d, 00:00:00"
843074147.368,19872000,2454.494,False,"2026-09-19 07:15:47 UTC","230d, 00:00:00"
843074147.368,20304000,2433.676,False,"2026-09-19 07:15:47 UTC","235d, 00:00:00"
843074147.368,20736000,2429.56,False,"2026-09-19 07:15:47 UTC","240d, 00:00:00"
843074147.368,21168000,2467.823,False,"2026-09-19 07:15:47 UTC","245d, 00:00:00"
843074147.368,21600000,2629.222,False,"2026-09-19 07:15:47 UTC","250d, 00:00:00"
843074147.368,22032000,3189.765,False,"2026-09-19 07:15:47 UTC","255d, 00:00:00"
843074147.368,22464000,5288.542,False,"2026-09-19 07:15:47 UTC","260d, 00:00:00"
843074147.368,22896000,24034.166,True,"2026-09-19 07:15:47 UTC","265d, 00:00:00"
843074147.368,23328000,5980.731,True,"2026-09-19 07:15:47 UTC","270d, 00:00:00"
843074147.368,23760000,4342.515,True,"2026-09-19 07:15:47 UTC","275d, 00:00:00"
843074147.368,24192000,3716.05,True,"2026-09-19 07:15:47 UTC","280d, 00:00:00"
843074147.368,24624000,3384.621,True,"2026-09-19 07:15:47 UTC","285d, 00:00:00"
843074147.368,25056000,3177.981,True,"2026-09-19 07:15:47 UTC","290d, 00:00:00"
843074147.368,25488000,3034.453,True,"2026-09-19 07:15:47 UTC","295d, 00:00:00"
843074147.368,25920000,2926.816,True,"2026-09-19 07:15:47 UTC","300d, 00:00:00"
843074147.368,26352000,2841.523,True,"2026-09-19 07:15:47 UTC","305d, 00:00:00"
843074147.368,26784000,2771.308,True,"2026-09-19 07:15:47 UTC","310d, 00:00:00"
843074147.368,27216000,2712.143,True,"2026-09-19 07:15:47 UTC","315d, 00:00:00"
843074147.368,27648000,2661.879,True,"2026-09-19 07:15:47 UTC","320d, 00:00:00"
843074147.368,28080000,2619.63,True,"2026-09-19 07:15:47 UTC","325d, 00:00:00"
843074147.368,28512000,2585.543,True,"2026-09-19 07:15:47 UTC","330d, 00:00:00"
843074147.368,28944000,2560.794,True,"2026-09-19 07:15:47 UTC","335d, 00:00:00"
843074147.368,29376000,2547.697,True,"2026-09-19 07:15:47 UTC","340d, 00:00:00"
843074147.368,29808000,2549.824,True,"2026-09-19 07:15:47 UTC","345d, 00:00:00"
843074147.368,30240000,2572.058,True,"2026-09-19 07:15:47 UTC","350d, 00:00:00"
843074147.368,30672000,2620.491,True,"2026-09-19 07:15:47 UTC","355d, 00:00:00"
843074147.368,31104000,2702.195,True,"2026-09-19 07:15:47 UTC","360d, 00:00:00"
843074147.368,31536000,2824.966,True,"2026-09-19 07:15:47 UTC","365d, 00:00:00"
843074147.368,31968000,2997.203,True,"2026-09-19 07:15:47 UTC","370d, 00:00:00"
843074147.368,32400000,3228.01,True,"2026-09-19 07:15:47 UTC","375d, 00:00:00"
843074147.368,32832000,3527.568,True,"2026-09-19 07:15:47 UTC","380d, 00:00:00"
843074147.368,33264000,3907.703,True,"2026-09-19 07:15:47 UTC","385d, 00:00:00"
843074147.368,33696000,4382.625,True,"2026-09-19 07:15:47 UTC","390d, 00:00:00"
843074147.368,34128000,4969.825,True,"2026-09-19 07:15:47 UTC","395d, 00:00:00"
843074147.368,34560000,5691.151,True,"2026-09-19 07:15:47 UTC","400d, 00:00:00"
843074147.368,34992000,6574.108,True,"2026-09-19 07:15:47 UTC","405d, 00:00:00"
843074147.368,35424000,7653.325,True,"2026-09-19 07:15:47 UTC","410d, 00:00:00"
843074147.368,35856000,8971.893,True,"2026-09-19 07:15:47 UTC","415d, 00:00:00"
843074147.368,36288000,10581.704,True,"2026-09-19 07:15:47 UTC","420d, 00:00:00"
843074147.368,36720000,12540.665,True,"2026-09-19 07:15:47 UTC","425d, 00:00:00"
843074147.368,37152000,14902.513,True,"2026-09-19 07:15:47 UTC","430d, 00:00:00"
843074147.368,37584000,17692.781,True,"2026-09-19 07:15:47 UTC","435d, 00:00:00"
843074147.368,38016000,20867.445,True,"2026-09-19 07:15:47 UTC","440d, 00:00:00"
843074147.368,38448000,24269.972,True,"2026-09-19 07:15:47 UTC","445d, 00:00:00"
843074147.368,38880000,27482.337,False,"2026-09-19 07:15:47 UTC","450d, 00:00:00"
843074147.368,39312000,26832.896,False,"2026-09-19 07:15:47 UTC","455d, 00:00:00"
843074147.368,39744000,26180.334,False,"2026-09-19 07:15:47 UTC","460d, 00:00:00"
843074147.368,40176000,25525.745,False,"2026-09-19 07:15:47 UTC","465d, 00:00:00"
843074147.368,40608000,24870.221,False,"2026-09-19 07:15:47 UTC","470d, 00:00:00"
843074147.368,41040000,24214.85,False,"2026-09-19 07:15:47 UTC","475d, 00:00:00"
843074147.368,41472000,23560.709,False,"2026-09-19 07:15:47 UTC","480d, 00:00:00"
843074147.368,41904000,22908.857,False,"2026-09-19 07:15:47 UTC","485d, 00:00:00"
843074147.368,42336000,22260.335,False,"2026-09-19 07:15:47 UTC","490d, 00:00:00"
843074147.368,42768000,21616.155,False,"2026-09-19 07:15:47 UTC","495d, 00:00:00"
843074147.368,43200000,20977.301,False,"2026-09-19 07:15:47 UTC","500d, 00:00:00"
844494063.158,10368000,7710.59,False,"2026-10-05 17:41:03 UTC","120d, 00:00:00"
844494063.158,10800000,6914.148,False,"2026-10-05 17:41:03 UTC","125d, 00:00:00"
844494063.158,11232000,6214.81,False,"2026-10-05 17:41:03 UTC","130d, 00:00:00"
844494063.158,11664000,5605.515,False,"2026-10-05 17:41:03 UTC","135d, 00:00:00"
844494063.158,12096000,5079.691,False,"2026-10-05 17:41:03 UTC","140d, 00:00:00"
844494063.158,12528000,4630.919,False,"2026-10-05 17:41:03 UTC","145d, 00:00:00"
844494063.158,12960000,4252.688,False,"2026-10-05 17:41:03 UTC","150d, 00:00:00"
844494063.158,13392000,3938.251,False,"2026-10-05 17:41:03 UTC","155d, 00:00:00"
844494063.158,13824000,3680.605,False,"2026-10-05 17:41:03 UTC","160d, 00:00:00"
844494063.158,14256000,3472.584,False,"2026-10-05 17:41:03 UTC","165d, 00:00:00"
844494063.158,14688000,3307.061,False,"2026-10-05 17:41:03 UTC","170d, 00:00:00"
844494063.158,15120000,3177.184,False,"2026-10-05 17:41:03 UTC","175d, 00:00:00"
844494063.158,15552000,3076.593,False,"2026-10-05 17:41:03 UTC","180d, 00:00:00"
844494063.158,15984000,2999.571,False,"2026-10-05 17:41:03 UTC","185d, 00:00:00"
844494063.158,16416000,2941.119,False,"2026-10-05 17:41:03 UTC","190d, 00:00:00"
844494063.158,16848000,2896.957,False,"2026-10-05 17:41:03 UTC","195d, 00:00:00"
844494063.158,17280000,2863.505,False,"2026-10-05 17:41:03 UTC","200d, 00:00:00"
844494063.158,17712000,2837.874,False,"2026-10-05 17:41:03 UTC","205d, 00:00:00"
844494063.158,18144000,2817.91,False,"2026-10-05 17:41:03 UTC","210d, 00:00:00"
844494063.158,18576000,2802.362,False,"2026-10-05 17:41:03 UTC","215d, 00:00:00"
844494063.158,19008000,2791.324,False,"2026-10-05 17:41:03 UTC","220d, 00:00:00"
844494063.158,19440000,2787.325,False,"2026-10-05 17:41:03 UTC","225d, 00:00:00"
844494063.158,19872000,2798.119,False,"2026-10-05 17:41:03 UTC","230d, 00:00:00"
844494063.158,20304000,2844.405,False,"2026-10-05 17:41:03 UTC","235d, 00:00:00"
844494063.158,20736000,2983.466,False,"2026-10-05 17:41:03 UTC","240d, 00:00:00"
844494063.158,21168000,3390.836,False,"2026-10-05 17:41:03 UTC","245d, 00:00:00"
844494063.158,21600000,4705.223,False,"2026-10-05 17:41:03 UTC","250d, 00:00:00"
844494063.158,22032000,12436.07,False,"2026-10-05 17:41:03 UTC","255d, 00:00:00"
844494063.158,22464000,9228.062,True,"2026-10-05 17:41:03 UTC","260d, 00:00:00"
844494063.158,22896000,5284.476,True,"2026-10-05 17:41:03 UTC","265d, 00:00:00"
844494063.158,23328000,4227.946,True,"2026-10-05 17:41:03 UTC","270d, 00:00:00"
844494063.158,23760000,3733.279,True,"2026-10-05 17:41:03 UTC","275d, 00:00:00"
844494063.158,24192000,3443.189,True,"2026-10-05 17:41:03 UTC","280d, 00:00:00"
844494063.158,24624000,3247.839,True,"2026-10-05 17:41:03 UTC","285d, 00:00:00"
844494063.158,25056000,3103.125,True,"2026-10-05 17:41:03 UTC","290d, 00:00:00"
844494063.158,25488000,2988.499,True,"2026-10-05 17:41:03 UTC","295d, 00:00:00"
844494063.158,25920000,2893.471,True,"2026-10-05 17:41:03 UTC","300d, 00:00:00"
844494063.158,26352000,2812.409,True,"2026-10-05 17:41:03 UTC","305d, 00:00:00"
844494063.158,26784000,2742.305,True,"2026-10-05 17:41:03 UTC","310d, 00:00:00"
844494063.158,27216000,2681.738,True,"2026-10-05 17:41:03 UTC","315d, 00:00:00"
844494063.158,27648000,2630.437,True,"2026-10-05 17:41:03 UTC","320d, 00:00:00"
844494063.158,28080000,2589.155,True,"2026-10-05 17:41:03 UTC","325d, 00:00:00"
844494063.158,28512000,2559.747,True,"2026-10-05 17:41:03 UTC","330d, 00:00:00"
844494063.158,28944000,2545.348,True,"2026-10-05 17:41:03 UTC","335d, 00:00:00"
844494063.158,29376000,2550.515,True,"2026-10-05 17:41:03 UTC","340d, 00:00:00"
844494063.158,29808000,2581.223,True,"2026-10-05 17:41:03 UTC","345d, 00:00:00"
844494063.158,30240000,2644.634,True,"2026-10-05 17:41:03 UTC","350d, 00:00:00"
844494063.158,30672000,2748.724,True,"2026-10-05 17:41:03 UTC","355d, 00:00:00"
844494063.158,31104000,2901.979,True,"2026-10-05 17:41:03 UTC","360d, 00:00:00"
844494063.158,31536000,3113.336,True,"2026-10-05 17:41:03 UTC","365d, 00:00:00"
844494063.158,31968000,3392.468,True,"2026-10-05 17:41:03 UTC","370d, 00:00:00"
844494063.158,32400000,3750.319,True,"2026-10-05 17:41:03 UTC","375d, 00:00:00"
844494063.158,32832000,4199.812,True,"2026-10-05 17:41:03 UTC","380d, 00:00:00"
844494063.158,33264000,4756.669,True,"2026-10-05 17:41:03 UTC","385d, 00:00:00"
844494063.158,33696000,5440.361,True,"2026-10-05 17:41:03 UTC","390d, 00:00:00"
844494063.158,34128000,6275.213,True,"2026-10-05 17:41:03 UTC","395d, 00:00:00"
844494063.158,34560000,7291.649,True,"2026-10-05 17:41:03 UTC","400d, 00:00:00"
844494063.158,34992000,8527.36,True,"2026-10-05 17:41:03 UTC","405d, 00:00:00"
844494063.158,35424000,10027.742,True,"2026-10-05 17:41:03 UTC","410d, 00:00:00"
844494063.158,35856000,11844.042,True,"2026-10-05 17:41:03 UTC","415d, 00:00:00"
844494063.158,36288000,14026.055,True,"2026-10-05 17:41:03 UTC","420d, 00:00:00"
844494063.158,36720000,16604.343,True,"2026-10-05 17:41:03 UTC","425d, 00:00:00"
844494063.158,37152000,19557.933,True,"2026-10-05 17:41:03 UTC","430d, 00:00:00"
844494063.158,37584000,22775.149,True,"2026-10-05 17:41:03 UTC","435d, 00:00:00"
844494063.158,38016000,26041.027,True,"2026-10-05 17:41:03 UTC","440d, 00:00:00"
844494063.158,38448000,26577.273,False,"2026-10-05 17:41:03 UTC","445d, 00:00:00"
844494063.158,38880000,25928.068,False,"2026-10-05 17:41:03 UTC","450d, 00:00:00"
844494063.158,39312000,25276.892,False,"2026-10-05 17:41:03 UTC","455d, 00:00:00"
844494063.158,39744000,24624.854,False,"2026-10-05 17:41:03 UTC","460d, 00:00:00"
844494063.158,40176000,23973.053,False,"2026-10-05 17:41:03 UTC","465d, 00:00:00"
844494063.158,40608000,23322.576,False,"2026-10-05 17:41:03 UTC","470d, 00:00:00"
844494063.158,41040000,22674.494,False,"2026-10-05 17:41:03 UTC","475d, 00:00:00"
844494063.158,41472000,22029.854,False,"2026-10-05 17:41:03 UTC","480d, 00:00:00"
844494063.158,41904000,21389.674,False,"2026-10-05 17:41:03 UTC","485d, 00:00:00"
844494063.158,42336000,20754.941,False,"2026-10-05 17:41:03 UTC","490d, 00:00:00"
844494063.158,42768000,20126.606,False,"2026-10-05 17:41:03 UTC","495d, 00:00:00"
844494063.158,43200000,19505.58,False,"2026-10-05 17:41:03 UTC","500d, 00:00:00"
845913978.947,10368000,6098.196,False,"2026-10-22 04:06:18 UTC","120d, 00:00:00"
845913978.947,10800000,5527.739,False,"2026-10-22 04:06:18 UTC","125d, 00:00:00"
845913978.947,11232000,5051.382,False,"2026-10-22 04:06:18 UTC","130d, 00:00:00"
845913978.947,11664000,4659.17,False,"2026-10-22 04:06:18 UTC","135d, 00:00:00"
845913978.947,12096000,4341.216,False,"2026-10-22 04:06:18 UTC","140d, 00:00:00"
845913978.947,12528000,4087.726,False,"2026-10-22 04:06:18 UTC","145d, 00:00:00"
845913978.947,12960000,3889.168,False,"2026-10-22 04:06:18 UTC","150d, 00:00:00"
845913978.947,13392000,3736.487,False,"2026-10-22 04:06:18 UTC","155d, 00:00:00"
845913978.947,13824000,3621.321,False,"2026-10-22 04:06:18 UTC","160d, 00:00:00"
845913978.947,14256000,3536.148,False,"2026-10-22 04:06:18 UTC","165d, 00:00:00"
845913978.947,14688000,3474.357,False,"2026-10-22 04:06:18 UTC","170d, 00:00:00"
845913978.947,15120000,3430.253,False,"2026-10-22 04:06:18 UTC","175d, 00:00:00"
845913978.947,15552000,3399.027,False,"2026-10-22 04:06:18 UTC","180d, 00:00:00"
845913978.947,15984000,3376.702,False,"2026-10-22 04:06:18 UTC","185d, 00:00:00"
845913978.947,16416000,3360.083,False,"2026-10-22 04:06:18 UTC","190d, 00:00:00"
845913978.947,16848000,3346.731,False,"2026-10-22 04:06:18 UTC","195d, 00:00:00"
845913978.947,17280000,3334.983,False,"2026-10-22 04:06:18 UTC","200d, 00:00:00"
845913978.947,17712000,3324.067,False,"2026-10-22 04:06:18 UTC","205d, 00:00:00"
845913978.947,18144000,3314.439,False,"2026-10-22 04:06:18 UTC","210d, 00:00:00"
845913978.947,18576000,3308.587,False,"2026-10-22 04:06:18 UTC","215d, 00:00:00"
845913978.947,19008000,3313.049,False,"2026-10-22 04:06:18 UTC","220d, 00:00:00"
845913978.947,19440000,3343.701,False,"2026-10-22 04:06:18 UTC","225d, 00:00:00"
845913978.947,19872000,3441.128,False,"2026-10-22 04:06:18 UTC","230d, 00:00:00"
845913978.947,20304000,3721.682,False,"2026-10-22 04:06:18 UTC","235d, 00:00:00"
845913978.947,20736000,4582.471,False,"2026-10-22 04:06:18 UTC","240d, 00:00:00"
845913978.947,21168000,8122.081,False,"2026-10-22 04:06:18 UTC","245d, 00:00:00"
845913978.947,21600000,18201.404,True,"2026-10-22 04:06:18 UTC","250d, 00:00:00"
845913978.947,22032000,6667.888,True,"2026-10-22 04:06:18 UTC","255d, 00:00:00"
845913978.947,22464000,4864.355,True,"2026-10-22 04:06:18 UTC","260d, 00:00:00"
845913978.947,22896000,4150.262,True,"2026-10-22 04:06:18 UTC","265d, 00:00:00"
845913978.947,23328000,3762.248,True,"2026-10-22 04:06:18 UTC","270d, 00:00:00"
845913978.947,23760000,3510.093,True,"2026-10-22 04:06:18 UTC","275d, 00:00:00"
845913978.947,24192000,3325.584,True,"2026-10-22 04:06:18 UTC","280d, 00:00:00"
845913978.947,24624000,3179.268,True,"2026-10-22 04:06:18 UTC","285d, 00:00:00"
845913978.947,25056000,3056.926,True,"2026-10-22 04:06:18 UTC","290d, 00:00:00"
845913978.947,25488000,2951.258,True,"2026-10-22 04:06:18 UTC","295d, 00:00:00"
845913978.947,25920000,2858.484,True,"2026-10-22 04:06:18 UTC","300d, 00:00:00"
845913978.947,26352000,2776.828,True,"2026-10-22 04:06:18 UTC","305d, 00:00:00"
845913978.947,26784000,2705.82,True,"2026-10-22 04:06:18 UTC","310d, 00:00:00"
845913978.947,27216000,2646.033,True,"2026-10-22 04:06:18 UTC","315d, 00:00:00"
845913978.947,27648000,2599.071,True,"2026-10-22 04:06:18 UTC","320d, 00:00:00"
845913978.947,28080000,2567.72,True,"2026-10-22 04:06:18 UTC","325d, 00:00:00"
845913978.947,28512000,2556.157,True,"2026-10-22 04:06:18 UTC","330d, 00:00:00"
845913978.947,28944000,2570.05,True,"2026-10-22 04:06:18 UTC","335d, 00:00:00"
845913978.947,29376000,2616.423,True,"2026-10-22 04:06:18 UTC","340d, 00:00:00"
845913978.947,29808000,2703.281,True,"2026-10-22 04:06:18 UTC","345d, 00:00:00"
845913978.947,30240000,2839.161,True,"2026-10-22 04:06:18 UTC","350d, 00:00:00"
845913978.947,30672000,3032.918,True,"2026-10-22 04:06:18 UTC","355d, 00:00:00"
845913978.947,31104000,3293.88,True,"2026-10-22 04:06:18 UTC","360d, 00:00:00"
845913978.947,31536000,3632.33,True,"2026-10-22 04:06:18 UTC","365d, 00:00:00"
845913978.947,31968000,4060.186,True,"2026-10-22 04:06:18 UTC","370d, 00:00:00"
845913978.947,32400000,4591.768,True,"2026-10-22 04:06:18 UTC","375d, 00:00:00"
845913978.947,32832000,5244.644,True,"2026-10-22 04:06:18 UTC","380d, 00:00:00"
845913978.947,33264000,6040.598,True,"2026-10-22 04:06:18 UTC","385d, 00:00:00"
845913978.947,33696000,7006.705,True,"2026-10-22 04:06:18 UTC","390d, 00:00:00"
845913978.947,34128000,8176.354,True,"2026-10-22 04:06:18 UTC","395d, 00:00:00"
845913978.947,34560000,9589.709,True,"2026-10-22 04:06:18 UTC","400d, 00:00:00"
845913978.947,34992000,11292.421,True,"2026-10-22 04:06:18 UTC","405d, 00:00:00"
845913978.947,35424000,13330.139,True,"2026-10-22 04:06:18 UTC","410d, 00:00:00"
845913978.947,35856000,15734.878,True,"2026-10-22 04:06:18 UTC","415d, 00:00:00"
845913978.947,36288000,18499.372,True,"2026-10-22 04:06:18 UTC","420d, 00:00:00"
845913978.947,36720000,21542.914,True,"2026-10-22 04:06:18 UTC","425d, 00:00:00"
845913978.947,37152000,24691.513,True,"2026-10-22 04:06:18 UTC","430d, 00:00:00"
845913978.947,37584000,26342.157,False,"2026-10-22 04:06:18 UTC","435d, 00:00:00"
845913978.947,38016000,25696.35,False,"2026-10-22 04:06:18 UTC","440d, 00:00:00"
845913978.947,38448000,25048.663,False,"2026-10-22 04:06:18 UTC","445d, 00:00:00"
845913978.947,38880000,24400.215,False,"2026-10-22 04:06:18 UTC","450d, 00:00:00"
845913978.947,39312000,23752.116,False,"2026-10-22 04:06:18 UTC","455d, 00:00:00"
845913978.947,39744000,23105.462,False,"2026-10-22 04:06:18 UTC","460d, 00:00:00"
845913978.947,40176000,22461.328,False,"2026-10-22 04:06:18 UTC","465d, 00:00:00"
845913978.947,40608000,21820.766,False,"2026-10-22 04:06:18 UTC","470d, 00:00:00"
845913978.947,41040000,21184.797,False,"2026-10-22 04:06:18 UTC","475d, 00:00:00"
845913978.947,41472000,20554.41,False,"2026-10-22 04:06:18 UTC","480d, 00:00:00"
845913978.947,41904000,19930.555,False,"2026-10-22 04:06:18 UTC","485d, 00:00:00"
845913978.947,42336000,19314.14,False,"2026-10-22 04:06:18 UTC","490d, 00:00:00"
845913978.947,42768000,18706.03,False,"2026-10-22 04:06:18 UTC","495d, 00:00:00"
845913978.947,43200000,18107.042,False,"2026-10-22 04:06:18 UTC","500d, 00:00:00"
847333894.737,10368000,5419.778,False,"2026-11-07 14:31:34 UTC","120d, 00:00:00"
847333894.737,10800000,5085.45,False,"2026-11-07 14:31:34 UTC","125d, 00:00:00"
847333894.737,11232000,4825.157,False,"2026-11-07 14:31:34 UTC","130d, 00:00:00"
847333894.737,11664000,4626.189,False,"2026-11-07 14:31:34 UTC","135d, 00:00:00"
847333894.737,12096000,4476.963,False,"2026-11-07 14:31:34 UTC","140d, 00:00:00"
847333894.737,12528000,4367.159,False,"2026-11-07 14:31:34 UTC","145d, 00:00:00"
847333894.737,12960000,4287.777,False,"2026-11-07 14:31:34 UTC","150d, 00:00:00"
847333894.737,13392000,4231.126,False,"2026-11-07 14:31:34 UTC","155d, 00:00:00"
847333894.737,13824000,4190.763,False,"2026-11-07 14:31:34 UTC","160d, 00:00:00"
847333894.737,14256000,4161.391,False,"2026-11-07 14:31:34 UTC","165d, 00:00:00"
847333894.737,14688000,4138.747,False,"2026-11-07 14:31:34 UTC","170d, 00:00:00"
847333894.737,15120000,4119.486,False,"2026-11-07 14:31:34 UTC","175d, 00:00:00"
847333894.737,15552000,4101.077,False,"2026-11-07 14:31:34 UTC","180d, 00:00:00"
847333894.737,15984000,4081.739,False,"2026-11-07 14:31:34 UTC","185d, 00:00:00"
847333894.737,16416000,4060.41,False,"2026-11-07 14:31:34 UTC","190d, 00:00:00"
847333894.737,16848000,4036.818,False,"2026-11-07 14:31:34 UTC","195d, 00:00:00"
847333894.737,17280000,4011.714,False,"2026-11-07 14:31:34 UTC","200d, 00:00:00"
847333894.737,17712000,3987.471,False,"2026-11-07 14:31:34 UTC","205d, 00:00:00"
847333894.737,18144000,3969.535,False,"2026-11-07 14:31:34 UTC","210d, 00:00:00"
847333894.737,18576000,3970.108,False,"2026-11-07 14:31:34 UTC","215d, 00:00:00"
847333894.737,19008000,4018.452,False,"2026-11-07 14:31:34 UTC","220d, 00:00:00"
847333894.737,19440000,4193.88,False,"2026-11-07 14:31:34 UTC","225d, 00:00:00"
847333894.737,19872000,4753.349,False,"2026-11-07 14:31:34 UTC","230d, 00:00:00"
847333894.737,20304000,6831.742,False,"2026-11-07 14:31:34 UTC","235d, 00:00:00"
847333894.737,20736000,23433.875,False,"2026-11-07 14:31:34 UTC","240d, 00:00:00"
847333894.737,21168000,8861.091,True,"2026-11-07 14:31:34 UTC","245d, 00:00:00"
847333894.737,21600000,5661.976,True,"2026-11-07 14:31:34 UTC","250d, 00:00:00"
847333894.737,22032000,4646.621,True,"2026-11-07 14:31:34 UTC","255d, 00:00:00"
847333894.737,22464000,4143.783,True,"2026-11-07 14:31:34 UTC","260d, 00:00:00"
847333894.737,22896000,3830.019,True,"2026-11-07 14:31:34 UTC","265d, 00:00:00"
847333894.737,23328000,3603.344,True,"2026-11-07 14:31:34 UTC","270d, 00:00:00"
847333894.737,23760000,3423.229,True,"2026-11-07 14:31:34 UTC","275d, 00:00:00"
847333894.737,24192000,3271.237,True,"2026-11-07 14:31:34 UTC","280d, 00:00:00"
847333894.737,24624000,3138.326,True,"2026-11-07 14:31:34 UTC","285d, 00:00:00"
847333894.737,25056000,3019.992,True,"2026-11-07 14:31:34 UTC","290d, 00:00:00"
847333894.737,25488000,2914.19,True,"2026-11-07 14:31:34 UTC","295d, 00:00:00"
847333894.737,25920000,2820.392,True,"2026-11-07 14:31:34 UTC","300d, 00:00:00"
847333894.737,26352000,2739.171,True,"2026-11-07 14:31:34 UTC","305d, 00:00:00"
847333894.737,26784000,2672.096,True,"2026-11-07 14:31:34 UTC","310d, 00:00:00"
847333894.737,27216000,2621.816,True,"2026-11-07 14:31:34 UTC","315d, 00:00:00"
847333894.737,27648000,2592.245,True,"2026-11-07 14:31:34 UTC","320d, 00:00:00"
847333894.737,28080000,2588.727,True,"2026-11-07 14:31:34 UTC","325d, 00:00:00"
847333894.737,28512000,2618.017,True,"2026-11-07 14:31:34 UTC","330d, 00:00:00"
847333894.737,28944000,2687.967,True,"2026-11-07 14:31:34 UTC","335d, 00:00:00"
847333894.737,29376000,2807.063,True,"2026-11-07 14:31:34 UTC","340d, 00:00:00"
847333894.737,29808000,2984.069,True,"2026-11-07 14:31:34 UTC","345d, 00:00:00"
847333894.737,30240000,3228.06,True,"2026-11-07 14:31:34 UTC","350d, 00:00:00"
847333894.737,30672000,3548.824,True,"2026-11-07 14:31:34 UTC","355d, 00:00:00"
847333894.737,31104000,3957.495,True,"2026-11-07 14:31:34 UTC","360d, 00:00:00"
847333894.737,31536000,4467.27,True,"2026-11-07 14:31:34 UTC","365d, 00:00:00"
847333894.737,31968000,5094.181,True,"2026-11-07 14:31:34 UTC","370d, 00:00:00"
847333894.737,32400000,5857.951,True,"2026-11-07 14:31:34 UTC","375d, 00:00:00"
847333894.737,32832000,6782.943,True,"2026-11-07 14:31:34 UTC","380d, 00:00:00"
847333894.737,33264000,7899.066,True,"2026-11-07 14:31:34 UTC","385d, 00:00:00"
847333894.737,33696000,9242.245,True,"2026-11-07 14:31:34 UTC","390d, 00:00:00"
847333894.737,34128000,10853.473,True,"2026-11-07 14:31:34 UTC","395d, 00:00:00"
847333894.737,34560000,12774.537,True,"2026-11-07 14:31:34 UTC","400d, 00:00:00"
847333894.737,34992000,15037.198,True,"2026-11-07 14:31:34 UTC","405d, 00:00:00"
847333894.737,35424000,17642.383,True,"2026-11-07 14:31:34 UTC","410d, 00:00:00"
847333894.737,35856000,20530.692,True,"2026-11-07 14:31:34 UTC","415d, 00:00:00"
847333894.737,36288000,23560.089,True,"2026-11-07 14:31:34 UTC","420d, 00:00:00"
847333894.737,36720000,26132.958,False,"2026-11-07 14:31:34 UTC","425d, 00:00:00"
847333894.737,37152000,25490.478,False,"2026-11-07 14:31:34 UTC","430d, 00:00:00"
847333894.737,37584000,24846.236,False,"2026-11-07 14:31:34 UTC","435d, 00:00:00"
847333894.737,38016000,24201.36,False,"2026-11-07 14:31:34 UTC","440d, 00:00:00"
847333894.737,38448000,23556.967,False,"2026-11-07 14:31:34 UTC","445d, 00:00:00"
847333894.737,38880000,22914.158,False,"2026-11-07 14:31:34 UTC","450d, 00:00:00"
847333894.737,39312000,22274.011,False,"2026-11-07 14:31:34 UTC","455d, 00:00:00"
847333894.737,39744000,21637.579,False,"2026-11-07 14:31:34 UTC","460d, 00:00:00"
847333894.737,40176000,21005.885,False,"2026-11-07 14:31:34 UTC","465d, 00:00:00"
847333894.737,40608000,20379.914,False,"2026-11-07 14:31:34 UTC","470d, 00:00:00"
847333894.737,41040000,19760.614,False,"2026-11-07 14:31:34 UTC","475d, 00:00:00"
847333894.737,41472000,19148.89,False,"2026-11-07 14:31:34 UTC","480d, 00:00:00"
847333894.737,41904000,18545.602,False,"2026-11-07 14:31:34 UTC","485d, 00:00:00"
847333894.737,42336000,17951.56,False,"2026-11-07 14:31:34 UTC","490d, 00:00:00"
847333894.737,42768000,17367.528,False,"2026-11-07 14:31:34 UTC","495d, 00:00:00"
847333894.737,43200000,16794.218,False,"2026-11-07 14:31:34 UTC","500d, 00:00:00"
848753810.526,10368000,5782.907,False,"2026-11-24 00:56:50 UTC","120d, 00:00:00"
848753810.526,10800000,5616.698,False,"2026-11-24 00:56:50 UTC","125d, 00:00:00"
848753810.526,11232000,5492.868,False,"2026-11-24 00:56:50 UTC","130d, 00:00:00"
848753810.526,11664000,5400.673,False,"2026-11-24 00:56:50 UTC","135d, 00:00:00"
848753810.526,12096000,5331.228,False,"2026-11-24 00:56:50 UTC","140d, 00:00:00"
848753810.526,12528000,5277.312,False,"2026-11-24 00:56:50 UTC","145d, 00:00:00"
848753810.526,12960000,5233.16,False,"2026-11-24 00:56:50 UTC","150d, 00:00:00"
848753810.526,13392000,5194.252,False,"2026-11-24 00:56:50 UTC","155d, 00:00:00"
848753810.526,13824000,5157.126,False,"2026-11-24 00:56:50 UTC","160d, 00:00:00"
848753810.526,14256000,5119.21,False,"2026-11-24 00:56:50 UTC","165d, 00:00:00"
848753810.526,14688000,5078.688,False,"2026-11-24 00:56:50 UTC","170d, 00:00:00"
848753810.526,15120000,5034.406,False,"2026-11-24 00:56:50 UTC","175d, 00:00:00"
848753810.526,15552000,4985.832,False,"2026-11-24 00:56:50 UTC","180d, 00:00:00"
848753810.526,15984000,4933.088,False,"2026-11-24 00:56:50 UTC","185d, 00:00:00"
848753810.526,16416000,4877.122,False,"2026-11-24 00:56:50 UTC","190d, 00:00:00"
848753810.526,16848000,4820.153,False,"2026-11-24 00:56:50 UTC","195d, 00:00:00"
848753810.526,17280000,4766.735,False,"2026-11-24 00:56:50 UTC","200d, 00:00:00"
848753810.526,17712000,4726.368,False,"2026-11-24 00:56:50 UTC","205d, 00:00:00"
848753810.526,18144000,4720.571,False,"2026-11-24 00:56:50 UTC","210d, 00:00:00"
848753810.526,18576000,4804.686,False,"2026-11-24 00:56:50 UTC","215d, 00:00:00"
848753810.526,19008000,5149.048,False,"2026-11-24 00:56:50 UTC","220d, 00:00:00"
848753810.526,19440000,6441.886,False,"2026-11-24 00:56:50 UTC","225d, 00:00:00"
848753810.526,19872000,13912.079,False,"2026-11-24 00:56:50 UTC","230d, 00:00:00"
848753810.526,20304000,12644.727,True,"2026-11-24 00:56:50 UTC","235d, 00:00:00"
848753810.526,20736000,6661.758,True,"2026-11-24 00:56:50 UTC","240d, 00:00:00"
848753810.526,21168000,5226.85,True,"2026-11-24 00:56:50 UTC","245d, 00:00:00"
848753810.526,21600000,4590.707,True,"2026-11-24 00:56:50 UTC","250d, 00:00:00"
848753810.526,22032000,4211.362,True,"2026-11-24 00:56:50 UTC","255d, 00:00:00"
848753810.526,22464000,3940.775,True,"2026-11-24 00:56:50 UTC","260d, 00:00:00"
848753810.526,22896000,3725.149,True,"2026-11-24 00:56:50 UTC","265d, 00:00:00"
848753810.526,23328000,3541.475,True,"2026-11-24 00:56:50 UTC","270d, 00:00:00"
848753810.526,23760000,3378.973,True,"2026-11-24 00:56:50 UTC","275d, 00:00:00"
848753810.526,24192000,3232.469,True,"2026-11-24 00:56:50 UTC","280d, 00:00:00"
848753810.526,24624000,3099.706,True,"2026-11-24 00:56:50 UTC","285d, 00:00:00"
848753810.526,25056000,2980.154,True,"2026-11-24 00:56:50 UTC","290d, 00:00:00"
848753810.526,25488000,2874.474,True,"2026-11-24 00:56:50 UTC","295d, 00:00:00"
848753810.526,25920000,2784.332,True,"2026-11-24 00:56:50 UTC","300d, 00:00:00"
848753810.526,26352000,2712.406,True,"2026-11-24 00:56:50 UTC","305d, 00:00:00"
848753810.526,26784000,2662.524,True,"2026-11-24 00:56:50 UTC","310d, 00:00:00"
848753810.526,27216000,2639.82,True,"2026-11-24 00:56:50 UTC","315d, 00:00:00"
848753810.526,27648000,2650.778,True,"2026-11-24 00:56:50 UTC","320d, 00:00:00"
848753810.526,28080000,2703.018,True,"2026-11-24 00:56:50 UTC","325d, 00:00:00"
848753810.526,28512000,2804.87,True,"2026-11-24 00:56:50 UTC","330d, 00:00:00"
848753810.526,28944000,2964.973,True,"2026-11-24 00:56:50 UTC","335d, 00:00:00"
848753810.526,29376000,3192.189,True,"2026-11-24 00:56:50 UTC","340d, 00:00:00"
848753810.526,29808000,3495.927,True,"2026-11-24 00:56:50 UTC","345d, 00:00:00"
848753810.526,30240000,3886.704,True,"2026-11-24 00:56:50 UTC","350d, 00:00:00"
848753810.526,30672000,4376.814,True,"2026-11-24 00:56:50 UTC","355d, 00:00:00"
848753810.526,31104000,4981.029,True,"2026-11-24 00:56:50 UTC","360d, 00:00:00"
848753810.526,31536000,5717.375,True,"2026-11-24 00:56:50 UTC","365d, 00:00:00"
848753810.526,31968000,6607.977,True,"2026-11-24 00:56:50 UTC","370d, 00:00:00"
848753810.526,32400000,7679.895,True,"2026-11-24 00:56:50 UTC","375d, 00:00:00"
848753810.526,32832000,8965.573,True,"2026-11-24 00:56:50 UTC","380d, 00:00:00"
848753810.526,33264000,10502.142,True,"2026-11-24 00:56:50 UTC","385d, 00:00:00"
848753810.526,33696000,12327.97,True,"2026-11-24 00:56:50 UTC","390d, 00:00:00"
848753810.526,34128000,14473.827,True,"2026-11-24 00:56:50 UTC","395d, 00:00:00"
848753810.526,34560000,16945.599,True,"2026-11-24 00:56:50 UTC","400d, 00:00:00"
848753810.526,34992000,19698.726,True,"2026-11-24 00:56:50 UTC","405d, 00:00:00"
848753810.526,35424000,22615.625,True,"2026-11-24 00:56:50 UTC","410d, 00:00:00"
848753810.526,35856000,25954.243,False,"2026-11-24 00:56:50 UTC","415d, 00:00:00"
848753810.526,36288000,25314.921,False,"2026-11-24 00:56:50 UTC","420d, 00:00:00"
848753810.526,36720000,24673.98,False,"2026-11-24 00:56:50 UTC","425d, 00:00:00"
848753810.526,37152000,24032.551,False,"2026-11-24 00:56:50 UTC","430d, 00:00:00"
848753810.526,37584000,23391.756,False,"2026-11-24 00:56:50 UTC","435d, 00:00:00"
848753810.526,38016000,22752.697,False,"2026-11-24 00:56:50 UTC","440d, 00:00:00"
848753810.526,38448000,22116.454,False,"2026-11-24 00:56:50 UTC","445d, 00:00:00"
848753810.526,38880000,21484.078,False,"2026-11-24 00:56:50 UTC","450d, 00:00:00"
848753810.526,39312000,20856.589,False,"2026-11-24 00:56:50 UTC","455d, 00:00:00"
848753810.526,39744000,20234.968,False,"2026-11-24 00:56:50 UTC","460d, 00:00:00"
848753810.526,40176000,19620.159,False,"2026-11-24 00:56:50 UTC","465d, 00:00:00"
848753810.526,40608000,19013.059,False,"2026-11-24 00:56:50 UTC","470d, 00:00:00"
848753810.526,41040000,18414.522,False,"2026-11-24 00:56:50 UTC","475d, 00:00:00"
848753810.526,41472000,17825.353,False,"2026-11-24 00:56:50 UTC","480d, 00:00:00"
848753810.526,41904000,17246.307,False,"2026-11-24 00:56:50 UTC","485d, 00:00:00"
848753810.526,42336000,16678.089,False,"2026-11-24 00:56:50 UTC","490d, 00:00:00"
848753810.526,42768000,16121.353,False,"2026-11-24 00:56:50 UTC","495d, 00:00:00"
848753810.526,43200000,15576.704,False,"2026-11-24 00:56:50 UTC","500d, 00:00:00"
850173726.316,10368000,6962.175,False,"2026-12-10 11:22:06 UTC","120d, 00:00:00"
850173726.316,10800000,6852.97,False,"2026-12-10 11:22:06 UTC","125d, 00:00:00"
850173726.316,11232000,6760.669,False,"2026-12-10 11:22:06 UTC","130d, 00:00:00"
850173726.316,11664000,6678.795,False,"2026-12-10 11:22:06 UTC","135d, 00:00:00"
850173726.316,12096000,6602.374,False,"2026-12-10 11:22:06 UTC","140d, 00:00:00"
850173726.316,12528000,6527.666,False,"2026-12-10 11:22:06 UTC","145d, 00:00:00"
850173726.316,12960000,6451.925,False,"2026-12-10 11:22:06 UTC","150d, 00:00:00"
850173726.316,13392000,6373.22,False,"2026-12-10 11:22:06 UTC","155d, 00:00:00"
850173726.316,13824000,6290.291,False,"2026-12-10 11:22:06 UTC","160d, 00:00:00"
850173726.316,14256000,6202.444,False,"2026-12-10 11:22:06 UTC","165d, 00:00:00"
850173726.316,14688000,6109.51,False,"2026-12-10 11:22:06 UTC","170d, 00:00:00"
850173726.316,15120000,6011.857,False,"2026-12-10 11:22:06 UTC","175d, 00:00:00"
850173726.316,15552000,5910.514,False,"2026-12-10 11:22:06 UTC","180d, 00:00:00"
850173726.316,15984000,5807.511,False,"2026-12-10 11:22:06 UTC","185d, 00:00:00"
850173726.316,16416000,5706.657,False,"2026-12-10 11:22:06 UTC","190d, 00:00:00"
850173726.316,16848000,5615.434,False,"2026-12-10 11:22:06 UTC","195d, 00:00:00"
850173726.316,17280000,5549.93,False,"2026-12-10 11:22:06 UTC","200d, 00:00:00"
850173726.316,17712000,5549.55,False,"2026-12-10 11:22:06 UTC","205d, 00:00:00"
850173726.316,18144000,5729.528,False,"2026-12-10 11:22:06 UTC","210d, 00:00:00"
850173726.316,18576000,6525.923,False,"2026-12-10 11:22:06 UTC","215d, 00:00:00"
850173726.316,19008000,10572.463,False,"2026-12-10 11:22:06 UTC","220d, 00:00:00"
850173726.316,19440000,19496.066,True,"2026-12-10 11:22:06 UTC","225d, 00:00:00"
850173726.316,19872000,7922.16,True,"2026-12-10 11:22:06 UTC","230d, 00:00:00"
850173726.316,20304000,5892.953,True,"2026-12-10 11:22:06 UTC","235d, 00:00:00"
850173726.316,20736000,5103.837,True,"2026-12-10 11:22:06 UTC","240d, 00:00:00"
850173726.316,21168000,4656.037,True,"2026-12-10 11:22:06 UTC","245d, 00:00:00"
850173726.316,21600000,4340.354,True,"2026-12-10 11:22:06 UTC","250d, 00:00:00"
850173726.316,22032000,4087.726,True,"2026-12-10 11:22:06 UTC","255d, 00:00:00"
850173726.316,22464000,3870.45,True,"2026-12-10 11:22:06 UTC","260d, 00:00:00"
850173726.316,22896000,3676.124,True,"2026-12-10 11:22:06 UTC","265d, 00:00:00"
850173726.316,23328000,3499.004,True,"2026-12-10 11:22:06 UTC","270d, 00:00:00"
850173726.316,23760000,3336.674,True,"2026-12-10 11:22:06 UTC","275d, 00:00:00"
850173726.316,24192000,3188.629,True,"2026-12-10 11:22:06 UTC","280d, 00:00:00"
850173726.316,24624000,3055.643,True,"2026-12-10 11:22:06 UTC","285d, 00:00:00"
850173726.316,25056000,2939.522,True,"2026-12-10 11:22:06 UTC","290d, 00:00:00"
850173726.316,25488000,2843.059,True,"2026-12-10 11:22:06 UTC","295d, 00:00:00"
850173726.316,25920000,2770.118,True,"2026-12-10 11:22:06 UTC","300d, 00:00:00"
850173726.316,26352000,2725.753,True,"2026-12-10 11:22:06 UTC","305d, 00:00:00"
850173726.316,26784000,2716.267,True,"2026-12-10 11:22:06 UTC","310d, 00:00:00"
850173726.316,27216000,2749.061,True,"2026-12-10 11:22:06 UTC","315d, 00:00:00"
850173726.316,27648000,2832.28,True,"2026-12-10 11:22:06 UTC","320d, 00:00:00"
850173726.316,28080000,2974.411,True,"2026-12-10 11:22:06 UTC","325d, 00:00:00"
850173726.316,28512000,3184.137,True,"2026-12-10 11:22:06 UTC","330d, 00:00:00"
850173726.316,28944000,3470.565,True,"2026-12-10 11:22:06 UTC","335d, 00:00:00"
850173726.316,29376000,3843.728,True,"2026-12-10 11:22:06 UTC","340d, 00:00:00"
850173726.316,29808000,4315.185,True,"2026-12-10 11:22:06 UTC","345d, 00:00:00"
850173726.316,30240000,4898.663,True,"2026-12-10 11:22:06 UTC","350d, 00:00:00"
850173726.316,30672000,5610.762,True,"2026-12-10 11:22:06 UTC","355d, 00:00:00"
850173726.316,31104000,6471.737,True,"2026-12-10 11:22:06 UTC","360d, 00:00:00"
850173726.316,31536000,7506.267,True,"2026-12-10 11:22:06 UTC","365d, 00:00:00"
850173726.316,31968000,8743.913,True,"2026-12-10 11:22:06 UTC","370d, 00:00:00"
850173726.316,32400000,10218.593,True,"2026-12-10 11:22:06 UTC","375d, 00:00:00"
850173726.316,32832000,11965.732,True,"2026-12-10 11:22:06 UTC","380d, 00:00:00"
850173726.316,33264000,14014.865,True,"2026-12-10 11:22:06 UTC","385d, 00:00:00"
850173726.316,33696000,16374.966,True,"2026-12-10 11:22:06 UTC","390d, 00:00:00"
850173726.316,34128000,19012.057,True,"2026-12-10 11:22:06 UTC","395d, 00:00:00"
850173726.316,34560000,21827.262,True,"2026-12-10 11:22:06 UTC","400d, 00:00:00"
850173726.316,34992000,24656.525,True,"2026-12-10 11:22:06 UTC","405d, 00:00:00"
850173726.316,35424000,25173.472,False,"2026-12-10 11:22:06 UTC","410d, 00:00:00"
850173726.316,35856000,24535.598,False,"2026-12-10 11:22:06 UTC","415d, 00:00:00"
850173726.316,36288000,23897.399,False,"2026-12-10 11:22:06 UTC","420d, 00:00:00"
850173726.316,36720000,23259.996,False,"2026-12-10 11:22:06 UTC","425d, 00:00:00"
850173726.316,37152000,22624.49,False,"2026-12-10 11:22:06 UTC","430d, 00:00:00"
850173726.316,37584000,21991.958,False,"2026-12-10 11:22:06 UTC","435d, 00:00:00"
850173726.316,38016000,21363.45,False,"2026-12-10 11:22:06 UTC","440d, 00:00:00"
850173726.316,38448000,20739.978,False,"2026-12-10 11:22:06 UTC","445d, 00:00:00"
850173726.316,38880000,20122.519,False,"2026-12-10 11:22:06 UTC","450d, 00:00:00"
850173726.316,39312000,19512.008,False,"2026-12-10 11:22:06 UTC","455d, 00:00:00"
850173726.316,39744000,18909.336,False,"2026-12-10 11:22:06 UTC","460d, 00:00:00"
850173726.316,40176000,18315.348,False,"2026-12-10 11:22:06 UTC","465d, 00:00:00"
850173726.316,40608000,17730.84,False,"2026-12-10 11:22:06 UTC","470d, 00:00:00"
850173726.316,41040000,17156.559,False,"2026-12-10 11:22:06 UTC","475d, 00:00:00"
850173726.316,41472000,16593.202,False,"2026-12-10 11:22:06 UTC","480d, 00:00:00"
850173726.316,41904000,16041.416,False,"2026-12-10 11:22:06 UTC","485d, 00:00:00"
850173726.316,42336000,15501.799,False,"2026-12-10 11:22:06 UTC","490d, 00:00:00"
850173726.316,42768000,14974.9,False,"2026-12-10 11:22:06 UTC","495d, 00:00:00"
850173726.316,43200000,14461.224,False,"2026-12-10 11:22:06 UTC","500d, 00:00:00"
851593642.105,10368000,8592.451,False,"2026-12-26 21:47:22 UTC","120d, 00:00:00"
851593642.105,10800000,8448.933,False,"2026-12-26 21:47:22 UTC","125d, 00:00:00"
851593642.105,11232000,8309.71,False,"2026-12-26 21:47:22 UTC","130d, 00:00:00"
851593642.105,11664000,8171.512,False,"2026-12-26 21:47:22 UTC","135d, 00:00:00"
851593642.105,12096000,8032.019,False,"2026-12-26 21:47:22 UTC","140d, 00:00:00"
851593642.105,12528000,7889.664,False,"2026-12-26 21:47:22 UTC","145d, 00:00:00"
851593642.105,12960000,7743.488,False,"2026-12-26 21:47:22 UTC","150d, 00:00:00"
851593642.105,13392000,7593.039,False,"2026-12-26 21:47:22 UTC","155d, 00:00:00"
851593642.105,13824000,7438.313,False,"2026-12-26 21:47:22 UTC","160d, 00:00:00"
851593642.105,14256000,7279.762,False,"2026-12-26 21:47:22 UTC","165d, 00:00:00"
851593642.105,14688000,7118.378,False,"2026-12-26 21:47:22 UTC","170d, 00:00:00"
851593642.105,15120000,6955.942,False,"2026-12-26 21:47:22 UTC","175d, 00:00:00"
851593642.105,15552000,6795.611,False,"2026-12-26 21:47:22 UTC","180d, 00:00:00"
851593642.105,15984000,6643.291,False,"2026-12-26 21:47:22 UTC","185d, 00:00:00"
851593642.105,16416000,6511.143,False,"2026-12-26 21:47:22 UTC","190d, 00:00:00"
851593642.105,16848000,6427.65,False,"2026-12-26 21:47:22 UTC","195d, 00:00:00"
851593642.105,17280000,6472.142,False,"2026-12-26 21:47:22 UTC","200d, 00:00:00"
851593642.105,17712000,6927.481,False,"2026-12-26 21:47:22 UTC","205d, 00:00:00"
851593642.105,18144000,9302.721,False,"2026-12-26 21:47:22 UTC","210d, 00:00:00"
851593642.105,18576000,28523.988,False,"2026-12-26 21:47:22 UTC","215d, 00:00:00"
851593642.105,19008000,9540.041,True,"2026-12-26 21:47:22 UTC","220d, 00:00:00"
851593642.105,19440000,6647.522,True,"2026-12-26 21:47:22 UTC","225d, 00:00:00"
851593642.105,19872000,5684.418,True,"2026-12-26 21:47:22 UTC","230d, 00:00:00"
851593642.105,20304000,5166.373,True,"2026-12-26 21:47:22 UTC","235d, 00:00:00"
851593642.105,20736000,4804.725,True,"2026-12-26 21:47:22 UTC","240d, 00:00:00"
851593642.105,21168000,4513.542,True,"2026-12-26 21:47:22 UTC","245d, 00:00:00"
851593642.105,21600000,4260.582,True,"2026-12-26 21:47:22 UTC","250d, 00:00:00"
851593642.105,22032000,4032.054,True,"2026-12-26 21:47:22 UTC","255d, 00:00:00"
851593642.105,22464000,3821.787,True,"2026-12-26 21:47:22 UTC","260d, 00:00:00"
851593642.105,22896000,3627.277,True,"2026-12-26 21:47:22 UTC","265d, 00:00:00"
851593642.105,23328000,3448.061,True,"2026-12-26 21:47:22 UTC","270d, 00:00:00"
851593642.105,23760000,3285.02,True,"2026-12-26 21:47:22 UTC","275d, 00:00:00"
851593642.105,24192000,3140.096,True,"2026-12-26 21:47:22 UTC","280d, 00:00:00"
851593642.105,24624000,3016.212,True,"2026-12-26 21:47:22 UTC","285d, 00:00:00"
851593642.105,25056000,2917.319,True,"2026-12-26 21:47:22 UTC","290d, 00:00:00"
851593642.105,25488000,2848.479,True,"2026-12-26 21:47:22 UTC","295d, 00:00:00"
851593642.105,25920000,2815.904,True,"2026-12-26 21:47:22 UTC","300d, 00:00:00"
851593642.105,26352000,2826.848,True,"2026-12-26 21:47:22 UTC","305d, 00:00:00"
851593642.105,26784000,2889.299,True,"2026-12-26 21:47:22 UTC","310d, 00:00:00"
851593642.105,27216000,3011.613,True,"2026-12-26 21:47:22 UTC","315d, 00:00:00"
851593642.105,27648000,3202.329,True,"2026-12-26 21:47:22 UTC","320d, 00:00:00"
851593642.105,28080000,3470.329,True,"2026-12-26 21:47:22 UTC","325d, 00:00:00"
851593642.105,28512000,3825.263,True,"2026-12-26 21:47:22 UTC","330d, 00:00:00"
851593642.105,28944000,4278.091,True,"2026-12-26 21:47:22 UTC","335d, 00:00:00"
851593642.105,29376000,4841.663,True,"2026-12-26 21:47:22 UTC","340d, 00:00:00"
851593642.105,29808000,5531.368,True,"2026-12-26 21:47:22 UTC","345d, 00:00:00"
851593642.105,30240000,6365.865,True,"2026-12-26 21:47:22 UTC","350d, 00:00:00"
851593642.105,30672000,7367.82,True,"2026-12-26 21:47:22 UTC","355d, 00:00:00"
851593642.105,31104000,8564.373,True,"2026-12-26 21:47:22 UTC","360d, 00:00:00"
851593642.105,31536000,9986.756,True,"2026-12-26 21:47:22 UTC","365d, 00:00:00"
851593642.105,31968000,11667.899,True,"2026-12-26 21:47:22 UTC","370d, 00:00:00"
851593642.105,32400000,13636.12,True,"2026-12-26 21:47:22 UTC","375d, 00:00:00"
851593642.105,32832000,15902.431,True,"2026-12-26 21:47:22 UTC","380d, 00:00:00"
851593642.105,33264000,18440.656,True,"2026-12-26 21:47:22 UTC","385d, 00:00:00"
851593642.105,33696000,21166.423,True,"2026-12-26 21:47:22 UTC","390d, 00:00:00"
851593642.105,34128000,23932.717,True,"2026-12-26 21:47:22 UTC","395d, 00:00:00"
851593642.105,34560000,25069.382,False,"2026-12-26 21:47:22 UTC","400d, 00:00:00"
851593642.105,34992000,24434.269,False,"2026-12-26 21:47:22 UTC","405d, 00:00:00"
851593642.105,35424000,23798.999,False,"2026-12-26 21:47:22 UTC","410d, 00:00:00"
851593642.105,35856000,23164.693,False,"2026-12-26 21:47:22 UTC","415d, 00:00:00"
851593642.105,36288000,22532.449,False,"2026-12-26 21:47:22 UTC","420d, 00:00:00"
851593642.105,36720000,21903.34,False,"2026-12-26 21:47:22 UTC","425d, 00:00:00"
851593642.105,37152000,21278.408,False,"2026-12-26 21:47:22 UTC","430d, 00:00:00"
851593642.105,37584000,20658.658,False,"2026-12-26 21:47:22 UTC","435d, 00:00:00"
851593642.105,38016000,20045.061,False,"2026-12-26 21:47:22 UTC","440d, 00:00:00"
851593642.105,38448000,19438.541,False,"2026-12-26 21:47:22 UTC","445d, 00:00:00"
851593642.105,38880000,18839.981,False,"2026-12-26 21:47:22 UTC","450d, 00:00:00"
851593642.105,39312000,18250.215,False,"2026-12-26 21:47:22 UTC","455d, 00:00:00"
851593642.105,39744000,17670.031,False,"2026-12-26 21:47:22 UTC","460d, 00:00:00"
851593642.105,40176000,17100.167,False,"2026-12-26 21:47:22 UTC","465d, 00:00:00"
851593642.105,40608000,16541.31,False,"2026-12-26 21:47:22 UTC","470d, 00:00:00"
851593642.105,41040000,15994.099,False,"2026-12-26 21:47:22 UTC","475d, 00:00:00"
851593642.105,41472000,15459.124,False,"2026-12-26 21:47:22 UTC","480d, 00:00:00"
851593642.105,41904000,14936.93,False,"2026-12-26 21:47:22 UTC","485d, 00:00:00"
851593642.105,42336000,14428.015,False,"2026-12-26 21:47:22 UTC","490d, 00:00:00"
851593642.105,42768000,13932.837,False,"2026-12-26 21:47:22 UTC","495d, 00:00:00"
851593642.105,43200000,13451.82,False,"2026-12-26 21:47:22 UTC","500d, 00:00:00"
853013557.895,10368000,10386.466,False,"2027-01-12 08:12:37 UTC","120d, 00:00:00"
853013557.895,10800000,10153.752,False,"2027-01-12 08:12:37 UTC","125d, 00:00:00"
853013557.895,11232000,9922.53,False,"2027-01-12 08:12:37 UTC","130d, 00:00:00"
853013557.895,11664000,9691.209,False,"2027-01-12 08:12:37 UTC","135d, 00:00:00"
853013557.895,12096000,9458.808,False,"2027-01-12 08:12:37 UTC","140d, 00:00:00"
853013557.895,12528000,9224.835,False,"2027-01-12 08:12:37 UTC","145d, 00:00:00"
853013557.895,12960000,8989.227,False,"2027-01-12 08:12:37 UTC","150d, 00:00:00"
853013557.895,13392000,8752.327,False,"2027-01-12 08:12:37 UTC","155d, 00:00:00"
853013557.895,13824000,8514.943,False,"2027-01-12 08:12:37 UTC","160d, 00:00:00"
853013557.895,14256000,8278.525,False,"2027-01-12 08:12:37 UTC","165d, 00:00:00"
853013557.895,14688000,8045.599,False,"2027-01-12 08:12:37 UTC","170d, 00:00:00"
853013557.895,15120000,7820.77,False,"2027-01-12 08:12:37 UTC","175d, 00:00:00"
853013557.895,15552000,7613.234,False,"2027-01-12 08:12:37 UTC","180d, 00:00:00"
853013557.895,15984000,7443.746,False,"2027-01-12 08:12:37 UTC","185d, 00:00:00"
853013557.895,16416000,7367.608,False,"2027-01-12 08:12:37 UTC","190d, 00:00:00"
853013557.895,16848000,7571.262,False,"2027-01-12 08:12:37 UTC","195d, 00:00:00"
853013557.895,17280000,8966.618,False,"2027-01-12 08:12:37 UTC","200d, 00:00:00"
853013557.895,17712000,20261.163,False,"2027-01-12 08:12:37 UTC","205d, 00:00:00"
853013557.895,18144000,11689.193,True,"2027-01-12 08:12:37 UTC","210d, 00:00:00"
853013557.895,18576000,7496.077,True,"2027-01-12 08:12:37 UTC","215d, 00:00:00"
853013557.895,19008000,6335.647,True,"2027-01-12 08:12:37 UTC","220d, 00:00:00"
853013557.895,19440000,5746.4,True,"2027-01-12 08:12:37 UTC","225d, 00:00:00"
853013557.895,19872000,5337.874,True,"2027-01-12 08:12:37 UTC","230d, 00:00:00"
853013557.895,20304000,5006.209,True,"2027-01-12 08:12:37 UTC","235d, 00:00:00"
853013557.895,20736000,4715.053,True,"2027-01-12 08:12:37 UTC","240d, 00:00:00"
853013557.895,21168000,4449.56,True,"2027-01-12 08:12:37 UTC","245d, 00:00:00"
853013557.895,21600000,4203.308,True,"2027-01-12 08:12:37 UTC","250d, 00:00:00"
853013557.895,22032000,3973.775,True,"2027-01-12 08:12:37 UTC","255d, 00:00:00"
853013557.895,22464000,3760.559,True,"2027-01-12 08:12:37 UTC","260d, 00:00:00"
853013557.895,22896000,3564.633,True,"2027-01-12 08:12:37 UTC","265d, 00:00:00"
853013557.895,23328000,3388.042,True,"2027-01-12 08:12:37 UTC","270d, 00:00:00"
853013557.895,23760000,3233.817,True,"2027-01-12 08:12:37 UTC","275d, 00:00:00"
853013557.895,24192000,3105.994,True,"2027-01-12 08:12:37 UTC","280d, 00:00:00"
853013557.895,24624000,3009.671,True,"2027-01-12 08:12:37 UTC","285d, 00:00:00"
853013557.895,25056000,2951.034,True,"2027-01-12 08:12:37 UTC","290d, 00:00:00"
853013557.895,25488000,2937.257,True,"2027-01-12 08:12:37 UTC","295d, 00:00:00"
853013557.895,25920000,2976.235,True,"2027-01-12 08:12:37 UTC","300d, 00:00:00"
853013557.895,26352000,3076.242,True,"2027-01-12 08:12:37 UTC","305d, 00:00:00"
853013557.895,26784000,3245.732,True,"2027-01-12 08:12:37 UTC","310d, 00:00:00"
853013557.895,27216000,3493.434,True,"2027-01-12 08:12:37 UTC","315d, 00:00:00"
853013557.895,27648000,3828.712,True,"2027-01-12 08:12:37 UTC","320d, 00:00:00"
853013557.895,28080000,4262.04,True,"2027-01-12 08:12:37 UTC","325d, 00:00:00"
853013557.895,28512000,4805.529,True,"2027-01-12 08:12:37 UTC","330d, 00:00:00"
853013557.895,28944000,5473.527,True,"2027-01-12 08:12:37 UTC","335d, 00:00:00"
853013557.895,29376000,6283.317,True,"2027-01-12 08:12:37 UTC","340d, 00:00:00"
853013557.895,29808000,7255.833,True,"2027-01-12 08:12:37 UTC","345d, 00:00:00"
853013557.895,30240000,8416.161,True,"2027-01-12 08:12:37 UTC","350d, 00:00:00"
853013557.895,30672000,9793.272,True,"2027-01-12 08:12:37 UTC","355d, 00:00:00"
853013557.895,31104000,11418.01,True,"2027-01-12 08:12:37 UTC","360d, 00:00:00"
853013557.895,31536000,13317.622,True,"2027-01-12 08:12:37 UTC","365d, 00:00:00"
853013557.895,31968000,15504.602,True,"2027-01-12 08:12:37 UTC","370d, 00:00:00"
853013557.895,32400000,17958.808,True,"2027-01-12 08:12:37 UTC","375d, 00:00:00"
853013557.895,32832000,20607.382,True,"2027-01-12 08:12:37 UTC","380d, 00:00:00"
853013557.895,33264000,23317.423,True,"2027-01-12 08:12:37 UTC","385d, 00:00:00"
853013557.895,33696000,25005.491,False,"2027-01-12 08:12:37 UTC","390d, 00:00:00"
853013557.895,34128000,24372.757,False,"2027-01-12 08:12:37 UTC","395d, 00:00:00"
853013557.895,34560000,23740.041,False,"2027-01-12 08:12:37 UTC","400d, 00:00:00"
853013557.895,34992000,23108.458,False,"2027-01-12 08:12:37 UTC","405d, 00:00:00"
853013557.895,35424000,22479.101,False,"2027-01-12 08:12:37 UTC","410d, 00:00:00"
853013557.895,35856000,21853.035,False,"2027-01-12 08:12:37 UTC","415d, 00:00:00"
853013557.895,36288000,21231.292,False,"2027-01-12 08:12:37 UTC","420d, 00:00:00"
853013557.895,36720000,20614.872,False,"2027-01-12 08:12:37 UTC","425d, 00:00:00"
853013557.895,37152000,20004.733,False,"2027-01-12 08:12:37 UTC","430d, 00:00:00"
853013557.895,37584000,19401.79,False,"2027-01-12 08:12:37 UTC","435d, 00:00:00"
853013557.895,38016000,18806.915,False,"2027-01-12 08:12:37 UTC","440d, 00:00:00"
853013557.895,38448000,18220.933,False,"2027-01-12 08:12:37 UTC","445d, 00:00:00"
853013557.895,38880000,17644.62,False,"2027-01-12 08:12:37 UTC","450d, 00:00:00"
853013557.895,39312000,17078.704,False,"2027-01-12 08:12:37 UTC","455d, 00:00:00"
853013557.895,39744000,16523.864,False,"2027-01-12 08:12:37 UTC","460d, 00:00:00"
853013557.895,40176000,15980.73,False,"2027-01-12 08:12:37 UTC","465d, 00:00:00"
853013557.895,40608000,15449.885,False,"2027-01-12 08:12:37 UTC","470d, 00:00:00"
853013557.895,41040000,14931.865,False,"2027-01-12 08:12:37 UTC","475d, 00:00:00"
853013557.895,41472000,14427.163,False,"2027-01-12 08:12:37 UTC","480d, 00:00:00"
853013557.895,41904000,13936.235,False,"2027-01-12 08:12:37 UTC","485d, 00:00:00"
853013557.895,42336000,13459.5,False,"2027-01-12 08:12:37 UTC","490d, 00:00:00"
853013557.895,42768000,12997.35,False,"2027-01-12 08:12:37 UTC","495d, 00:00:00"
853013557.895,43200000,12550.163,False,"2027-01-12 08:12:37 UTC","500d, 00:00:00"
854433473.684,10368000,12168.903,False,"2027-01-28 18:37:53 UTC","120d, 00:00:00"
854433473.684,10800000,11818.241,False,"2027-01-28 18:37:53 UTC","125d, 00:00:00"
854433473.684,11232000,11472.247,False,"2027-01-28 18:37:53 UTC","130d, 00:00:00"
854433473.684,11664000,11130.008,False,"2027-01-28 18:37:53 UTC","135d, 00:00:00"
854433473.684,12096000,10791.079,False,"2027-01-28 18:37:53 UTC","140d, 00:00:00"
854433473.684,12528000,10455.44,False,"2027-01-28 18:37:53 UTC","145d, 00:00:00"
854433473.684,12960000,10123.51,False,"2027-01-28 18:37:53 UTC","150d, 00:00:00"
854433473.684,13392000,9796.265,False,"2027-01-28 18:37:53 UTC","155d, 00:00:00"
854433473.684,13824000,9475.549,False,"2027-01-28 18:37:53 UTC","160d, 00:00:00"
854433473.684,14256000,9164.803,False,"2027-01-28 18:37:53 UTC","165d, 00:00:00"
854433473.684,14688000,8870.86,False,"2027-01-28 18:37:53 UTC","170d, 00:00:00"
854433473.684,15120000,8608.802,False,"2027-01-28 18:37:53 UTC","175d, 00:00:00"
854433473.684,15552000,8417.383,False,"2027-01-28 18:37:53 UTC","180d, 00:00:00"
854433473.684,15984000,8420.718,False,"2027-01-28 18:37:53 UTC","185d, 00:00:00"
854433473.684,16416000,9182.088,False,"2027-01-28 18:37:53 UTC","190d, 00:00:00"
854433473.684,16848000,15478.245,False,"2027-01-28 18:37:53 UTC","195d, 00:00:00"
854433473.684,17280000,14694.33,True,"2027-01-28 18:37:53 UTC","200d, 00:00:00"
854433473.684,17712000,8449.344,True,"2027-01-28 18:37:53 UTC","205d, 00:00:00"
854433473.684,18144000,7063.592,True,"2027-01-28 18:37:53 UTC","210d, 00:00:00"
854433473.684,18576000,6402.544,True,"2027-01-28 18:37:53 UTC","215d, 00:00:00"
854433473.684,19008000,5945.766,True,"2027-01-28 18:37:53 UTC","220d, 00:00:00"
854433473.684,19440000,5570.998,True,"2027-01-28 18:37:53 UTC","225d, 00:00:00"
854433473.684,19872000,5238.462,True,"2027-01-28 18:37:53 UTC","230d, 00:00:00"
854433473.684,20304000,4932.654,True,"2027-01-28 18:37:53 UTC","235d, 00:00:00"
854433473.684,20736000,4647.083,True,"2027-01-28 18:37:53 UTC","240d, 00:00:00"
854433473.684,21168000,4379.278,True,"2027-01-28 18:37:53 UTC","245d, 00:00:00"
854433473.684,21600000,4128.908,True,"2027-01-28 18:37:53 UTC","250d, 00:00:00"
854433473.684,22032000,3897.011,True,"2027-01-28 18:37:53 UTC","255d, 00:00:00"
854433473.684,22464000,3685.697,True,"2027-01-28 18:37:53 UTC","260d, 00:00:00"
854433473.684,22896000,3498.057,True,"2027-01-28 18:37:53 UTC","265d, 00:00:00"
854433473.684,23328000,3338.176,True,"2027-01-28 18:37:53 UTC","270d, 00:00:00"
854433473.684,23760000,3211.178,True,"2027-01-28 18:37:53 UTC","275d, 00:00:00"
854433473.684,24192000,3123.244,True,"2027-01-28 18:37:53 UTC","280d, 00:00:00"
854433473.684,24624000,3081.515,True,"2027-01-28 18:37:53 UTC","285d, 00:00:00"
854433473.684,25056000,3093.85,True,"2027-01-28 18:37:53 UTC","290d, 00:00:00"
854433473.684,25488000,3168.51,True,"2027-01-28 18:37:53 UTC","295d, 00:00:00"
854433473.684,25920000,3313.931,True,"2027-01-28 18:37:53 UTC","300d, 00:00:00"
854433473.684,26352000,3538.769,True,"2027-01-28 18:37:53 UTC","305d, 00:00:00"
854433473.684,26784000,3852.192,True,"2027-01-28 18:37:53 UTC","310d, 00:00:00"
854433473.684,27216000,4264.297,True,"2027-01-28 18:37:53 UTC","315d, 00:00:00"
854433473.684,27648000,4786.576,True,"2027-01-28 18:37:53 UTC","320d, 00:00:00"
854433473.684,28080000,5432.481,True,"2027-01-28 18:37:53 UTC","325d, 00:00:00"
854433473.684,28512000,6218.093,True,"2027-01-28 18:37:53 UTC","330d, 00:00:00"
854433473.684,28944000,7162.843,True,"2027-01-28 18:37:53 UTC","335d, 00:00:00"
854433473.684,29376000,8290.045,True,"2027-01-28 18:37:53 UTC","340d, 00:00:00"
854433473.684,29808000,9626.762,True,"2027-01-28 18:37:53 UTC","345d, 00:00:00"
854433473.684,30240000,11202.108,True,"2027-01-28 18:37:53 UTC","350d, 00:00:00"
854433473.684,30672000,13042.468,True,"2027-01-28 18:37:53 UTC","355d, 00:00:00"
854433473.684,31104000,15161.584,True,"2027-01-28 18:37:53 UTC","360d, 00:00:00"
854433473.684,31536000,17544.26,True,"2027-01-28 18:37:53 UTC","365d, 00:00:00"
854433473.684,31968000,20127.095,True,"2027-01-28 18:37:53 UTC","370d, 00:00:00"
854433473.684,32400000,22788.999,True,"2027-01-28 18:37:53 UTC","375d, 00:00:00"
854433473.684,32832000,24984.317,False,"2027-01-28 18:37:53 UTC","380d, 00:00:00"
854433473.684,33264000,24353.52,False,"2027-01-28 18:37:53 UTC","385d, 00:00:00"
854433473.684,33696000,23722.911,False,"2027-01-28 18:37:53 UTC","390d, 00:00:00"
854433473.684,34128000,23093.601,False,"2027-01-28 18:37:53 UTC","395d, 00:00:00"
854433473.684,34560000,22466.673,False,"2027-01-28 18:37:53 UTC","400d, 00:00:00"
854433473.684,34992000,21843.184,False,"2027-01-28 18:37:53 UTC","405d, 00:00:00"
854433473.684,35424000,21224.157,False,"2027-01-28 18:37:53 UTC","410d, 00:00:00"
854433473.684,35856000,20610.579,False,"2027-01-28 18:37:53 UTC","415d, 00:00:00"
854433473.684,36288000,20003.397,False,"2027-01-28 18:37:53 UTC","420d, 00:00:00"
854433473.684,36720000,19403.516,False,"2027-01-28 18:37:53 UTC","425d, 00:00:00"
854433473.684,37152000,18811.796,False,"2027-01-28 18:37:53 UTC","430d, 00:00:00"
854433473.684,37584000,18229.051,False,"2027-01-28 18:37:53 UTC","435d, 00:00:00"
854433473.684,38016000,17656.047,False,"2027-01-28 18:37:53 UTC","440d, 00:00:00"
854433473.684,38448000,17093.5,False,"2027-01-28 18:37:53 UTC","445d, 00:00:00"
854433473.684,38880000,16542.081,False,"2027-01-28 18:37:53 UTC","450d, 00:00:00"
854433473.684,39312000,16002.411,False,"2027-01-28 18:37:53 UTC","455d, 00:00:00"
854433473.684,39744000,15475.064,False,"2027-01-28 18:37:53 UTC","460d, 00:00:00"
854433473.684,40176000,14960.57,False,"2027-01-28 18:37:53 UTC","465d, 00:00:00"
854433473.684,40608000,14459.417,False,"2027-01-28 18:37:53 UTC","470d, 00:00:00"
854433473.684,41040000,13972.053,False,"2027-01-28 18:37:53 UTC","475d, 00:00:00"
854433473.684,41472000,13498.896,False,"2027-01-28 18:37:53 UTC","480d, 00:00:00"
854433473.684,41904000,13040.333,False,"2027-01-28 18:37:53 UTC","485d, 00:00:00"
854433473.684,42336000,12596.74,False,"2027-01-28 18:37:53 UTC","490d, 00:00:00"
854433473.684,42768000,12168.485,False,"2027-01-28 18:37:53 UTC","495d, 00:00:00"
854433473.684,43200000,11755.961,False,"2027-01-28 18:37:53 UTC","500d, 00:00:00"
855853389.474,10368000,13839.009,False,"2027-02-14 05:03:09 UTC","120d, 00:00:00"
855853389.474,10800000,13357.342,False,"2027-02-14 05:03:09 UTC","125d, 00:00:00"
855853389.474,11232000,12887.113,False,"2027-02-14 05:03:09 UTC","130d, 00:00:00"
855853389.474,11664000,12427.535,False,"2027-02-14 05:03:09 UTC","135d, 00:00:00"
855853389.474,12096000,11978.321,False,"2027-02-14 05:03:09 UTC","140d, 00:00:00"
855853389.474,12528000,11539.729,False,"2027-02-14 05:03:09 UTC","145d, 00:00:00"
855853389.474,12960000,11112.773,False,"2027-02-14 05:03:09 UTC","150d, 00:00:00"
855853389.474,13392000,10699.729,False,"2027-02-14 05:03:09 UTC","155d, 00:00:00"
855853389.474,13824000,10305.41,False,"2027-02-14 05:03:09 UTC","160d, 00:00:00"
855853389.474,14256000,9940.545,False,"2027-02-14 05:03:09 UTC","165d, 00:00:00"
855853389.474,14688000,9632.131,False,"2027-02-14 05:03:09 UTC","170d, 00:00:00"
855853389.474,15120000,9462.986,False,"2027-02-14 05:03:09 UTC","175d, 00:00:00"
855853389.474,15552000,9783.91,False,"2027-02-14 05:03:09 UTC","180d, 00:00:00"
855853389.474,15984000,13261.836,False,"2027-02-14 05:03:09 UTC","185d, 00:00:00"
855853389.474,16416000,19131.601,True,"2027-02-14 05:03:09 UTC","190d, 00:00:00"
855853389.474,16848000,9526.329,True,"2027-02-14 05:03:09 UTC","195d, 00:00:00"
855853389.474,17280000,7877.799,True,"2027-02-14 05:03:09 UTC","200d, 00:00:00"
855853389.474,17712000,7144.049,True,"2027-02-14 05:03:09 UTC","205d, 00:00:00"
855853389.474,18144000,6636.723,True,"2027-02-14 05:03:09 UTC","210d, 00:00:00"
855853389.474,18576000,6215.23,True,"2027-02-14 05:03:09 UTC","215d, 00:00:00"
855853389.474,19008000,5837.232,True,"2027-02-14 05:03:09 UTC","220d, 00:00:00"
855853389.474,19440000,5486.987,True,"2027-02-14 05:03:09 UTC","225d, 00:00:00"
855853389.474,19872000,5158.108,True,"2027-02-14 05:03:09 UTC","230d, 00:00:00"
855853389.474,20304000,4848.23,True,"2027-02-14 05:03:09 UTC","235d, 00:00:00"
855853389.474,20736000,4557.083,True,"2027-02-14 05:03:09 UTC","240d, 00:00:00"
855853389.474,21168000,4285.74,True,"2027-02-14 05:03:09 UTC","245d, 00:00:00"
855853389.474,21600000,4036.322,True,"2027-02-14 05:03:09 UTC","250d, 00:00:00"
855853389.474,22032000,3811.919,True,"2027-02-14 05:03:09 UTC","255d, 00:00:00"
855853389.474,22464000,3616.61,True,"2027-02-14 05:03:09 UTC","260d, 00:00:00"
855853389.474,22896000,3455.507,True,"2027-02-14 05:03:09 UTC","265d, 00:00:00"
855853389.474,23328000,3334.768,True,"2027-02-14 05:03:09 UTC","270d, 00:00:00"
855853389.474,23760000,3261.515,True,"2027-02-14 05:03:09 UTC","275d, 00:00:00"
855853389.474,24192000,3243.616,True,"2027-02-14 05:03:09 UTC","280d, 00:00:00"
855853389.474,24624000,3289.375,True,"2027-02-14 05:03:09 UTC","285d, 00:00:00"
855853389.474,25056000,3407.284,True,"2027-02-14 05:03:09 UTC","290d, 00:00:00"
855853389.474,25488000,3606.009,True,"2027-02-14 05:03:09 UTC","295d, 00:00:00"
855853389.474,25920000,3894.615,True,"2027-02-14 05:03:09 UTC","300d, 00:00:00"
855853389.474,26352000,4282.923,True,"2027-02-14 05:03:09 UTC","305d, 00:00:00"
855853389.474,26784000,4781.924,True,"2027-02-14 05:03:09 UTC","310d, 00:00:00"
855853389.474,27216000,5404.303,True,"2027-02-14 05:03:09 UTC","315d, 00:00:00"
855853389.474,27648000,6165.09,True,"2027-02-14 05:03:09 UTC","320d, 00:00:00"
855853389.474,28080000,7082.395,True,"2027-02-14 05:03:09 UTC","325d, 00:00:00"
855853389.474,28512000,8177.991,True,"2027-02-14 05:03:09 UTC","330d, 00:00:00"
855853389.474,28944000,9477.312,True,"2027-02-14 05:03:09 UTC","335d, 00:00:00"
855853389.474,29376000,11008.053,True,"2027-02-14 05:03:09 UTC","340d, 00:00:00"
855853389.474,29808000,12795.977,True,"2027-02-14 05:03:09 UTC","345d, 00:00:00"
855853389.474,30240000,14856.035,True,"2027-02-14 05:03:09 UTC","350d, 00:00:00"
855853389.474,30672000,17177.373,True,"2027-02-14 05:03:09 UTC","355d, 00:00:00"
855853389.474,31104000,19704.715,True,"2027-02-14 05:03:09 UTC","360d, 00:00:00"
855853389.474,31536000,22327.086,True,"2027-02-14 05:03:09 UTC","365d, 00:00:00"
855853389.474,31968000,25008.148,False,"2027-02-14 05:03:09 UTC","370d, 00:00:00"
855853389.474,32400000,24378.775,False,"2027-02-14 05:03:09 UTC","375d, 00:00:00"
855853389.474,32832000,23749.759,False,"2027-02-14 05:03:09 UTC","380d, 00:00:00"
855853389.474,33264000,23122.197,False,"2027-02-14 05:03:09 UTC","385d, 00:00:00"
855853389.474,33696000,22497.163,False,"2027-02-14 05:03:09 UTC","390d, 00:00:00"
855853389.474,34128000,21875.704,False,"2027-02-14 05:03:09 UTC","395d, 00:00:00"
855853389.474,34560000,21258.829,False,"2027-02-14 05:03:09 UTC","400d, 00:00:00"
855853389.474,34992000,20647.515,False,"2027-02-14 05:03:09 UTC","405d, 00:00:00"
855853389.474,35424000,20042.696,False,"2027-02-14 05:03:09 UTC","410d, 00:00:00"
855853389.474,35856000,19445.265,False,"2027-02-14 05:03:09 UTC","415d, 00:00:00"
855853389.474,36288000,18856.071,False,"2027-02-14 05:03:09 UTC","420d, 00:00:00"
855853389.474,36720000,18275.915,False,"2027-02-14 05:03:09 UTC","425d, 00:00:00"
855853389.474,37152000,17705.552,False,"2027-02-14 05:03:09 UTC","430d, 00:00:00"
855853389.474,37584000,17145.689,False,"2027-02-14 05:03:09 UTC","435d, 00:00:00"
855853389.474,38016000,16596.987,False,"2027-02-14 05:03:09 UTC","440d, 00:00:00"
855853389.474,38448000,16060.058,False,"2027-02-14 05:03:09 UTC","445d, 00:00:00"
855853389.474,38880000,15535.468,False,"2027-02-14 05:03:09 UTC","450d, 00:00:00"
855853389.474,39312000,15023.741,False,"2027-02-14 05:03:09 UTC","455d, 00:00:00"
855853389.474,39744000,14525.358,False,"2027-02-14 05:03:09 UTC","460d, 00:00:00"
855853389.474,40176000,14040.762,False,"2027-02-14 05:03:09 UTC","465d, 00:00:00"
855853389.474,40608000,13570.365,False,"2027-02-14 05:03:09 UTC","470d, 00:00:00"
855853389.474,41040000,13114.553,False,"2027-02-14 05:03:09 UTC","475d, 00:00:00"
855853389.474,41472000,12673.692,False,"2027-02-14 05:03:09 UTC","480d, 00:00:00"
855853389.474,41904000,12248.149,False,"2027-02-14 05:03:09 UTC","485d, 00:00:00"
855853389.474,42336000,11838.305,False,"2027-02-14 05:03:09 UTC","490d, 00:00:00"
855853389.474,42768000,11444.587,False,"2027-02-14 05:03:09 UTC","495d, 00:00:00"
855853389.474,43200000,11067.52,False,"2027-02-14 05:03:09 UTC","500d, 00:00:00"
857273305.263,10368000,15339.172,False,"2027-03-02 15:28:25 UTC","120d, 00:00:00"
857273305.263,10800000,14723.068,False,"2027-03-02 15:28:25 UTC","125d, 00:00:00"
857273305.263,11232000,14127.471,False,"2027-03-02 15:28:25 UTC","130d, 00:00:00"
857273305.263,11664000,13551.509,False,"2027-03-02 15:28:25 UTC","135d, 00:00:00"
857273305.263,12096000,12995.057,False,"2027-03-02 15:28:25 UTC","140d, 00:00:00"
857273305.263,12528000,12459.075,False,"2027-03-02 15:28:25 UTC","145d, 00:00:00"
857273305.263,12960000,11946.472,False,"2027-03-02 15:28:25 UTC","150d, 00:00:00"
857273305.263,13392000,11464.424,False,"2027-03-02 15:28:25 UTC","155d, 00:00:00"
857273305.263,13824000,11031.289,False,"2027-03-02 15:28:25 UTC","160d, 00:00:00"
857273305.263,14256000,10701.857,False,"2027-03-02 15:28:25 UTC","165d, 00:00:00"
857273305.263,14688000,10694.314,False,"2027-03-02 15:28:25 UTC","170d, 00:00:00"
857273305.263,15120000,12504.535,False,"2027-03-02 15:28:25 UTC","175d, 00:00:00"
857273305.263,15552000,25594.569,True,"2027-03-02 15:28:25 UTC","180d, 00:00:00"
857273305.263,15984000,10759.66,True,"2027-03-02 15:28:25 UTC","185d, 00:00:00"
857273305.263,16416000,8791.799,True,"2027-03-02 15:28:25 UTC","190d, 00:00:00"
857273305.263,16848000,7983.325,True,"2027-03-02 15:28:25 UTC","195d, 00:00:00"
857273305.263,17280000,7421.759,True,"2027-03-02 15:28:25 UTC","200d, 00:00:00"
857273305.263,17712000,6948.603,True,"2027-03-02 15:28:25 UTC","205d, 00:00:00"
857273305.263,18144000,6519.935,True,"2027-03-02 15:28:25 UTC","210d, 00:00:00"
857273305.263,18576000,6120.182,True,"2027-03-02 15:28:25 UTC","215d, 00:00:00"
857273305.263,19008000,5743.198,True,"2027-03-02 15:28:25 UTC","220d, 00:00:00"
857273305.263,19440000,5386.751,True,"2027-03-02 15:28:25 UTC","225d, 00:00:00"
857273305.263,19872000,5050.614,True,"2027-03-02 15:28:25 UTC","230d, 00:00:00"
857273305.263,20304000,4735.84,True,"2027-03-02 15:28:25 UTC","235d, 00:00:00"
857273305.263,20736000,4444.496,True,"2027-03-02 15:28:25 UTC","240d, 00:00:00"
857273305.263,21168000,4179.606,True,"2027-03-02 15:28:25 UTC","245d, 00:00:00"
857273305.263,21600000,3945.169,True,"2027-03-02 15:28:25 UTC","250d, 00:00:00"
857273305.263,22032000,3746.22,True,"2027-03-02 15:28:25 UTC","255d, 00:00:00"
857273305.263,22464000,3588.851,True,"2027-03-02 15:28:25 UTC","260d, 00:00:00"
857273305.263,22896000,3480.148,True,"2027-03-02 15:28:25 UTC","265d, 00:00:00"
857273305.263,23328000,3427.998,True,"2027-03-02 15:28:25 UTC","270d, 00:00:00"
857273305.263,23760000,3440.788,True,"2027-03-02 15:28:25 UTC","275d, 00:00:00"
857273305.263,24192000,3527.134,True,"2027-03-02 15:28:25 UTC","280d, 00:00:00"
857273305.263,24624000,3695.794,True,"2027-03-02 15:28:25 UTC","285d, 00:00:00"
857273305.263,25056000,3955.826,True,"2027-03-02 15:28:25 UTC","290d, 00:00:00"
857273305.263,25488000,4316.878,True,"2027-03-02 15:28:25 UTC","295d, 00:00:00"
857273305.263,25920000,4789.559,True,"2027-03-02 15:28:25 UTC","300d, 00:00:00"
857273305.263,26352000,5385.912,True,"2027-03-02 15:28:25 UTC","305d, 00:00:00"
857273305.263,26784000,6120.053,True,"2027-03-02 15:28:25 UTC","310d, 00:00:00"
857273305.263,27216000,7008.923,True,"2027-03-02 15:28:25 UTC","315d, 00:00:00"
857273305.263,27648000,8072.94,True,"2027-03-02 15:28:25 UTC","320d, 00:00:00"
857273305.263,28080000,9336.138,True,"2027-03-02 15:28:25 UTC","325d, 00:00:00"
857273305.263,28512000,10825.051,True,"2027-03-02 15:28:25 UTC","330d, 00:00:00"
857273305.263,28944000,12565.065,True,"2027-03-02 15:28:25 UTC","335d, 00:00:00"
857273305.263,29376000,14572.432,True,"2027-03-02 15:28:25 UTC","340d, 00:00:00"
857273305.263,29808000,16840.383,True,"2027-03-02 15:28:25 UTC","345d, 00:00:00"
857273305.263,30240000,19321.003,True,"2027-03-02 15:28:25 UTC","350d, 00:00:00"
857273305.263,30672000,21912.318,True,"2027-03-02 15:28:25 UTC","355d, 00:00:00"
857273305.263,31104000,25079.085,False,"2027-03-02 15:28:25 UTC","360d, 00:00:00"
857273305.263,31536000,24450.563,False,"2027-03-02 15:28:25 UTC","365d, 00:00:00"
857273305.263,31968000,23822.552,False,"2027-03-02 15:28:25 UTC","370d, 00:00:00"
857273305.263,32400000,23196.139,False,"2027-03-02 15:28:25 UTC","375d, 00:00:00"
857273305.263,32832000,22572.386,False,"2027-03-02 15:28:25 UTC","380d, 00:00:00"
857273305.263,33264000,21952.326,False,"2027-03-02 15:28:25 UTC","385d, 00:00:00"
857273305.263,33696000,21336.956,False,"2027-03-02 15:28:25 UTC","390d, 00:00:00"
857273305.263,34128000,20727.239,False,"2027-03-02 15:28:25 UTC","395d, 00:00:00"
857273305.263,34560000,20124.097,False,"2027-03-02 15:28:25 UTC","400d, 00:00:00"
857273305.263,34992000,19528.409,False,"2027-03-02 15:28:25 UTC","405d, 00:00:00"
857273305.263,35424000,18941.013,False,"2027-03-02 15:28:25 UTC","410d, 00:00:00"
857273305.263,35856000,18362.697,False,"2027-03-02 15:28:25 UTC","415d, 00:00:00"
857273305.263,36288000,17794.208,False,"2027-03-02 15:28:25 UTC","420d, 00:00:00"
857273305.263,36720000,17236.241,False,"2027-03-02 15:28:25 UTC","425d, 00:00:00"
857273305.263,37152000,16689.447,False,"2027-03-02 15:28:25 UTC","430d, 00:00:00"
857273305.263,37584000,16154.431,False,"2027-03-02 15:28:25 UTC","435d, 00:00:00"
857273305.263,38016000,15631.751,False,"2027-03-02 15:28:25 UTC","440d, 00:00:00"
857273305.263,38448000,15121.925,False,"2027-03-02 15:28:25 UTC","445d, 00:00:00"
857273305.263,38880000,14625.427,False,"2027-03-02 15:28:25 UTC","450d, 00:00:00"
857273305.263,39312000,14142.695,False,"2027-03-02 15:28:25 UTC","455d, 00:00:00"
857273305.263,39744000,13674.137,False,"2027-03-02 15:28:25 UTC","460d, 00:00:00"
857273305.263,40176000,13220.131,False,"2027-03-02 15:28:25 UTC","465d, 00:00:00"
857273305.263,40608000,12781.039,False,"2027-03-02 15:28:25 UTC","470d, 00:00:00"
857273305.263,41040000,12357.218,False,"2027-03-02 15:28:25 UTC","475d, 00:00:00"
857273305.263,41472000,11949.037,False,"2027-03-02 15:28:25 UTC","480d, 00:00:00"
857273305.263,41904000,11556.905,False,"2027-03-02 15:28:25 UTC","485d, 00:00:00"
857273305.263,42336000,11181.312,False,"2027-03-02 15:28:25 UTC","490d, 00:00:00"
857273305.263,42768000,10822.908,False,"2027-03-02 15:28:25 UTC","495d, 00:00:00"
857273305.263,43200000,10482.623,False,"2027-03-02 15:28:25 UTC","500d, 00:00:00"
858693221.053,10368000,16637.528,False,"2027-03-19 01:53:41 UTC","120d, 00:00:00"
858693221.053,10800000,15890.044,False,"2027-03-19 01:53:41 UTC","125d, 00:00:00"
858693221.053,11232000,15173.855,False,"2027-03-19 01:53:41 UTC","130d, 00:00:00"
858693221.053,11664000,14488.222,False,"2027-03-19 01:53:41 UTC","135d, 00:00:00"
858693221.053,12096000,13834.022,False,"2027-03-19 01:53:41 UTC","140d, 00:00:00"
858693221.053,12528000,13215.28,False,"2027-03-19 01:53:41 UTC","145d, 00:00:00"
858693221.053,12960000,12643.703,False,"2027-03-19 01:53:41 UTC","150d, 00:00:00"
858693221.053,13392000,12154.601,False,"2027-03-19 01:53:41 UTC","155d, 00:00:00"
858693221.053,13824000,11882.051,False,"2027-03-19 01:53:41 UTC","160d, 00:00:00"
858693221.053,14256000,12656.622,False,"2027-03-19 01:53:41 UTC","165d, 00:00:00"
858693221.053,14688000,26896.583,False,"2027-03-19 01:53:41 UTC","170d, 00:00:00"
858693221.053,15120000,12206.97,True,"2027-03-19 01:53:41 UTC","175d, 00:00:00"
858693221.053,15552000,9823.662,True,"2027-03-19 01:53:41 UTC","180d, 00:00:00"
858693221.053,15984000,8936.376,True,"2027-03-19 01:53:41 UTC","185d, 00:00:00"
858693221.053,16416000,8314.992,True,"2027-03-19 01:53:41 UTC","190d, 00:00:00"
858693221.053,16848000,7783.593,True,"2027-03-19 01:53:41 UTC","195d, 00:00:00"
858693221.053,17280000,7297.672,True,"2027-03-19 01:53:41 UTC","200d, 00:00:00"
858693221.053,17712000,6842.18,True,"2027-03-19 01:53:41 UTC","205d, 00:00:00"
858693221.053,18144000,6411.309,True,"2027-03-19 01:53:41 UTC","210d, 00:00:00"
858693221.053,18576000,6002.953,True,"2027-03-19 01:53:41 UTC","215d, 00:00:00"
858693221.053,19008000,5616.879,True,"2027-03-19 01:53:41 UTC","220d, 00:00:00"
858693221.053,19440000,5254.056,True,"2027-03-19 01:53:41 UTC","225d, 00:00:00"
858693221.053,19872000,4916.422,True,"2027-03-19 01:53:41 UTC","230d, 00:00:00"
858693221.053,20304000,4606.845,True,"2027-03-19 01:53:41 UTC","235d, 00:00:00"
858693221.053,20736000,4329.164,True,"2027-03-19 01:53:41 UTC","240d, 00:00:00"
858693221.053,21168000,4088.252,True,"2027-03-19 01:53:41 UTC","245d, 00:00:00"
858693221.053,21600000,3890.065,True,"2027-03-19 01:53:41 UTC","250d, 00:00:00"
858693221.053,22032000,3741.601,True,"2027-03-19 01:53:41 UTC","255d, 00:00:00"
858693221.053,22464000,3650.739,True,"2027-03-19 01:53:41 UTC","260d, 00:00:00"
858693221.053,22896000,3625.964,True,"2027-03-19 01:53:41 UTC","265d, 00:00:00"
858693221.053,23328000,3676.06,True,"2027-03-19 01:53:41 UTC","270d, 00:00:00"
858693221.053,23760000,3809.961,True,"2027-03-19 01:53:41 UTC","275d, 00:00:00"
858693221.053,24192000,4036.813,True,"2027-03-19 01:53:41 UTC","280d, 00:00:00"
858693221.053,24624000,4366.204,True,"2027-03-19 01:53:41 UTC","285d, 00:00:00"
858693221.053,25056000,4808.481,True,"2027-03-19 01:53:41 UTC","290d, 00:00:00"
858693221.053,25488000,5375.177,True,"2027-03-19 01:53:41 UTC","295d, 00:00:00"
858693221.053,25920000,6079.627,True,"2027-03-19 01:53:41 UTC","300d, 00:00:00"
858693221.053,26352000,6937.74,True,"2027-03-19 01:53:41 UTC","305d, 00:00:00"
858693221.053,26784000,7968.728,True,"2027-03-19 01:53:41 UTC","310d, 00:00:00"
858693221.053,27216000,9195.406,True,"2027-03-19 01:53:41 UTC","315d, 00:00:00"
858693221.053,27648000,10643.359,True,"2027-03-19 01:53:41 UTC","320d, 00:00:00"
858693221.053,28080000,12337.828,True,"2027-03-19 01:53:41 UTC","325d, 00:00:00"
858693221.053,28512000,14296.535,True,"2027-03-19 01:53:41 UTC","330d, 00:00:00"
858693221.053,28944000,16516.791,True,"2027-03-19 01:53:41 UTC","335d, 00:00:00"
858693221.053,29376000,18957.749,True,"2027-03-19 01:53:41 UTC","340d, 00:00:00"
858693221.053,29808000,21525.868,True,"2027-03-19 01:53:41 UTC","345d, 00:00:00"
858693221.053,30240000,25199.087,False,"2027-03-19 01:53:41 UTC","350d, 00:00:00"
858693221.053,30672000,24570.771,False,"2027-03-19 01:53:41 UTC","355d, 00:00:00"
858693221.053,31104000,23943.107,False,"2027-03-19 01:53:41 UTC","360d, 00:00:00"
858693221.053,31536000,23317.168,False,"2027-03-19 01:53:41 UTC","365d, 00:00:00"
858693221.053,31968000,22694.003,False,"2027-03-19 01:53:41 UTC","370d, 00:00:00"
858693221.053,32400000,22074.628,False,"2027-03-19 01:53:41 UTC","375d, 00:00:00"
858693221.053,32832000,21460.028,False,"2027-03-19 01:53:41 UTC","380d, 00:00:00"
858693221.053,33264000,20851.152,False,"2027-03-19 01:53:41 UTC","385d, 00:00:00"
858693221.053,33696000,20248.908,False,"2027-03-19 01:53:41 UTC","390d, 00:00:00"
858693221.053,34128000,19654.163,False,"2027-03-19 01:53:41 UTC","395d, 00:00:00"
858693221.053,34560000,19067.74,False,"2027-03-19 01:53:41 UTC","400d, 00:00:00"
858693221.053,34992000,18490.42,False,"2027-03-19 01:53:41 UTC","405d, 00:00:00"
858693221.053,35424000,17922.936,False,"2027-03-19 01:53:41 UTC","410d, 00:00:00"
858693221.053,35856000,17365.976,False,"2027-03-19 01:53:41 UTC","415d, 00:00:00"
858693221.053,36288000,16820.18,False,"2027-03-19 01:53:41 UTC","420d, 00:00:00"
858693221.053,36720000,16286.147,False,"2027-03-19 01:53:41 UTC","425d, 00:00:00"
858693221.053,37152000,15764.427,False,"2027-03-19 01:53:41 UTC","430d, 00:00:00"
858693221.053,37584000,15255.533,False,"2027-03-19 01:53:41 UTC","435d, 00:00:00"
858693221.053,38016000,14759.932,False,"2027-03-19 01:53:41 UTC","440d, 00:00:00"
858693221.053,38448000,14278.059,False,"2027-03-19 01:53:41 UTC","445d, 00:00:00"
858693221.053,38880000,13810.314,False,"2027-03-19 01:53:41 UTC","450d, 00:00:00"
858693221.053,39312000,13357.071,False,"2027-03-19 01:53:41 UTC","455d, 00:00:00"
858693221.053,39744000,12918.685,False,"2027-03-19 01:53:41 UTC","460d, 00:00:00"
858693221.053,40176000,12495.501,False,"2027-03-19 01:53:41 UTC","465d, 00:00:00"
858693221.053,40608000,12087.875,False,"2027-03-19 01:53:41 UTC","470d, 00:00:00"
858693221.053,41040000,11696.191,False,"2027-03-19 01:53:41 UTC","475d, 00:00:00"
858693221.053,41472000,11320.904,False,"2027-03-19 01:53:41 UTC","480d, 00:00:00"
858693221.053,41904000,10962.598,False,"2027-03-19 01:53:41 UTC","485d, 00:00:00"
858693221.053,42336000,10622.096,False,"2027-03-19 01:53:41 UTC","490d, 00:00:00"
858693221.053,42768000,10300.658,False,"2027-03-19 01:53:41 UTC","495d, 00:00:00"
858693221.053,43200000,10000.384,False,"2027-03-19 01:53:41 UTC","500d, 00:00:00"
860113136.842,10368000,17719.209,False,"2027-04-04 12:18:56 UTC","120d, 00:00:00"
860113136.842,10800000,16848.463,False,"2027-04-04 12:18:56 UTC","125d, 00:00:00"
860113136.842,11232000,16021.771,False,"2027-04-04 12:18:56 UTC","130d, 00:00:00"
860113136.842,11664000,15240.009,False,"2027-04-04 12:18:56 UTC","135d, 00:00:00"
860113136.842,12096000,14509.399,False,"2027-04-04 12:18:56 UTC","140d, 00:00:00"
860113136.842,12528000,13851.306,False,"2027-04-04 12:18:56 UTC","145d, 00:00:00"
860113136.842,12960000,13345.822,False,"2027-04-04 12:18:56 UTC","150d, 00:00:00"
860113136.842,13392000,13444.686,False,"2027-04-04 12:18:56 UTC","155d, 00:00:00"
860113136.842,13824000,20887.436,False,"2027-04-04 12:18:56 UTC","160d, 00:00:00"
860113136.842,14256000,13980.006,True,"2027-04-04 12:18:56 UTC","165d, 00:00:00"
860113136.842,14688000,10996.759,True,"2027-04-04 12:18:56 UTC","170d, 00:00:00"
860113136.842,15120000,10023.42,True,"2027-04-04 12:18:56 UTC","175d, 00:00:00"
860113136.842,15552000,9334.239,True,"2027-04-04 12:18:56 UTC","180d, 00:00:00"
860113136.842,15984000,8735.993,True,"2027-04-04 12:18:56 UTC","185d, 00:00:00"
860113136.842,16416000,8184.555,True,"2027-04-04 12:18:56 UTC","190d, 00:00:00"
860113136.842,16848000,7665.681,True,"2027-04-04 12:18:56 UTC","195d, 00:00:00"
860113136.842,17280000,7173.934,True,"2027-04-04 12:18:56 UTC","200d, 00:00:00"
860113136.842,17712000,6707.291,True,"2027-04-04 12:18:56 UTC","205d, 00:00:00"
860113136.842,18144000,6265.437,True,"2027-04-04 12:18:56 UTC","210d, 00:00:00"
860113136.842,18576000,5849.17,True,"2027-04-04 12:18:56 UTC","215d, 00:00:00"
860113136.842,19008000,5460.206,True,"2027-04-04 12:18:56 UTC","220d, 00:00:00"
860113136.842,19440000,5101.164,True,"2027-04-04 12:18:56 UTC","225d, 00:00:00"
860113136.842,19872000,4775.618,True,"2027-04-04 12:18:56 UTC","230d, 00:00:00"
860113136.842,20304000,4488.182,True,"2027-04-04 12:18:56 UTC","235d, 00:00:00"
860113136.842,20736000,4244.575,True,"2027-04-04 12:18:56 UTC","240d, 00:00:00"
860113136.842,21168000,4051.622,True,"2027-04-04 12:18:56 UTC","245d, 00:00:00"
860113136.842,21600000,3917.133,True,"2027-04-04 12:18:56 UTC","250d, 00:00:00"
860113136.842,22032000,3849.656,True,"2027-04-04 12:18:56 UTC","255d, 00:00:00"
860113136.842,22464000,3858.165,True,"2027-04-04 12:18:56 UTC","260d, 00:00:00"
860113136.842,22896000,3951.832,True,"2027-04-04 12:18:56 UTC","265d, 00:00:00"
860113136.842,23328000,4139.992,True,"2027-04-04 12:18:56 UTC","270d, 00:00:00"
860113136.842,23760000,4432.291,True,"2027-04-04 12:18:56 UTC","275d, 00:00:00"
860113136.842,24192000,4838.949,True,"2027-04-04 12:18:56 UTC","280d, 00:00:00"
860113136.842,24624000,5371.129,True,"2027-04-04 12:18:56 UTC","285d, 00:00:00"
860113136.842,25056000,6041.527,True,"2027-04-04 12:18:56 UTC","290d, 00:00:00"
860113136.842,25488000,6865.149,True,"2027-04-04 12:18:56 UTC","295d, 00:00:00"
860113136.842,25920000,7860.13,True,"2027-04-04 12:18:56 UTC","300d, 00:00:00"
860113136.842,26352000,9048.199,True,"2027-04-04 12:18:56 UTC","305d, 00:00:00"
860113136.842,26784000,10454.162,True,"2027-04-04 12:18:56 UTC","310d, 00:00:00"
860113136.842,27216000,12103.305,True,"2027-04-04 12:18:56 UTC","315d, 00:00:00"
860113136.842,27648000,14015.034,True,"2027-04-04 12:18:56 UTC","320d, 00:00:00"
860113136.842,28080000,16190.915,True,"2027-04-04 12:18:56 UTC","325d, 00:00:00"
860113136.842,28512000,18597.261,True,"2027-04-04 12:18:56 UTC","330d, 00:00:00"
860113136.842,28944000,21148.946,True,"2027-04-04 12:18:56 UTC","335d, 00:00:00"
860113136.842,29376000,23710.099,True,"2027-04-04 12:18:56 UTC","340d, 00:00:00"
860113136.842,29808000,24741.152,False,"2027-04-04 12:18:56 UTC","345d, 00:00:00"
860113136.842,30240000,24113.099,False,"2027-04-04 12:18:56 UTC","350d, 00:00:00"
860113136.842,30672000,23486.88,False,"2027-04-04 12:18:56 UTC","355d, 00:00:00"
860113136.842,31104000,22863.525,False,"2027-04-04 12:18:56 UTC","360d, 00:00:00"
860113136.842,31536000,22244.037,False,"2027-04-04 12:18:56 UTC","365d, 00:00:00"
860113136.842,31968000,21629.385,False,"2027-04-04 12:18:56 UTC","370d, 00:00:00"
860113136.842,32400000,21020.503,False,"2027-04-04 12:18:56 UTC","375d, 00:00:00"
860113136.842,32832000,20418.285,False,"2027-04-04 12:18:56 UTC","380d, 00:00:00"
860113136.842,33264000,19823.587,False,"2027-04-04 12:18:56 UTC","385d, 00:00:00"
860113136.842,33696000,19237.219,False,"2027-04-04 12:18:56 UTC","390d, 00:00:00"
860113136.842,34128000,18659.951,False,"2027-04-04 12:18:56 UTC","395d, 00:00:00"
860113136.842,34560000,18092.505,False,"2027-04-04 12:18:56 UTC","400d, 00:00:00"
860113136.842,34992000,17535.562,False,"2027-04-04 12:18:56 UTC","405d, 00:00:00"
860113136.842,35424000,16989.754,False,"2027-04-04 12:18:56 UTC","410d, 00:00:00"
860113136.842,35856000,16455.672,False,"2027-04-04 12:18:56 UTC","415d, 00:00:00"
860113136.842,36288000,15933.863,False,"2027-04-04 12:18:56 UTC","420d, 00:00:00"
860113136.842,36720000,15424.83,False,"2027-04-04 12:18:56 UTC","425d, 00:00:00"
860113136.842,37152000,14929.04,False,"2027-04-04 12:18:56 UTC","430d, 00:00:00"
860113136.842,37584000,14446.921,False,"2027-04-04 12:18:56 UTC","435d, 00:00:00"
860113136.842,38016000,13978.868,False,"2027-04-04 12:18:56 UTC","440d, 00:00:00"
860113136.842,38448000,13525.249,False,"2027-04-04 12:18:56 UTC","445d, 00:00:00"
860113136.842,38880000,13086.412,False,"2027-04-04 12:18:56 UTC","450d, 00:00:00"
860113136.842,39312000,12662.691,False,"2027-04-04 12:18:56 UTC","455d, 00:00:00"
860113136.842,39744000,12254.425,False,"2027-04-04 12:18:56 UTC","460d, 00:00:00"
860113136.842,40176000,11861.973,False,"2027-04-04 12:18:56 UTC","465d, 00:00:00"
860113136.842,40608000,11485.749,False,"2027-04-04 12:18:56 UTC","470d, 00:00:00"
860113136.842,41040000,11126.27,False,"2027-04-04 12:18:56 UTC","475d, 00:00:00"
860113136.842,41472000,10784.249,False,"2027-04-04 12:18:56 UTC","480d, 00:00:00"
860113136.842,41904000,10460.746,False,"2027-04-04 12:18:56 UTC","485d, 00:00:00"
860113136.842,42336000,10157.488,False,"2027-04-04 12:18:56 UTC","490d, 00:00:00"
860113136.842,42768000,9877.531,False,"2027-04-04 12:18:56 UTC","495d, 00:00:00"
860113136.842,43200000,9626.811,False,"2027-04-04 12:18:56 UTC","500d, 00:00:00"
861533052.632,10368000,18582.286,False,"2027-04-20 22:44:12 UTC","120d, 00:00:00"
861533052.632,10800000,17601.706,False,"2027-04-20 22:44:12 UTC","125d, 00:00:00"
861533052.632,11232000,16682.725,False,"2027-04-20 22:44:12 UTC","130d, 00:00:00"
861533052.632,11664000,15836.234,False,"2027-04-20 22:44:12 UTC","135d, 00:00:00"
861533052.632,12096000,15107.271,False,"2027-04-20 22:44:12 UTC","140d, 00:00:00"
861533052.632,12528000,14733.41,False,"2027-04-20 22:44:12 UTC","145d, 00:00:00"
861533052.632,12960000,17757.288,False,"2027-04-20 22:44:12 UTC","150d, 00:00:00"
861533052.632,13392000,16335.721,True,"2027-04-20 22:44:12 UTC","155d, 00:00:00"
861533052.632,13824000,12340.929,True,"2027-04-20 22:44:12 UTC","160d, 00:00:00"
861533052.632,14256000,11269.842,True,"2027-04-20 22:44:12 UTC","165d, 00:00:00"
861533052.632,14688000,10501.885,True,"2027-04-20 22:44:12 UTC","170d, 00:00:00"
861533052.632,15120000,9825.695,True,"2027-04-20 22:44:12 UTC","175d, 00:00:00"
861533052.632,15552000,9198.397,True,"2027-04-20 22:44:12 UTC","180d, 00:00:00"
861533052.632,15984000,8606.739,True,"2027-04-20 22:44:12 UTC","185d, 00:00:00"
861533052.632,16416000,8045.626,True,"2027-04-20 22:44:12 UTC","190d, 00:00:00"
861533052.632,16848000,7513.023,True,"2027-04-20 22:44:12 UTC","195d, 00:00:00"
861533052.632,17280000,7008.428,True,"2027-04-20 22:44:12 UTC","200d, 00:00:00"
861533052.632,17712000,6532.355,True,"2027-04-20 22:44:12 UTC","205d, 00:00:00"
861533052.632,18144000,6086.19,True,"2027-04-20 22:44:12 UTC","210d, 00:00:00"
861533052.632,18576000,5672.187,True,"2027-04-20 22:44:12 UTC","215d, 00:00:00"
861533052.632,19008000,5293.542,True,"2027-04-20 22:44:12 UTC","220d, 00:00:00"
861533052.632,19440000,4954.489,True,"2027-04-20 22:44:12 UTC","225d, 00:00:00"
861533052.632,19872000,4660.393,True,"2027-04-20 22:44:12 UTC","230d, 00:00:00"
861533052.632,20304000,4417.783,True,"2027-04-20 22:44:12 UTC","235d, 00:00:00"
861533052.632,20736000,4234.291,True,"2027-04-20 22:44:12 UTC","240d, 00:00:00"
861533052.632,21168000,4118.448,True,"2027-04-20 22:44:12 UTC","245d, 00:00:00"
861533052.632,21600000,4079.387,True,"2027-04-20 22:44:12 UTC","250d, 00:00:00"
861533052.632,22032000,4126.554,True,"2027-04-20 22:44:12 UTC","255d, 00:00:00"
861533052.632,22464000,4269.563,True,"2027-04-20 22:44:12 UTC","260d, 00:00:00"
861533052.632,22896000,4518.246,True,"2027-04-20 22:44:12 UTC","265d, 00:00:00"
861533052.632,23328000,4882.839,True,"2027-04-20 22:44:12 UTC","270d, 00:00:00"
861533052.632,23760000,5374.3,True,"2027-04-20 22:44:12 UTC","275d, 00:00:00"
861533052.632,24192000,6004.84,True,"2027-04-20 22:44:12 UTC","280d, 00:00:00"
861533052.632,24624000,6788.704,True,"2027-04-20 22:44:12 UTC","285d, 00:00:00"
861533052.632,25056000,7743.06,True,"2027-04-20 22:44:12 UTC","290d, 00:00:00"
861533052.632,25488000,8888.655,True,"2027-04-20 22:44:12 UTC","295d, 00:00:00"
861533052.632,25920000,10249.623,True,"2027-04-20 22:44:12 UTC","300d, 00:00:00"
861533052.632,26352000,11851.444,True,"2027-04-20 22:44:12 UTC","305d, 00:00:00"
861533052.632,26784000,13715.408,True,"2027-04-20 22:44:12 UTC","310d, 00:00:00"
861533052.632,27216000,15847.625,True,"2027-04-20 22:44:12 UTC","315d, 00:00:00"
861533052.632,27648000,18221.99,True,"2027-04-20 22:44:12 UTC","320d, 00:00:00"
861533052.632,28080000,20762.317,True,"2027-04-20 22:44:12 UTC","325d, 00:00:00"
861533052.632,28512000,23338.444,True,"2027-04-20 22:44:12 UTC","330d, 00:00:00"
861533052.632,28944000,24963.309,False,"2027-04-20 22:44:12 UTC","335d, 00:00:00"
861533052.632,29376000,24334.05,False,"2027-04-20 22:44:12 UTC","340d, 00:00:00"
861533052.632,29808000,23706.71,False,"2027-04-20 22:44:12 UTC","345d, 00:00:00"
861533052.632,30240000,23082.303,False,"2027-04-20 22:44:12 UTC","350d, 00:00:00"
861533052.632,30672000,22461.813,False,"2027-04-20 22:44:12 UTC","355d, 00:00:00"
861533052.632,31104000,21846.196,False,"2027-04-20 22:44:12 UTC","360d, 00:00:00"
861533052.632,31536000,21236.368,False,"2027-04-20 22:44:12 UTC","365d, 00:00:00"
861533052.632,31968000,20633.212,False,"2027-04-20 22:44:12 UTC","370d, 00:00:00"
861533052.632,32400000,20037.569,False,"2027-04-20 22:44:12 UTC","375d, 00:00:00"
861533052.632,32832000,19450.239,False,"2027-04-20 22:44:12 UTC","380d, 00:00:00"
861533052.632,33264000,18871.981,False,"2027-04-20 22:44:12 UTC","385d, 00:00:00"
861533052.632,33696000,18303.509,False,"2027-04-20 22:44:12 UTC","390d, 00:00:00"
861533052.632,34128000,17745.494,False,"2027-04-20 22:44:12 UTC","395d, 00:00:00"
861533052.632,34560000,17198.565,False,"2027-04-20 22:44:12 UTC","400d, 00:00:00"
861533052.632,34992000,16663.305,False,"2027-04-20 22:44:12 UTC","405d, 00:00:00"
861533052.632,35424000,16140.255,False,"2027-04-20 22:44:12 UTC","410d, 00:00:00"
861533052.632,35856000,15629.917,False,"2027-04-20 22:44:12 UTC","415d, 00:00:00"
861533052.632,36288000,15132.752,False,"2027-04-20 22:44:12 UTC","420d, 00:00:00"
861533052.632,36720000,14649.185,False,"2027-04-20 22:44:12 UTC","425d, 00:00:00"
861533052.632,37152000,14179.608,False,"2027-04-20 22:44:12 UTC","430d, 00:00:00"
861533052.632,37584000,13724.383,False,"2027-04-20 22:44:12 UTC","435d, 00:00:00"
861533052.632,38016000,13283.849,False,"2027-04-20 22:44:12 UTC","440d, 00:00:00"
861533052.632,38448000,12858.331,False,"2027-04-20 22:44:12 UTC","445d, 00:00:00"
861533052.632,38880000,12448.15,False,"2027-04-20 22:44:12 UTC","450d, 00:00:00"
861533052.632,39312000,12053.639,False,"2027-04-20 22:44:12 UTC","455d, 00:00:00"
861533052.632,39744000,11675.171,False,"2027-04-20 22:44:12 UTC","460d, 00:00:00"
861533052.632,40176000,11313.197,False,"2027-04-20 22:44:12 UTC","465d, 00:00:00"
861533052.632,40608000,10968.316,False,"2027-04-20 22:44:12 UTC","470d, 00:00:00"
861533052.632,41040000,10641.399,False,"2027-04-20 22:44:12 UTC","475d, 00:00:00"
861533052.632,41472000,10333.827,False,"2027-04-20 22:44:12 UTC","480d, 00:00:00"
861533052.632,41904000,10047.978,False,"2027-04-20 22:44:12 UTC","485d, 00:00:00"
861533052.632,42336000,9788.361,False,"2027-04-20 22:44:12 UTC","490d, 00:00:00"
861533052.632,42768000,9564.532,False,"2027-04-20 22:44:12 UTC","495d, 00:00:00"
861533052.632,43200000,9400.082,False,"2027-04-20 22:44:12 UTC","500d, 00:00:00"
862952968.421,10368000,19237.443,False,"2027-05-07 09:09:28 UTC","120d, 00:00:00"
862952968.421,10800000,18171.264,False,"2027-05-07 09:09:28 UTC","125d, 00:00:00"
862952968.421,11232000,17209.333,False,"2027-05-07 09:09:28 UTC","130d, 00:00:00"
862952968.421,11664000,16469.423,False,"2027-05-07 09:09:28 UTC","135d, 00:00:00"
862952968.421,12096000,17192.98,False,"2027-05-07 09:09:28 UTC","140d, 00:00:00"
862952968.421,12528000,20035.825,True,"2027-05-07 09:09:28 UTC","145d, 00:00:00"
862952968.421,12960000,13894.359,True,"2027-05-07 09:09:28 UTC","150d, 00:00:00"
862952968.421,13392000,12707.608,True,"2027-05-07 09:09:28 UTC","155d, 00:00:00"
862952968.421,13824000,11846.155,True,"2027-05-07 09:09:28 UTC","160d, 00:00:00"
862952968.421,14256000,11077.781,True,"2027-05-07 09:09:28 UTC","165d, 00:00:00"
862952968.421,14688000,10361.649,True,"2027-05-07 09:09:28 UTC","170d, 00:00:00"
862952968.421,15120000,9685.577,True,"2027-05-07 09:09:28 UTC","175d, 00:00:00"
862952968.421,15552000,9044.699,True,"2027-05-07 09:09:28 UTC","180d, 00:00:00"
862952968.421,15984000,8436.823,True,"2027-05-07 09:09:28 UTC","185d, 00:00:00"
862952968.421,16416000,7861.107,True,"2027-05-07 09:09:28 UTC","190d, 00:00:00"
862952968.421,16848000,7317.645,True,"2027-05-07 09:09:28 UTC","195d, 00:00:00"
862952968.421,17280000,6807.356,True,"2027-05-07 09:09:28 UTC","200d, 00:00:00"
862952968.421,17712000,6331.998,True,"2027-05-07 09:09:28 UTC","205d, 00:00:00"
862952968.421,18144000,5894.258,True,"2027-05-07 09:09:28 UTC","210d, 00:00:00"
862952968.421,18576000,5497.855,True,"2027-05-07 09:09:28 UTC","215d, 00:00:00"
862952968.421,19008000,5147.654,True,"2027-05-07 09:09:28 UTC","220d, 00:00:00"
862952968.421,19440000,4849.74,True,"2027-05-07 09:09:28 UTC","225d, 00:00:00"
862952968.421,19872000,4611.412,True,"2027-05-07 09:09:28 UTC","230d, 00:00:00"
862952968.421,20304000,4441.046,True,"2027-05-07 09:09:28 UTC","235d, 00:00:00"
862952968.421,20736000,4347.838,True,"2027-05-07 09:09:28 UTC","240d, 00:00:00"
862952968.421,21168000,4341.484,True,"2027-05-07 09:09:28 UTC","245d, 00:00:00"
862952968.421,21600000,4431.941,True,"2027-05-07 09:09:28 UTC","250d, 00:00:00"
862952968.421,22032000,4629.35,True,"2027-05-07 09:09:28 UTC","255d, 00:00:00"
862952968.421,22464000,4944.125,True,"2027-05-07 09:09:28 UTC","260d, 00:00:00"
862952968.421,22896000,5387.201,True,"2027-05-07 09:09:28 UTC","265d, 00:00:00"
862952968.421,23328000,5970.49,True,"2027-05-07 09:09:28 UTC","270d, 00:00:00"
862952968.421,23760000,6707.634,True,"2027-05-07 09:09:28 UTC","275d, 00:00:00"
862952968.421,24192000,7614.952,True,"2027-05-07 09:09:28 UTC","280d, 00:00:00"
862952968.421,24624000,8712.283,True,"2027-05-07 09:09:28 UTC","285d, 00:00:00"
862952968.421,25056000,10023.145,True,"2027-05-07 09:09:28 UTC","290d, 00:00:00"
862952968.421,25488000,11573.281,True,"2027-05-07 09:09:28 UTC","295d, 00:00:00"
862952968.421,25920000,13386.014,True,"2027-05-07 09:09:28 UTC","300d, 00:00:00"
862952968.421,26352000,15472.325,True,"2027-05-07 09:09:28 UTC","305d, 00:00:00"
862952968.421,26784000,17814.354,True,"2027-05-07 09:09:28 UTC","310d, 00:00:00"
862952968.421,27216000,20345.936,True,"2027-05-07 09:09:28 UTC","315d, 00:00:00"
862952968.421,27648000,22943.73,True,"2027-05-07 09:09:28 UTC","320d, 00:00:00"
862952968.421,28080000,25238.662,False,"2027-05-07 09:09:28 UTC","325d, 00:00:00"
862952968.421,28512000,24607.292,False,"2027-05-07 09:09:28 UTC","330d, 00:00:00"
862952968.421,28944000,23977.902,False,"2027-05-07 09:09:28 UTC","335d, 00:00:00"
862952968.421,29376000,23351.488,False,"2027-05-07 09:09:28 UTC","340d, 00:00:00"
862952968.421,29808000,22729.017,False,"2027-05-07 09:09:28 UTC","345d, 00:00:00"
862952968.421,30240000,22111.426,False,"2027-05-07 09:09:28 UTC","350d, 00:00:00"
862952968.421,30672000,21499.619,False,"2027-05-07 09:09:28 UTC","355d, 00:00:00"
862952968.421,31104000,20894.462,False,"2027-05-07 09:09:28 UTC","360d, 00:00:00"
862952968.421,31536000,20296.786,False,"2027-05-07 09:09:28 UTC","365d, 00:00:00"
862952968.421,31968000,19707.38,False,"2027-05-07 09:09:28 UTC","370d, 00:00:00"
862952968.421,32400000,19126.992,False,"2027-05-07 09:09:28 UTC","375d, 00:00:00"
862952968.421,32832000,18556.329,False,"2027-05-07 09:09:28 UTC","380d, 00:00:00"
862952968.421,33264000,17996.057,False,"2027-05-07 09:09:28 UTC","385d, 00:00:00"
862952968.421,33696000,17446.797,False,"2027-05-07 09:09:28 UTC","390d, 00:00:00"
862952968.421,34128000,16909.13,False,"2027-05-07 09:09:28 UTC","395d, 00:00:00"
862952968.421,34560000,16383.593,False,"2027-05-07 09:09:28 UTC","400d, 00:00:00"
862952968.421,34992000,15870.685,False,"2027-05-07 09:09:28 UTC","405d, 00:00:00"
862952968.421,35424000,15370.865,False,"2027-05-07 09:09:28 UTC","410d, 00:00:00"
862952968.421,35856000,14884.556,False,"2027-05-07 09:09:28 UTC","415d, 00:00:00"
862952968.421,36288000,14412.146,False,"2027-05-07 09:09:28 UTC","420d, 00:00:00"
862952968.421,36720000,13953.994,False,"2027-05-07 09:09:28 UTC","425d, 00:00:00"
862952968.421,37152000,13510.432,False,"2027-05-07 09:09:28 UTC","430d, 00:00:00"
862952968.421,37584000,13081.776,False,"2027-05-07 09:09:28 UTC","435d, 00:00:00"
862952968.421,38016000,12668.329,False,"2027-05-07 09:09:28 UTC","440d, 00:00:00"
862952968.421,38448000,12270.4,False,"2027-05-07 09:09:28 UTC","445d, 00:00:00"
862952968.421,38880000,11888.321,False,"2027-05-07 09:09:28 UTC","450d, 00:00:00"
862952968.421,39312000,11522.48,False,"2027-05-07 09:09:28 UTC","455d, 00:00:00"
862952968.421,39744000,11173.369,False,"2027-05-07 09:09:28 UTC","460d, 00:00:00"
862952968.421,40176000,10841.683,False,"2027-05-07 09:09:28 UTC","465d, 00:00:00"
862952968.421,40608000,10528.484,False,"2027-05-07 09:09:28 UTC","470d, 00:00:00"
862952968.421,41040000,10235.557,False,"2027-05-07 09:09:28 UTC","475d, 00:00:00"
862952968.421,41472000,9966.188,False,"2027-05-07 09:09:28 UTC","480d, 00:00:00"
862952968.421,41904000,9727.127,False,"2027-05-07 09:09:28 UTC","485d, 00:00:00"
862952968.421,42336000,9534.377,False,"2027-05-07 09:09:28 UTC","490d, 00:00:00"
862952968.421,42768000,9434.686,False,"2027-05-07 09:09:28 UTC","495d, 00:00:00"
862952968.421,43200000,9620.746,False,"2027-05-07 09:09:28 UTC","500d, 00:00:00"
864372884.211,10368000,19718.668,False,"2027-05-23 19:34:44 UTC","120d, 00:00:00"
864372884.211,10800000,18656.042,False,"2027-05-23 19:34:44 UTC","125d, 00:00:00"
864372884.211,11232000,18224.379,False,"2027-05-23 19:34:44 UTC","130d, 00:00:00"
864372884.211,11664000,27877.559,True,"2027-05-23 19:34:44 UTC","135d, 00:00:00"
864372884.211,12096000,15706.792,True,"2027-05-23 19:34:44 UTC","140d, 00:00:00"
864372884.211,12528000,14377.378,True,"2027-05-23 19:34:44 UTC","145d, 00:00:00"
864372884.211,12960000,13402.938,True,"2027-05-23 19:34:44 UTC","150d, 00:00:00"
864372884.211,13392000,12524.081,True,"2027-05-23 19:34:44 UTC","155d, 00:00:00"
864372884.211,13824000,11702.726,True,"2027-05-23 19:34:44 UTC","160d, 00:00:00"
864372884.211,14256000,10927.712,True,"2027-05-23 19:34:44 UTC","165d, 00:00:00"
864372884.211,14688000,10194.196,True,"2027-05-23 19:34:44 UTC","170d, 00:00:00"
864372884.211,15120000,9499.605,True,"2027-05-23 19:34:44 UTC","175d, 00:00:00"
864372884.211,15552000,8842.559,True,"2027-05-23 19:34:44 UTC","180d, 00:00:00"
864372884.211,15984000,8222.55,True,"2027-05-23 19:34:44 UTC","185d, 00:00:00"
864372884.211,16416000,7639.863,True,"2027-05-23 19:34:44 UTC","190d, 00:00:00"
864372884.211,16848000,7095.608,True,"2027-05-23 19:34:44 UTC","195d, 00:00:00"
864372884.211,17280000,6591.81,True,"2027-05-23 19:34:44 UTC","200d, 00:00:00"
864372884.211,17712000,6131.518,True,"2027-05-23 19:34:44 UTC","205d, 00:00:00"
864372884.211,18144000,5718.936,True,"2027-05-23 19:34:44 UTC","210d, 00:00:00"
864372884.211,18576000,5359.528,True,"2027-05-23 19:34:44 UTC","215d, 00:00:00"
864372884.211,19008000,5060.067,True,"2027-05-23 19:34:44 UTC","220d, 00:00:00"
864372884.211,19440000,4828.576,True,"2027-05-23 19:34:44 UTC","225d, 00:00:00"
864372884.211,19872000,4674.136,True,"2027-05-23 19:34:44 UTC","230d, 00:00:00"
864372884.211,20304000,4606.592,True,"2027-05-23 19:34:44 UTC","235d, 00:00:00"
864372884.211,20736000,4636.238,True,"2027-05-23 19:34:44 UTC","240d, 00:00:00"
864372884.211,21168000,4773.617,True,"2027-05-23 19:34:44 UTC","245d, 00:00:00"
864372884.211,21600000,5029.489,True,"2027-05-23 19:34:44 UTC","250d, 00:00:00"
864372884.211,22032000,5414.966,True,"2027-05-23 19:34:44 UTC","255d, 00:00:00"
864372884.211,22464000,5941.884,True,"2027-05-23 19:34:44 UTC","260d, 00:00:00"
864372884.211,22896000,6623.478,True,"2027-05-23 19:34:44 UTC","265d, 00:00:00"
864372884.211,23328000,7475.36,True,"2027-05-23 19:34:44 UTC","270d, 00:00:00"
864372884.211,23760000,8516.524,True,"2027-05-23 19:34:44 UTC","275d, 00:00:00"
864372884.211,24192000,9769.874,True,"2027-05-23 19:34:44 UTC","280d, 00:00:00"
864372884.211,24624000,11261.394,True,"2027-05-23 19:34:44 UTC","285d, 00:00:00"
864372884.211,25056000,13016.478,True,"2027-05-23 19:34:44 UTC","290d, 00:00:00"
864372884.211,25488000,15051.246,True,"2027-05-23 19:34:44 UTC","295d, 00:00:00"
864372884.211,25920000,17356.874,True,"2027-05-23 19:34:44 UTC","300d, 00:00:00"
864372884.211,26352000,19878.814,True,"2027-05-23 19:34:44 UTC","305d, 00:00:00"
864372884.211,26784000,22502.611,True,"2027-05-23 19:34:44 UTC","310d, 00:00:00"
864372884.211,27216000,25568.392,False,"2027-05-23 19:34:44 UTC","315d, 00:00:00"
864372884.211,27648000,24933.908,False,"2027-05-23 19:34:44 UTC","320d, 00:00:00"
864372884.211,28080000,24301.444,False,"2027-05-23 19:34:44 UTC","325d, 00:00:00"
864372884.211,28512000,23671.973,False,"2027-05-23 19:34:44 UTC","330d, 00:00:00"
864372884.211,28944000,23046.443,False,"2027-05-23 19:34:44 UTC","335d, 00:00:00"
864372884.211,29376000,22425.775,False,"2027-05-23 19:34:44 UTC","340d, 00:00:00"
864372884.211,29808000,21810.855,False,"2027-05-23 19:34:44 UTC","345d, 00:00:00"
864372884.211,30240000,21202.538,False,"2027-05-23 19:34:44 UTC","350d, 00:00:00"
864372884.211,30672000,20601.642,False,"2027-05-23 19:34:44 UTC","355d, 00:00:00"
864372884.211,31104000,20008.946,False,"2027-05-23 19:34:44 UTC","360d, 00:00:00"
864372884.211,31536000,19425.19,False,"2027-05-23 19:34:44 UTC","365d, 00:00:00"
864372884.211,31968000,18851.075,False,"2027-05-23 19:34:44 UTC","370d, 00:00:00"
864372884.211,32400000,18287.26,False,"2027-05-23 19:34:44 UTC","375d, 00:00:00"
864372884.211,32832000,17734.364,False,"2027-05-23 19:34:44 UTC","380d, 00:00:00"
864372884.211,33264000,17192.964,False,"2027-05-23 19:34:44 UTC","385d, 00:00:00"
864372884.211,33696000,16663.597,False,"2027-05-23 19:34:44 UTC","390d, 00:00:00"
864372884.211,34128000,16146.759,False,"2027-05-23 19:34:44 UTC","395d, 00:00:00"
864372884.211,34560000,15642.911,False,"2027-05-23 19:34:44 UTC","400d, 00:00:00"
864372884.211,34992000,15152.474,False,"2027-05-23 19:34:44 UTC","405d, 00:00:00"
864372884.211,35424000,14675.835,False,"2027-05-23 19:34:44 UTC","410d, 00:00:00"
864372884.211,35856000,14213.35,False,"2027-05-23 19:34:44 UTC","415d, 00:00:00"
864372884.211,36288000,13765.347,False,"2027-05-23 19:34:44 UTC","420d, 00:00:00"
864372884.211,36720000,13332.133,False,"2027-05-23 19:34:44 UTC","425d, 00:00:00"
864372884.211,37152000,12913.997,False,"2027-05-23 19:34:44 UTC","430d, 00:00:00"
864372884.211,37584000,12511.226,False,"2027-05-23 19:34:44 UTC","435d, 00:00:00"
864372884.211,38016000,12124.115,False,"2027-05-23 19:34:44 UTC","440d, 00:00:00"
864372884.211,38448000,11752.991,False,"2027-05-23 19:34:44 UTC","445d, 00:00:00"
864372884.211,38880000,11398.254,False,"2027-05-23 19:34:44 UTC","450d, 00:00:00"
864372884.211,39312000,11060.436,False,"2027-05-23 19:34:44 UTC","455d, 00:00:00"
864372884.211,39744000,10740.324,False,"2027-05-23 19:34:44 UTC","460d, 00:00:00"
864372884.211,40176000,10439.195,False,"2027-05-23 19:34:44 UTC","465d, 00:00:00"
864372884.211,40608000,10159.321,False,"2027-05-23 19:34:44 UTC","470d, 00:00:00"
864372884.211,41040000,9905.218,False,"2027-05-23 19:34:44 UTC","475d, 00:00:00"
864372884.211,41472000,9687.154,False,"2027-05-23 19:34:44 UTC","480d, 00:00:00"
864372884.211,41904000,9533.443,False,"2027-05-23 19:34:44 UTC","485d, 00:00:00"
864372884.211,42336000,9550.621,False,"2027-05-23 19:34:44 UTC","490d, 00:00:00"
864372884.211,42768000,10476.946,False,"2027-05-23 19:34:44 UTC","495d, 00:00:00"
864372884.211,43200000,26916.098,True,"2027-05-23 19:34:44 UTC","500d, 00:00:00"
865792800,10368000,20260.845,False,"2027-06-09 06:00:00 UTC","120d, 00:00:00"
865792800,10800000,26975.961,False,"2027-06-09 06:00:00 UTC","125d, 00:00:00"
865792800,11232000,17845.74,True,"2027-06-09 06:00:00 UTC","130d, 00:00:00"
865792800,11664000,16331.622,True,"2027-06-09 06:00:00 UTC","135d, 00:00:00"
865792800,12096000,15218.439,True,"2027-06-09 06:00:00 UTC","140d, 00:00:00"
865792800,12528000,14205.378,True,"2027-06-09 06:00:00 UTC","145d, 00:00:00"
865792800,12960000,13257.856,True,"2027-06-09 06:00:00 UTC","150d, 00:00:00"
865792800,13392000,12365.522,True,"2027-06-09 06:00:00 UTC","155d, 00:00:00"
865792800,13824000,11523.213,True,"2027-06-09 06:00:00 UTC","160d, 00:00:00"
865792800,14256000,10727.658,True,"2027-06-09 06:00:00 UTC","165d, 00:00:00"
865792800,14688000,9976.666,True,"2027-06-09 06:00:00 UTC","170d, 00:00:00"
865792800,15120000,9268.886,True,"2027-06-09 06:00:00 UTC","175d, 00:00:00"
865792800,15552000,8603.763,True,"2027-06-09 06:00:00 UTC","180d, 00:00:00"
865792800,15984000,7981.569,True,"2027-06-09 06:00:00 UTC","185d, 00:00:00"
865792800,16416000,7403.488,True,"2027-06-09 06:00:00 UTC","190d, 00:00:00"
865792800,16848000,6871.729,True,"2027-06-09 06:00:00 UTC","195d, 00:00:00"
865792800,17280000,6389.652,True,"2027-06-09 06:00:00 UTC","200d, 00:00:00"
865792800,17712000,5961.902,True,"2027-06-09 06:00:00 UTC","205d, 00:00:00"
865792800,18144000,5594.502,True,"2027-06-09 06:00:00 UTC","210d, 00:00:00"
865792800,18576000,5294.871,True,"2027-06-09 06:00:00 UTC","215d, 00:00:00"
865792800,19008000,5071.726,True,"2027-06-09 06:00:00 UTC","220d, 00:00:00"
865792800,19440000,4934.843,True,"2027-06-09 06:00:00 UTC","225d, 00:00:00"
865792800,19872000,4894.745,True,"2027-06-09 06:00:00 UTC","230d, 00:00:00"
865792800,20304000,4962.395,True,"2027-06-09 06:00:00 UTC","235d, 00:00:00"
865792800,20736000,5149.027,True,"2027-06-09 06:00:00 UTC","240d, 00:00:00"
865792800,21168000,5466.145,True,"2027-06-09 06:00:00 UTC","245d, 00:00:00"
865792800,21600000,5925.759,True,"2027-06-09 06:00:00 UTC","250d, 00:00:00"
865792800,22032000,6540.953,True,"2027-06-09 06:00:00 UTC","255d, 00:00:00"
865792800,22464000,7326.818,True,"2027-06-09 06:00:00 UTC","260d, 00:00:00"
865792800,22896000,8301.588,True,"2027-06-09 06:00:00 UTC","265d, 00:00:00"
865792800,23328000,9487.514,True,"2027-06-09 06:00:00 UTC","270d, 00:00:00"
865792800,23760000,10910.695,True,"2027-06-09 06:00:00 UTC","275d, 00:00:00"
865792800,24192000,12598.469,True,"2027-06-09 06:00:00 UTC","280d, 00:00:00"
865792800,24624000,14572.179,True,"2027-06-09 06:00:00 UTC","285d, 00:00:00"
865792800,25056000,16832.785,True,"2027-06-09 06:00:00 UTC","290d, 00:00:00"
865792800,25488000,19339.337,True,"2027-06-09 06:00:00 UTC","295d, 00:00:00"
865792800,25920000,21989.429,True,"2027-06-09 06:00:00 UTC","300d, 00:00:00"
865792800,26352000,25953.352,False,"2027-06-09 06:00:00 UTC","305d, 00:00:00"
865792800,26784000,25314.651,False,"2027-06-09 06:00:00 UTC","310d, 00:00:00"
865792800,27216000,24677.984,False,"2027-06-09 06:00:00 UTC","315d, 00:00:00"
865792800,27648000,24044.303,False,"2027-06-09 06:00:00 UTC","320d, 00:00:00"
865792800,28080000,23414.536,False,"2027-06-09 06:00:00 UTC","325d, 00:00:00"
865792800,28512000,22789.585,False,"2027-06-09 06:00:00 UTC","330d, 00:00:00"
865792800,28944000,22170.321,False,"2027-06-09 06:00:00 UTC","335d, 00:00:00"
865792800,29376000,21557.585,False,"2027-06-09 06:00:00 UTC","340d, 00:00:00"
865792800,29808000,20952.183,False,"2027-06-09 06:00:00 UTC","345d, 00:00:00"
865792800,30240000,20354.885,False,"2027-06-09 06:00:00 UTC","350d, 00:00:00"
865792800,30672000,19766.425,False,"2027-06-09 06:00:00 UTC","355d, 00:00:00"
865792800,31104000,19187.497,False,"2027-06-09 06:00:00 UTC","360d, 00:00:00"
865792800,31536000,18618.758,False,"2027-06-09 06:00:00 UTC","365d, 00:00:00"
865792800,31968000,18060.824,False,"2027-06-09 06:00:00 UTC","370d, 00:00:00"
865792800,32400000,17514.271,False,"2027-06-09 06:00:00 UTC","375d, 00:00:00"
865792800,32832000,16979.636,False,"2027-06-09 06:00:00 UTC","380d, 00:00:00"
865792800,33264000,16457.419,False,"2027-06-09 06:00:00 UTC","385d, 00:00:00"
865792800,33696000,15948.079,False,"2027-06-09 06:00:00 UTC","390d, 00:00:00"
865792800,34128000,15452.039,False,"2027-06-09 06:00:00 UTC","395d, 00:00:00"
865792800,34560000,14969.689,False,"2027-06-09 06:00:00 UTC","400d, 00:00:00"
865792800,34992000,14501.383,False,"2027-06-09 06:00:00 UTC","405d, 00:00:00"
865792800,35424000,14047.449,False,"2027-06-09 06:00:00 UTC","410d, 00:00:00"
865792800,35856000,13608.184,False,"2027-06-09 06:00:00 UTC","415d, 00:00:00"
865792800,36288000,13183.871,False,"2027-06-09 06:00:00 UTC","420d, 00:00:00"
865792800,36720000,12774.773,False,"2027-06-09 06:00:00 UTC","425d, 00:00:00"
865792800,37152000,12381.156,False,"2027-06-09 06:00:00 UTC","430d, 00:00:00"
865792800,37584000,12003.297,False,"2027-06-09 06:00:00 UTC","435d, 00:00:00"
865792800,38016000,11641.511,False,"2027-06-09 06:00:00 UTC","440d, 00:00:00"
865792800,38448000,11296.197,False,"2027-06-09 06:00:00 UTC","445d, 00:00:00"
865792800,38880000,10967.908,False,"2027-06-09 06:00:00 UTC","450d, 00:00:00"
865792800,39312000,10657.502,False,"2027-06-09 06:00:00 UTC","455d, 00:00:00"
865792800,39744000,10366.451,False,"2027-06-09 06:00:00 UTC","460d, 00:00:00"
865792800,40176000,10097.563,False,"2027-06-09 06:00:00 UTC","465d, 00:00:00"
865792800,40608000,9856.94,False,"2027-06-09 06:00:00 UTC","470d, 00:00:00"
865792800,41040000,9660.432,False,"2027-06-09 06:00:00 UTC","475d, 00:00:00"
865792800,41472000,9562.404,False,"2027-06-09 06:00:00 UTC","480d, 00:00:00"
865792800,41904000,9878.066,False,"2027-06-09 06:00:00 UTC","485d, 00:00:00"
865792800,42336000,18813.902,False,"2027-06-09 06:00:00 UTC","490d, 00:00:00"
865792800,42768000,9600.477,True,"2027-06-09 06:00:00 UTC","495d, 00:00:00"
865792800,43200000,8552.957,True,"2027-06-09 06:00:00 UTC","500d, 00:00:00"
867212715.789,10368000,20413.038,True,"2027-06-25 16:25:15 UTC","120d, 00:00:00"
867212715.789,10800000,18639.348,True,"2027-06-25 16:25:15 UTC","125d, 00:00:00"
867212715.789,11232000,17353.083,True,"2027-06-25 16:25:15 UTC","130d, 00:00:00"
867212715.789,11664000,16174.607,True,"2027-06-25 16:25:15 UTC","135d, 00:00:00"
867212715.789,12096000,15073.727,True,"2027-06-25 16:25:15 UTC","140d, 00:00:00"
867212715.789,12528000,14040.448,True,"2027-06-25 16:25:15 UTC","145d, 00:00:00"
867212715.789,12960000,13068.751,True,"2027-06-25 16:25:15 UTC","150d, 00:00:00"
867212715.789,13392000,12154.209,True,"2027-06-25 16:25:15 UTC","155d, 00:00:00"
867212715.789,13824000,11293.432,True,"2027-06-25 16:25:15 UTC","160d, 00:00:00"
867212715.789,14256000,10483.906,True,"2027-06-25 16:25:15 UTC","165d, 00:00:00"
867212715.789,14688000,9723.96,True,"2027-06-25 16:25:15 UTC","170d, 00:00:00"
867212715.789,15120000,9012.793,True,"2027-06-25 16:25:15 UTC","175d, 00:00:00"
867212715.789,15552000,8350.534,True,"2027-06-25 16:25:15 UTC","180d, 00:00:00"
867212715.789,15984000,7738.346,True,"2027-06-25 16:25:15 UTC","185d, 00:00:00"
867212715.789,16416000,7178.549,True,"2027-06-25 16:25:15 UTC","190d, 00:00:00"
867212715.789,16848000,6674.751,True,"2027-06-25 16:25:15 UTC","195d, 00:00:00"
867212715.789,17280000,6231.981,True,"2027-06-25 16:25:15 UTC","200d, 00:00:00"
867212715.789,17712000,5856.773,True,"2027-06-25 16:25:15 UTC","205d, 00:00:00"
867212715.789,18144000,5557.154,True,"2027-06-25 16:25:15 UTC","210d, 00:00:00"
867212715.789,18576000,5342.515,True,"2027-06-25 16:25:15 UTC","215d, 00:00:00"
867212715.789,19008000,5223.351,True,"2027-06-25 16:25:15 UTC","220d, 00:00:00"
867212715.789,19440000,5210.927,True,"2027-06-25 16:25:15 UTC","225d, 00:00:00"
867212715.789,19872000,5316.987,True,"2027-06-25 16:25:15 UTC","230d, 00:00:00"
867212715.789,20304000,5553.598,True,"2027-06-25 16:25:15 UTC","235d, 00:00:00"
867212715.789,20736000,5933.213,True,"2027-06-25 16:25:15 UTC","240d, 00:00:00"
867212715.789,21168000,6469.067,True,"2027-06-25 16:25:15 UTC","245d, 00:00:00"
867212715.789,21600000,7175.999,True,"2027-06-25 16:25:15 UTC","250d, 00:00:00"
867212715.789,22032000,8071.62,True,"2027-06-25 16:25:15 UTC","255d, 00:00:00"
867212715.789,22464000,9177.494,True,"2027-06-25 16:25:15 UTC","260d, 00:00:00"
867212715.789,22896000,10519.613,True,"2027-06-25 16:25:15 UTC","265d, 00:00:00"
867212715.789,23328000,12126.918,True,"2027-06-25 16:25:15 UTC","270d, 00:00:00"
867212715.789,23760000,14025.755,True,"2027-06-25 16:25:15 UTC","275d, 00:00:00"
867212715.789,24192000,16227.314,True,"2027-06-25 16:25:15 UTC","280d, 00:00:00"
867212715.789,24624000,18706.312,True,"2027-06-25 16:25:15 UTC","285d, 00:00:00"
867212715.789,25056000,21376.639,True,"2027-06-25 16:25:15 UTC","290d, 00:00:00"
867212715.789,25488000,24084.417,True,"2027-06-25 16:25:15 UTC","295d, 00:00:00"
867212715.789,25920000,25749.822,False,"2027-06-25 16:25:15 UTC","300d, 00:00:00"
867212715.789,26352000,25107.715,False,"2027-06-25 16:25:15 UTC","305d, 00:00:00"
867212715.789,26784000,24468.564,False,"2027-06-25 16:25:15 UTC","310d, 00:00:00"
867212715.789,27216000,23833.276,False,"2027-06-25 16:25:15 UTC","315d, 00:00:00"
867212715.789,27648000,23202.733,False,"2027-06-25 16:25:15 UTC","320d, 00:00:00"
867212715.789,28080000,22577.79,False,"2027-06-25 16:25:15 UTC","325d, 00:00:00"
867212715.789,28512000,21959.275,False,"2027-06-25 16:25:15 UTC","330d, 00:00:00"
867212715.789,28944000,21347.982,False,"2027-06-25 16:25:15 UTC","335d, 00:00:00"
867212715.789,29376000,20744.673,False,"2027-06-25 16:25:15 UTC","340d, 00:00:00"
867212715.789,29808000,20150.076,False,"2027-06-25 16:25:15 UTC","345d, 00:00:00"
867212715.789,30240000,19564.88,False,"2027-06-25 16:25:15 UTC","350d, 00:00:00"
867212715.789,30672000,18989.741,False,"2027-06-25 16:25:15 UTC","355d, 00:00:00"
867212715.789,31104000,18425.274,False,"2027-06-25 16:25:15 UTC","360d, 00:00:00"
867212715.789,31536000,17872.056,False,"2027-06-25 16:25:15 UTC","365d, 00:00:00"
867212715.789,31968000,17330.629,False,"2027-06-25 16:25:15 UTC","370d, 00:00:00"
867212715.789,32400000,16801.492,False,"2027-06-25 16:25:15 UTC","375d, 00:00:00"
867212715.789,32832000,16285.111,False,"2027-06-25 16:25:15 UTC","380d, 00:00:00"
867212715.789,33264000,15781.913,False,"2027-06-25 16:25:15 UTC","385d, 00:00:00"
867212715.789,33696000,15292.29,False,"2027-06-25 16:25:15 UTC","390d, 00:00:00"
867212715.789,34128000,14816.6,False,"2027-06-25 16:25:15 UTC","395d, 00:00:00"
867212715.789,34560000,14355.17,False,"2027-06-25 16:25:15 UTC","400d, 00:00:00"
867212715.789,34992000,13908.296,False,"2027-06-25 16:25:15 UTC","405d, 00:00:00"
867212715.789,35424000,13476.252,False,"2027-06-25 16:25:15 UTC","410d, 00:00:00"
867212715.789,35856000,13059.29,False,"2027-06-25 16:25:15 UTC","415d, 00:00:00"
867212715.789,36288000,12657.648,False,"2027-06-25 16:25:15 UTC","420d, 00:00:00"
867212715.789,36720000,12271.565,False,"2027-06-25 16:25:15 UTC","425d, 00:00:00"
867212715.789,37152000,11901.288,False,"2027-06-25 16:25:15 UTC","430d, 00:00:00"
867212715.789,37584000,11547.106,False,"2027-06-25 16:25:15 UTC","435d, 00:00:00"
867212715.789,38016000,11209.389,False,"2027-06-25 16:25:15 UTC","440d, 00:00:00"
867212715.789,38448000,10888.674,False,"2027-06-25 16:25:15 UTC","445d, 00:00:00"
867212715.789,38880000,10585.825,False,"2027-06-25 16:25:15 UTC","450d, 00:00:00"
867212715.789,39312000,10302.419,False,"2027-06-25 16:25:15 UTC","455d, 00:00:00"
867212715.789,39744000,10041.703,False,"2027-06-25 16:25:15 UTC","460d, 00:00:00"
867212715.789,40176000,9811.583,False,"2027-06-25 16:25:15 UTC","465d, 00:00:00"
867212715.789,40608000,9636.685,False,"2027-06-25 16:25:15 UTC","470d, 00:00:00"
867212715.789,41040000,9636.623,False,"2027-06-25 16:25:15 UTC","475d, 00:00:00"
867212715.789,41472000,11692.852,False,"2027-06-25 16:25:15 UTC","480d, 00:00:00"
867212715.789,41904000,10013.672,True,"2027-06-25 16:25:15 UTC","485d, 00:00:00"
867212715.789,42336000,8686.231,True,"2027-06-25 16:25:15 UTC","490d, 00:00:00"
867212715.789,42768000,8431.614,True,"2027-06-25 16:25:15 UTC","495d, 00:00:00"
867212715.789,43200000,8262.879,True,"2027-06-25 16:25:15 UTC","500d, 00:00:00"
868632631.579,10368000,19887.425,True,"2027-07-12 02:50:31 UTC","120d, 00:00:00"
868632631.579,10800000,18501.573,True,"2027-07-12 02:50:31 UTC","125d, 00:00:00"
868632631.579,11232000,17211.328,True,"2027-07-12 02:50:31 UTC","130d, 00:00:00"
868632631.579,11664000,16006.163,True,"2027-07-12 02:50:31 UTC","135d, 00:00:00"
868632631.579,12096000,14878.351,True,"2027-07-12 02:50:31 UTC","140d, 00:00:00"
868632631.579,12528000,13821.619,True,"2027-07-12 02:50:31 UTC","145d, 00:00:00"
868632631.579,12960000,12830.827,True,"2027-07-12 02:50:31 UTC","150d, 00:00:00"
868632631.579,13392000,11901.849,True,"2027-07-12 02:50:31 UTC","155d, 00:00:00"
868632631.579,13824000,11031.525,True,"2027-07-12 02:50:31 UTC","160d, 00:00:00"
868632631.579,14256000,10217.662,True,"2027-07-12 02:50:31 UTC","165d, 00:00:00"
868632631.579,14688000,9459.067,True,"2027-07-12 02:50:31 UTC","170d, 00:00:00"
868632631.579,15120000,8755.614,True,"2027-07-12 02:50:31 UTC","175d, 00:00:00"
868632631.579,15552000,8108.349,True,"2027-07-12 02:50:31 UTC","180d, 00:00:00"
868632631.579,15984000,7519.617,True,"2027-07-12 02:50:31 UTC","185d, 00:00:00"
868632631.579,16416000,6993.196,True,"2027-07-12 02:50:31 UTC","190d, 00:00:00"
868632631.579,16848000,6534.429,True,"2027-07-12 02:50:31 UTC","195d, 00:00:00"
868632631.579,17280000,6150.297,True,"2027-07-12 02:50:31 UTC","200d, 00:00:00"
868632631.579,17712000,5849.398,True,"2027-07-12 02:50:31 UTC","205d, 00:00:00"
868632631.579,18144000,5641.799,True,"2027-07-12 02:50:31 UTC","210d, 00:00:00"
868632631.579,18576000,5538.758,True,"2027-07-12 02:50:31 UTC","215d, 00:00:00"
868632631.579,19008000,5552.388,True,"2027-07-12 02:50:31 UTC","220d, 00:00:00"
868632631.579,19440000,5695.365,True,"2027-07-12 02:50:31 UTC","225d, 00:00:00"
868632631.579,19872000,5980.801,True,"2027-07-12 02:50:31 UTC","230d, 00:00:00"
868632631.579,20304000,6422.416,True,"2027-07-12 02:50:31 UTC","235d, 00:00:00"
868632631.579,20736000,7035.141,True,"2027-07-12 02:50:31 UTC","240d, 00:00:00"
868632631.579,21168000,7836.215,True,"2027-07-12 02:50:31 UTC","245d, 00:00:00"
868632631.579,21600000,8846.537,True,"2027-07-12 02:50:31 UTC","250d, 00:00:00"
868632631.579,22032000,10091.722,True,"2027-07-12 02:50:31 UTC","255d, 00:00:00"
868632631.579,22464000,11601.769,True,"2027-07-12 02:50:31 UTC","260d, 00:00:00"
868632631.579,22896000,13407.374,True,"2027-07-12 02:50:31 UTC","265d, 00:00:00"
868632631.579,23328000,15529.812,True,"2027-07-12 02:50:31 UTC","270d, 00:00:00"
868632631.579,23760000,17961.115,True,"2027-07-12 02:50:31 UTC","275d, 00:00:00"
868632631.579,24192000,20636.403,True,"2027-07-12 02:50:31 UTC","280d, 00:00:00"
868632631.579,24624000,23415.079,True,"2027-07-12 02:50:31 UTC","285d, 00:00:00"
868632631.579,25056000,26239.133,False,"2027-07-12 02:50:31 UTC","290d, 00:00:00"
868632631.579,25488000,25590.23,False,"2027-07-12 02:50:31 UTC","295d, 00:00:00"
868632631.579,25920000,24944.236,False,"2027-07-12 02:50:31 UTC","300d, 00:00:00"
868632631.579,26352000,24302.033,False,"2027-07-12 02:50:31 UTC","305d, 00:00:00"
868632631.579,26784000,23664.483,False,"2027-07-12 02:50:31 UTC","310d, 00:00:00"
868632631.579,27216000,23032.424,False,"2027-07-12 02:50:31 UTC","315d, 00:00:00"
868632631.579,27648000,22406.669,False,"2027-07-12 02:50:31 UTC","320d, 00:00:00"
868632631.579,28080000,21788.002,False,"2027-07-12 02:50:31 UTC","325d, 00:00:00"
868632631.579,28512000,21177.177,False,"2027-07-12 02:50:31 UTC","330d, 00:00:00"
868632631.579,28944000,20574.915,False,"2027-07-12 02:50:31 UTC","335d, 00:00:00"
868632631.579,29376000,19981.906,False,"2027-07-12 02:50:31 UTC","340d, 00:00:00"
868632631.579,29808000,19398.801,False,"2027-07-12 02:50:31 UTC","345d, 00:00:00"
868632631.579,30240000,18826.219,False,"2027-07-12 02:50:31 UTC","350d, 00:00:00"
868632631.579,30672000,18264.741,False,"2027-07-12 02:50:31 UTC","355d, 00:00:00"
868632631.579,31104000,17714.911,False,"2027-07-12 02:50:31 UTC","360d, 00:00:00"
868632631.579,31536000,17177.236,False,"2027-07-12 02:50:31 UTC","365d, 00:00:00"
868632631.579,31968000,16652.187,False,"2027-07-12 02:50:31 UTC","370d, 00:00:00"
868632631.579,32400000,16140.198,False,"2027-07-12 02:50:31 UTC","375d, 00:00:00"
868632631.579,32832000,15641.668,False,"2027-07-12 02:50:31 UTC","380d, 00:00:00"
868632631.579,33264000,15156.96,False,"2027-07-12 02:50:31 UTC","385d, 00:00:00"
868632631.579,33696000,14686.405,False,"2027-07-12 02:50:31 UTC","390d, 00:00:00"
868632631.579,34128000,14230.302,False,"2027-07-12 02:50:31 UTC","395d, 00:00:00"
868632631.579,34560000,13788.922,False,"2027-07-12 02:50:31 UTC","400d, 00:00:00"
868632631.579,34992000,13362.508,False,"2027-07-12 02:50:31 UTC","405d, 00:00:00"
868632631.579,35424000,12951.284,False,"2027-07-12 02:50:31 UTC","410d, 00:00:00"
868632631.579,35856000,12555.456,False,"2027-07-12 02:50:31 UTC","415d, 00:00:00"
868632631.579,36288000,12175.226,False,"2027-07-12 02:50:31 UTC","420d, 00:00:00"
868632631.579,36720000,11810.801,False,"2027-07-12 02:50:31 UTC","425d, 00:00:00"
868632631.579,37152000,11462.415,False,"2027-07-12 02:50:31 UTC","430d, 00:00:00"
868632631.579,37584000,11130.372,False,"2027-07-12 02:50:31 UTC","435d, 00:00:00"
868632631.579,38016000,10815.119,False,"2027-07-12 02:50:31 UTC","440d, 00:00:00"
868632631.579,38448000,10517.406,False,"2027-07-12 02:50:31 UTC","445d, 00:00:00"
868632631.579,38880000,10238.679,False,"2027-07-12 02:50:31 UTC","450d, 00:00:00"
868632631.579,39312000,9982.198,False,"2027-07-12 02:50:31 UTC","455d, 00:00:00"
868632631.579,39744000,9757.116,False,"2027-07-12 02:50:31 UTC","460d, 00:00:00"
868632631.579,40176000,9600.609,False,"2027-07-12 02:50:31 UTC","465d, 00:00:00"
868632631.579,40608000,9870.744,False,"2027-07-12 02:50:31 UTC","470d, 00:00:00"
868632631.579,41040000,11121.657,True,"2027-07-12 02:50:31 UTC","475d, 00:00:00"
868632631.579,41472000,8814.059,True,"2027-07-12 02:50:31 UTC","480d, 00:00:00"
868632631.579,41904000,8588.754,True,"2027-07-12 02:50:31 UTC","485d, 00:00:00"
868632631.579,42336000,8424.568,True,"2027-07-12 02:50:31 UTC","490d, 00:00:00"
868632631.579,42768000,8281.57,True,"2027-07-12 02:50:31 UTC","495d, 00:00:00"
868632631.579,43200000,8155.525,True,"2027-07-12 02:50:31 UTC","500d, 00:00:00"
870052547.368,10368000,19751.692,True,"2027-07-28 13:15:47 UTC","120d, 00:00:00"
870052547.368,10800000,18333.234,True,"2027-07-28 13:15:47 UTC","125d, 00:00:00"
870052547.368,11232000,17013.908,True,"2027-07-28 13:15:47 UTC","130d, 00:00:00"
870052547.368,11664000,15784.536,True,"2027-07-28 13:15:47 UTC","135d, 00:00:00"
870052547.368,12096000,14637.407,True,"2027-07-28 13:15:47 UTC","140d, 00:00:00"
870052547.368,12528000,13566.125,True,"2027-07-28 13:15:47 UTC","145d, 00:00:00"
870052547.368,12960000,12565.515,True,"2027-07-28 13:15:47 UTC","150d, 00:00:00"
870052547.368,13392000,11631.556,True,"2027-07-28 13:15:47 UTC","155d, 00:00:00"
870052547.368,13824000,10761.366,True,"2027-07-28 13:15:47 UTC","160d, 00:00:00"
870052547.368,14256000,9953.223,True,"2027-07-28 13:15:47 UTC","165d, 00:00:00"
870052547.368,14688000,9206.627,True,"2027-07-28 13:15:47 UTC","170d, 00:00:00"
870052547.368,15120000,8522.395,True,"2027-07-28 13:15:47 UTC","175d, 00:00:00"
870052547.368,15552000,7902.79,True,"2027-07-28 13:15:47 UTC","180d, 00:00:00"
870052547.368,15984000,7351.662,True,"2027-07-28 13:15:47 UTC","185d, 00:00:00"
870052547.368,16416000,6874.574,True,"2027-07-28 13:15:47 UTC","190d, 00:00:00"
870052547.368,16848000,6478.884,True,"2027-07-28 13:15:47 UTC","195d, 00:00:00"
870052547.368,17280000,6173.719,True,"2027-07-28 13:15:47 UTC","200d, 00:00:00"
870052547.368,17712000,5969.83,True,"2027-07-28 13:15:47 UTC","205d, 00:00:00"
870052547.368,18144000,5879.31,True,"2027-07-28 13:15:47 UTC","210d, 00:00:00"
870052547.368,18576000,5915.257,True,"2027-07-28 13:15:47 UTC","215d, 00:00:00"
870052547.368,19008000,6091.492,True,"2027-07-28 13:15:47 UTC","220d, 00:00:00"
870052547.368,19440000,6422.478,True,"2027-07-28 13:15:47 UTC","225d, 00:00:00"
870052547.368,19872000,6923.639,True,"2027-07-28 13:15:47 UTC","230d, 00:00:00"
870052547.368,20304000,7612.21,True,"2027-07-28 13:15:47 UTC","235d, 00:00:00"
870052547.368,20736000,8508.589,True,"2027-07-28 13:15:47 UTC","240d, 00:00:00"
870052547.368,21168000,9637.807,True,"2027-07-28 13:15:47 UTC","245d, 00:00:00"
870052547.368,21600000,11030.226,True,"2027-07-28 13:15:47 UTC","250d, 00:00:00"
870052547.368,22032000,12719.792,True,"2027-07-28 13:15:47 UTC","255d, 00:00:00"
870052547.368,22464000,14736.834,True,"2027-07-28 13:15:47 UTC","260d, 00:00:00"
870052547.368,22896000,17091.248,True,"2027-07-28 13:15:47 UTC","265d, 00:00:00"
870052547.368,23328000,19744.043,True,"2027-07-28 13:15:47 UTC","270d, 00:00:00"
870052547.368,23760000,22577.686,True,"2027-07-28 13:15:47 UTC","275d, 00:00:00"
870052547.368,24192000,26781.538,False,"2027-07-28 13:15:47 UTC","280d, 00:00:00"
870052547.368,24624000,26124.353,False,"2027-07-28 13:15:47 UTC","285d, 00:00:00"
870052547.368,25056000,25470.02,False,"2027-07-28 13:15:47 UTC","290d, 00:00:00"
870052547.368,25488000,24819.394,False,"2027-07-28 13:15:47 UTC","295d, 00:00:00"
870052547.368,25920000,24173.313,False,"2027-07-28 13:15:47 UTC","300d, 00:00:00"
870052547.368,26352000,23532.597,False,"2027-07-28 13:15:47 UTC","305d, 00:00:00"
870052547.368,26784000,22898.043,False,"2027-07-28 13:15:47 UTC","310d, 00:00:00"
870052547.368,27216000,22270.424,False,"2027-07-28 13:15:47 UTC","315d, 00:00:00"
870052547.368,27648000,21650.486,False,"2027-07-28 13:15:47 UTC","320d, 00:00:00"
870052547.368,28080000,21038.946,False,"2027-07-28 13:15:47 UTC","325d, 00:00:00"
870052547.368,28512000,20436.49,False,"2027-07-28 13:15:47 UTC","330d, 00:00:00"
870052547.368,28944000,19843.773,False,"2027-07-28 13:15:47 UTC","335d, 00:00:00"
870052547.368,29376000,19261.415,False,"2027-07-28 13:15:47 UTC","340d, 00:00:00"
870052547.368,29808000,18690.002,False,"2027-07-28 13:15:47 UTC","345d, 00:00:00"
870052547.368,30240000,18130.086,False,"2027-07-28 13:15:47 UTC","350d, 00:00:00"
870052547.368,30672000,17582.182,False,"2027-07-28 13:15:47 UTC","355d, 00:00:00"
870052547.368,31104000,17046.769,False,"2027-07-28 13:15:47 UTC","360d, 00:00:00"
870052547.368,31536000,16524.292,False,"2027-07-28 13:15:47 UTC","365d, 00:00:00"
870052547.368,31968000,16015.159,False,"2027-07-28 13:15:47 UTC","370d, 00:00:00"
870052547.368,32400000,15519.742,False,"2027-07-28 13:15:47 UTC","375d, 00:00:00"
870052547.368,32832000,15038.38,False,"2027-07-28 13:15:47 UTC","380d, 00:00:00"
870052547.368,33264000,14571.379,False,"2027-07-28 13:15:47 UTC","385d, 00:00:00"
870052547.368,33696000,14119.013,False,"2027-07-28 13:15:47 UTC","390d, 00:00:00"
870052547.368,34128000,13681.523,False,"2027-07-28 13:15:47 UTC","395d, 00:00:00"
870052547.368,34560000,13259.126,False,"2027-07-28 13:15:47 UTC","400d, 00:00:00"
870052547.368,34992000,12852.013,False,"2027-07-28 13:15:47 UTC","405d, 00:00:00"
870052547.368,35424000,12460.352,False,"2027-07-28 13:15:47 UTC","410d, 00:00:00"
870052547.368,35856000,12084.3,False,"2027-07-28 13:15:47 UTC","415d, 00:00:00"
870052547.368,36288000,11724.002,False,"2027-07-28 13:15:47 UTC","420d, 00:00:00"
870052547.368,36720000,11379.615,False,"2027-07-28 13:15:47 UTC","425d, 00:00:00"
870052547.368,37152000,11051.323,False,"2027-07-28 13:15:47 UTC","430d, 00:00:00"
870052547.368,37584000,10739.387,False,"2027-07-28 13:15:47 UTC","435d, 00:00:00"
870052547.368,38016000,10444.25,False,"2027-07-28 13:15:47 UTC","440d, 00:00:00"
870052547.368,38448000,10166.801,False,"2027-07-28 13:15:47 UTC","445d, 00:00:00"
870052547.368,38880000,9909.238,False,"2027-07-28 13:15:47 UTC","450d, 00:00:00"
870052547.368,39312000,9678.908,False,"2027-07-28 13:15:47 UTC","455d, 00:00:00"
870052547.368,39744000,9521.275,False,"2027-07-28 13:15:47 UTC","460d, 00:00:00"
870052547.368,40176000,22310.772,False,"2027-07-28 13:15:47 UTC","465d, 00:00:00"
870052547.368,40608000,8942.535,True,"2027-07-28 13:15:47 UTC","470d, 00:00:00"
870052547.368,41040000,8752.391,True,"2027-07-28 13:15:47 UTC","475d, 00:00:00"
870052547.368,41472000,8587,True,"2027-07-28 13:15:47 UTC","480d, 00:00:00"
870052547.368,41904000,8436.168,True,"2027-07-28 13:15:47 UTC","485d, 00:00:00"
870052547.368,42336000,8300.547,True,"2027-07-28 13:15:47 UTC","490d, 00:00:00"
870052547.368,42768000,8180.884,True,"2027-07-28 13:15:47 UTC","495d, 00:00:00"
870052547.368,43200000,8077.81,True,"2027-07-28 13:15:47 UTC","500d, 00:00:00"
871472463.158,10368000,19557.368,True,"2027-08-13 23:41:03 UTC","120d, 00:00:00"
871472463.158,10800000,18114.53,True,"2027-08-13 23:41:03 UTC","125d, 00:00:00"
871472463.158,11232000,16776.104,True,"2027-08-13 23:41:03 UTC","130d, 00:00:00"
871472463.158,11664000,15532.441,True,"2027-08-13 23:41:03 UTC","135d, 00:00:00"
871472463.158,12096000,14375.563,True,"2027-08-13 23:41:03 UTC","140d, 00:00:00"
871472463.158,12528000,13298.991,True,"2027-08-13 23:41:03 UTC","145d, 00:00:00"
871472463.158,12960000,12297.645,True,"2027-08-13 23:41:03 UTC","150d, 00:00:00"
871472463.158,13392000,11367.783,True,"2027-08-13 23:41:03 UTC","155d, 00:00:00"
871472463.158,13824000,10507.003,True,"2027-08-13 23:41:03 UTC","160d, 00:00:00"
871472463.158,14256000,9714.288,True,"2027-08-13 23:41:03 UTC","165d, 00:00:00"
871472463.158,14688000,8990.093,True,"2027-08-13 23:41:03 UTC","170d, 00:00:00"
871472463.158,15120000,8336.469,True,"2027-08-13 23:41:03 UTC","175d, 00:00:00"
871472463.158,15552000,7757.211,True,"2027-08-13 23:41:03 UTC","180d, 00:00:00"
871472463.158,15984000,7257.99,True,"2027-08-13 23:41:03 UTC","185d, 00:00:00"
871472463.158,16416000,6846.447,True,"2027-08-13 23:41:03 UTC","190d, 00:00:00"
871472463.158,16848000,6532.189,True,"2027-08-13 23:41:03 UTC","195d, 00:00:00"
871472463.158,17280000,6326.66,True,"2027-08-13 23:41:03 UTC","200d, 00:00:00"
871472463.158,17712000,6242.874,True,"2027-08-13 23:41:03 UTC","205d, 00:00:00"
871472463.158,18144000,6295.088,True,"2027-08-13 23:41:03 UTC","210d, 00:00:00"
871472463.158,18576000,6498.543,True,"2027-08-13 23:41:03 UTC","215d, 00:00:00"
871472463.158,19008000,6869.458,True,"2027-08-13 23:41:03 UTC","220d, 00:00:00"
871472463.158,19440000,7425.514,True,"2027-08-13 23:41:03 UTC","225d, 00:00:00"
871472463.158,19872000,8186.965,True,"2027-08-13 23:41:03 UTC","230d, 00:00:00"
871472463.158,20304000,9178.233,True,"2027-08-13 23:41:03 UTC","235d, 00:00:00"
871472463.158,20736000,10429.391,True,"2027-08-13 23:41:03 UTC","240d, 00:00:00"
871472463.158,21168000,11976.185,True,"2027-08-13 23:41:03 UTC","245d, 00:00:00"
871472463.158,21600000,13856.005,True,"2027-08-13 23:41:03 UTC","250d, 00:00:00"
871472463.158,22032000,16095.362,True,"2027-08-13 23:41:03 UTC","255d, 00:00:00"
871472463.158,22464000,18683.973,True,"2027-08-13 23:41:03 UTC","260d, 00:00:00"
871472463.158,22896000,21538.107,True,"2027-08-13 23:41:03 UTC","265d, 00:00:00"
871472463.158,23328000,24478.977,True,"2027-08-13 23:41:03 UTC","270d, 00:00:00"
871472463.158,23760000,26707.947,False,"2027-08-13 23:41:03 UTC","275d, 00:00:00"
871472463.158,24192000,26043.652,False,"2027-08-13 23:41:03 UTC","280d, 00:00:00"
871472463.158,24624000,25382.975,False,"2027-08-13 23:41:03 UTC","285d, 00:00:00"
871472463.158,25056000,24726.728,False,"2027-08-13 23:41:03 UTC","290d, 00:00:00"
871472463.158,25488000,24075.71,False,"2027-08-13 23:41:03 UTC","295d, 00:00:00"
871472463.158,25920000,23430.7,False,"2027-08-13 23:41:03 UTC","300d, 00:00:00"
871472463.158,26352000,22792.46,False,"2027-08-13 23:41:03 UTC","305d, 00:00:00"
871472463.158,26784000,22161.727,False,"2027-08-13 23:41:03 UTC","310d, 00:00:00"
871472463.158,27216000,21539.213,False,"2027-08-13 23:41:03 UTC","315d, 00:00:00"
871472463.158,27648000,20925.604,False,"2027-08-13 23:41:03 UTC","320d, 00:00:00"
871472463.158,28080000,20321.555,False,"2027-08-13 23:41:03 UTC","325d, 00:00:00"
871472463.158,28512000,19727.691,False,"2027-08-13 23:41:03 UTC","330d, 00:00:00"
871472463.158,28944000,19144.606,False,"2027-08-13 23:41:03 UTC","335d, 00:00:00"
871472463.158,29376000,18572.859,False,"2027-08-13 23:41:03 UTC","340d, 00:00:00"
871472463.158,29808000,18012.977,False,"2027-08-13 23:41:03 UTC","345d, 00:00:00"
871472463.158,30240000,17465.451,False,"2027-08-13 23:41:03 UTC","350d, 00:00:00"
871472463.158,30672000,16930.737,False,"2027-08-13 23:41:03 UTC","355d, 00:00:00"
871472463.158,31104000,16409.258,False,"2027-08-13 23:41:03 UTC","360d, 00:00:00"
871472463.158,31536000,15901.398,False,"2027-08-13 23:41:03 UTC","365d, 00:00:00"
871472463.158,31968000,15407.509,False,"2027-08-13 23:41:03 UTC","370d, 00:00:00"
871472463.158,32400000,14927.907,False,"2027-08-13 23:41:03 UTC","375d, 00:00:00"
871472463.158,32832000,14462.875,False,"2027-08-13 23:41:03 UTC","380d, 00:00:00"
871472463.158,33264000,14012.661,False,"2027-08-13 23:41:03 UTC","385d, 00:00:00"
871472463.158,33696000,13577.484,False,"2027-08-13 23:41:03 UTC","390d, 00:00:00"
871472463.158,34128000,13157.53,False,"2027-08-13 23:41:03 UTC","395d, 00:00:00"
871472463.158,34560000,12752.954,False,"2027-08-13 23:41:03 UTC","400d, 00:00:00"
871472463.158,34992000,12363.887,False,"2027-08-13 23:41:03 UTC","405d, 00:00:00"
871472463.158,35424000,11990.431,False,"2027-08-13 23:41:03 UTC","410d, 00:00:00"
871472463.158,35856000,11632.662,False,"2027-08-13 23:41:03 UTC","415d, 00:00:00"
871472463.158,36288000,11290.634,False,"2027-08-13 23:41:03 UTC","420d, 00:00:00"
871472463.158,36720000,10964.375,False,"2027-08-13 23:41:03 UTC","425d, 00:00:00"
871472463.158,37152000,10653.886,False,"2027-08-13 23:41:03 UTC","430d, 00:00:00"
871472463.158,37584000,10359.127,False,"2027-08-13 23:41:03 UTC","435d, 00:00:00"
871472463.158,38016000,10079.981,False,"2027-08-13 23:41:03 UTC","440d, 00:00:00"
871472463.158,38448000,9816.111,False,"2027-08-13 23:41:03 UTC","445d, 00:00:00"
871472463.158,38880000,9566.245,False,"2027-08-13 23:41:03 UTC","450d, 00:00:00"
871472463.158,39312000,9319.89,False,"2027-08-13 23:41:03 UTC","455d, 00:00:00"
871472463.158,39744000,9152.744,True,"2027-08-13 23:41:03 UTC","460d, 00:00:00"
871472463.158,40176000,8939.252,True,"2027-08-13 23:41:03 UTC","465d, 00:00:00"
871472463.158,40608000,8753.704,True,"2027-08-13 23:41:03 UTC","470d, 00:00:00"
871472463.158,41040000,8586.244,True,"2027-08-13 23:41:03 UTC","475d, 00:00:00"
871472463.158,41472000,8435.837,True,"2027-08-13 23:41:03 UTC","480d, 00:00:00"
871472463.158,41904000,8302.376,True,"2027-08-13 23:41:03 UTC","485d, 00:00:00"
871472463.158,42336000,8186.03,True,"2027-08-13 23:41:03 UTC","490d, 00:00:00"
871472463.158,42768000,8087.119,True,"2027-08-13 23:41:03 UTC","495d, 00:00:00"
871472463.158,43200000,8006.098,True,"2027-08-13 23:41:03 UTC","500d, 00:00:00"
872892378.947,10368000,19329.903,True,"2027-08-30 10:06:18 UTC","120d, 00:00:00"
872892378.947,10800000,17873.41,True,"2027-08-30 10:06:18 UTC","125d, 00:00:00"
872892378.947,11232000,16525.644,True,"2027-08-30 10:06:18 UTC","130d, 00:00:00"
872892378.947,11664000,15276.719,True,"2027-08-30 10:06:18 UTC","135d, 00:00:00"
872892378.947,12096000,14118.595,True,"2027-08-30 10:06:18 UTC","140d, 00:00:00"
872892378.947,12528000,13044.903,True,"2027-08-30 10:06:18 UTC","145d, 00:00:00"
872892378.947,12960000,12050.848,True,"2027-08-30 10:06:18 UTC","150d, 00:00:00"
872892378.947,13392000,11133.173,True,"2027-08-30 10:06:18 UTC","155d, 00:00:00"
872892378.947,13824000,10290.176,True,"2027-08-30 10:06:18 UTC","160d, 00:00:00"
872892378.947,14256000,9521.788,True,"2027-08-30 10:06:18 UTC","165d, 00:00:00"
872892378.947,14688000,8829.693,True,"2027-08-30 10:06:18 UTC","170d, 00:00:00"
872892378.947,15120000,8217.473,True,"2027-08-30 10:06:18 UTC","175d, 00:00:00"
872892378.947,15552000,7690.768,True,"2027-08-30 10:06:18 UTC","180d, 00:00:00"
872892378.947,15984000,7257.385,True,"2027-08-30 10:06:18 UTC","185d, 00:00:00"
872892378.947,16416000,6927.338,True,"2027-08-30 10:06:18 UTC","190d, 00:00:00"
872892378.947,16848000,6712.758,True,"2027-08-30 10:06:18 UTC","195d, 00:00:00"
872892378.947,17280000,6627.666,True,"2027-08-30 10:06:18 UTC","200d, 00:00:00"
872892378.947,17712000,6687.679,True,"2027-08-30 10:06:18 UTC","205d, 00:00:00"
872892378.947,18144000,6909.791,True,"2027-08-30 10:06:18 UTC","210d, 00:00:00"
872892378.947,18576000,7312.459,True,"2027-08-30 10:06:18 UTC","215d, 00:00:00"
872892378.947,19008000,7916.27,True,"2027-08-30 10:06:18 UTC","220d, 00:00:00"
872892378.947,19440000,8745.305,True,"2027-08-30 10:06:18 UTC","225d, 00:00:00"
872892378.947,19872000,9828.96,True,"2027-08-30 10:06:18 UTC","230d, 00:00:00"
872892378.947,20304000,11203.327,True,"2027-08-30 10:06:18 UTC","235d, 00:00:00"
872892378.947,20736000,12910.106,True,"2027-08-30 10:06:18 UTC","240d, 00:00:00"
872892378.947,21168000,14989.097,True,"2027-08-30 10:06:18 UTC","245d, 00:00:00"
872892378.947,21600000,17458.009,True,"2027-08-30 10:06:18 UTC","250d, 00:00:00"
872892378.947,22032000,20275.277,True,"2027-08-30 10:06:18 UTC","255d, 00:00:00"
872892378.947,22464000,23299.109,True,"2027-08-30 10:06:18 UTC","260d, 00:00:00"
872892378.947,22896000,27337.72,False,"2027-08-30 10:06:18 UTC","265d, 00:00:00"
872892378.947,23328000,26661.695,False,"2027-08-30 10:06:18 UTC","270d, 00:00:00"
872892378.947,23760000,25989.212,False,"2027-08-30 10:06:18 UTC","275d, 00:00:00"
872892378.947,24192000,25321.049,False,"2027-08-30 10:06:18 UTC","280d, 00:00:00"
872892378.947,24624000,24657.98,False,"2027-08-30 10:06:18 UTC","285d, 00:00:00"
872892378.947,25056000,24000.764,False,"2027-08-30 10:06:18 UTC","290d, 00:00:00"
872892378.947,25488000,23350.149,False,"2027-08-30 10:06:18 UTC","295d, 00:00:00"
872892378.947,25920000,22706.861,False,"2027-08-30 10:06:18 UTC","300d, 00:00:00"
872892378.947,26352000,22071.608,False,"2027-08-30 10:06:18 UTC","305d, 00:00:00"
872892378.947,26784000,21445.073,False,"2027-08-30 10:06:18 UTC","310d, 00:00:00"
872892378.947,27216000,20827.914,False,"2027-08-30 10:06:18 UTC","315d, 00:00:00"
872892378.947,27648000,20220.761,False,"2027-08-30 10:06:18 UTC","320d, 00:00:00"
872892378.947,28080000,19624.217,False,"2027-08-30 10:06:18 UTC","325d, 00:00:00"
872892378.947,28512000,19038.852,False,"2027-08-30 10:06:18 UTC","330d, 00:00:00"
872892378.947,28944000,18465.205,False,"2027-08-30 10:06:18 UTC","335d, 00:00:00"
872892378.947,29376000,17903.781,False,"2027-08-30 10:06:18 UTC","340d, 00:00:00"
872892378.947,29808000,17355.053,False,"2027-08-30 10:06:18 UTC","345d, 00:00:00"
872892378.947,30240000,16819.458,False,"2027-08-30 10:06:18 UTC","350d, 00:00:00"
872892378.947,30672000,16297.4,False,"2027-08-30 10:06:18 UTC","355d, 00:00:00"
872892378.947,31104000,15789.245,False,"2027-08-30 10:06:18 UTC","360d, 00:00:00"
872892378.947,31536000,15295.326,False,"2027-08-30 10:06:18 UTC","365d, 00:00:00"
872892378.947,31968000,14815.94,False,"2027-08-30 10:06:18 UTC","370d, 00:00:00"
872892378.947,32400000,14351.351,False,"2027-08-30 10:06:18 UTC","375d, 00:00:00"
872892378.947,32832000,13901.786,False,"2027-08-30 10:06:18 UTC","380d, 00:00:00"
872892378.947,33264000,13467.439,False,"2027-08-30 10:06:18 UTC","385d, 00:00:00"
872892378.947,33696000,13048.471,False,"2027-08-30 10:06:18 UTC","390d, 00:00:00"
872892378.947,34128000,12645.006,False,"2027-08-30 10:06:18 UTC","395d, 00:00:00"
872892378.947,34560000,12257.139,False,"2027-08-30 10:06:18 UTC","400d, 00:00:00"
872892378.947,34992000,11884.925,False,"2027-08-30 10:06:18 UTC","405d, 00:00:00"
872892378.947,35424000,11528.382,False,"2027-08-30 10:06:18 UTC","410d, 00:00:00"
872892378.947,35856000,11187.483,False,"2027-08-30 10:06:18 UTC","415d, 00:00:00"
872892378.947,36288000,10862.143,False,"2027-08-30 10:06:18 UTC","420d, 00:00:00"
872892378.947,36720000,10552.203,False,"2027-08-30 10:06:18 UTC","425d, 00:00:00"
872892378.947,37152000,10257.419,False,"2027-08-30 10:06:18 UTC","430d, 00:00:00"
872892378.947,37584000,9977.629,False,"2027-08-30 10:06:18 UTC","435d, 00:00:00"
872892378.947,38016000,9715.063,False,"2027-08-30 10:06:18 UTC","440d, 00:00:00"
872892378.947,38448000,9532.549,False,"2027-08-30 10:06:18 UTC","445d, 00:00:00"
872892378.947,38880000,11110.794,True,"2027-08-30 10:06:18 UTC","450d, 00:00:00"
872892378.947,39312000,9216.057,True,"2027-08-30 10:06:18 UTC","455d, 00:00:00"
872892378.947,39744000,8938.06,True,"2027-08-30 10:06:18 UTC","460d, 00:00:00"
872892378.947,40176000,8734.158,True,"2027-08-30 10:06:18 UTC","465d, 00:00:00"
872892378.947,40608000,8560.104,True,"2027-08-30 10:06:18 UTC","470d, 00:00:00"
872892378.947,41040000,8407.7,True,"2027-08-30 10:06:18 UTC","475d, 00:00:00"
872892378.947,41472000,8274.545,True,"2027-08-30 10:06:18 UTC","480d, 00:00:00"
872892378.947,41904000,8159.876,True,"2027-08-30 10:06:18 UTC","485d, 00:00:00"
872892378.947,42336000,8063.584,True,"2027-08-30 10:06:18 UTC","490d, 00:00:00"
872892378.947,42768000,7985.914,True,"2027-08-30 10:06:18 UTC","495d, 00:00:00"
872892378.947,43200000,7927.364,True,"2027-08-30 10:06:18 UTC","500d, 00:00:00"
874312294.737,10368000,19099.714,True,"2027-09-15 20:31:34 UTC","120d, 00:00:00"
874312294.737,10800000,17638.292,True,"2027-09-15 20:31:34 UTC","125d, 00:00:00"
874312294.737,11232000,16289.102,True,"2027-09-15 20:31:34 UTC","130d, 00:00:00"
874312294.737,11664000,15042.23,True,"2027-09-15 20:31:34 UTC","135d, 00:00:00"
874312294.737,12096000,13889.757,True,"2027-09-15 20:31:34 UTC","140d, 00:00:00"
874312294.737,12528000,12825.603,True,"2027-09-15 20:31:34 UTC","145d, 00:00:00"
874312294.737,12960000,11845.444,True,"2027-09-15 20:31:34 UTC","150d, 00:00:00"
874312294.737,13392000,10946.701,True,"2027-09-15 20:31:34 UTC","155d, 00:00:00"
874312294.737,13824000,10128.591,True,"2027-09-15 20:31:34 UTC","160d, 00:00:00"
874312294.737,14256000,9392.244,True,"2027-09-15 20:31:34 UTC","165d, 00:00:00"
874312294.737,14688000,8740.851,True,"2027-09-15 20:31:34 UTC","170d, 00:00:00"
874312294.737,15120000,8179.84,True,"2027-09-15 20:31:34 UTC","175d, 00:00:00"
874312294.737,15552000,7717.037,True,"2027-09-15 20:31:34 UTC","180d, 00:00:00"
874312294.737,15984000,7362.751,True,"2027-09-15 20:31:34 UTC","185d, 00:00:00"
874312294.737,16416000,7129.759,True,"2027-09-15 20:31:34 UTC","190d, 00:00:00"
874312294.737,16848000,7033.154,True,"2027-09-15 20:31:34 UTC","195d, 00:00:00"
874312294.737,17280000,7090.112,True,"2027-09-15 20:31:34 UTC","200d, 00:00:00"
874312294.737,17712000,7319.741,True,"2027-09-15 20:31:34 UTC","205d, 00:00:00"
874312294.737,18144000,7743.269,True,"2027-09-15 20:31:34 UTC","210d, 00:00:00"
874312294.737,18576000,8384.897,True,"2027-09-15 20:31:34 UTC","215d, 00:00:00"
874312294.737,19008000,9273.408,True,"2027-09-15 20:31:34 UTC","220d, 00:00:00"
874312294.737,19440000,10444.204,True,"2027-09-15 20:31:34 UTC","225d, 00:00:00"
874312294.737,19872000,11940.445,True,"2027-09-15 20:31:34 UTC","230d, 00:00:00"
874312294.737,20304000,13810.296,True,"2027-09-15 20:31:34 UTC","235d, 00:00:00"
874312294.737,20736000,16094.377,True,"2027-09-15 20:31:34 UTC","240d, 00:00:00"
874312294.737,21168000,18795.114,True,"2027-09-15 20:31:34 UTC","245d, 00:00:00"
874312294.737,21600000,21827.126,True,"2027-09-15 20:31:34 UTC","250d, 00:00:00"
874312294.737,22032000,24980.705,True,"2027-09-15 20:31:34 UTC","255d, 00:00:00"
874312294.737,22464000,27319.361,False,"2027-09-15 20:31:34 UTC","260d, 00:00:00"
874312294.737,22896000,26633.175,False,"2027-09-15 20:31:34 UTC","265d, 00:00:00"
874312294.737,23328000,25951.224,False,"2027-09-15 20:31:34 UTC","270d, 00:00:00"
874312294.737,23760000,25274.249,False,"2027-09-15 20:31:34 UTC","275d, 00:00:00"
874312294.737,24192000,24602.986,False,"2027-09-15 20:31:34 UTC","280d, 00:00:00"
874312294.737,24624000,23938.162,False,"2027-09-15 20:31:34 UTC","285d, 00:00:00"
874312294.737,25056000,23280.492,False,"2027-09-15 20:31:34 UTC","290d, 00:00:00"
874312294.737,25488000,22630.675,False,"2027-09-15 20:31:34 UTC","295d, 00:00:00"
874312294.737,25920000,21989.393,False,"2027-09-15 20:31:34 UTC","300d, 00:00:00"
874312294.737,26352000,21357.305,False,"2027-09-15 20:31:34 UTC","305d, 00:00:00"
874312294.737,26784000,20735.048,False,"2027-09-15 20:31:34 UTC","310d, 00:00:00"
874312294.737,27216000,20123.232,False,"2027-09-15 20:31:34 UTC","315d, 00:00:00"
874312294.737,27648000,19522.439,False,"2027-09-15 20:31:34 UTC","320d, 00:00:00"
874312294.737,28080000,18933.224,False,"2027-09-15 20:31:34 UTC","325d, 00:00:00"
874312294.737,28512000,18356.108,False,"2027-09-15 20:31:34 UTC","330d, 00:00:00"
874312294.737,28944000,17791.583,False,"2027-09-15 20:31:34 UTC","335d, 00:00:00"
874312294.737,29376000,17240.104,False,"2027-09-15 20:31:34 UTC","340d, 00:00:00"
874312294.737,29808000,16702.096,False,"2027-09-15 20:31:34 UTC","345d, 00:00:00"
874312294.737,30240000,16177.946,False,"2027-09-15 20:31:34 UTC","350d, 00:00:00"
874312294.737,30672000,15668.009,False,"2027-09-15 20:31:34 UTC","355d, 00:00:00"
874312294.737,31104000,15172.602,False,"2027-09-15 20:31:34 UTC","360d, 00:00:00"
874312294.737,31536000,14692.007,False,"2027-09-15 20:31:34 UTC","365d, 00:00:00"
874312294.737,31968000,14226.473,False,"2027-09-15 20:31:34 UTC","370d, 00:00:00"
874312294.737,32400000,13776.21,False,"2027-09-15 20:31:34 UTC","375d, 00:00:00"
874312294.737,32832000,13341.397,False,"2027-09-15 20:31:34 UTC","380d, 00:00:00"
874312294.737,33264000,12922.175,False,"2027-09-15 20:31:34 UTC","385d, 00:00:00"
874312294.737,33696000,12518.654,False,"2027-09-15 20:31:34 UTC","390d, 00:00:00"
874312294.737,34128000,12130.91,False,"2027-09-15 20:31:34 UTC","395d, 00:00:00"
874312294.737,34560000,11758.991,False,"2027-09-15 20:31:34 UTC","400d, 00:00:00"
874312294.737,34992000,11402.92,False,"2027-09-15 20:31:34 UTC","405d, 00:00:00"
874312294.737,35424000,11062.719,False,"2027-09-15 20:31:34 UTC","410d, 00:00:00"
874312294.737,35856000,10738.478,False,"2027-09-15 20:31:34 UTC","415d, 00:00:00"
874312294.737,36288000,10430.607,False,"2027-09-15 20:31:34 UTC","420d, 00:00:00"
874312294.737,36720000,10140.912,False,"2027-09-15 20:31:34 UTC","425d, 00:00:00"
874312294.737,37152000,9878.86,False,"2027-09-15 20:31:34 UTC","430d, 00:00:00"
874312294.737,37584000,9727.131,False,"2027-09-15 20:31:34 UTC","435d, 00:00:00"
874312294.737,38016000,15281.238,False,"2027-09-15 20:31:34 UTC","440d, 00:00:00"
874312294.737,38448000,9916.912,True,"2027-09-15 20:31:34 UTC","445d, 00:00:00"
874312294.737,38880000,9183.456,True,"2027-09-15 20:31:34 UTC","450d, 00:00:00"
874312294.737,39312000,8889.864,True,"2027-09-15 20:31:34 UTC","455d, 00:00:00"
874312294.737,39744000,8674.724,True,"2027-09-15 20:31:34 UTC","460d, 00:00:00"
874312294.737,40176000,8495.169,True,"2027-09-15 20:31:34 UTC","465d, 00:00:00"
874312294.737,40608000,8340.391,True,"2027-09-15 20:31:34 UTC","470d, 00:00:00"
874312294.737,41040000,8206.679,True,"2027-09-15 20:31:34 UTC","475d, 00:00:00"
874312294.737,41472000,8092.619,True,"2027-09-15 20:31:34 UTC","480d, 00:00:00"
874312294.737,41904000,7997.767,True,"2027-09-15 20:31:34 UTC","485d, 00:00:00"
874312294.737,42336000,7922.194,True,"2027-09-15 20:31:34 UTC","490d, 00:00:00"
874312294.737,42768000,7866.316,True,"2027-09-15 20:31:34 UTC","495d, 00:00:00"
874312294.737,43200000,7830.833,True,"2027-09-15 20:31:34 UTC","500d, 00:00:00"
875732210.526,10368000,18893.853,True,"2027-10-02 06:56:50 UTC","120d, 00:00:00"
875732210.526,10800000,17433.976,True,"2027-10-02 06:56:50 UTC","125d, 00:00:00"
875732210.526,11232000,16089.213,True,"2027-10-02 06:56:50 UTC","130d, 00:00:00"
875732210.526,11664000,14849.778,True,"2027-10-02 06:56:50 UTC","135d, 00:00:00"
875732210.526,12096000,13708.03,True,"2027-10-02 06:56:50 UTC","140d, 00:00:00"
875732210.526,12528000,12658.335,True,"2027-10-02 06:56:50 UTC","145d, 00:00:00"
875732210.526,12960000,11697.01,True,"2027-10-02 06:56:50 UTC","150d, 00:00:00"
875732210.526,13392000,10822.343,True,"2027-10-02 06:56:50 UTC","155d, 00:00:00"
875732210.526,13824000,10034.696,True,"2027-10-02 06:56:50 UTC","160d, 00:00:00"
875732210.526,14256000,9336.656,True,"2027-10-02 06:56:50 UTC","165d, 00:00:00"
875732210.526,14688000,8733.234,True,"2027-10-02 06:56:50 UTC","170d, 00:00:00"
875732210.526,15120000,8232.076,True,"2027-10-02 06:56:50 UTC","175d, 00:00:00"
875732210.526,15552000,7843.625,True,"2027-10-02 06:56:50 UTC","180d, 00:00:00"
875732210.526,15984000,7581.209,True,"2027-10-02 06:56:50 UTC","185d, 00:00:00"
875732210.526,16416000,7460.997,True,"2027-10-02 06:56:50 UTC","190d, 00:00:00"
875732210.526,16848000,7501.879,True,"2027-10-02 06:56:50 UTC","195d, 00:00:00"
875732210.526,17280000,7725.416,True,"2027-10-02 06:56:50 UTC","200d, 00:00:00"
875732210.526,17712000,8156.144,True,"2027-10-02 06:56:50 UTC","205d, 00:00:00"
875732210.526,18144000,8822.602,True,"2027-10-02 06:56:50 UTC","210d, 00:00:00"
875732210.526,18576000,9759.193,True,"2027-10-02 06:56:50 UTC","215d, 00:00:00"
875732210.526,19008000,11008.412,True,"2027-10-02 06:56:50 UTC","220d, 00:00:00"
875732210.526,19440000,12621.612,True,"2027-10-02 06:56:50 UTC","225d, 00:00:00"
875732210.526,19872000,14653.911,True,"2027-10-02 06:56:50 UTC","230d, 00:00:00"
875732210.526,20304000,17144.69,True,"2027-10-02 06:56:50 UTC","235d, 00:00:00"
875732210.526,20736000,20073.497,True,"2027-10-02 06:56:50 UTC","240d, 00:00:00"
875732210.526,21168000,23298.745,True,"2027-10-02 06:56:50 UTC","245d, 00:00:00"
875732210.526,21600000,28010.375,False,"2027-10-02 06:56:50 UTC","250d, 00:00:00"
875732210.526,22032000,27308.432,False,"2027-10-02 06:56:50 UTC","255d, 00:00:00"
875732210.526,22464000,26610.687,False,"2027-10-02 06:56:50 UTC","260d, 00:00:00"
875732210.526,22896000,25917.84,False,"2027-10-02 06:56:50 UTC","265d, 00:00:00"
875732210.526,23328000,25230.594,False,"2027-10-02 06:56:50 UTC","270d, 00:00:00"
875732210.526,23760000,24549.652,False,"2027-10-02 06:56:50 UTC","275d, 00:00:00"
875732210.526,24192000,23875.712,False,"2027-10-02 06:56:50 UTC","280d, 00:00:00"
875732210.526,24624000,23209.462,False,"2027-10-02 06:56:50 UTC","285d, 00:00:00"
875732210.526,25056000,22551.579,False,"2027-10-02 06:56:50 UTC","290d, 00:00:00"
875732210.526,25488000,21902.721,False,"2027-10-02 06:56:50 UTC","295d, 00:00:00"
875732210.526,25920000,21263.531,False,"2027-10-02 06:56:50 UTC","300d, 00:00:00"
875732210.526,26352000,20634.627,False,"2027-10-02 06:56:50 UTC","305d, 00:00:00"
875732210.526,26784000,20016.604,False,"2027-10-02 06:56:50 UTC","310d, 00:00:00"
875732210.526,27216000,19410.032,False,"2027-10-02 06:56:50 UTC","315d, 00:00:00"
875732210.526,27648000,18815.45,False,"2027-10-02 06:56:50 UTC","320d, 00:00:00"
875732210.526,28080000,18233.372,False,"2027-10-02 06:56:50 UTC","325d, 00:00:00"
875732210.526,28512000,17664.274,False,"2027-10-02 06:56:50 UTC","330d, 00:00:00"
875732210.526,28944000,17108.605,False,"2027-10-02 06:56:50 UTC","335d, 00:00:00"
875732210.526,29376000,16566.778,False,"2027-10-02 06:56:50 UTC","340d, 00:00:00"
875732210.526,29808000,16039.17,False,"2027-10-02 06:56:50 UTC","345d, 00:00:00"
875732210.526,30240000,15526.126,False,"2027-10-02 06:56:50 UTC","350d, 00:00:00"
875732210.526,30672000,15027.955,False,"2027-10-02 06:56:50 UTC","355d, 00:00:00"
875732210.526,31104000,14544.929,False,"2027-10-02 06:56:50 UTC","360d, 00:00:00"
875732210.526,31536000,14077.288,False,"2027-10-02 06:56:50 UTC","365d, 00:00:00"
875732210.526,31968000,13625.236,False,"2027-10-02 06:56:50 UTC","370d, 00:00:00"
875732210.526,32400000,13188.946,False,"2027-10-02 06:56:50 UTC","375d, 00:00:00"
875732210.526,32832000,12768.563,False,"2027-10-02 06:56:50 UTC","380d, 00:00:00"
875732210.526,33264000,12364.208,False,"2027-10-02 06:56:50 UTC","385d, 00:00:00"
875732210.526,33696000,11975.993,False,"2027-10-02 06:56:50 UTC","390d, 00:00:00"
875732210.526,34128000,11604.043,False,"2027-10-02 06:56:50 UTC","395d, 00:00:00"
875732210.526,34560000,11248.56,False,"2027-10-02 06:56:50 UTC","400d, 00:00:00"
875732210.526,34992000,10909.98,False,"2027-10-02 06:56:50 UTC","405d, 00:00:00"
875732210.526,35424000,10589.429,False,"2027-10-02 06:56:50 UTC","410d, 00:00:00"
875732210.526,35856000,10290.329,False,"2027-10-02 06:56:50 UTC","415d, 00:00:00"
875732210.526,36288000,10025.517,False,"2027-10-02 06:56:50 UTC","420d, 00:00:00"
875732210.526,36720000,9865.704,False,"2027-10-02 06:56:50 UTC","425d, 00:00:00"
875732210.526,37152000,10793.645,False,"2027-10-02 06:56:50 UTC","430d, 00:00:00"
875732210.526,37584000,13973.639,True,"2027-10-02 06:56:50 UTC","435d, 00:00:00"
875732210.526,38016000,9645.169,True,"2027-10-02 06:56:50 UTC","440d, 00:00:00"
875732210.526,38448000,9083.724,True,"2027-10-02 06:56:50 UTC","445d, 00:00:00"
875732210.526,38880000,8787.236,True,"2027-10-02 06:56:50 UTC","450d, 00:00:00"
875732210.526,39312000,8565.527,True,"2027-10-02 06:56:50 UTC","455d, 00:00:00"
875732210.526,39744000,8381.766,True,"2027-10-02 06:56:50 UTC","460d, 00:00:00"
875732210.526,40176000,8224.679,True,"2027-10-02 06:56:50 UTC","465d, 00:00:00"
875732210.526,40608000,8089.948,True,"2027-10-02 06:56:50 UTC","470d, 00:00:00"
875732210.526,41040000,7975.77,True,"2027-10-02 06:56:50 UTC","475d, 00:00:00"
875732210.526,41472000,7881.47,True,"2027-10-02 06:56:50 UTC","480d, 00:00:00"
875732210.526,41904000,7806.988,True,"2027-10-02 06:56:50 UTC","485d, 00:00:00"
875732210.526,42336000,7752.677,True,"2027-10-02 06:56:50 UTC","490d, 00:00:00"
875732210.526,42768000,7719.221,True,"2027-10-02 06:56:50 UTC","495d, 00:00:00"
875732210.526,43200000,7707.622,True,"2027-10-02 06:56:50 UTC","500d, 00:00:00"
877152126.316,10368000,18734.181,True,"2027-10-18 17:22:06 UTC","120d, 00:00:00"
877152126.316,10800000,17280.058,True,"2027-10-18 17:22:06 UTC","125d, 00:00:00"
877152126.316,11232000,15943.448,True,"2027-10-18 17:22:06 UTC","130d, 00:00:00"
877152126.316,11664000,14714.823,True,"2027-10-18 17:22:06 UTC","135d, 00:00:00"
877152126.316,12096000,13586.952,True,"2027-10-18 17:22:06 UTC","140d, 00:00:00"
877152126.316,12528000,12554.79,True,"2027-10-18 17:22:06 UTC","145d, 00:00:00"
877152126.316,12960000,11615.454,True,"2027-10-18 17:22:06 UTC","150d, 00:00:00"
877152126.316,13392000,10768.3,True,"2027-10-18 17:22:06 UTC","155d, 00:00:00"
877152126.316,13824000,10015.073,True,"2027-10-18 17:22:06 UTC","160d, 00:00:00"
877152126.316,14256000,9360.128,True,"2027-10-18 17:22:06 UTC","165d, 00:00:00"
877152126.316,14688000,8810.688,True,"2027-10-18 17:22:06 UTC","170d, 00:00:00"
877152126.316,15120000,8377.108,True,"2027-10-18 17:22:06 UTC","175d, 00:00:00"
877152126.316,15552000,8073.086,True,"2027-10-18 17:22:06 UTC","180d, 00:00:00"
877152126.316,15984000,7915.782,True,"2027-10-18 17:22:06 UTC","185d, 00:00:00"
877152126.316,16416000,7925.857,True,"2027-10-18 17:22:06 UTC","190d, 00:00:00"
877152126.316,16848000,8127.575,True,"2027-10-18 17:22:06 UTC","195d, 00:00:00"
877152126.316,17280000,8549.254,True,"2027-10-18 17:22:06 UTC","200d, 00:00:00"
877152126.316,17712000,9224.461,True,"2027-10-18 17:22:06 UTC","205d, 00:00:00"
877152126.316,18144000,10194.121,True,"2027-10-18 17:22:06 UTC","210d, 00:00:00"
877152126.316,18576000,11508.93,True,"2027-10-18 17:22:06 UTC","215d, 00:00:00"
877152126.316,19008000,13229.611,True,"2027-10-18 17:22:06 UTC","220d, 00:00:00"
877152126.316,19440000,15418.739,True,"2027-10-18 17:22:06 UTC","225d, 00:00:00"
877152126.316,19872000,18112.18,True,"2027-10-18 17:22:06 UTC","230d, 00:00:00"
877152126.316,20304000,21258.665,True,"2027-10-18 17:22:06 UTC","235d, 00:00:00"
877152126.316,20736000,24650.121,True,"2027-10-18 17:22:06 UTC","240d, 00:00:00"
877152126.316,21168000,28007.012,False,"2027-10-18 17:22:06 UTC","245d, 00:00:00"
877152126.316,21600000,27291.308,False,"2027-10-18 17:22:06 UTC","250d, 00:00:00"
877152126.316,22032000,26580.494,False,"2027-10-18 17:22:06 UTC","255d, 00:00:00"
877152126.316,22464000,25875.23,False,"2027-10-18 17:22:06 UTC","260d, 00:00:00"
877152126.316,22896000,25176.186,False,"2027-10-18 17:22:06 UTC","265d, 00:00:00"
877152126.316,23328000,24484.034,False,"2027-10-18 17:22:06 UTC","270d, 00:00:00"
877152126.316,23760000,23799.447,False,"2027-10-18 17:22:06 UTC","275d, 00:00:00"
877152126.316,24192000,23123.089,False,"2027-10-18 17:22:06 UTC","280d, 00:00:00"
877152126.316,24624000,22455.619,False,"2027-10-18 17:22:06 UTC","285d, 00:00:00"
877152126.316,25056000,21797.679,False,"2027-10-18 17:22:06 UTC","290d, 00:00:00"
877152126.316,25488000,21149.895,False,"2027-10-18 17:22:06 UTC","295d, 00:00:00"
877152126.316,25920000,20512.875,False,"2027-10-18 17:22:06 UTC","300d, 00:00:00"
877152126.316,26352000,19887.203,False,"2027-10-18 17:22:06 UTC","305d, 00:00:00"
877152126.316,26784000,19273.439,False,"2027-10-18 17:22:06 UTC","310d, 00:00:00"
877152126.316,27216000,18672.115,False,"2027-10-18 17:22:06 UTC","315d, 00:00:00"
877152126.316,27648000,18083.737,False,"2027-10-18 17:22:06 UTC","320d, 00:00:00"
877152126.316,28080000,17508.775,False,"2027-10-18 17:22:06 UTC","325d, 00:00:00"
877152126.316,28512000,16947.672,False,"2027-10-18 17:22:06 UTC","330d, 00:00:00"
877152126.316,28944000,16400.835,False,"2027-10-18 17:22:06 UTC","335d, 00:00:00"
877152126.316,29376000,15868.637,False,"2027-10-18 17:22:06 UTC","340d, 00:00:00"
877152126.316,29808000,15351.418,False,"2027-10-18 17:22:06 UTC","345d, 00:00:00"
877152126.316,30240000,14849.482,False,"2027-10-18 17:22:06 UTC","350d, 00:00:00"
877152126.316,30672000,14363.102,False,"2027-10-18 17:22:06 UTC","355d, 00:00:00"
877152126.316,31104000,13892.517,False,"2027-10-18 17:22:06 UTC","360d, 00:00:00"
877152126.316,31536000,13437.94,False,"2027-10-18 17:22:06 UTC","365d, 00:00:00"
877152126.316,31968000,12999.561,False,"2027-10-18 17:22:06 UTC","370d, 00:00:00"
877152126.316,32400000,12577.557,False,"2027-10-18 17:22:06 UTC","375d, 00:00:00"
877152126.316,32832000,12172.118,False,"2027-10-18 17:22:06 UTC","380d, 00:00:00"
877152126.316,33264000,11783.482,False,"2027-10-18 17:22:06 UTC","385d, 00:00:00"
877152126.316,33696000,11412.028,False,"2027-10-18 17:22:06 UTC","390d, 00:00:00"
877152126.316,34128000,11058.486,False,"2027-10-18 17:22:06 UTC","395d, 00:00:00"
877152126.316,34560000,10724.484,False,"2027-10-18 17:22:06 UTC","400d, 00:00:00"
877152126.316,34992000,10414.221,False,"2027-10-18 17:22:06 UTC","405d, 00:00:00"
877152126.316,35424000,10140.641,False,"2027-10-18 17:22:06 UTC","410d, 00:00:00"
877152126.316,35856000,9956.712,False,"2027-10-18 17:22:06 UTC","415d, 00:00:00"
877152126.316,36288000,10235.524,False,"2027-10-18 17:22:06 UTC","420d, 00:00:00"
877152126.316,36720000,22239.403,False,"2027-10-18 17:22:06 UTC","425d, 00:00:00"
877152126.316,37152000,11063.066,True,"2027-10-18 17:22:06 UTC","430d, 00:00:00"
877152126.316,37584000,9410.116,True,"2027-10-18 17:22:06 UTC","435d, 00:00:00"
877152126.316,38016000,8920.412,True,"2027-10-18 17:22:06 UTC","440d, 00:00:00"
877152126.316,38448000,8624.756,True,"2027-10-18 17:22:06 UTC","445d, 00:00:00"
877152126.316,38880000,8399.163,True,"2027-10-18 17:22:06 UTC","450d, 00:00:00"
877152126.316,39312000,8212.282,True,"2027-10-18 17:22:06 UTC","455d, 00:00:00"
877152126.316,39744000,8053.17,True,"2027-10-18 17:22:06 UTC","460d, 00:00:00"
877152126.316,40176000,7917.282,True,"2027-10-18 17:22:06 UTC","465d, 00:00:00"
877152126.316,40608000,7802.598,True,"2027-10-18 17:22:06 UTC","470d, 00:00:00"
877152126.316,41040000,7708.294,True,"2027-10-18 17:22:06 UTC","475d, 00:00:00"
877152126.316,41472000,7634.219,True,"2027-10-18 17:22:06 UTC","480d, 00:00:00"
877152126.316,41904000,7580.678,True,"2027-10-18 17:22:06 UTC","485d, 00:00:00"
877152126.316,42336000,7548.342,True,"2027-10-18 17:22:06 UTC","490d, 00:00:00"
877152126.316,42768000,7538.229,True,"2027-10-18 17:22:06 UTC","495d, 00:00:00"
877152126.316,43200000,7551.719,True,"2027-10-18 17:22:06 UTC","500d, 00:00:00"
878572042.105,10368000,18636.223,True,"2027-11-04 03:47:22 UTC","120d, 00:00:00"
878572042.105,10800000,17189.867,True,"2027-11-04 03:47:22 UTC","125d, 00:00:00"
878572042.105,11232000,15863.061,True,"2027-11-04 03:47:22 UTC","130d, 00:00:00"
878572042.105,11664000,14646.646,True,"2027-11-04 03:47:22 UTC","135d, 00:00:00"
878572042.105,12096000,13533.917,True,"2027-11-04 03:47:22 UTC","140d, 00:00:00"
878572042.105,12528000,12520.555,True,"2027-11-04 03:47:22 UTC","145d, 00:00:00"
878572042.105,12960000,11604.65,True,"2027-11-04 03:47:22 UTC","150d, 00:00:00"
878572042.105,13392000,10786.85,True,"2027-11-04 03:47:22 UTC","155d, 00:00:00"
878572042.105,13824000,10070.581,True,"2027-11-04 03:47:22 UTC","160d, 00:00:00"
878572042.105,14256000,9462.371,True,"2027-11-04 03:47:22 UTC","165d, 00:00:00"
878572042.105,14688000,8972.197,True,"2027-11-04 03:47:22 UTC","170d, 00:00:00"
878572042.105,15120000,8613.859,True,"2027-11-04 03:47:22 UTC","175d, 00:00:00"
878572042.105,15552000,8405.292,True,"2027-11-04 03:47:22 UTC","180d, 00:00:00"
878572042.105,15984000,8368.837,True,"2027-11-04 03:47:22 UTC","185d, 00:00:00"
878572042.105,16416000,8531.56,True,"2027-11-04 03:47:22 UTC","190d, 00:00:00"
878572042.105,16848000,8925.886,True,"2027-11-04 03:47:22 UTC","195d, 00:00:00"
878572042.105,17280000,9590.989,True,"2027-11-04 03:47:22 UTC","200d, 00:00:00"
878572042.105,17712000,10575.131,True,"2027-11-04 03:47:22 UTC","205d, 00:00:00"
878572042.105,18144000,11938.259,True,"2027-11-04 03:47:22 UTC","210d, 00:00:00"
878572042.105,18576000,13751.623,True,"2027-11-04 03:47:22 UTC","215d, 00:00:00"
878572042.105,19008000,16085.814,True,"2027-11-04 03:47:22 UTC","220d, 00:00:00"
878572042.105,19440000,18971.014,True,"2027-11-04 03:47:22 UTC","225d, 00:00:00"
878572042.105,19872000,22317.965,True,"2027-11-04 03:47:22 UTC","230d, 00:00:00"
878572042.105,20304000,25845.716,True,"2027-11-04 03:47:22 UTC","235d, 00:00:00"
878572042.105,20736000,27983.514,False,"2027-11-04 03:47:22 UTC","240d, 00:00:00"
878572042.105,21168000,27252.479,False,"2027-11-04 03:47:22 UTC","245d, 00:00:00"
878572042.105,21600000,26527.041,False,"2027-11-04 03:47:22 UTC","250d, 00:00:00"
878572042.105,22032000,25807.821,False,"2027-11-04 03:47:22 UTC","255d, 00:00:00"
878572042.105,22464000,25095.458,False,"2027-11-04 03:47:22 UTC","260d, 00:00:00"
878572042.105,22896000,24390.597,False,"2027-11-04 03:47:22 UTC","265d, 00:00:00"
878572042.105,23328000,23693.887,False,"2027-11-04 03:47:22 UTC","270d, 00:00:00"
878572042.105,23760000,23005.974,False,"2027-11-04 03:47:22 UTC","275d, 00:00:00"
878572042.105,24192000,22327.5,False,"2027-11-04 03:47:22 UTC","280d, 00:00:00"
878572042.105,24624000,21659.095,False,"2027-11-04 03:47:22 UTC","285d, 00:00:00"
878572042.105,25056000,21001.376,False,"2027-11-04 03:47:22 UTC","290d, 00:00:00"
878572042.105,25488000,20354.941,False,"2027-11-04 03:47:22 UTC","295d, 00:00:00"
878572042.105,25920000,19720.369,False,"2027-11-04 03:47:22 UTC","300d, 00:00:00"
878572042.105,26352000,19098.215,False,"2027-11-04 03:47:22 UTC","305d, 00:00:00"
878572042.105,26784000,18489.007,False,"2027-11-04 03:47:22 UTC","310d, 00:00:00"
878572042.105,27216000,17893.246,False,"2027-11-04 03:47:22 UTC","315d, 00:00:00"
878572042.105,27648000,17311.402,False,"2027-11-04 03:47:22 UTC","320d, 00:00:00"
878572042.105,28080000,16743.915,False,"2027-11-04 03:47:22 UTC","325d, 00:00:00"
878572042.105,28512000,16191.19,False,"2027-11-04 03:47:22 UTC","330d, 00:00:00"
878572042.105,28944000,15653.602,False,"2027-11-04 03:47:22 UTC","335d, 00:00:00"
878572042.105,29376000,15131.491,False,"2027-11-04 03:47:22 UTC","340d, 00:00:00"
878572042.105,29808000,14625.166,False,"2027-11-04 03:47:22 UTC","345d, 00:00:00"
878572042.105,30240000,14134.905,False,"2027-11-04 03:47:22 UTC","350d, 00:00:00"
878572042.105,30672000,13660.966,False,"2027-11-04 03:47:22 UTC","355d, 00:00:00"
878572042.105,31104000,13203.585,False,"2027-11-04 03:47:22 UTC","360d, 00:00:00"
878572042.105,31536000,12763,False,"2027-11-04 03:47:22 UTC","365d, 00:00:00"
878572042.105,31968000,12339.474,False,"2027-11-04 03:47:22 UTC","370d, 00:00:00"
878572042.105,32400000,11933.342,False,"2027-11-04 03:47:22 UTC","375d, 00:00:00"
878572042.105,32832000,11545.121,False,"2027-11-04 03:47:22 UTC","380d, 00:00:00"
878572042.105,33264000,11175.727,False,"2027-11-04 03:47:22 UTC","385d, 00:00:00"
878572042.105,33696000,10827.02,False,"2027-11-04 03:47:22 UTC","390d, 00:00:00"
878572042.105,34128000,10503.268,False,"2027-11-04 03:47:22 UTC","395d, 00:00:00"
878572042.105,34560000,10215.832,False,"2027-11-04 03:47:22 UTC","400d, 00:00:00"
878572042.105,34992000,10002.177,False,"2027-11-04 03:47:22 UTC","405d, 00:00:00"
878572042.105,35424000,10038.866,False,"2027-11-04 03:47:22 UTC","410d, 00:00:00"
878572042.105,35856000,12065.471,False,"2027-11-04 03:47:22 UTC","415d, 00:00:00"
878572042.105,36288000,19399.646,True,"2027-11-04 03:47:22 UTC","420d, 00:00:00"
878572042.105,36720000,10220.624,True,"2027-11-04 03:47:22 UTC","425d, 00:00:00"
878572042.105,37152000,9139.953,True,"2027-11-04 03:47:22 UTC","430d, 00:00:00"
878572042.105,37584000,8690.893,True,"2027-11-04 03:47:22 UTC","435d, 00:00:00"
878572042.105,38016000,8397.667,True,"2027-11-04 03:47:22 UTC","440d, 00:00:00"
878572042.105,38448000,8170.116,True,"2027-11-04 03:47:22 UTC","445d, 00:00:00"
878572042.105,38880000,7981.242,True,"2027-11-04 03:47:22 UTC","450d, 00:00:00"
878572042.105,39312000,7820.697,True,"2027-11-04 03:47:22 UTC","455d, 00:00:00"
878572042.105,39744000,7683.914,True,"2027-11-04 03:47:22 UTC","460d, 00:00:00"
878572042.105,40176000,7568.767,True,"2027-11-04 03:47:22 UTC","465d, 00:00:00"
878572042.105,40608000,7474.341,True,"2027-11-04 03:47:22 UTC","470d, 00:00:00"
878572042.105,41040000,7400.421,True,"2027-11-04 03:47:22 UTC","475d, 00:00:00"
878572042.105,41472000,7347.278,True,"2027-11-04 03:47:22 UTC","480d, 00:00:00"
878572042.105,41904000,7315.573,True,"2027-11-04 03:47:22 UTC","485d, 00:00:00"
878572042.105,42336000,7306.336,True,"2027-11-04 03:47:22 UTC","490d, 00:00:00"
878572042.105,42768000,7320.986,True,"2027-11-04 03:47:22 UTC","495d, 00:00:00"
878572042.105,43200000,7361.375,True,"2027-11-04 03:47:22 UTC","500d, 00:00:00"
879991957.895,10368000,18608.429,True,"2027-11-20 14:12:37 UTC","120d, 00:00:00"
879991957.895,10800000,17169.833,True,"2027-11-20 14:12:37 UTC","125d, 00:00:00"
879991957.895,11232000,15852.586,True,"2027-11-20 14:12:37 UTC","130d, 00:00:00"
879991957.895,11664000,14647.991,True,"2027-11-20 14:12:37 UTC","135d, 00:00:00"
879991957.895,12096000,13549.988,True,"2027-11-20 14:12:37 UTC","140d, 00:00:00"
879991957.895,12528000,12555.133,True,"2027-11-20 14:12:37 UTC","145d, 00:00:00"
879991957.895,12960000,11662.697,True,"2027-11-20 14:12:37 UTC","150d, 00:00:00"
879991957.895,13392000,10874.906,True,"2027-11-20 14:12:37 UTC","155d, 00:00:00"
879991957.895,13824000,10197.281,True,"2027-11-20 14:12:37 UTC","160d, 00:00:00"
879991957.895,14256000,9639.095,True,"2027-11-20 14:12:37 UTC","165d, 00:00:00"
879991957.895,14688000,9213.893,True,"2027-11-20 14:12:37 UTC","170d, 00:00:00"
879991957.895,15120000,8940.045,True,"2027-11-20 14:12:37 UTC","175d, 00:00:00"
879991957.895,15552000,8841.297,True,"2027-11-20 14:12:37 UTC","180d, 00:00:00"
879991957.895,15984000,8947.39,True,"2027-11-20 14:12:37 UTC","185d, 00:00:00"
879991957.895,16416000,9294.966,True,"2027-11-20 14:12:37 UTC","190d, 00:00:00"
879991957.895,16848000,9929.176,True,"2027-11-20 14:12:37 UTC","195d, 00:00:00"
879991957.895,17280000,10906.257,True,"2027-11-20 14:12:37 UTC","200d, 00:00:00"
879991957.895,17712000,12296.279,True,"2027-11-20 14:12:37 UTC","205d, 00:00:00"
879991957.895,18144000,14182.024,True,"2027-11-20 14:12:37 UTC","210d, 00:00:00"
879991957.895,18576000,16642.642,True,"2027-11-20 14:12:37 UTC","215d, 00:00:00"
879991957.895,19008000,19700.914,True,"2027-11-20 14:12:37 UTC","220d, 00:00:00"
879991957.895,19440000,23224.336,True,"2027-11-20 14:12:37 UTC","225d, 00:00:00"
879991957.895,19872000,28676.642,False,"2027-11-20 14:12:37 UTC","230d, 00:00:00"
879991957.895,20304000,27922.917,False,"2027-11-20 14:12:37 UTC","235d, 00:00:00"
879991957.895,20736000,27174.983,False,"2027-11-20 14:12:37 UTC","240d, 00:00:00"
879991957.895,21168000,26433.397,False,"2027-11-20 14:12:37 UTC","245d, 00:00:00"
879991957.895,21600000,25698.745,False,"2027-11-20 14:12:37 UTC","250d, 00:00:00"
879991957.895,22032000,24971.633,False,"2027-11-20 14:12:37 UTC","255d, 00:00:00"
879991957.895,22464000,24252.681,False,"2027-11-20 14:12:37 UTC","260d, 00:00:00"
879991957.895,22896000,23542.517,False,"2027-11-20 14:12:37 UTC","265d, 00:00:00"
879991957.895,23328000,22841.772,False,"2027-11-20 14:12:37 UTC","270d, 00:00:00"
879991957.895,23760000,22151.074,False,"2027-11-20 14:12:37 UTC","275d, 00:00:00"
879991957.895,24192000,21471.046,False,"2027-11-20 14:12:37 UTC","280d, 00:00:00"
879991957.895,24624000,20802.295,False,"2027-11-20 14:12:37 UTC","285d, 00:00:00"
879991957.895,25056000,20145.417,False,"2027-11-20 14:12:37 UTC","290d, 00:00:00"
879991957.895,25488000,19500.986,False,"2027-11-20 14:12:37 UTC","295d, 00:00:00"
879991957.895,25920000,18869.557,False,"2027-11-20 14:12:37 UTC","300d, 00:00:00"
879991957.895,26352000,18251.657,False,"2027-11-20 14:12:37 UTC","305d, 00:00:00"
879991957.895,26784000,17647.787,False,"2027-11-20 14:12:37 UTC","310d, 00:00:00"
879991957.895,27216000,17058.418,False,"2027-11-20 14:12:37 UTC","315d, 00:00:00"
879991957.895,27648000,16483.992,False,"2027-11-20 14:12:37 UTC","320d, 00:00:00"
879991957.895,28080000,15924.918,False,"2027-11-20 14:12:37 UTC","325d, 00:00:00"
879991957.895,28512000,15381.573,False,"2027-11-20 14:12:37 UTC","330d, 00:00:00"
879991957.895,28944000,14854.305,False,"2027-11-20 14:12:37 UTC","335d, 00:00:00"
879991957.895,29376000,14343.435,False,"2027-11-20 14:12:37 UTC","340d, 00:00:00"
879991957.895,29808000,13849.26,False,"2027-11-20 14:12:37 UTC","345d, 00:00:00"
879991957.895,30240000,13372.068,False,"2027-11-20 14:12:37 UTC","350d, 00:00:00"
879991957.895,30672000,12912.147,False,"2027-11-20 14:12:37 UTC","355d, 00:00:00"
879991957.895,31104000,12469.821,False,"2027-11-20 14:12:37 UTC","360d, 00:00:00"
879991957.895,31536000,12045.497,False,"2027-11-20 14:12:37 UTC","365d, 00:00:00"
879991957.895,31968000,11639.773,False,"2027-11-20 14:12:37 UTC","370d, 00:00:00"
879991957.895,32400000,11253.645,False,"2027-11-20 14:12:37 UTC","375d, 00:00:00"
879991957.895,32832000,10888.976,False,"2027-11-20 14:12:37 UTC","380d, 00:00:00"
879991957.895,33264000,10549.664,False,"2027-11-20 14:12:37 UTC","385d, 00:00:00"
879991957.895,33696000,10244.929,False,"2027-11-20 14:12:37 UTC","390d, 00:00:00"
879991957.895,34128000,10000.515,False,"2027-11-20 14:12:37 UTC","395d, 00:00:00"
879991957.895,34560000,9908.82,False,"2027-11-20 14:12:37 UTC","400d, 00:00:00"
879991957.895,34992000,10484.205,False,"2027-11-20 14:12:37 UTC","405d, 00:00:00"
879991957.895,35424000,18998.014,False,"2027-11-20 14:12:37 UTC","410d, 00:00:00"
879991957.895,35856000,13398.643,True,"2027-11-20 14:12:37 UTC","415d, 00:00:00"
879991957.895,36288000,9660.132,True,"2027-11-20 14:12:37 UTC","420d, 00:00:00"
879991957.895,36720000,8813.319,True,"2027-11-20 14:12:37 UTC","425d, 00:00:00"
879991957.895,37152000,8392.197,True,"2027-11-20 14:12:37 UTC","430d, 00:00:00"
879991957.895,37584000,8102.876,True,"2027-11-20 14:12:37 UTC","435d, 00:00:00"
879991957.895,38016000,7875.285,True,"2027-11-20 14:12:37 UTC","440d, 00:00:00"
879991957.895,38448000,7685.867,True,"2027-11-20 14:12:37 UTC","445d, 00:00:00"
879991957.895,38880000,7524.947,True,"2027-11-20 14:12:37 UTC","450d, 00:00:00"
879991957.895,39312000,7388.053,True,"2027-11-20 14:12:37 UTC","455d, 00:00:00"
879991957.895,39744000,7273.031,True,"2027-11-20 14:12:37 UTC","460d, 00:00:00"
879991957.895,40176000,7178.916,True,"2027-11-20 14:12:37 UTC","465d, 00:00:00"
879991957.895,40608000,7105.454,True,"2027-11-20 14:12:37 UTC","470d, 00:00:00"
879991957.895,41040000,7052.891,True,"2027-11-20 14:12:37 UTC","475d, 00:00:00"
879991957.895,41472000,7021.878,True,"2027-11-20 14:12:37 UTC","480d, 00:00:00"
879991957.895,41904000,7013.456,True,"2027-11-20 14:12:37 UTC","485d, 00:00:00"
879991957.895,42336000,7029.068,True,"2027-11-20 14:12:37 UTC","490d, 00:00:00"
879991957.895,42768000,7070.616,True,"2027-11-20 14:12:37 UTC","495d, 00:00:00"
879991957.895,43200000,7140.545,True,"2027-11-20 14:12:37 UTC","500d, 00:00:00"
881411873.684,10368000,18651.889,True,"2027-12-07 00:37:53 UTC","120d, 00:00:00"
881411873.684,10800000,17219.335,True,"2027-12-07 00:37:53 UTC","125d, 00:00:00"
881411873.684,11232000,15909.821,True,"2027-12-07 00:37:53 UTC","130d, 00:00:00"
881411873.684,11664000,14715.216,True,"2027-12-07 00:37:53 UTC","135d, 00:00:00"
881411873.684,12096000,13630.237,True,"2027-12-07 00:37:53 UTC","140d, 00:00:00"
881411873.684,12528000,12652.507,True,"2027-12-07 00:37:53 UTC","145d, 00:00:00"
881411873.684,12960000,11782.762,True,"2027-12-07 00:37:53 UTC","150d, 00:00:00"
881411873.684,13392000,11025.214,True,"2027-12-07 00:37:53 UTC","155d, 00:00:00"
881411873.684,13824000,10388.078,True,"2027-12-07 00:37:53 UTC","160d, 00:00:00"
881411873.684,14256000,9884.242,True,"2027-12-07 00:37:53 UTC","165d, 00:00:00"
881411873.684,14688000,9532.061,True,"2027-12-07 00:37:53 UTC","170d, 00:00:00"
881411873.684,15120000,9356.237,True,"2027-12-07 00:37:53 UTC","175d, 00:00:00"
881411873.684,15552000,9388.824,True,"2027-12-07 00:37:53 UTC","180d, 00:00:00"
881411873.684,15984000,9670.502,True,"2027-12-07 00:37:53 UTC","185d, 00:00:00"
881411873.684,16416000,10252.482,True,"2027-12-07 00:37:53 UTC","190d, 00:00:00"
881411873.684,16848000,11199.325,True,"2027-12-07 00:37:53 UTC","195d, 00:00:00"
881411873.684,17280000,12591.788,True,"2027-12-07 00:37:53 UTC","200d, 00:00:00"
881411873.684,17712000,14524.843,True,"2027-12-07 00:37:53 UTC","205d, 00:00:00"
881411873.684,18144000,17086.526,True,"2027-12-07 00:37:53 UTC","210d, 00:00:00"
881411873.684,18576000,20291.047,True,"2027-12-07 00:37:53 UTC","215d, 00:00:00"
881411873.684,19008000,23960.181,True,"2027-12-07 00:37:53 UTC","220d, 00:00:00"
881411873.684,19440000,28580.402,False,"2027-12-07 00:37:53 UTC","225d, 00:00:00"
881411873.684,19872000,27807.412,False,"2027-12-07 00:37:53 UTC","230d, 00:00:00"
881411873.684,20304000,27041.09,False,"2027-12-07 00:37:53 UTC","235d, 00:00:00"
881411873.684,20736000,26281.948,False,"2027-12-07 00:37:53 UTC","240d, 00:00:00"
881411873.684,21168000,25530.533,False,"2027-12-07 00:37:53 UTC","245d, 00:00:00"
881411873.684,21600000,24787.419,False,"2027-12-07 00:37:53 UTC","250d, 00:00:00"
881411873.684,22032000,24053.202,False,"2027-12-07 00:37:53 UTC","255d, 00:00:00"
881411873.684,22464000,23328.493,False,"2027-12-07 00:37:53 UTC","260d, 00:00:00"
881411873.684,22896000,22613.906,False,"2027-12-07 00:37:53 UTC","265d, 00:00:00"
881411873.684,23328000,21910.06,False,"2027-12-07 00:37:53 UTC","270d, 00:00:00"
881411873.684,23760000,21217.569,False,"2027-12-07 00:37:53 UTC","275d, 00:00:00"
881411873.684,24192000,20537.038,False,"2027-12-07 00:37:53 UTC","280d, 00:00:00"
881411873.684,24624000,19869.059,False,"2027-12-07 00:37:53 UTC","285d, 00:00:00"
881411873.684,25056000,19214.207,False,"2027-12-07 00:37:53 UTC","290d, 00:00:00"
881411873.684,25488000,18573.036,False,"2027-12-07 00:37:53 UTC","295d, 00:00:00"
881411873.684,25920000,17946.075,False,"2027-12-07 00:37:53 UTC","300d, 00:00:00"
881411873.684,26352000,17333.828,False,"2027-12-07 00:37:53 UTC","305d, 00:00:00"
881411873.684,26784000,16736.77,False,"2027-12-07 00:37:53 UTC","310d, 00:00:00"
881411873.684,27216000,16155.345,False,"2027-12-07 00:37:53 UTC","315d, 00:00:00"
881411873.684,27648000,15589.969,False,"2027-12-07 00:37:53 UTC","320d, 00:00:00"
881411873.684,28080000,15041.027,False,"2027-12-07 00:37:53 UTC","325d, 00:00:00"
881411873.684,28512000,14508.88,False,"2027-12-07 00:37:53 UTC","330d, 00:00:00"
881411873.684,28944000,13993.866,False,"2027-12-07 00:37:53 UTC","335d, 00:00:00"
881411873.684,29376000,13496.313,False,"2027-12-07 00:37:53 UTC","340d, 00:00:00"
881411873.684,29808000,13016.554,False,"2027-12-07 00:37:53 UTC","345d, 00:00:00"
881411873.684,30240000,12554.956,False,"2027-12-07 00:37:53 UTC","350d, 00:00:00"
881411873.684,30672000,12111.971,False,"2027-12-07 00:37:53 UTC","355d, 00:00:00"
881411873.684,31104000,11688.224,False,"2027-12-07 00:37:53 UTC","360d, 00:00:00"
881411873.684,31536000,11284.702,False,"2027-12-07 00:37:53 UTC","365d, 00:00:00"
881411873.684,31968000,10903.124,False,"2027-12-07 00:37:53 UTC","370d, 00:00:00"
881411873.684,32400000,10546.813,False,"2027-12-07 00:37:53 UTC","375d, 00:00:00"
881411873.684,32832000,10222.887,False,"2027-12-07 00:37:53 UTC","380d, 00:00:00"
881411873.684,33264000,9948.762,False,"2027-12-07 00:37:53 UTC","385d, 00:00:00"
881411873.684,33696000,9775.677,False,"2027-12-07 00:37:53 UTC","390d, 00:00:00"
881411873.684,34128000,9905.128,False,"2027-12-07 00:37:53 UTC","395d, 00:00:00"
881411873.684,34560000,11674.766,False,"2027-12-07 00:37:53 UTC","400d, 00:00:00"
881411873.684,34992000,32803.814,True,"2027-12-07 00:37:53 UTC","405d, 00:00:00"
881411873.684,35424000,11400.206,True,"2027-12-07 00:37:53 UTC","410d, 00:00:00"
881411873.684,35856000,9139.32,True,"2027-12-07 00:37:53 UTC","415d, 00:00:00"
881411873.684,36288000,8421.443,True,"2027-12-07 00:37:53 UTC","420d, 00:00:00"
881411873.684,36720000,8023.307,True,"2027-12-07 00:37:53 UTC","425d, 00:00:00"
881411873.684,37152000,7739.983,True,"2027-12-07 00:37:53 UTC","430d, 00:00:00"
881411873.684,37584000,7514.701,True,"2027-12-07 00:37:53 UTC","435d, 00:00:00"
881411873.684,38016000,7326.73,True,"2027-12-07 00:37:53 UTC","440d, 00:00:00"
881411873.684,38448000,7167.098,True,"2027-12-07 00:37:53 UTC","445d, 00:00:00"
881411873.684,38880000,7031.511,True,"2027-12-07 00:37:53 UTC","450d, 00:00:00"
881411873.684,39312000,6917.844,True,"2027-12-07 00:37:53 UTC","455d, 00:00:00"
881411873.684,39744000,6825.119,True,"2027-12-07 00:37:53 UTC","460d, 00:00:00"
881411873.684,40176000,6753.066,True,"2027-12-07 00:37:53 UTC","465d, 00:00:00"
881411873.684,40608000,6701.914,True,"2027-12-07 00:37:53 UTC","470d, 00:00:00"
881411873.684,41040000,6672.309,True,"2027-12-07 00:37:53 UTC","475d, 00:00:00"
881411873.684,41472000,6665.294,True,"2027-12-07 00:37:53 UTC","480d, 00:00:00"
881411873.684,41904000,6682.333,True,"2027-12-07 00:37:53 UTC","485d, 00:00:00"
881411873.684,42336000,6725.361,True,"2027-12-07 00:37:53 UTC","490d, 00:00:00"
881411873.684,42768000,6796.88,True,"2027-12-07 00:37:53 UTC","495d, 00:00:00"
881411873.684,43200000,6900.077,True,"2027-12-07 00:37:53 UTC","500d, 00:00:00"
882831789.474,10368000,18760.563,True,"2027-12-23 11:03:09 UTC","120d, 00:00:00"
882831789.474,10800000,17331.048,True,"2027-12-23 11:03:09 UTC","125d, 00:00:00"
882831789.474,11232000,16026.323,True,"2027-12-23 11:03:09 UTC","130d, 00:00:00"
882831789.474,11664000,14838.944,True,"2027-12-23 11:03:09 UTC","135d, 00:00:00"
882831789.474,12096000,13764.593,True,"2027-12-23 11:03:09 UTC","140d, 00:00:00"
882831789.474,12528000,12802.236,True,"2027-12-23 11:03:09 UTC","145d, 00:00:00"
882831789.474,12960000,11954.483,True,"2027-12-23 11:03:09 UTC","150d, 00:00:00"
882831789.474,13392000,11228.154,True,"2027-12-23 11:03:09 UTC","155d, 00:00:00"
882831789.474,13824000,10635.07,True,"2027-12-23 11:03:09 UTC","160d, 00:00:00"
882831789.474,14256000,10193.076,True,"2027-12-23 11:03:09 UTC","165d, 00:00:00"
882831789.474,14688000,9927.266,True,"2027-12-23 11:03:09 UTC","170d, 00:00:00"
882831789.474,15120000,9871.431,True,"2027-12-23 11:03:09 UTC","175d, 00:00:00"
882831789.474,15552000,10069.821,True,"2027-12-23 11:03:09 UTC","180d, 00:00:00"
882831789.474,15984000,10579.455,True,"2027-12-23 11:03:09 UTC","185d, 00:00:00"
882831789.474,16416000,11473.204,True,"2027-12-23 11:03:09 UTC","190d, 00:00:00"
882831789.474,16848000,12842.644,True,"2027-12-23 11:03:09 UTC","195d, 00:00:00"
882831789.474,17280000,14795.025,True,"2027-12-23 11:03:09 UTC","200d, 00:00:00"
882831789.474,17712000,17427.01,True,"2027-12-23 11:03:09 UTC","205d, 00:00:00"
882831789.474,18144000,20743.36,True,"2027-12-23 11:03:09 UTC","210d, 00:00:00"
882831789.474,18576000,24520.673,True,"2027-12-23 11:03:09 UTC","215d, 00:00:00"
882831789.474,19008000,28412.978,False,"2027-12-23 11:03:09 UTC","220d, 00:00:00"
882831789.474,19440000,27619.269,False,"2027-12-23 11:03:09 UTC","225d, 00:00:00"
882831789.474,19872000,26833.228,False,"2027-12-23 11:03:09 UTC","230d, 00:00:00"
882831789.474,20304000,26055.315,False,"2027-12-23 11:03:09 UTC","235d, 00:00:00"
882831789.474,20736000,25286.036,False,"2027-12-23 11:03:09 UTC","240d, 00:00:00"
882831789.474,21168000,24525.935,False,"2027-12-23 11:03:09 UTC","245d, 00:00:00"
882831789.474,21600000,23775.582,False,"2027-12-23 11:03:09 UTC","250d, 00:00:00"
882831789.474,22032000,23035.566,False,"2027-12-23 11:03:09 UTC","255d, 00:00:00"
882831789.474,22464000,22306.49,False,"2027-12-23 11:03:09 UTC","260d, 00:00:00"
882831789.474,22896000,21588.962,False,"2027-12-23 11:03:09 UTC","265d, 00:00:00"
882831789.474,23328000,20883.59,False,"2027-12-23 11:03:09 UTC","270d, 00:00:00"
882831789.474,23760000,20190.976,False,"2027-12-23 11:03:09 UTC","275d, 00:00:00"
882831789.474,24192000,19511.709,False,"2027-12-23 11:03:09 UTC","280d, 00:00:00"
882831789.474,24624000,18846.365,False,"2027-12-23 11:03:09 UTC","285d, 00:00:00"
882831789.474,25056000,18195.5,False,"2027-12-23 11:03:09 UTC","290d, 00:00:00"
882831789.474,25488000,17559.644,False,"2027-12-23 11:03:09 UTC","295d, 00:00:00"
882831789.474,25920000,16939.305,False,"2027-12-23 11:03:09 UTC","300d, 00:00:00"
882831789.474,26352000,16334.96,False,"2027-12-23 11:03:09 UTC","305d, 00:00:00"
882831789.474,26784000,15747.06,False,"2027-12-23 11:03:09 UTC","310d, 00:00:00"
882831789.474,27216000,15176.026,False,"2027-12-23 11:03:09 UTC","315d, 00:00:00"
882831789.474,27648000,14622.253,False,"2027-12-23 11:03:09 UTC","320d, 00:00:00"
882831789.474,28080000,14086.117,False,"2027-12-23 11:03:09 UTC","325d, 00:00:00"
882831789.474,28512000,13567.979,False,"2027-12-23 11:03:09 UTC","330d, 00:00:00"
882831789.474,28944000,13068.205,False,"2027-12-23 11:03:09 UTC","335d, 00:00:00"
882831789.474,29376000,12587.19,False,"2027-12-23 11:03:09 UTC","340d, 00:00:00"
882831789.474,29808000,12125.399,False,"2027-12-23 11:03:09 UTC","345d, 00:00:00"
882831789.474,30240000,11683.45,False,"2027-12-23 11:03:09 UTC","350d, 00:00:00"
882831789.474,30672000,11262.258,False,"2027-12-23 11:03:09 UTC","355d, 00:00:00"
882831789.474,31104000,10863.322,False,"2027-12-23 11:03:09 UTC","360d, 00:00:00"
882831789.474,31536000,10489.337,False,"2027-12-23 11:03:09 UTC","365d, 00:00:00"
882831789.474,31968000,10145.618,False,"2027-12-23 11:03:09 UTC","370d, 00:00:00"
882831789.474,32400000,9843.838,False,"2027-12-23 11:03:09 UTC","375d, 00:00:00"
882831789.474,32832000,9613.515,False,"2027-12-23 11:03:09 UTC","380d, 00:00:00"
882831789.474,33264000,9546.23,False,"2027-12-23 11:03:09 UTC","385d, 00:00:00"
882831789.474,33696000,10036.787,False,"2027-12-23 11:03:09 UTC","390d, 00:00:00"
882831789.474,34128000,14216.631,False,"2027-12-23 11:03:09 UTC","395d, 00:00:00"
882831789.474,34560000,20698.872,True,"2027-12-23 11:03:09 UTC","400d, 00:00:00"
882831789.474,34992000,10217.955,True,"2027-12-23 11:03:09 UTC","405d, 00:00:00"
882831789.474,35424000,8592.479,True,"2027-12-23 11:03:09 UTC","410d, 00:00:00"
882831789.474,35856000,7962.191,True,"2027-12-23 11:03:09 UTC","415d, 00:00:00"
882831789.474,36288000,7586.434,True,"2027-12-23 11:03:09 UTC","420d, 00:00:00"
882831789.474,36720000,7312.112,True,"2027-12-23 11:03:09 UTC","425d, 00:00:00"
882831789.474,37152000,7092.155,True,"2027-12-23 11:03:09 UTC","430d, 00:00:00"
882831789.474,37584000,6908.291,True,"2027-12-23 11:03:09 UTC","435d, 00:00:00"
882831789.474,38016000,6752.297,True,"2027-12-23 11:03:09 UTC","440d, 00:00:00"
882831789.474,38448000,6620.125,True,"2027-12-23 11:03:09 UTC","445d, 00:00:00"
882831789.474,38880000,6509.733,True,"2027-12-23 11:03:09 UTC","450d, 00:00:00"
882831789.474,39312000,6420.17,True,"2027-12-23 11:03:09 UTC","455d, 00:00:00"
882831789.474,39744000,6351.164,True,"2027-12-23 11:03:09 UTC","460d, 00:00:00"
882831789.474,40176000,6302.943,True,"2027-12-23 11:03:09 UTC","465d, 00:00:00"
882831789.474,40608000,6276.151,True,"2027-12-23 11:03:09 UTC","470d, 00:00:00"
882831789.474,41040000,6271.833,True,"2027-12-23 11:03:09 UTC","475d, 00:00:00"
882831789.474,41472000,6291.463,True,"2027-12-23 11:03:09 UTC","480d, 00:00:00"
882831789.474,41904000,6337.004,True,"2027-12-23 11:03:09 UTC","485d, 00:00:00"
882831789.474,42336000,6410.995,True,"2027-12-23 11:03:09 UTC","490d, 00:00:00"
882831789.474,42768000,6516.692,True,"2027-12-23 11:03:09 UTC","495d, 00:00:00"
882831789.474,43200000,6658.241,True,"2027-12-23 11:03:09 UTC","500d, 00:00:00"
884251705.263,10368000,18922.076,True,"2028-01-08 21:28:25 UTC","120d, 00:00:00"
884251705.263,10800000,17491.846,True,"2028-01-08 21:28:25 UTC","125d, 00:00:00"
884251705.263,11232000,16188.425,True,"2028-01-08 21:28:25 UTC","130d, 00:00:00"
884251705.263,11664000,15005.241,True,"2028-01-08 21:28:25 UTC","135d, 00:00:00"
884251705.263,12096000,13939.213,True,"2028-01-08 21:28:25 UTC","140d, 00:00:00"
884251705.263,12528000,12991.076,True,"2028-01-08 21:28:25 UTC","145d, 00:00:00"
884251705.263,12960000,12165.952,True,"2028-01-08 21:28:25 UTC","150d, 00:00:00"
884251705.263,13392000,11474.229,True,"2028-01-08 21:28:25 UTC","155d, 00:00:00"
884251705.263,13824000,10932.768,True,"2028-01-08 21:28:25 UTC","160d, 00:00:00"
884251705.263,14256000,10566.457,True,"2028-01-08 21:28:25 UTC","165d, 00:00:00"
884251705.263,14688000,10410.142,True,"2028-01-08 21:28:25 UTC","170d, 00:00:00"
884251705.263,15120000,10510.952,True,"2028-01-08 21:28:25 UTC","175d, 00:00:00"
884251705.263,15552000,10931.143,True,"2028-01-08 21:28:25 UTC","180d, 00:00:00"
884251705.263,15984000,11751.503,True,"2028-01-08 21:28:25 UTC","185d, 00:00:00"
884251705.263,16416000,13074.066,True,"2028-01-08 21:28:25 UTC","190d, 00:00:00"
884251705.263,16848000,15017.697,True,"2028-01-08 21:28:25 UTC","195d, 00:00:00"
884251705.263,17280000,17686.401,True,"2028-01-08 21:28:25 UTC","200d, 00:00:00"
884251705.263,17712000,21074.232,True,"2028-01-08 21:28:25 UTC","205d, 00:00:00"
884251705.263,18144000,24915.669,True,"2028-01-08 21:28:25 UTC","210d, 00:00:00"
884251705.263,18576000,28157.633,False,"2028-01-08 21:28:25 UTC","215d, 00:00:00"
884251705.263,19008000,27341.939,False,"2028-01-08 21:28:25 UTC","220d, 00:00:00"
884251705.263,19440000,26535.077,False,"2028-01-08 21:28:25 UTC","225d, 00:00:00"
884251705.263,19872000,25737.451,False,"2028-01-08 21:28:25 UTC","230d, 00:00:00"
884251705.263,20304000,24949.522,False,"2028-01-08 21:28:25 UTC","235d, 00:00:00"
884251705.263,20736000,24171.797,False,"2028-01-08 21:28:25 UTC","240d, 00:00:00"
884251705.263,21168000,23404.818,False,"2028-01-08 21:28:25 UTC","245d, 00:00:00"
884251705.263,21600000,22649.154,False,"2028-01-08 21:28:25 UTC","250d, 00:00:00"
884251705.263,22032000,21905.391,False,"2028-01-08 21:28:25 UTC","255d, 00:00:00"
884251705.263,22464000,21174.128,False,"2028-01-08 21:28:25 UTC","260d, 00:00:00"
884251705.263,22896000,20455.964,False,"2028-01-08 21:28:25 UTC","265d, 00:00:00"
884251705.263,23328000,19751.496,False,"2028-01-08 21:28:25 UTC","270d, 00:00:00"
884251705.263,23760000,19061.312,False,"2028-01-08 21:28:25 UTC","275d, 00:00:00"
884251705.263,24192000,18385.986,False,"2028-01-08 21:28:25 UTC","280d, 00:00:00"
884251705.263,24624000,17726.072,False,"2028-01-08 21:28:25 UTC","285d, 00:00:00"
884251705.263,25056000,17082.102,False,"2028-01-08 21:28:25 UTC","290d, 00:00:00"
884251705.263,25488000,16454.585,False,"2028-01-08 21:28:25 UTC","295d, 00:00:00"
884251705.263,25920000,15843.999,False,"2028-01-08 21:28:25 UTC","300d, 00:00:00"
884251705.263,26352000,15250.796,False,"2028-01-08 21:28:25 UTC","305d, 00:00:00"
884251705.263,26784000,14675.404,False,"2028-01-08 21:28:25 UTC","310d, 00:00:00"
884251705.263,27216000,14118.225,False,"2028-01-08 21:28:25 UTC","315d, 00:00:00"
884251705.263,27648000,13579.648,False,"2028-01-08 21:28:25 UTC","320d, 00:00:00"
884251705.263,28080000,13060.06,False,"2028-01-08 21:28:25 UTC","325d, 00:00:00"
884251705.263,28512000,12559.866,False,"2028-01-08 21:28:25 UTC","330d, 00:00:00"
884251705.263,28944000,12079.528,False,"2028-01-08 21:28:25 UTC","335d, 00:00:00"
884251705.263,29376000,11619.626,False,"2028-01-08 21:28:25 UTC","340d, 00:00:00"
884251705.263,29808000,11180.971,False,"2028-01-08 21:28:25 UTC","345d, 00:00:00"
884251705.263,30240000,10764.814,False,"2028-01-08 21:28:25 UTC","350d, 00:00:00"
884251705.263,30672000,10373.263,False,"2028-01-08 21:28:25 UTC","355d, 00:00:00"
884251705.263,31104000,10010.189,False,"2028-01-08 21:28:25 UTC","360d, 00:00:00"
884251705.263,31536000,9683.366,False,"2028-01-08 21:28:25 UTC","365d, 00:00:00"
884251705.263,31968000,9410.25,False,"2028-01-08 21:28:25 UTC","370d, 00:00:00"
884251705.263,32400000,9236.428,False,"2028-01-08 21:28:25 UTC","375d, 00:00:00"
884251705.263,32832000,9310.892,False,"2028-01-08 21:28:25 UTC","380d, 00:00:00"
884251705.263,33264000,10337.252,False,"2028-01-08 21:28:25 UTC","385d, 00:00:00"
884251705.263,33696000,18995.34,False,"2028-01-08 21:28:25 UTC","390d, 00:00:00"
884251705.263,34128000,15149.883,True,"2028-01-08 21:28:25 UTC","395d, 00:00:00"
884251705.263,34560000,9264.472,True,"2028-01-08 21:28:25 UTC","400d, 00:00:00"
884251705.263,34992000,7998.403,True,"2028-01-08 21:28:25 UTC","405d, 00:00:00"
884251705.263,35424000,7438.936,True,"2028-01-08 21:28:25 UTC","410d, 00:00:00"
884251705.263,35856000,7087.82,True,"2028-01-08 21:28:25 UTC","415d, 00:00:00"
884251705.263,36288000,6826.473,True,"2028-01-08 21:28:25 UTC","420d, 00:00:00"
884251705.263,36720000,6615.586,True,"2028-01-08 21:28:25 UTC","425d, 00:00:00"
884251705.263,37152000,6439.183,True,"2028-01-08 21:28:25 UTC","430d, 00:00:00"
884251705.263,37584000,6289.851,True,"2028-01-08 21:28:25 UTC","435d, 00:00:00"
884251705.263,38016000,6163.868,True,"2028-01-08 21:28:25 UTC","440d, 00:00:00"
884251705.263,38448000,6059.33,True,"2028-01-08 21:28:25 UTC","445d, 00:00:00"
884251705.263,38880000,5975.345,True,"2028-01-08 21:28:25 UTC","450d, 00:00:00"
884251705.263,39312000,5911.668,True,"2028-01-08 21:28:25 UTC","455d, 00:00:00"
884251705.263,39744000,5868.536,True,"2028-01-08 21:28:25 UTC","460d, 00:00:00"
884251705.263,40176000,5846.595,True,"2028-01-08 21:28:25 UTC","465d, 00:00:00"
884251705.263,40608000,5846.897,True,"2028-01-08 21:28:25 UTC","470d, 00:00:00"
884251705.263,41040000,5870.923,True,"2028-01-08 21:28:25 UTC","475d, 00:00:00"
884251705.263,41472000,5920.654,True,"2028-01-08 21:28:25 UTC","480d, 00:00:00"
884251705.263,41904000,5998.662,True,"2028-01-08 21:28:25 UTC","485d, 00:00:00"
884251705.263,42336000,6108.256,True,"2028-01-08 21:28:25 UTC","490d, 00:00:00"
884251705.263,42768000,6253.668,True,"2028-01-08 21:28:25 UTC","495d, 00:00:00"
884251705.263,43200000,6440.318,True,"2028-01-08 21:28:25 UTC","500d, 00:00:00"
885671621.053,10368000,19119.067,True,"2028-01-25 07:53:41 UTC","120d, 00:00:00"
885671621.053,10800000,17684.236,True,"2028-01-25 07:53:41 UTC","125d, 00:00:00"
885671621.053,11232000,16378.795,True,"2028-01-25 07:53:41 UTC","130d, 00:00:00"
885671621.053,11664000,15197.326,True,"2028-01-25 07:53:41 UTC","135d, 00:00:00"
885671621.053,12096000,14138.426,True,"2028-01-25 07:53:41 UTC","140d, 00:00:00"
885671621.053,12528000,13205.264,True,"2028-01-25 07:53:41 UTC","145d, 00:00:00"
885671621.053,12960000,12406.492,True,"2028-01-25 07:53:41 UTC","150d, 00:00:00"
885671621.053,13392000,11757.592,True,"2028-01-25 07:53:41 UTC","155d, 00:00:00"
885671621.053,13824000,11282.724,True,"2028-01-25 07:53:41 UTC","160d, 00:00:00"
885671621.053,14256000,11017.105,True,"2028-01-25 07:53:41 UTC","165d, 00:00:00"
885671621.053,14688000,11009.966,True,"2028-01-25 07:53:41 UTC","170d, 00:00:00"
885671621.053,15120000,11328.023,True,"2028-01-25 07:53:41 UTC","175d, 00:00:00"
885671621.053,15552000,12059.261,True,"2028-01-25 07:53:41 UTC","180d, 00:00:00"
885671621.053,15984000,13315.339,True,"2028-01-25 07:53:41 UTC","185d, 00:00:00"
885671621.053,16416000,15225.232,True,"2028-01-25 07:53:41 UTC","190d, 00:00:00"
885671621.053,16848000,17897.603,True,"2028-01-25 07:53:41 UTC","195d, 00:00:00"
885671621.053,17280000,21313.34,True,"2028-01-25 07:53:41 UTC","200d, 00:00:00"
885671621.053,17712000,25169.343,True,"2028-01-25 07:53:41 UTC","205d, 00:00:00"
885671621.053,18144000,27799.9,False,"2028-01-25 07:53:41 UTC","210d, 00:00:00"
885671621.053,18576000,26961.204,False,"2028-01-25 07:53:41 UTC","215d, 00:00:00"
885671621.053,19008000,26132.717,False,"2028-01-25 07:53:41 UTC","220d, 00:00:00"
885671621.053,19440000,25314.776,False,"2028-01-25 07:53:41 UTC","225d, 00:00:00"
885671621.053,19872000,24507.792,False,"2028-01-25 07:53:41 UTC","230d, 00:00:00"
885671621.053,20304000,23712.227,False,"2028-01-25 07:53:41 UTC","235d, 00:00:00"
885671621.053,20736000,22928.592,False,"2028-01-25 07:53:41 UTC","240d, 00:00:00"
885671621.053,21168000,22157.429,False,"2028-01-25 07:53:41 UTC","245d, 00:00:00"
885671621.053,21600000,21399.307,False,"2028-01-25 07:53:41 UTC","250d, 00:00:00"
885671621.053,22032000,20654.808,False,"2028-01-25 07:53:41 UTC","255d, 00:00:00"
885671621.053,22464000,19924.519,False,"2028-01-25 07:53:41 UTC","260d, 00:00:00"
885671621.053,22896000,19209.031,False,"2028-01-25 07:53:41 UTC","265d, 00:00:00"
885671621.053,23328000,18508.924,False,"2028-01-25 07:53:41 UTC","270d, 00:00:00"
885671621.053,23760000,17824.766,False,"2028-01-25 07:53:41 UTC","275d, 00:00:00"
885671621.053,24192000,17157.107,False,"2028-01-25 07:53:41 UTC","280d, 00:00:00"
885671621.053,24624000,16506.476,False,"2028-01-25 07:53:41 UTC","285d, 00:00:00"
885671621.053,25056000,15873.373,False,"2028-01-25 07:53:41 UTC","290d, 00:00:00"
885671621.053,25488000,15258.276,False,"2028-01-25 07:53:41 UTC","295d, 00:00:00"
885671621.053,25920000,14661.633,False,"2028-01-25 07:53:41 UTC","300d, 00:00:00"
885671621.053,26352000,14083.869,False,"2028-01-25 07:53:41 UTC","305d, 00:00:00"
885671621.053,26784000,13525.389,False,"2028-01-25 07:53:41 UTC","310d, 00:00:00"
885671621.053,27216000,12986.59,False,"2028-01-25 07:53:41 UTC","315d, 00:00:00"
885671621.053,27648000,12467.877,False,"2028-01-25 07:53:41 UTC","320d, 00:00:00"
885671621.053,28080000,11969.691,False,"2028-01-25 07:53:41 UTC","325d, 00:00:00"
885671621.053,28512000,11492.559,False,"2028-01-25 07:53:41 UTC","330d, 00:00:00"
885671621.053,28944000,11037.173,False,"2028-01-25 07:53:41 UTC","335d, 00:00:00"
885671621.053,29376000,10604.542,False,"2028-01-25 07:53:41 UTC","340d, 00:00:00"
885671621.053,29808000,10196.268,False,"2028-01-25 07:53:41 UTC","345d, 00:00:00"
885671621.053,30240000,9815.11,False,"2028-01-25 07:53:41 UTC","350d, 00:00:00"
885671621.053,30672000,9466.212,False,"2028-01-25 07:53:41 UTC","355d, 00:00:00"
885671621.053,31104000,9160.081,False,"2028-01-25 07:53:41 UTC","360d, 00:00:00"
885671621.053,31536000,8920.803,False,"2028-01-25 07:53:41 UTC","365d, 00:00:00"
885671621.053,31968000,8813.3,False,"2028-01-25 07:53:41 UTC","370d, 00:00:00"
885671621.053,32400000,9060.896,False,"2028-01-25 07:53:41 UTC","375d, 00:00:00"
885671621.053,32832000,10823.262,False,"2028-01-25 07:53:41 UTC","380d, 00:00:00"
885671621.053,33264000,26944.113,False,"2028-01-25 07:53:41 UTC","385d, 00:00:00"
885671621.053,33696000,12164.918,True,"2028-01-25 07:53:41 UTC","390d, 00:00:00"
885671621.053,34128000,8372.732,True,"2028-01-25 07:53:41 UTC","395d, 00:00:00"
885671621.053,34560000,7354.256,True,"2028-01-25 07:53:41 UTC","400d, 00:00:00"
885671621.053,34992000,6860.427,True,"2028-01-25 07:53:41 UTC","405d, 00:00:00"
885671621.053,35424000,6538.155,True,"2028-01-25 07:53:41 UTC","410d, 00:00:00"
885671621.053,35856000,6294.577,True,"2028-01-25 07:53:41 UTC","415d, 00:00:00"
885671621.053,36288000,6097.135,True,"2028-01-25 07:53:41 UTC","420d, 00:00:00"
885671621.053,36720000,5932.125,True,"2028-01-25 07:53:41 UTC","425d, 00:00:00"
885671621.053,37152000,5793.038,True,"2028-01-25 07:53:41 UTC","430d, 00:00:00"
885671621.053,37584000,5676.558,True,"2028-01-25 07:53:41 UTC","435d, 00:00:00"
885671621.053,38016000,5580.972,True,"2028-01-25 07:53:41 UTC","440d, 00:00:00"
885671621.053,38448000,5505.488,True,"2028-01-25 07:53:41 UTC","445d, 00:00:00"
885671621.053,38880000,5449.909,True,"2028-01-25 07:53:41 UTC","450d, 00:00:00"
885671621.053,39312000,5414.495,True,"2028-01-25 07:53:41 UTC","455d, 00:00:00"
885671621.053,39744000,5399.908,True,"2028-01-25 07:53:41 UTC","460d, 00:00:00"
885671621.053,40176000,5407.204,True,"2028-01-25 07:53:41 UTC","465d, 00:00:00"
885671621.053,40608000,5437.877,True,"2028-01-25 07:53:41 UTC","470d, 00:00:00"
885671621.053,41040000,5493.925,True,"2028-01-25 07:53:41 UTC","475d, 00:00:00"
885671621.053,41472000,5577.954,True,"2028-01-25 07:53:41 UTC","480d, 00:00:00"
885671621.053,41904000,5693.329,True,"2028-01-25 07:53:41 UTC","485d, 00:00:00"
885671621.053,42336000,5844.371,True,"2028-01-25 07:53:41 UTC","490d, 00:00:00"
885671621.053,42768000,6036.633,True,"2028-01-25 07:53:41 UTC","495d, 00:00:00"
885671621.053,43200000,6277.28,True,"2028-01-25 07:53:41 UTC","500d, 00:00:00"
887091536.842,10368000,19331.101,True,"2028-02-10 18:18:56 UTC","120d, 00:00:00"
887091536.842,10800000,17888.363,True,"2028-02-10 18:18:56 UTC","125d, 00:00:00"
887091536.842,11232000,16578.576,True,"2028-02-10 18:18:56 UTC","130d, 00:00:00"
887091536.842,11664000,15397.935,True,"2028-02-10 18:18:56 UTC","135d, 00:00:00"
887091536.842,12096000,14347.425,True,"2028-02-10 18:18:56 UTC","140d, 00:00:00"
887091536.842,12528000,13433.729,True,"2028-02-10 18:18:56 UTC","145d, 00:00:00"
887091536.842,12960000,12670.668,True,"2028-02-10 18:18:56 UTC","150d, 00:00:00"
887091536.842,13392000,12081.27,True,"2028-02-10 18:18:56 UTC","155d, 00:00:00"
887091536.842,13824000,11700.575,True,"2028-02-10 18:18:56 UTC","160d, 00:00:00"
887091536.842,14256000,11579.193,True,"2028-02-10 18:18:56 UTC","165d, 00:00:00"
887091536.842,14688000,11787.476,True,"2028-02-10 18:18:56 UTC","170d, 00:00:00"
887091536.842,15120000,12419.692,True,"2028-02-10 18:18:56 UTC","175d, 00:00:00"
887091536.842,15552000,13595.877,True,"2028-02-10 18:18:56 UTC","180d, 00:00:00"
887091536.842,15984000,15452.783,True,"2028-02-10 18:18:56 UTC","185d, 00:00:00"
887091536.842,16416000,18099.449,True,"2028-02-10 18:18:56 UTC","190d, 00:00:00"
887091536.842,16848000,21499.385,True,"2028-02-10 18:18:56 UTC","195d, 00:00:00"
887091536.842,17280000,25316.963,True,"2028-02-10 18:18:56 UTC","200d, 00:00:00"
887091536.842,17712000,27328.611,False,"2028-02-10 18:18:56 UTC","205d, 00:00:00"
887091536.842,18144000,26466.201,False,"2028-02-10 18:18:56 UTC","210d, 00:00:00"
887091536.842,18576000,25615.636,False,"2028-02-10 18:18:56 UTC","215d, 00:00:00"
887091536.842,19008000,24777.179,False,"2028-02-10 18:18:56 UTC","220d, 00:00:00"
887091536.842,19440000,23951.173,False,"2028-02-10 18:18:56 UTC","225d, 00:00:00"
887091536.842,19872000,23138.032,False,"2028-02-10 18:18:56 UTC","230d, 00:00:00"
887091536.842,20304000,22338.225,False,"2028-02-10 18:18:56 UTC","235d, 00:00:00"
887091536.842,20736000,21552.263,False,"2028-02-10 18:18:56 UTC","240d, 00:00:00"
887091536.842,21168000,20780.685,False,"2028-02-10 18:18:56 UTC","245d, 00:00:00"
887091536.842,21600000,20024.052,False,"2028-02-10 18:18:56 UTC","250d, 00:00:00"
887091536.842,22032000,19282.935,False,"2028-02-10 18:18:56 UTC","255d, 00:00:00"
887091536.842,22464000,18557.908,False,"2028-02-10 18:18:56 UTC","260d, 00:00:00"
887091536.842,22896000,17849.537,False,"2028-02-10 18:18:56 UTC","265d, 00:00:00"
887091536.842,23328000,17158.377,False,"2028-02-10 18:18:56 UTC","270d, 00:00:00"
887091536.842,23760000,16484.967,False,"2028-02-10 18:18:56 UTC","275d, 00:00:00"
887091536.842,24192000,15829.819,False,"2028-02-10 18:18:56 UTC","280d, 00:00:00"
887091536.842,24624000,15193.424,False,"2028-02-10 18:18:56 UTC","285d, 00:00:00"
887091536.842,25056000,14576.243,False,"2028-02-10 18:18:56 UTC","290d, 00:00:00"
887091536.842,25488000,13978.713,False,"2028-02-10 18:18:56 UTC","295d, 00:00:00"
887091536.842,25920000,13401.245,False,"2028-02-10 18:18:56 UTC","300d, 00:00:00"
887091536.842,26352000,12844.237,False,"2028-02-10 18:18:56 UTC","305d, 00:00:00"
887091536.842,26784000,12308.081,False,"2028-02-10 18:18:56 UTC","310d, 00:00:00"
887091536.842,27216000,11793.188,False,"2028-02-10 18:18:56 UTC","315d, 00:00:00"
887091536.842,27648000,11300.021,False,"2028-02-10 18:18:56 UTC","320d, 00:00:00"
887091536.842,28080000,10829.155,False,"2028-02-10 18:18:56 UTC","325d, 00:00:00"
887091536.842,28512000,10381.379,False,"2028-02-10 18:18:56 UTC","330d, 00:00:00"
887091536.842,28944000,9957.874,False,"2028-02-10 18:18:56 UTC","335d, 00:00:00"
887091536.842,29376000,9560.566,False,"2028-02-10 18:18:56 UTC","340d, 00:00:00"
887091536.842,29808000,9192.827,False,"2028-02-10 18:18:56 UTC","345d, 00:00:00"
887091536.842,30240000,8861.038,False,"2028-02-10 18:18:56 UTC","350d, 00:00:00"
887091536.842,30672000,8578.431,False,"2028-02-10 18:18:56 UTC","355d, 00:00:00"
887091536.842,31104000,8375.983,False,"2028-02-10 18:18:56 UTC","360d, 00:00:00"
887091536.842,31536000,8339.861,False,"2028-02-10 18:18:56 UTC","365d, 00:00:00"
887091536.842,31968000,8782.744,False,"2028-02-10 18:18:56 UTC","370d, 00:00:00"
887091536.842,32400000,11516.341,False,"2028-02-10 18:18:56 UTC","375d, 00:00:00"
887091536.842,32832000,31116.093,True,"2028-02-10 18:18:56 UTC","380d, 00:00:00"
887091536.842,33264000,10097.699,True,"2028-02-10 18:18:56 UTC","385d, 00:00:00"
887091536.842,33696000,7489.38,True,"2028-02-10 18:18:56 UTC","390d, 00:00:00"
887091536.842,34128000,6668.377,True,"2028-02-10 18:18:56 UTC","395d, 00:00:00"
887091536.842,34560000,6240.756,True,"2028-02-10 18:18:56 UTC","400d, 00:00:00"
887091536.842,34992000,5952.619,True,"2028-02-10 18:18:56 UTC","405d, 00:00:00"
887091536.842,35424000,5732.074,True,"2028-02-10 18:18:56 UTC","410d, 00:00:00"
887091536.842,35856000,5552.814,True,"2028-02-10 18:18:56 UTC","415d, 00:00:00"
887091536.842,36288000,5403.464,True,"2028-02-10 18:18:56 UTC","420d, 00:00:00"
887091536.842,36720000,5278.521,True,"2028-02-10 18:18:56 UTC","425d, 00:00:00"
887091536.842,37152000,5175.151,True,"2028-02-10 18:18:56 UTC","430d, 00:00:00"
887091536.842,37584000,5091.89,True,"2028-02-10 18:18:56 UTC","435d, 00:00:00"
887091536.842,38016000,5028.076,True,"2028-02-10 18:18:56 UTC","440d, 00:00:00"
887091536.842,38448000,4983.584,True,"2028-02-10 18:18:56 UTC","445d, 00:00:00"
887091536.842,38880000,4958.713,True,"2028-02-10 18:18:56 UTC","450d, 00:00:00"
887091536.842,39312000,4954.146,True,"2028-02-10 18:18:56 UTC","455d, 00:00:00"
887091536.842,39744000,4970.956,True,"2028-02-10 18:18:56 UTC","460d, 00:00:00"
887091536.842,40176000,5010.657,True,"2028-02-10 18:18:56 UTC","465d, 00:00:00"
887091536.842,40608000,5075.275,True,"2028-02-10 18:18:56 UTC","470d, 00:00:00"
887091536.842,41040000,5167.467,True,"2028-02-10 18:18:56 UTC","475d, 00:00:00"
887091536.842,41472000,5290.674,True,"2028-02-10 18:18:56 UTC","480d, 00:00:00"
887091536.842,41904000,5449.336,True,"2028-02-10 18:18:56 UTC","485d, 00:00:00"
887091536.842,42336000,5649.182,True,"2028-02-10 18:18:56 UTC","490d, 00:00:00"
887091536.842,42768000,5897.627,True,"2028-02-10 18:18:56 UTC","495d, 00:00:00"
887091536.842,43200000,6204.318,True,"2028-02-10 18:18:56 UTC","500d, 00:00:00"
888511452.632,10368000,19537.069,True,"2028-02-27 04:44:12 UTC","120d, 00:00:00"
888511452.632,10800000,18084.551,True,"2028-02-27 04:44:12 UTC","125d, 00:00:00"
888511452.632,11232000,16770.155,True,"2028-02-27 04:44:12 UTC","130d, 00:00:00"
888511452.632,11664000,15592.453,True,"2028-02-27 04:44:12 UTC","135d, 00:00:00"
888511452.632,12096000,14555.974,True,"2028-02-27 04:44:12 UTC","140d, 00:00:00"
888511452.632,12528000,13672.69,True,"2028-02-27 04:44:12 UTC","145d, 00:00:00"
888511452.632,12960000,12964.255,True,"2028-02-27 04:44:12 UTC","150d, 00:00:00"
888511452.632,13392000,12465.161,True,"2028-02-27 04:44:12 UTC","155d, 00:00:00"
888511452.632,13824000,12226.863,True,"2028-02-27 04:44:12 UTC","160d, 00:00:00"
888511452.632,14256000,12322.614,True,"2028-02-27 04:44:12 UTC","165d, 00:00:00"
888511452.632,14688000,12851.998,True,"2028-02-27 04:44:12 UTC","170d, 00:00:00"
888511452.632,15120000,13941.861,True,"2028-02-27 04:44:12 UTC","175d, 00:00:00"
888511452.632,15552000,15733.57,True,"2028-02-27 04:44:12 UTC","180d, 00:00:00"
888511452.632,15984000,18330.682,True,"2028-02-27 04:44:12 UTC","185d, 00:00:00"
888511452.632,16416000,21673.461,True,"2028-02-27 04:44:12 UTC","190d, 00:00:00"
888511452.632,16848000,27636.851,False,"2028-02-27 04:44:12 UTC","195d, 00:00:00"
888511452.632,17280000,26736.616,False,"2028-02-27 04:44:12 UTC","200d, 00:00:00"
888511452.632,17712000,25850.128,False,"2028-02-27 04:44:12 UTC","205d, 00:00:00"
888511452.632,18144000,24977.434,False,"2028-02-27 04:44:12 UTC","210d, 00:00:00"
888511452.632,18576000,24118.7,False,"2028-02-27 04:44:12 UTC","215d, 00:00:00"
888511452.632,19008000,23274.193,False,"2028-02-27 04:44:12 UTC","220d, 00:00:00"
888511452.632,19440000,22444.263,False,"2028-02-27 04:44:12 UTC","225d, 00:00:00"
888511452.632,19872000,21629.324,False,"2028-02-27 04:44:12 UTC","230d, 00:00:00"
888511452.632,20304000,20829.844,False,"2028-02-27 04:44:12 UTC","235d, 00:00:00"
888511452.632,20736000,20046.325,False,"2028-02-27 04:44:12 UTC","240d, 00:00:00"
888511452.632,21168000,19279.295,False,"2028-02-27 04:44:12 UTC","245d, 00:00:00"
888511452.632,21600000,18529.297,False,"2028-02-27 04:44:12 UTC","250d, 00:00:00"
888511452.632,22032000,17796.878,False,"2028-02-27 04:44:12 UTC","255d, 00:00:00"
888511452.632,22464000,17082.581,False,"2028-02-27 04:44:12 UTC","260d, 00:00:00"
888511452.632,22896000,16386.934,False,"2028-02-27 04:44:12 UTC","265d, 00:00:00"
888511452.632,23328000,15710.452,False,"2028-02-27 04:44:12 UTC","270d, 00:00:00"
888511452.632,23760000,15053.623,False,"2028-02-27 04:44:12 UTC","275d, 00:00:00"
888511452.632,24192000,14416.91,False,"2028-02-27 04:44:12 UTC","280d, 00:00:00"
888511452.632,24624000,13800.749,False,"2028-02-27 04:44:12 UTC","285d, 00:00:00"
888511452.632,25056000,13205.546,False,"2028-02-27 04:44:12 UTC","290d, 00:00:00"
888511452.632,25488000,12631.688,False,"2028-02-27 04:44:12 UTC","295d, 00:00:00"
888511452.632,25920000,12079.547,False,"2028-02-27 04:44:12 UTC","300d, 00:00:00"
888511452.632,26352000,11549.493,False,"2028-02-27 04:44:12 UTC","305d, 00:00:00"
888511452.632,26784000,11041.923,False,"2028-02-27 04:44:12 UTC","310d, 00:00:00"
888511452.632,27216000,10557.299,False,"2028-02-27 04:44:12 UTC","315d, 00:00:00"
888511452.632,27648000,10096.217,False,"2028-02-27 04:44:12 UTC","320d, 00:00:00"
888511452.632,28080000,9659.52,False,"2028-02-27 04:44:12 UTC","325d, 00:00:00"
888511452.632,28512000,9248.515,False,"2028-02-27 04:44:12 UTC","330d, 00:00:00"
888511452.632,28944000,8865.376,False,"2028-02-27 04:44:12 UTC","335d, 00:00:00"
888511452.632,29376000,8513.969,False,"2028-02-27 04:44:12 UTC","340d, 00:00:00"
888511452.632,29808000,8201.72,False,"2028-02-27 04:44:12 UTC","345d, 00:00:00"
888511452.632,30240000,7944.274,False,"2028-02-27 04:44:12 UTC","350d, 00:00:00"
888511452.632,30672000,7779.068,False,"2028-02-27 04:44:12 UTC","355d, 00:00:00"
888511452.632,31104000,7813.839,False,"2028-02-27 04:44:12 UTC","360d, 00:00:00"
888511452.632,31536000,8464.032,False,"2028-02-27 04:44:12 UTC","365d, 00:00:00"
888511452.632,31968000,12507.557,False,"2028-02-27 04:44:12 UTC","370d, 00:00:00"
888511452.632,32400000,21167.932,True,"2028-02-27 04:44:12 UTC","375d, 00:00:00"
888511452.632,32832000,8425.69,True,"2028-02-27 04:44:12 UTC","380d, 00:00:00"
888511452.632,33264000,6605.807,True,"2028-02-27 04:44:12 UTC","385d, 00:00:00"
888511452.632,33696000,5957.688,True,"2028-02-27 04:44:12 UTC","390d, 00:00:00"
888511452.632,34128000,5599.089,True,"2028-02-27 04:44:12 UTC","395d, 00:00:00"
888511452.632,34560000,5350.517,True,"2028-02-27 04:44:12 UTC","400d, 00:00:00"
888511452.632,34992000,5158.203,True,"2028-02-27 04:44:12 UTC","405d, 00:00:00"
888511452.632,35424000,5001.809,True,"2028-02-27 04:44:12 UTC","410d, 00:00:00"
888511452.632,35856000,4872.345,True,"2028-02-27 04:44:12 UTC","415d, 00:00:00"
888511452.632,36288000,4765.403,True,"2028-02-27 04:44:12 UTC","420d, 00:00:00"
888511452.632,36720000,4678.694,True,"2028-02-27 04:44:12 UTC","425d, 00:00:00"
888511452.632,37152000,4611.044,True,"2028-02-27 04:44:12 UTC","430d, 00:00:00"
888511452.632,37584000,4561.949,True,"2028-02-27 04:44:12 UTC","435d, 00:00:00"
888511452.632,38016000,4531.373,True,"2028-02-27 04:44:12 UTC","440d, 00:00:00"
888511452.632,38448000,4519.668,True,"2028-02-27 04:44:12 UTC","445d, 00:00:00"
888511452.632,38880000,4527.55,True,"2028-02-27 04:44:12 UTC","450d, 00:00:00"
888511452.632,39312000,4556.128,True,"2028-02-27 04:44:12 UTC","455d, 00:00:00"
888511452.632,39744000,4606.953,True,"2028-02-27 04:44:12 UTC","460d, 00:00:00"
888511452.632,40176000,4682.113,True,"2028-02-27 04:44:12 UTC","465d, 00:00:00"
888511452.632,40608000,4784.353,True,"2028-02-27 04:44:12 UTC","470d, 00:00:00"
888511452.632,41040000,4917.243,True,"2028-02-27 04:44:12 UTC","475d, 00:00:00"
888511452.632,41472000,5085.411,True,"2028-02-27 04:44:12 UTC","480d, 00:00:00"
888511452.632,41904000,5294.846,True,"2028-02-27 04:44:12 UTC","485d, 00:00:00"
888511452.632,42336000,5553.316,True,"2028-02-27 04:44:12 UTC","490d, 00:00:00"
888511452.632,42768000,5870.945,True,"2028-02-27 04:44:12 UTC","495d, 00:00:00"
888511452.632,43200000,6261.012,True,"2028-02-27 04:44:12 UTC","500d, 00:00:00"
889931368.421,10368000,19718.012,True,"2028-03-14 15:09:28 UTC","120d, 00:00:00"
889931368.421,10800000,18256.375,True,"2028-03-14 15:09:28 UTC","125d, 00:00:00"
889931368.421,11232000,16940.65,True,"2028-03-14 15:09:28 UTC","130d, 00:00:00"
889931368.421,11664000,15773.039,True,"2028-03-14 15:09:28 UTC","135d, 00:00:00"
889931368.421,12096000,14763.545,True,"2028-03-14 15:09:28 UTC","140d, 00:00:00"
889931368.421,12528000,13932.334,True,"2028-03-14 15:09:28 UTC","145d, 00:00:00"
889931368.421,12960000,13313.176,True,"2028-03-14 15:09:28 UTC","150d, 00:00:00"
889931368.421,13392000,12958.06,True,"2028-03-14 15:09:28 UTC","155d, 00:00:00"
889931368.421,13824000,12942.599,True,"2028-03-14 15:09:28 UTC","160d, 00:00:00"
889931368.421,14256000,13370.739,True,"2028-03-14 15:09:28 UTC","165d, 00:00:00"
889931368.421,14688000,14374.267,True,"2028-03-14 15:09:28 UTC","170d, 00:00:00"
889931368.421,15120000,16095.152,True,"2028-03-14 15:09:28 UTC","175d, 00:00:00"
889931368.421,15552000,18624.232,True,"2028-03-14 15:09:28 UTC","180d, 00:00:00"
889931368.421,15984000,21871.936,True,"2028-03-14 15:09:28 UTC","185d, 00:00:00"
889931368.421,16416000,26947.769,False,"2028-03-14 15:09:28 UTC","190d, 00:00:00"
889931368.421,16848000,26021.046,False,"2028-03-14 15:09:28 UTC","195d, 00:00:00"
889931368.421,17280000,25110.514,False,"2028-03-14 15:09:28 UTC","200d, 00:00:00"
889931368.421,17712000,24216.079,False,"2028-03-14 15:09:28 UTC","205d, 00:00:00"
889931368.421,18144000,23337.791,False,"2028-03-14 15:09:28 UTC","210d, 00:00:00"
889931368.421,18576000,22475.823,False,"2028-03-14 15:09:28 UTC","215d, 00:00:00"
889931368.421,19008000,21630.44,False,"2028-03-14 15:09:28 UTC","220d, 00:00:00"
889931368.421,19440000,20801.991,False,"2028-03-14 15:09:28 UTC","225d, 00:00:00"
889931368.421,19872000,19990.88,False,"2028-03-14 15:09:28 UTC","230d, 00:00:00"
889931368.421,20304000,19197.559,False,"2028-03-14 15:09:28 UTC","235d, 00:00:00"
889931368.421,20736000,18422.51,False,"2028-03-14 15:09:28 UTC","240d, 00:00:00"
889931368.421,21168000,17666.231,False,"2028-03-14 15:09:28 UTC","245d, 00:00:00"
889931368.421,21600000,16929.228,False,"2028-03-14 15:09:28 UTC","250d, 00:00:00"
889931368.421,22032000,16212.005,False,"2028-03-14 15:09:28 UTC","255d, 00:00:00"
889931368.421,22464000,15515.05,False,"2028-03-14 15:09:28 UTC","260d, 00:00:00"
889931368.421,22896000,14838.837,False,"2028-03-14 15:09:28 UTC","265d, 00:00:00"
889931368.421,23328000,14183.813,False,"2028-03-14 15:09:28 UTC","270d, 00:00:00"
889931368.421,23760000,13550.398,False,"2028-03-14 15:09:28 UTC","275d, 00:00:00"
889931368.421,24192000,12938.982,False,"2028-03-14 15:09:28 UTC","280d, 00:00:00"
889931368.421,24624000,12349.928,False,"2028-03-14 15:09:28 UTC","285d, 00:00:00"
889931368.421,25056000,11783.575,False,"2028-03-14 15:09:28 UTC","290d, 00:00:00"
889931368.421,25488000,11240.249,False,"2028-03-14 15:09:28 UTC","295d, 00:00:00"
889931368.421,25920000,10720.275,False,"2028-03-14 15:09:28 UTC","300d, 00:00:00"
889931368.421,26352000,10224.011,False,"2028-03-14 15:09:28 UTC","305d, 00:00:00"
889931368.421,26784000,9751.884,False,"2028-03-14 15:09:28 UTC","310d, 00:00:00"
889931368.421,27216000,9304.469,False,"2028-03-14 15:09:28 UTC","315d, 00:00:00"
889931368.421,27648000,8882.614,False,"2028-03-14 15:09:28 UTC","320d, 00:00:00"
889931368.421,28080000,8487.669,False,"2028-03-14 15:09:28 UTC","325d, 00:00:00"
889931368.421,28512000,8121.935,False,"2028-03-14 15:09:28 UTC","330d, 00:00:00"
889931368.421,28944000,7789.58,False,"2028-03-14 15:09:28 UTC","335d, 00:00:00"
889931368.421,29376000,7498.736,False,"2028-03-14 15:09:28 UTC","340d, 00:00:00"
889931368.421,29808000,7266.85,False,"2028-03-14 15:09:28 UTC","345d, 00:00:00"
889931368.421,30240000,7136.712,False,"2028-03-14 15:09:28 UTC","350d, 00:00:00"
889931368.421,30672000,7236.492,False,"2028-03-14 15:09:28 UTC","355d, 00:00:00"
889931368.421,31104000,8099.327,False,"2028-03-14 15:09:28 UTC","360d, 00:00:00"
889931368.421,31536000,14123.91,False,"2028-03-14 15:09:28 UTC","365d, 00:00:00"
889931368.421,31968000,13990.436,True,"2028-03-14 15:09:28 UTC","370d, 00:00:00"
889931368.421,32400000,6976.428,True,"2028-03-14 15:09:28 UTC","375d, 00:00:00"
889931368.421,32832000,5736.807,True,"2028-03-14 15:09:28 UTC","380d, 00:00:00"
889931368.421,33264000,5246.19,True,"2028-03-14 15:09:28 UTC","385d, 00:00:00"
889931368.421,33696000,4959.057,True,"2028-03-14 15:09:28 UTC","390d, 00:00:00"
889931368.421,34128000,4754.581,True,"2028-03-14 15:09:28 UTC","395d, 00:00:00"
889931368.421,34560000,4594.96,True,"2028-03-14 15:09:28 UTC","400d, 00:00:00"
889931368.421,34992000,4465.512,True,"2028-03-14 15:09:28 UTC","405d, 00:00:00"
889931368.421,35424000,4359.633,True,"2028-03-14 15:09:28 UTC","410d, 00:00:00"
889931368.421,35856000,4274.041,True,"2028-03-14 15:09:28 UTC","415d, 00:00:00"
889931368.421,36288000,4207.024,True,"2028-03-14 15:09:28 UTC","420d, 00:00:00"
889931368.421,36720000,4157.718,True,"2028-03-14 15:09:28 UTC","425d, 00:00:00"
889931368.421,37152000,4125.795,True,"2028-03-14 15:09:28 UTC","430d, 00:00:00"
889931368.421,37584000,4111.321,True,"2028-03-14 15:09:28 UTC","435d, 00:00:00"
889931368.421,38016000,4114.718,True,"2028-03-14 15:09:28 UTC","440d, 00:00:00"
889931368.421,38448000,4136.761,True,"2028-03-14 15:09:28 UTC","445d, 00:00:00"
889931368.421,38880000,4178.623,True,"2028-03-14 15:09:28 UTC","450d, 00:00:00"
889931368.421,39312000,4241.943,True,"2028-03-14 15:09:28 UTC","455d, 00:00:00"
889931368.421,39744000,4328.927,True,"2028-03-14 15:09:28 UTC","460d, 00:00:00"
889931368.421,40176000,4442.486,True,"2028-03-14 15:09:28 UTC","465d, 00:00:00"
889931368.421,40608000,4586.418,True,"2028-03-14 15:09:28 UTC","470d, 00:00:00"
889931368.421,41040000,4765.65,True,"2028-03-14 15:09:28 UTC","475d, 00:00:00"
889931368.421,41472000,4986.566,True,"2028-03-14 15:09:28 UTC","480d, 00:00:00"
889931368.421,41904000,5257.445,True,"2028-03-14 15:09:28 UTC","485d, 00:00:00"
889931368.421,42336000,5589.065,True,"2028-03-14 15:09:28 UTC","490d, 00:00:00"
889931368.421,42768000,5995.546,True,"2028-03-14 15:09:28 UTC","495d, 00:00:00"
889931368.421,43200000,6495.527,True,"2028-03-14 15:09:28 UTC","500d, 00:00:00"
891351284.211,10368000,19860.317,True,"2028-03-31 01:34:44 UTC","120d, 00:00:00"
891351284.211,10800000,18394.319,True,"2028-03-31 01:34:44 UTC","125d, 00:00:00"
891351284.211,11232000,17086.284,True,"2028-03-31 01:34:44 UTC","130d, 00:00:00"
891351284.211,11664000,15944.145,True,"2028-03-31 01:34:44 UTC","135d, 00:00:00"
891351284.211,12096000,14986.547,True,"2028-03-31 01:34:44 UTC","140d, 00:00:00"
891351284.211,12528000,14246.518,True,"2028-03-31 01:34:44 UTC","145d, 00:00:00"
891351284.211,12960000,13776.468,True,"2028-03-31 01:34:44 UTC","150d, 00:00:00"
891351284.211,13392000,13654.005,True,"2028-03-31 01:34:44 UTC","155d, 00:00:00"
891351284.211,13824000,13986.489,True,"2028-03-31 01:34:44 UTC","160d, 00:00:00"
891351284.211,14256000,14908.374,True,"2028-03-31 01:34:44 UTC","165d, 00:00:00"
891351284.211,14688000,16557.275,True,"2028-03-31 01:34:44 UTC","170d, 00:00:00"
891351284.211,15120000,19003.128,True,"2028-03-31 01:34:44 UTC","175d, 00:00:00"
891351284.211,15552000,22120.937,True,"2028-03-31 01:34:44 UTC","180d, 00:00:00"
891351284.211,15984000,26136.269,False,"2028-03-31 01:34:44 UTC","185d, 00:00:00"
891351284.211,16416000,25183.102,False,"2028-03-31 01:34:44 UTC","190d, 00:00:00"
891351284.211,16848000,24248.996,False,"2028-03-31 01:34:44 UTC","195d, 00:00:00"
891351284.211,17280000,23333.69,False,"2028-03-31 01:34:44 UTC","200d, 00:00:00"
891351284.211,17712000,22437.09,False,"2028-03-31 01:34:44 UTC","205d, 00:00:00"
891351284.211,18144000,21559.248,False,"2028-03-31 01:34:44 UTC","210d, 00:00:00"
891351284.211,18576000,20700.327,False,"2028-03-31 01:34:44 UTC","215d, 00:00:00"
891351284.211,19008000,19860.583,False,"2028-03-31 01:34:44 UTC","220d, 00:00:00"
891351284.211,19440000,19040.342,False,"2028-03-31 01:34:44 UTC","225d, 00:00:00"
891351284.211,19872000,18239.984,False,"2028-03-31 01:34:44 UTC","230d, 00:00:00"
891351284.211,20304000,17459.925,False,"2028-03-31 01:34:44 UTC","235d, 00:00:00"
891351284.211,20736000,16700.601,False,"2028-03-31 01:34:44 UTC","240d, 00:00:00"
891351284.211,21168000,15962.459,False,"2028-03-31 01:34:44 UTC","245d, 00:00:00"
891351284.211,21600000,15245.942,False,"2028-03-31 01:34:44 UTC","250d, 00:00:00"
891351284.211,22032000,14551.482,False,"2028-03-31 01:34:44 UTC","255d, 00:00:00"
891351284.211,22464000,13879.491,False,"2028-03-31 01:34:44 UTC","260d, 00:00:00"
891351284.211,22896000,13230.355,False,"2028-03-31 01:34:44 UTC","265d, 00:00:00"
891351284.211,23328000,12604.431,False,"2028-03-31 01:34:44 UTC","270d, 00:00:00"
891351284.211,23760000,12002.046,False,"2028-03-31 01:34:44 UTC","275d, 00:00:00"
891351284.211,24192000,11423.493,False,"2028-03-31 01:34:44 UTC","280d, 00:00:00"
891351284.211,24624000,10869.044,False,"2028-03-31 01:34:44 UTC","285d, 00:00:00"
891351284.211,25056000,10338.953,False,"2028-03-31 01:34:44 UTC","290d, 00:00:00"
891351284.211,25488000,9833.475,False,"2028-03-31 01:34:44 UTC","295d, 00:00:00"
891351284.211,25920000,9352.891,False,"2028-03-31 01:34:44 UTC","300d, 00:00:00"
891351284.211,26352000,8897.559,False,"2028-03-31 01:34:44 UTC","305d, 00:00:00"
891351284.211,26784000,8467.98,False,"2028-03-31 01:34:44 UTC","310d, 00:00:00"
891351284.211,27216000,8064.934,False,"2028-03-31 01:34:44 UTC","315d, 00:00:00"
891351284.211,27648000,7689.714,False,"2028-03-31 01:34:44 UTC","320d, 00:00:00"
891351284.211,28080000,7344.59,False,"2028-03-31 01:34:44 UTC","325d, 00:00:00"
891351284.211,28512000,7033.763,False,"2028-03-31 01:34:44 UTC","330d, 00:00:00"
891351284.211,28944000,6765.599,False,"2028-03-31 01:34:44 UTC","335d, 00:00:00"
891351284.211,29376000,6558.44,False,"2028-03-31 01:34:44 UTC","340d, 00:00:00"
891351284.211,29808000,6458.671,False,"2028-03-31 01:34:44 UTC","345d, 00:00:00"
891351284.211,30240000,6612.425,False,"2028-03-31 01:34:44 UTC","350d, 00:00:00"
891351284.211,30672000,7693.302,False,"2028-03-31 01:34:44 UTC","355d, 00:00:00"
891351284.211,31104000,17553.504,False,"2028-03-31 01:34:44 UTC","360d, 00:00:00"
891351284.211,31536000,9378.725,True,"2028-03-31 01:34:44 UTC","365d, 00:00:00"
891351284.211,31968000,5706.438,True,"2028-03-31 01:34:44 UTC","370d, 00:00:00"
891351284.211,32400000,4911.375,True,"2028-03-31 01:34:44 UTC","375d, 00:00:00"
891351284.211,32832000,4563.502,True,"2028-03-31 01:34:44 UTC","380d, 00:00:00"
891351284.211,33264000,4347.836,True,"2028-03-31 01:34:44 UTC","385d, 00:00:00"
891351284.211,33696000,4190.033,True,"2028-03-31 01:34:44 UTC","390d, 00:00:00"
891351284.211,34128000,4066.062,True,"2028-03-31 01:34:44 UTC","395d, 00:00:00"
891351284.211,34560000,3966.394,True,"2028-03-31 01:34:44 UTC","400d, 00:00:00"
891351284.211,34992000,3886.667,True,"2028-03-31 01:34:44 UTC","405d, 00:00:00"
891351284.211,35424000,3824.682,True,"2028-03-31 01:34:44 UTC","410d, 00:00:00"
891351284.211,35856000,3779.289,True,"2028-03-31 01:34:44 UTC","415d, 00:00:00"
891351284.211,36288000,3749.932,True,"2028-03-31 01:34:44 UTC","420d, 00:00:00"
891351284.211,36720000,3736.465,True,"2028-03-31 01:34:44 UTC","425d, 00:00:00"
891351284.211,37152000,3739.079,True,"2028-03-31 01:34:44 UTC","430d, 00:00:00"
891351284.211,37584000,3758.296,True,"2028-03-31 01:34:44 UTC","435d, 00:00:00"
891351284.211,38016000,3795.002,True,"2028-03-31 01:34:44 UTC","440d, 00:00:00"
891351284.211,38448000,3850.5,True,"2028-03-31 01:34:44 UTC","445d, 00:00:00"
891351284.211,38880000,3926.601,True,"2028-03-31 01:34:44 UTC","450d, 00:00:00"
891351284.211,39312000,4025.736,True,"2028-03-31 01:34:44 UTC","455d, 00:00:00"
891351284.211,39744000,4151.106,True,"2028-03-31 01:34:44 UTC","460d, 00:00:00"
891351284.211,40176000,4306.877,True,"2028-03-31 01:34:44 UTC","465d, 00:00:00"
891351284.211,40608000,4498.437,True,"2028-03-31 01:34:44 UTC","470d, 00:00:00"
891351284.211,41040000,4732.743,True,"2028-03-31 01:34:44 UTC","475d, 00:00:00"
891351284.211,41472000,5018.78,True,"2028-03-31 01:34:44 UTC","480d, 00:00:00"
891351284.211,41904000,5368.2,True,"2028-03-31 01:34:44 UTC","485d, 00:00:00"
891351284.211,42336000,5796.197,True,"2028-03-31 01:34:44 UTC","490d, 00:00:00"
891351284.211,42768000,6322.756,True,"2028-03-31 01:34:44 UTC","495d, 00:00:00"
891351284.211,43200000,6974.41,True,"2028-03-31 01:34:44 UTC","500d, 00:00:00"
892771200,10368000,19959.359,True,"2028-04-16 12:00:00 UTC","120d, 00:00:00"
892771200,10800000,18500.231,True,"2028-04-16 12:00:00 UTC","125d, 00:00:00"
892771200,11232000,17218.099,True,"2028-04-16 12:00:00 UTC","130d, 00:00:00"
892771200,11664000,16130.078,True,"2028-04-16 12:00:00 UTC","135d, 00:00:00"
892771200,12096000,15268.508,True,"2028-04-16 12:00:00 UTC","140d, 00:00:00"
892771200,12528000,14686.218,True,"2028-04-16 12:00:00 UTC","145d, 00:00:00"
892771200,12960000,14462.524,True,"2028-04-16 12:00:00 UTC","150d, 00:00:00"
892771200,13392000,14707.109,True,"2028-04-16 12:00:00 UTC","155d, 00:00:00"
892771200,13824000,15554.222,True,"2028-04-16 12:00:00 UTC","160d, 00:00:00"
892771200,14256000,17131.149,True,"2028-04-16 12:00:00 UTC","165d, 00:00:00"
892771200,14688000,19478.653,True,"2028-04-16 12:00:00 UTC","170d, 00:00:00"
892771200,15120000,22433.946,True,"2028-04-16 12:00:00 UTC","175d, 00:00:00"
892771200,15552000,25206.544,False,"2028-04-16 12:00:00 UTC","180d, 00:00:00"
892771200,15984000,24227.428,False,"2028-04-16 12:00:00 UTC","185d, 00:00:00"
892771200,16416000,23270.714,False,"2028-04-16 12:00:00 UTC","190d, 00:00:00"
892771200,16848000,22335.934,False,"2028-04-16 12:00:00 UTC","195d, 00:00:00"
892771200,17280000,21422.82,False,"2028-04-16 12:00:00 UTC","200d, 00:00:00"
892771200,17712000,20531.271,False,"2028-04-16 12:00:00 UTC","205d, 00:00:00"
892771200,18144000,19661.32,False,"2028-04-16 12:00:00 UTC","210d, 00:00:00"
892771200,18576000,18813.106,False,"2028-04-16 12:00:00 UTC","215d, 00:00:00"
892771200,19008000,17986.851,False,"2028-04-16 12:00:00 UTC","220d, 00:00:00"
892771200,19440000,17182.839,False,"2028-04-16 12:00:00 UTC","225d, 00:00:00"
892771200,19872000,16401.397,False,"2028-04-16 12:00:00 UTC","230d, 00:00:00"
892771200,20304000,15642.877,False,"2028-04-16 12:00:00 UTC","235d, 00:00:00"
892771200,20736000,14907.642,False,"2028-04-16 12:00:00 UTC","240d, 00:00:00"
892771200,21168000,14196.055,False,"2028-04-16 12:00:00 UTC","245d, 00:00:00"
892771200,21600000,13508.467,False,"2028-04-16 12:00:00 UTC","250d, 00:00:00"
892771200,22032000,12845.207,False,"2028-04-16 12:00:00 UTC","255d, 00:00:00"
892771200,22464000,12206.579,False,"2028-04-16 12:00:00 UTC","260d, 00:00:00"
892771200,22896000,11592.854,False,"2028-04-16 12:00:00 UTC","265d, 00:00:00"
892771200,23328000,11004.27,False,"2028-04-16 12:00:00 UTC","270d, 00:00:00"
892771200,23760000,10441.03,False,"2028-04-16 12:00:00 UTC","275d, 00:00:00"
892771200,24192000,9903.312,False,"2028-04-16 12:00:00 UTC","280d, 00:00:00"
892771200,24624000,9391.27,False,"2028-04-16 12:00:00 UTC","285d, 00:00:00"
892771200,25056000,8905.055,False,"2028-04-16 12:00:00 UTC","290d, 00:00:00"
892771200,25488000,8444.841,False,"2028-04-16 12:00:00 UTC","295d, 00:00:00"
892771200,25920000,8010.861,False,"2028-04-16 12:00:00 UTC","300d, 00:00:00"
892771200,26352000,7603.487,False,"2028-04-16 12:00:00 UTC","305d, 00:00:00"
892771200,26784000,7223.344,False,"2028-04-16 12:00:00 UTC","310d, 00:00:00"
892771200,27216000,6871.543,False,"2028-04-16 12:00:00 UTC","315d, 00:00:00"
892771200,27648000,6550.118,False,"2028-04-16 12:00:00 UTC","320d, 00:00:00"
892771200,28080000,6262.971,False,"2028-04-16 12:00:00 UTC","325d, 00:00:00"
892771200,28512000,6018.077,False,"2028-04-16 12:00:00 UTC","330d, 00:00:00"
892771200,28944000,5833.44,False,"2028-04-16 12:00:00 UTC","335d, 00:00:00"
892771200,29376000,5756.434,False,"2028-04-16 12:00:00 UTC","340d, 00:00:00"
892771200,29808000,5946.839,False,"2028-04-16 12:00:00 UTC","345d, 00:00:00"
892771200,30240000,7260.357,False,"2028-04-16 12:00:00 UTC","350d, 00:00:00"
892771200,30672000,28129.812,False,"2028-04-16 12:00:00 UTC","355d, 00:00:00"
892771200,31104000,6396.194,True,"2028-04-16 12:00:00 UTC","360d, 00:00:00"
892771200,31536000,4625.656,True,"2028-04-16 12:00:00 UTC","365d, 00:00:00"
892771200,31968000,4167.315,True,"2028-04-16 12:00:00 UTC","370d, 00:00:00"
892771200,32400000,3943.376,True,"2028-04-16 12:00:00 UTC","375d, 00:00:00"
892771200,32832000,3795.116,True,"2028-04-16 12:00:00 UTC","380d, 00:00:00"
892771200,33264000,3683.551,True,"2028-04-16 12:00:00 UTC","385d, 00:00:00"
892771200,33696000,3595.818,True,"2028-04-16 12:00:00 UTC","390d, 00:00:00"
892771200,34128000,3526.724,True,"2028-04-16 12:00:00 UTC","395d, 00:00:00"
892771200,34560000,3473.832,True,"2028-04-16 12:00:00 UTC","400d, 00:00:00"
892771200,34992000,3435.887,True,"2028-04-16 12:00:00 UTC","405d, 00:00:00"
892771200,35424000,3412.24,True,"2028-04-16 12:00:00 UTC","410d, 00:00:00"
892771200,35856000,3402.63,True,"2028-04-16 12:00:00 UTC","415d, 00:00:00"
892771200,36288000,3407.109,True,"2028-04-16 12:00:00 UTC","420d, 00:00:00"
892771200,36720000,3426.039,True,"2028-04-16 12:00:00 UTC","425d, 00:00:00"
892771200,37152000,3460.116,True,"2028-04-16 12:00:00 UTC","430d, 00:00:00"
892771200,37584000,3510.425,True,"2028-04-16 12:00:00 UTC","435d, 00:00:00"
892771200,38016000,3578.522,True,"2028-04-16 12:00:00 UTC","440d, 00:00:00"
892771200,38448000,3666.522,True,"2028-04-16 12:00:00 UTC","445d, 00:00:00"
892771200,38880000,3777.232,True,"2028-04-16 12:00:00 UTC","450d, 00:00:00"
892771200,39312000,3914.306,True,"2028-04-16 12:00:00 UTC","455d, 00:00:00"
892771200,39744000,4082.452,True,"2028-04-16 12:00:00 UTC","460d, 00:00:00"
892771200,40176000,4287.706,True,"2028-04-16 12:00:00 UTC","465d, 00:00:00"
892771200,40608000,4537.789,True,"2028-04-16 12:00:00 UTC","470d, 00:00:00"
892771200,41040000,4842.599,True,"2028-04-16 12:00:00 UTC","475d, 00:00:00"
892771200,41472000,5214.876,True,"2028-04-16 12:00:00 UTC","480d, 00:00:00"
892771200,41904000,5671.136,True,"2028-04-16 12:00:00 UTC","485d, 00:00:00"
892771200,42336000,6232.978,True,"2028-04-16 12:00:00 UTC","490d, 00:00:00"
892771200,42768000,6928.929,True,"2028-04-16 12:00:00 UTC","495d, 00:00:00"
892771200,43200000,7797.055,True,"2028-04-16 12:00:00 UTC","500d, 00:00:00"
894191115.789,10368000,20023.887,True,"2028-05-02 22:25:15 UTC","120d, 00:00:00"
894191115.789,10800000,18593.051,True,"2028-05-02 22:25:15 UTC","125d, 00:00:00"
894191115.789,11232000,17369.638,True,"2028-05-02 22:25:15 UTC","130d, 00:00:00"
894191115.789,11664000,16385.335,True,"2028-05-02 22:25:15 UTC","135d, 00:00:00"
894191115.789,12096000,15693.383,True,"2028-05-02 22:25:15 UTC","140d, 00:00:00"
894191115.789,12528000,15374.404,True,"2028-05-02 22:25:15 UTC","145d, 00:00:00"
894191115.789,12960000,15538.94,True,"2028-05-02 22:25:15 UTC","150d, 00:00:00"
894191115.789,13392000,16317.329,True,"2028-05-02 22:25:15 UTC","155d, 00:00:00"
894191115.789,13824000,17819.716,True,"2028-05-02 22:25:15 UTC","160d, 00:00:00"
894191115.789,14256000,20050.769,True,"2028-05-02 22:25:15 UTC","165d, 00:00:00"
894191115.789,14688000,22812.923,True,"2028-05-02 22:25:15 UTC","170d, 00:00:00"
894191115.789,15120000,24165.289,False,"2028-05-02 22:25:15 UTC","175d, 00:00:00"
894191115.789,15552000,23161.252,False,"2028-05-02 22:25:15 UTC","180d, 00:00:00"
894191115.789,15984000,22183.455,False,"2028-05-02 22:25:15 UTC","185d, 00:00:00"
894191115.789,16416000,21231.184,False,"2028-05-02 22:25:15 UTC","190d, 00:00:00"
894191115.789,16848000,20303.957,False,"2028-05-02 22:25:15 UTC","195d, 00:00:00"
894191115.789,17280000,19401.484,False,"2028-05-02 22:25:15 UTC","200d, 00:00:00"
894191115.789,17712000,18523.633,False,"2028-05-02 22:25:15 UTC","205d, 00:00:00"
894191115.789,18144000,17670.397,False,"2028-05-02 22:25:15 UTC","210d, 00:00:00"
894191115.789,18576000,16841.865,False,"2028-05-02 22:25:15 UTC","215d, 00:00:00"
894191115.789,19008000,16038.196,False,"2028-05-02 22:25:15 UTC","220d, 00:00:00"
894191115.789,19440000,15259.602,False,"2028-05-02 22:25:15 UTC","225d, 00:00:00"
894191115.789,19872000,14506.323,False,"2028-05-02 22:25:15 UTC","230d, 00:00:00"
894191115.789,20304000,13778.615,False,"2028-05-02 22:25:15 UTC","235d, 00:00:00"
894191115.789,20736000,13076.735,False,"2028-05-02 22:25:15 UTC","240d, 00:00:00"
894191115.789,21168000,12400.929,False,"2028-05-02 22:25:15 UTC","245d, 00:00:00"
894191115.789,21600000,11751.419,False,"2028-05-02 22:25:15 UTC","250d, 00:00:00"
894191115.789,22032000,11128.403,False,"2028-05-02 22:25:15 UTC","255d, 00:00:00"
894191115.789,22464000,10532.04,False,"2028-05-02 22:25:15 UTC","260d, 00:00:00"
894191115.789,22896000,9962.457,False,"2028-05-02 22:25:15 UTC","265d, 00:00:00"
894191115.789,23328000,9419.741,False,"2028-05-02 22:25:15 UTC","270d, 00:00:00"
894191115.789,23760000,8903.944,False,"2028-05-02 22:25:15 UTC","275d, 00:00:00"
894191115.789,24192000,8415.094,False,"2028-05-02 22:25:15 UTC","280d, 00:00:00"
894191115.789,24624000,7953.201,False,"2028-05-02 22:25:15 UTC","285d, 00:00:00"
894191115.789,25056000,7518.284,False,"2028-05-02 22:25:15 UTC","290d, 00:00:00"
894191115.789,25488000,7110.403,False,"2028-05-02 22:25:15 UTC","295d, 00:00:00"
894191115.789,25920000,6729.721,False,"2028-05-02 22:25:15 UTC","300d, 00:00:00"
894191115.789,26352000,6376.609,False,"2028-05-02 22:25:15 UTC","305d, 00:00:00"
894191115.789,26784000,6051.837,False,"2028-05-02 22:25:15 UTC","310d, 00:00:00"
894191115.789,27216000,5756.961,False,"2028-05-02 22:25:15 UTC","315d, 00:00:00"
894191115.789,27648000,5495.146,False,"2028-05-02 22:25:15 UTC","320d, 00:00:00"
894191115.789,28080000,5273.16,False,"2028-05-02 22:25:15 UTC","325d, 00:00:00"
894191115.789,28512000,5106.93,False,"2028-05-02 22:25:15 UTC","330d, 00:00:00"
894191115.789,28944000,5040.722,False,"2028-05-02 22:25:15 UTC","335d, 00:00:00"
894191115.789,29376000,5239.029,False,"2028-05-02 22:25:15 UTC","340d, 00:00:00"
894191115.789,29808000,6821.7,False,"2028-05-02 22:25:15 UTC","345d, 00:00:00"
894191115.789,30240000,14258.785,True,"2028-05-02 22:25:15 UTC","350d, 00:00:00"
894191115.789,30672000,4471.961,True,"2028-05-02 22:25:15 UTC","355d, 00:00:00"
894191115.789,31104000,3768.44,True,"2028-05-02 22:25:15 UTC","360d, 00:00:00"
894191115.789,31536000,3547.883,True,"2028-05-02 22:25:15 UTC","365d, 00:00:00"
894191115.789,31968000,3422.287,True,"2028-05-02 22:25:15 UTC","370d, 00:00:00"
894191115.789,32400000,3331.867,True,"2028-05-02 22:25:15 UTC","375d, 00:00:00"
894191115.789,32832000,3261.915,True,"2028-05-02 22:25:15 UTC","380d, 00:00:00"
894191115.789,33264000,3207.561,True,"2028-05-02 22:25:15 UTC","385d, 00:00:00"
894191115.789,33696000,3166.78,True,"2028-05-02 22:25:15 UTC","390d, 00:00:00"
894191115.789,34128000,3138.566,True,"2028-05-02 22:25:15 UTC","395d, 00:00:00"
894191115.789,34560000,3122.389,True,"2028-05-02 22:25:15 UTC","400d, 00:00:00"
894191115.789,34992000,3118.019,True,"2028-05-02 22:25:15 UTC","405d, 00:00:00"
894191115.789,35424000,3125.486,True,"2028-05-02 22:25:15 UTC","410d, 00:00:00"
894191115.789,35856000,3145.098,True,"2028-05-02 22:25:15 UTC","415d, 00:00:00"
894191115.789,36288000,3177.477,True,"2028-05-02 22:25:15 UTC","420d, 00:00:00"
894191115.789,36720000,3223.617,True,"2028-05-02 22:25:15 UTC","425d, 00:00:00"
894191115.789,37152000,3284.95,True,"2028-05-02 22:25:15 UTC","430d, 00:00:00"
894191115.789,37584000,3363.436,True,"2028-05-02 22:25:15 UTC","435d, 00:00:00"
894191115.789,38016000,3461.667,True,"2028-05-02 22:25:15 UTC","440d, 00:00:00"
894191115.789,38448000,3582.992,True,"2028-05-02 22:25:15 UTC","445d, 00:00:00"
894191115.789,38880000,3731.689,True,"2028-05-02 22:25:15 UTC","450d, 00:00:00"
894191115.789,39312000,3913.181,True,"2028-05-02 22:25:15 UTC","455d, 00:00:00"
894191115.789,39744000,4134.313,True,"2028-05-02 22:25:15 UTC","460d, 00:00:00"
894191115.789,40176000,4403.741,True,"2028-05-02 22:25:15 UTC","465d, 00:00:00"
894191115.789,40608000,4732.446,True,"2028-05-02 22:25:15 UTC","470d, 00:00:00"
894191115.789,41040000,5134.448,True,"2028-05-02 22:25:15 UTC","475d, 00:00:00"
894191115.789,41472000,5627.799,True,"2028-05-02 22:25:15 UTC","480d, 00:00:00"
894191115.789,41904000,6235.966,True,"2028-05-02 22:25:15 UTC","485d, 00:00:00"
894191115.789,42336000,6989.784,True,"2028-05-02 22:25:15 UTC","490d, 00:00:00"
894191115.789,42768000,7930.136,True,"2028-05-02 22:25:15 UTC","495d, 00:00:00"
894191115.789,43200000,9111.543,True,"2028-05-02 22:25:15 UTC","500d, 00:00:00"
895611031.579,10368000,20081.633,True,"2028-05-19 08:50:31 UTC","120d, 00:00:00"
895611031.579,10800000,18716.386,True,"2028-05-19 08:50:31 UTC","125d, 00:00:00"
895611031.579,11232000,17606.976,True,"2028-05-19 08:50:31 UTC","130d, 00:00:00"
895611031.579,11664000,16806.871,True,"2028-05-19 08:50:31 UTC","135d, 00:00:00"
895611031.579,12096000,16397.278,True,"2028-05-19 08:50:31 UTC","140d, 00:00:00"
895611031.579,12528000,16487.476,True,"2028-05-19 08:50:31 UTC","145d, 00:00:00"
895611031.579,12960000,17199.25,True,"2028-05-19 08:50:31 UTC","150d, 00:00:00"
895611031.579,13392000,18618.645,True,"2028-05-19 08:50:31 UTC","155d, 00:00:00"
895611031.579,13824000,20710.67,True,"2028-05-19 08:50:31 UTC","160d, 00:00:00"
895611031.579,14256000,24080.06,False,"2028-05-19 08:50:31 UTC","165d, 00:00:00"
895611031.579,14688000,23020.799,False,"2028-05-19 08:50:31 UTC","170d, 00:00:00"
895611031.579,15120000,21993.489,False,"2028-05-19 08:50:31 UTC","175d, 00:00:00"
895611031.579,15552000,20996.781,False,"2028-05-19 08:50:31 UTC","180d, 00:00:00"
895611031.579,15984000,20029.658,False,"2028-05-19 08:50:31 UTC","185d, 00:00:00"
895611031.579,16416000,19091.378,False,"2028-05-19 08:50:31 UTC","190d, 00:00:00"
895611031.579,16848000,18181.425,False,"2028-05-19 08:50:31 UTC","195d, 00:00:00"
895611031.579,17280000,17299.462,False,"2028-05-19 08:50:31 UTC","200d, 00:00:00"
895611031.579,17712000,16445.301,False,"2028-05-19 08:50:31 UTC","205d, 00:00:00"
895611031.579,18144000,15618.863,False,"2028-05-19 08:50:31 UTC","210d, 00:00:00"
895611031.579,18576000,14820.154,False,"2028-05-19 08:50:31 UTC","215d, 00:00:00"
895611031.579,19008000,14049.238,False,"2028-05-19 08:50:31 UTC","220d, 00:00:00"
895611031.579,19440000,13306.218,False,"2028-05-19 08:50:31 UTC","225d, 00:00:00"
895611031.579,19872000,12591.215,False,"2028-05-19 08:50:31 UTC","230d, 00:00:00"
895611031.579,20304000,11904.354,False,"2028-05-19 08:50:31 UTC","235d, 00:00:00"
895611031.579,20736000,11245.747,False,"2028-05-19 08:50:31 UTC","240d, 00:00:00"
895611031.579,21168000,10615.49,False,"2028-05-19 08:50:31 UTC","245d, 00:00:00"
895611031.579,21600000,10013.643,False,"2028-05-19 08:50:31 UTC","250d, 00:00:00"
895611031.579,22032000,9440.235,False,"2028-05-19 08:50:31 UTC","255d, 00:00:00"
895611031.579,22464000,8895.249,False,"2028-05-19 08:50:31 UTC","260d, 00:00:00"
895611031.579,22896000,8378.63,False,"2028-05-19 08:50:31 UTC","265d, 00:00:00"
895611031.579,23328000,7890.275,False,"2028-05-19 08:50:31 UTC","270d, 00:00:00"
895611031.579,23760000,7430.046,False,"2028-05-19 08:50:31 UTC","275d, 00:00:00"
895611031.579,24192000,6997.771,False,"2028-05-19 08:50:31 UTC","280d, 00:00:00"
895611031.579,24624000,6593.261,False,"2028-05-19 08:50:31 UTC","285d, 00:00:00"
895611031.579,25056000,6216.332,False,"2028-05-19 08:50:31 UTC","290d, 00:00:00"
895611031.579,25488000,5866.85,False,"2028-05-19 08:50:31 UTC","295d, 00:00:00"
895611031.579,25920000,5544.798,False,"2028-05-19 08:50:31 UTC","300d, 00:00:00"
895611031.579,26352000,5250.413,False,"2028-05-19 08:50:31 UTC","305d, 00:00:00"
895611031.579,26784000,4984.456,False,"2028-05-19 08:50:31 UTC","310d, 00:00:00"
895611031.579,27216000,4748.799,False,"2028-05-19 08:50:31 UTC","315d, 00:00:00"
895611031.579,27648000,4547.882,False,"2028-05-19 08:50:31 UTC","320d, 00:00:00"
895611031.579,28080000,4392.967,False,"2028-05-19 08:50:31 UTC","325d, 00:00:00"
895611031.579,28512000,4318,False,"2028-05-19 08:50:31 UTC","330d, 00:00:00"
895611031.579,28944000,4468.845,False,"2028-05-19 08:50:31 UTC","335d, 00:00:00"
895611031.579,29376000,6401.349,False,"2028-05-19 08:50:31 UTC","340d, 00:00:00"
895611031.579,29808000,4939.323,True,"2028-05-19 08:50:31 UTC","345d, 00:00:00"
895611031.579,30240000,3354.652,True,"2028-05-19 08:50:31 UTC","350d, 00:00:00"
895611031.579,30672000,3180.654,True,"2028-05-19 08:50:31 UTC","355d, 00:00:00"
895611031.579,31104000,3097.821,True,"2028-05-19 08:50:31 UTC","360d, 00:00:00"
895611031.579,31536000,3036.458,True,"2028-05-19 08:50:31 UTC","365d, 00:00:00"
895611031.579,31968000,2987.457,True,"2028-05-19 08:50:31 UTC","370d, 00:00:00"
895611031.579,32400000,2948.99,True,"2028-05-19 08:50:31 UTC","375d, 00:00:00"
895611031.579,32832000,2920.469,True,"2028-05-19 08:50:31 UTC","380d, 00:00:00"
895611031.579,33264000,2901.57,True,"2028-05-19 08:50:31 UTC","385d, 00:00:00"
895611031.579,33696000,2892.091,True,"2028-05-19 08:50:31 UTC","390d, 00:00:00"
895611031.579,34128000,2891.96,True,"2028-05-19 08:50:31 UTC","395d, 00:00:00"
895611031.579,34560000,2901.294,True,"2028-05-19 08:50:31 UTC","400d, 00:00:00"
895611031.579,34992000,2920.449,True,"2028-05-19 08:50:31 UTC","405d, 00:00:00"
895611031.579,35424000,2950.081,True,"2028-05-19 08:50:31 UTC","410d, 00:00:00"
895611031.579,35856000,2991.206,True,"2028-05-19 08:50:31 UTC","415d, 00:00:00"
895611031.579,36288000,3045.265,True,"2028-05-19 08:50:31 UTC","420d, 00:00:00"
895611031.579,36720000,3114.196,True,"2028-05-19 08:50:31 UTC","425d, 00:00:00"
895611031.579,37152000,3200.52,True,"2028-05-19 08:50:31 UTC","430d, 00:00:00"
895611031.579,37584000,3307.451,True,"2028-05-19 08:50:31 UTC","435d, 00:00:00"
895611031.579,38016000,3439.021,True,"2028-05-19 08:50:31 UTC","440d, 00:00:00"
895611031.579,38448000,3600.259,True,"2028-05-19 08:50:31 UTC","445d, 00:00:00"
895611031.579,38880000,3797.409,True,"2028-05-19 08:50:31 UTC","450d, 00:00:00"
895611031.579,39312000,4038.239,True,"2028-05-19 08:50:31 UTC","455d, 00:00:00"
895611031.579,39744000,4332.446,True,"2028-05-19 08:50:31 UTC","460d, 00:00:00"
895611031.579,40176000,4692.213,True,"2028-05-19 08:50:31 UTC","465d, 00:00:00"
895611031.579,40608000,5132.987,True,"2028-05-19 08:50:31 UTC","470d, 00:00:00"
895611031.579,41040000,5674.543,True,"2028-05-19 08:50:31 UTC","475d, 00:00:00"
895611031.579,41472000,6342.471,True,"2028-05-19 08:50:31 UTC","480d, 00:00:00"
895611031.579,41904000,7170.216,True,"2028-05-19 08:50:31 UTC","485d, 00:00:00"
895611031.579,42336000,8201.821,True,"2028-05-19 08:50:31 UTC","490d, 00:00:00"
895611031.579,42768000,9495.357,True,"2028-05-19 08:50:31 UTC","495d, 00:00:00"
895611031.579,43200000,11126.496,True,"2028-05-19 08:50:31 UTC","500d, 00:00:00"
897030947.368,10368000,20186.435,True,"2028-06-04 19:15:47 UTC","120d, 00:00:00"
897030947.368,10800000,18947.589,True,"2028-06-04 19:15:47 UTC","125d, 00:00:00"
897030947.368,11232000,18038.714,True,"2028-06-04 19:15:47 UTC","130d, 00:00:00"
897030947.368,11664000,17540.316,True,"2028-06-04 19:15:47 UTC","135d, 00:00:00"
897030947.368,12096000,17557.461,True,"2028-06-04 19:15:47 UTC","140d, 00:00:00"
897030947.368,12528000,18198.028,True,"2028-06-04 19:15:47 UTC","145d, 00:00:00"
897030947.368,12960000,19518.223,True,"2028-06-04 19:15:47 UTC","150d, 00:00:00"
897030947.368,13392000,21445.115,True,"2028-06-04 19:15:47 UTC","155d, 00:00:00"
897030947.368,13824000,22867.648,False,"2028-06-04 19:15:47 UTC","160d, 00:00:00"
897030947.368,14256000,21782.201,False,"2028-06-04 19:15:47 UTC","165d, 00:00:00"
897030947.368,14688000,20734.006,False,"2028-06-04 19:15:47 UTC","170d, 00:00:00"
897030947.368,15120000,19721.297,False,"2028-06-04 19:15:47 UTC","175d, 00:00:00"
897030947.368,15552000,18742.701,False,"2028-06-04 19:15:47 UTC","180d, 00:00:00"
897030947.368,15984000,17797.164,False,"2028-06-04 19:15:47 UTC","185d, 00:00:00"
897030947.368,16416000,16883.895,False,"2028-06-04 19:15:47 UTC","190d, 00:00:00"
897030947.368,16848000,16002.314,False,"2028-06-04 19:15:47 UTC","195d, 00:00:00"
897030947.368,17280000,15152.011,False,"2028-06-04 19:15:47 UTC","200d, 00:00:00"
897030947.368,17712000,14332.706,False,"2028-06-04 19:15:47 UTC","205d, 00:00:00"
897030947.368,18144000,13544.217,False,"2028-06-04 19:15:47 UTC","210d, 00:00:00"
897030947.368,18576000,12786.431,False,"2028-06-04 19:15:47 UTC","215d, 00:00:00"
897030947.368,19008000,12059.284,False,"2028-06-04 19:15:47 UTC","220d, 00:00:00"
897030947.368,19440000,11362.734,False,"2028-06-04 19:15:47 UTC","225d, 00:00:00"
897030947.368,19872000,10696.746,False,"2028-06-04 19:15:47 UTC","230d, 00:00:00"
897030947.368,20304000,10061.278,False,"2028-06-04 19:15:47 UTC","235d, 00:00:00"
897030947.368,20736000,9456.266,False,"2028-06-04 19:15:47 UTC","240d, 00:00:00"
897030947.368,21168000,8881.614,False,"2028-06-04 19:15:47 UTC","245d, 00:00:00"
897030947.368,21600000,8337.186,False,"2028-06-04 19:15:47 UTC","250d, 00:00:00"
897030947.368,22032000,7822.798,False,"2028-06-04 19:15:47 UTC","255d, 00:00:00"
897030947.368,22464000,7338.212,False,"2028-06-04 19:15:47 UTC","260d, 00:00:00"
897030947.368,22896000,6883.137,False,"2028-06-04 19:15:47 UTC","265d, 00:00:00"
897030947.368,23328000,6457.219,False,"2028-06-04 19:15:47 UTC","270d, 00:00:00"
897030947.368,23760000,6060.049,False,"2028-06-04 19:15:47 UTC","275d, 00:00:00"
897030947.368,24192000,5691.158,False,"2028-06-04 19:15:47 UTC","280d, 00:00:00"
897030947.368,24624000,5350.031,False,"2028-06-04 19:15:47 UTC","285d, 00:00:00"
897030947.368,25056000,5036.113,False,"2028-06-04 19:15:47 UTC","290d, 00:00:00"
897030947.368,25488000,4748.835,False,"2028-06-04 19:15:47 UTC","295d, 00:00:00"
897030947.368,25920000,4487.654,False,"2028-06-04 19:15:47 UTC","300d, 00:00:00"
897030947.368,26352000,4252.147,False,"2028-06-04 19:15:47 UTC","305d, 00:00:00"
897030947.368,26784000,4042.197,False,"2028-06-04 19:15:47 UTC","310d, 00:00:00"
897030947.368,27216000,3858.483,False,"2028-06-04 19:15:47 UTC","315d, 00:00:00"
897030947.368,27648000,3703.939,False,"2028-06-04 19:15:47 UTC","320d, 00:00:00"
897030947.368,28080000,3589.648,False,"2028-06-04 19:15:47 UTC","325d, 00:00:00"
897030947.368,28512000,3575.781,False,"2028-06-04 19:15:47 UTC","330d, 00:00:00"
897030947.368,28944000,6023.648,False,"2028-06-04 19:15:47 UTC","335d, 00:00:00"
897030947.368,29376000,2964.266,True,"2028-06-04 19:15:47 UTC","340d, 00:00:00"
897030947.368,29808000,2936.138,True,"2028-06-04 19:15:47 UTC","345d, 00:00:00"
897030947.368,30240000,2893.558,True,"2028-06-04 19:15:47 UTC","350d, 00:00:00"
897030947.368,30672000,2850.21,True,"2028-06-04 19:15:47 UTC","355d, 00:00:00"
897030947.368,31104000,2812.298,True,"2028-06-04 19:15:47 UTC","360d, 00:00:00"
897030947.368,31536000,2781.64,True,"2028-06-04 19:15:47 UTC","365d, 00:00:00"
897030947.368,31968000,2758.638,True,"2028-06-04 19:15:47 UTC","370d, 00:00:00"
897030947.368,32400000,2743.227,True,"2028-06-04 19:15:47 UTC","375d, 00:00:00"
897030947.368,32832000,2735.259,True,"2028-06-04 19:15:47 UTC","380d, 00:00:00"
897030947.368,33264000,2734.675,True,"2028-06-04 19:15:47 UTC","385d, 00:00:00"
897030947.368,33696000,2741.612,True,"2028-06-04 19:15:47 UTC","390d, 00:00:00"
897030947.368,34128000,2756.472,True,"2028-06-04 19:15:47 UTC","395d, 00:00:00"
897030947.368,34560000,2779.98,True,"2028-06-04 19:15:47 UTC","400d, 00:00:00"
897030947.368,34992000,2813.233,True,"2028-06-04 19:15:47 UTC","405d, 00:00:00"
897030947.368,35424000,2857.753,True,"2028-06-04 19:15:47 UTC","410d, 00:00:00"
897030947.368,35856000,2915.541,True,"2028-06-04 19:15:47 UTC","415d, 00:00:00"
897030947.368,36288000,2989.147,True,"2028-06-04 19:15:47 UTC","420d, 00:00:00"
897030947.368,36720000,3081.747,True,"2028-06-04 19:15:47 UTC","425d, 00:00:00"
897030947.368,37152000,3197.249,True,"2028-06-04 19:15:47 UTC","430d, 00:00:00"
897030947.368,37584000,3340.424,True,"2028-06-04 19:15:47 UTC","435d, 00:00:00"
897030947.368,38016000,3517.088,True,"2028-06-04 19:15:47 UTC","440d, 00:00:00"
897030947.368,38448000,3734.343,True,"2028-06-04 19:15:47 UTC","445d, 00:00:00"
897030947.368,38880000,4000.906,True,"2028-06-04 19:15:47 UTC","450d, 00:00:00"
897030947.368,39312000,4327.562,True,"2028-06-04 19:15:47 UTC","455d, 00:00:00"
897030947.368,39744000,4727.78,True,"2028-06-04 19:15:47 UTC","460d, 00:00:00"
897030947.368,40176000,5218.56,True,"2028-06-04 19:15:47 UTC","465d, 00:00:00"
897030947.368,40608000,5821.599,True,"2028-06-04 19:15:47 UTC","470d, 00:00:00"
897030947.368,41040000,6564.877,True,"2028-06-04 19:15:47 UTC","475d, 00:00:00"
897030947.368,41472000,7484.781,True,"2028-06-04 19:15:47 UTC","480d, 00:00:00"
897030947.368,41904000,8628.802,True,"2028-06-04 19:15:47 UTC","485d, 00:00:00"
897030947.368,42336000,10058.564,True,"2028-06-04 19:15:47 UTC","490d, 00:00:00"
897030947.368,42768000,11852.002,True,"2028-06-04 19:15:47 UTC","495d, 00:00:00"
897030947.368,43200000,14101.16,True,"2028-06-04 19:15:47 UTC","500d, 00:00:00"
898450863.158,10368000,20425.415,True,"2028-06-21 05:41:03 UTC","120d, 00:00:00"
898450863.158,10800000,19403.768,True,"2028-06-21 05:41:03 UTC","125d, 00:00:00"
898450863.158,11232000,18813.814,True,"2028-06-21 05:41:03 UTC","130d, 00:00:00"
898450863.158,11664000,18752.65,True,"2028-06-21 05:41:03 UTC","135d, 00:00:00"
898450863.158,12096000,19308.979,True,"2028-06-21 05:41:03 UTC","140d, 00:00:00"
898450863.158,12528000,20506.434,True,"2028-06-21 05:41:03 UTC","145d, 00:00:00"
898450863.158,12960000,22722.877,False,"2028-06-21 05:41:03 UTC","150d, 00:00:00"
898450863.158,13392000,21567.96,False,"2028-06-21 05:41:03 UTC","155d, 00:00:00"
898450863.158,13824000,20458.988,False,"2028-06-21 05:41:03 UTC","160d, 00:00:00"
898450863.158,14256000,19393.156,False,"2028-06-21 05:41:03 UTC","165d, 00:00:00"
898450863.158,14688000,18368.212,False,"2028-06-21 05:41:03 UTC","170d, 00:00:00"
898450863.158,15120000,17382.361,False,"2028-06-21 05:41:03 UTC","175d, 00:00:00"
898450863.158,15552000,16434.183,False,"2028-06-21 05:41:03 UTC","180d, 00:00:00"
898450863.158,15984000,15522.563,False,"2028-06-21 05:41:03 UTC","185d, 00:00:00"
898450863.158,16416000,14646.633,False,"2028-06-21 05:41:03 UTC","190d, 00:00:00"
898450863.158,16848000,13805.723,False,"2028-06-21 05:41:03 UTC","195d, 00:00:00"
898450863.158,17280000,12999.315,False,"2028-06-21 05:41:03 UTC","200d, 00:00:00"
898450863.158,17712000,12227.007,False,"2028-06-21 05:41:03 UTC","205d, 00:00:00"
898450863.158,18144000,11488.479,False,"2028-06-21 05:41:03 UTC","210d, 00:00:00"
898450863.158,18576000,10783.469,False,"2028-06-21 05:41:03 UTC","215d, 00:00:00"
898450863.158,19008000,10111.747,False,"2028-06-21 05:41:03 UTC","220d, 00:00:00"
898450863.158,19440000,9473.093,False,"2028-06-21 05:41:03 UTC","225d, 00:00:00"
898450863.158,19872000,8867.281,False,"2028-06-21 05:41:03 UTC","230d, 00:00:00"
898450863.158,20304000,8294.061,False,"2028-06-21 05:41:03 UTC","235d, 00:00:00"
898450863.158,20736000,7753.15,False,"2028-06-21 05:41:03 UTC","240d, 00:00:00"
898450863.158,21168000,7244.216,False,"2028-06-21 05:41:03 UTC","245d, 00:00:00"
898450863.158,21600000,6766.865,False,"2028-06-21 05:41:03 UTC","250d, 00:00:00"
898450863.158,22032000,6320.637,False,"2028-06-21 05:41:03 UTC","255d, 00:00:00"
898450863.158,22464000,5904.99,False,"2028-06-21 05:41:03 UTC","260d, 00:00:00"
898450863.158,22896000,5519.294,False,"2028-06-21 05:41:03 UTC","265d, 00:00:00"
898450863.158,23328000,5162.818,False,"2028-06-21 05:41:03 UTC","270d, 00:00:00"
898450863.158,23760000,4834.717,False,"2028-06-21 05:41:03 UTC","275d, 00:00:00"
898450863.158,24192000,4534.017,False,"2028-06-21 05:41:03 UTC","280d, 00:00:00"
898450863.158,24624000,4259.591,False,"2028-06-21 05:41:03 UTC","285d, 00:00:00"
898450863.158,25056000,4010.121,False,"2028-06-21 05:41:03 UTC","290d, 00:00:00"
898450863.158,25488000,3784.034,False,"2028-06-21 05:41:03 UTC","295d, 00:00:00"
898450863.158,25920000,3579.38,False,"2028-06-21 05:41:03 UTC","300d, 00:00:00"
898450863.158,26352000,3393.577,False,"2028-06-21 05:41:03 UTC","305d, 00:00:00"
898450863.158,26784000,3222.843,False,"2028-06-21 05:41:03 UTC","310d, 00:00:00"
898450863.158,27216000,3060.82,False,"2028-06-21 05:41:03 UTC","315d, 00:00:00"
898450863.158,27648000,2896.205,False,"2028-06-21 05:41:03 UTC","320d, 00:00:00"
898450863.158,28080000,2785.005,False,"2028-06-21 05:41:03 UTC","325d, 00:00:00"
898450863.158,28512000,5691.321,True,"2028-06-21 05:41:03 UTC","330d, 00:00:00"
898450863.158,28944000,3267.199,True,"2028-06-21 05:41:03 UTC","335d, 00:00:00"
898450863.158,29376000,2995.888,True,"2028-06-21 05:41:03 UTC","340d, 00:00:00"
898450863.158,29808000,2874.631,True,"2028-06-21 05:41:03 UTC","345d, 00:00:00"
898450863.158,30240000,2799.719,True,"2028-06-21 05:41:03 UTC","350d, 00:00:00"
898450863.158,30672000,2747.851,True,"2028-06-21 05:41:03 UTC","355d, 00:00:00"
898450863.158,31104000,2710.564,True,"2028-06-21 05:41:03 UTC","360d, 00:00:00"
898450863.158,31536000,2683.908,True,"2028-06-21 05:41:03 UTC","365d, 00:00:00"
898450863.158,31968000,2665.813,True,"2028-06-21 05:41:03 UTC","370d, 00:00:00"
898450863.158,32400000,2655.217,True,"2028-06-21 05:41:03 UTC","375d, 00:00:00"
898450863.158,32832000,2651.736,True,"2028-06-21 05:41:03 UTC","380d, 00:00:00"
898450863.158,33264000,2655.521,True,"2028-06-21 05:41:03 UTC","385d, 00:00:00"
898450863.158,33696000,2667.204,True,"2028-06-21 05:41:03 UTC","390d, 00:00:00"
898450863.158,34128000,2687.881,True,"2028-06-21 05:41:03 UTC","395d, 00:00:00"
898450863.158,34560000,2719.12,True,"2028-06-21 05:41:03 UTC","400d, 00:00:00"
898450863.158,34992000,2762.984,True,"2028-06-21 05:41:03 UTC","405d, 00:00:00"
898450863.158,35424000,2822.064,True,"2028-06-21 05:41:03 UTC","410d, 00:00:00"
898450863.158,35856000,2899.529,True,"2028-06-21 05:41:03 UTC","415d, 00:00:00"
898450863.158,36288000,2999.205,True,"2028-06-21 05:41:03 UTC","420d, 00:00:00"
898450863.158,36720000,3125.664,True,"2028-06-21 05:41:03 UTC","425d, 00:00:00"
898450863.158,37152000,3284.373,True,"2028-06-21 05:41:03 UTC","430d, 00:00:00"
898450863.158,37584000,3481.889,True,"2028-06-21 05:41:03 UTC","435d, 00:00:00"
898450863.158,38016000,3726.129,True,"2028-06-21 05:41:03 UTC","440d, 00:00:00"
898450863.158,38448000,4026.748,True,"2028-06-21 05:41:03 UTC","445d, 00:00:00"
898450863.158,38880000,4395.646,True,"2028-06-21 05:41:03 UTC","450d, 00:00:00"
898450863.158,39312000,4847.668,True,"2028-06-21 05:41:03 UTC","455d, 00:00:00"
898450863.158,39744000,5401.536,True,"2028-06-21 05:41:03 UTC","460d, 00:00:00"
898450863.158,40176000,6081.121,True,"2028-06-21 05:41:03 UTC","465d, 00:00:00"
898450863.158,40608000,6917.113,True,"2028-06-21 05:41:03 UTC","470d, 00:00:00"
898450863.158,41040000,7949.167,True,"2028-06-21 05:41:03 UTC","475d, 00:00:00"
898450863.158,41472000,9228.374,True,"2028-06-21 05:41:03 UTC","480d, 00:00:00"
898450863.158,41904000,10819.419,True,"2028-06-21 05:41:03 UTC","485d, 00:00:00"
898450863.158,42336000,12800.336,True,"2028-06-21 05:41:03 UTC","490d, 00:00:00"
898450863.158,42768000,15254.686,True,"2028-06-21 05:41:03 UTC","495d, 00:00:00"
898450863.158,43200000,18245.847,True,"2028-06-21 05:41:03 UTC","500d, 00:00:00"
899870778.947,10368000,20919.005,True,"2028-07-07 16:06:18 UTC","120d, 00:00:00"
899870778.947,10800000,20228.507,True,"2028-07-07 16:06:18 UTC","125d, 00:00:00"
899870778.947,11232000,20075.77,True,"2028-07-07 16:06:18 UTC","130d, 00:00:00"
899870778.947,11664000,20526.382,True,"2028-07-07 16:06:18 UTC","135d, 00:00:00"
899870778.947,12096000,21573.01,True,"2028-07-07 16:06:18 UTC","140d, 00:00:00"
899870778.947,12528000,21371.6,False,"2028-07-07 16:06:18 UTC","145d, 00:00:00"
899870778.947,12960000,20189.72,False,"2028-07-07 16:06:18 UTC","150d, 00:00:00"
899870778.947,13392000,19060.906,False,"2028-07-07 16:06:18 UTC","155d, 00:00:00"
899870778.947,13824000,17981.693,False,"2028-07-07 16:06:18 UTC","160d, 00:00:00"
899870778.947,14256000,16949.264,False,"2028-07-07 16:06:18 UTC","165d, 00:00:00"
899870778.947,14688000,15961.336,False,"2028-07-07 16:06:18 UTC","170d, 00:00:00"
899870778.947,15120000,15016.066,False,"2028-07-07 16:06:18 UTC","175d, 00:00:00"
899870778.947,15552000,14111.965,False,"2028-07-07 16:06:18 UTC","180d, 00:00:00"
899870778.947,15984000,13247.836,False,"2028-07-07 16:06:18 UTC","185d, 00:00:00"
899870778.947,16416000,12422.707,False,"2028-07-07 16:06:18 UTC","190d, 00:00:00"
899870778.947,16848000,11635.789,False,"2028-07-07 16:06:18 UTC","195d, 00:00:00"
899870778.947,17280000,10886.429,False,"2028-07-07 16:06:18 UTC","200d, 00:00:00"
899870778.947,17712000,10174.072,False,"2028-07-07 16:06:18 UTC","205d, 00:00:00"
899870778.947,18144000,9498.231,False,"2028-07-07 16:06:18 UTC","210d, 00:00:00"
899870778.947,18576000,8858.46,False,"2028-07-07 16:06:18 UTC","215d, 00:00:00"
899870778.947,19008000,8254.325,False,"2028-07-07 16:06:18 UTC","220d, 00:00:00"
899870778.947,19440000,7685.387,False,"2028-07-07 16:06:18 UTC","225d, 00:00:00"
899870778.947,19872000,7151.177,False,"2028-07-07 16:06:18 UTC","230d, 00:00:00"
899870778.947,20304000,6651.182,False,"2028-07-07 16:06:18 UTC","235d, 00:00:00"
899870778.947,20736000,6184.823,False,"2028-07-07 16:06:18 UTC","240d, 00:00:00"
899870778.947,21168000,5751.443,False,"2028-07-07 16:06:18 UTC","245d, 00:00:00"
899870778.947,21600000,5350.281,False,"2028-07-07 16:06:18 UTC","250d, 00:00:00"
899870778.947,22032000,4980.464,False,"2028-07-07 16:06:18 UTC","255d, 00:00:00"
899870778.947,22464000,4640.98,False,"2028-07-07 16:06:18 UTC","260d, 00:00:00"
899870778.947,22896000,4330.656,False,"2028-07-07 16:06:18 UTC","265d, 00:00:00"
899870778.947,23328000,4048.135,False,"2028-07-07 16:06:18 UTC","270d, 00:00:00"
899870778.947,23760000,3791.841,False,"2028-07-07 16:06:18 UTC","275d, 00:00:00"
899870778.947,24192000,3559.934,False,"2028-07-07 16:06:18 UTC","280d, 00:00:00"
899870778.947,24624000,3350.259,False,"2028-07-07 16:06:18 UTC","285d, 00:00:00"
899870778.947,25056000,3160.285,False,"2028-07-07 16:06:18 UTC","290d, 00:00:00"
899870778.947,25488000,2987.117,False,"2028-07-07 16:06:18 UTC","295d, 00:00:00"
899870778.947,25920000,2827.958,False,"2028-07-07 16:06:18 UTC","300d, 00:00:00"
899870778.947,26352000,2683.221,False,"2028-07-07 16:06:18 UTC","305d, 00:00:00"
899870778.947,26784000,2578.063,False,"2028-07-07 16:06:18 UTC","310d, 00:00:00"
899870778.947,27216000,2763.1,False,"2028-07-07 16:06:18 UTC","315d, 00:00:00"
899870778.947,27648000,6869.393,False,"2028-07-07 16:06:18 UTC","320d, 00:00:00"
899870778.947,28080000,5427.665,True,"2028-07-07 16:06:18 UTC","325d, 00:00:00"
899870778.947,28512000,3710.525,True,"2028-07-07 16:06:18 UTC","330d, 00:00:00"
899870778.947,28944000,3239.699,True,"2028-07-07 16:06:18 UTC","335d, 00:00:00"
899870778.947,29376000,3017.952,True,"2028-07-07 16:06:18 UTC","340d, 00:00:00"
899870778.947,29808000,2887.019,True,"2028-07-07 16:06:18 UTC","345d, 00:00:00"
899870778.947,30240000,2799.707,True,"2028-07-07 16:06:18 UTC","350d, 00:00:00"
899870778.947,30672000,2737.278,True,"2028-07-07 16:06:18 UTC","355d, 00:00:00"
899870778.947,31104000,2690.992,True,"2028-07-07 16:06:18 UTC","360d, 00:00:00"
899870778.947,31536000,2656.451,True,"2028-07-07 16:06:18 UTC","365d, 00:00:00"
899870778.947,31968000,2631.494,True,"2028-07-07 16:06:18 UTC","370d, 00:00:00"
899870778.947,32400000,2615.303,True,"2028-07-07 16:06:18 UTC","375d, 00:00:00"
899870778.947,32832000,2607.981,True,"2028-07-07 16:06:18 UTC","380d, 00:00:00"
899870778.947,33264000,2610.352,True,"2028-07-07 16:06:18 UTC","385d, 00:00:00"
899870778.947,33696000,2623.858,True,"2028-07-07 16:06:18 UTC","390d, 00:00:00"
899870778.947,34128000,2650.513,True,"2028-07-07 16:06:18 UTC","395d, 00:00:00"
899870778.947,34560000,2692.883,True,"2028-07-07 16:06:18 UTC","400d, 00:00:00"
899870778.947,34992000,2754.096,True,"2028-07-07 16:06:18 UTC","405d, 00:00:00"
899870778.947,35424000,2837.872,True,"2028-07-07 16:06:18 UTC","410d, 00:00:00"
899870778.947,35856000,2948.583,True,"2028-07-07 16:06:18 UTC","415d, 00:00:00"
899870778.947,36288000,3091.36,True,"2028-07-07 16:06:18 UTC","420d, 00:00:00"
899870778.947,36720000,3272.254,True,"2028-07-07 16:06:18 UTC","425d, 00:00:00"
899870778.947,37152000,3498.468,True,"2028-07-07 16:06:18 UTC","430d, 00:00:00"
899870778.947,37584000,3778.683,True,"2028-07-07 16:06:18 UTC","435d, 00:00:00"
899870778.947,38016000,4123.501,True,"2028-07-07 16:06:18 UTC","440d, 00:00:00"
899870778.947,38448000,4546.025,True,"2028-07-07 16:06:18 UTC","445d, 00:00:00"
899870778.947,38880000,5062.642,True,"2028-07-07 16:06:18 UTC","450d, 00:00:00"
899870778.947,39312000,5694.055,True,"2028-07-07 16:06:18 UTC","455d, 00:00:00"
899870778.947,39744000,6466.633,True,"2028-07-07 16:06:18 UTC","460d, 00:00:00"
899870778.947,40176000,7414.134,True,"2028-07-07 16:06:18 UTC","465d, 00:00:00"
899870778.947,40608000,8579.718,True,"2028-07-07 16:06:18 UTC","470d, 00:00:00"
899870778.947,41040000,10017.862,True,"2028-07-07 16:06:18 UTC","475d, 00:00:00"
899870778.947,41472000,11794.861,True,"2028-07-07 16:06:18 UTC","480d, 00:00:00"
899870778.947,41904000,13984.639,True,"2028-07-07 16:06:18 UTC","485d, 00:00:00"
899870778.947,42336000,16652.979,True,"2028-07-07 16:06:18 UTC","490d, 00:00:00"
899870778.947,42768000,19820.123,True,"2028-07-07 16:06:18 UTC","495d, 00:00:00"
899870778.947,43200000,23399.417,True,"2028-07-07 16:06:18 UTC","500d, 00:00:00"
901290694.737,10368000,21795.051,True,"2028-07-24 02:31:34 UTC","120d, 00:00:00"
901290694.737,10800000,21529.201,True,"2028-07-24 02:31:34 UTC","125d, 00:00:00"
901290694.737,11232000,21846.138,True,"2028-07-24 02:31:34 UTC","130d, 00:00:00"
901290694.737,11664000,21217.201,False,"2028-07-24 02:31:34 UTC","135d, 00:00:00"
901290694.737,12096000,19946.629,False,"2028-07-24 02:31:34 UTC","140d, 00:00:00"
901290694.737,12528000,18742.033,False,"2028-07-24 02:31:34 UTC","145d, 00:00:00"
901290694.737,12960000,17598.264,False,"2028-07-24 02:31:34 UTC","150d, 00:00:00"
901290694.737,13392000,16511.1,False,"2028-07-24 02:31:34 UTC","155d, 00:00:00"
901290694.737,13824000,15477.079,False,"2028-07-24 02:31:34 UTC","160d, 00:00:00"
901290694.737,14256000,14493.367,False,"2028-07-24 02:31:34 UTC","165d, 00:00:00"
901290694.737,14688000,13557.64,False,"2028-07-24 02:31:34 UTC","170d, 00:00:00"
901290694.737,15120000,12667.99,False,"2028-07-24 02:31:34 UTC","175d, 00:00:00"
901290694.737,15552000,11822.846,False,"2028-07-24 02:31:34 UTC","180d, 00:00:00"
901290694.737,15984000,11020.905,False,"2028-07-24 02:31:34 UTC","185d, 00:00:00"
901290694.737,16416000,10261.075,False,"2028-07-24 02:31:34 UTC","190d, 00:00:00"
901290694.737,16848000,9542.421,False,"2028-07-24 02:31:34 UTC","195d, 00:00:00"
901290694.737,17280000,8864.128,False,"2028-07-24 02:31:34 UTC","200d, 00:00:00"
901290694.737,17712000,8225.455,False,"2028-07-24 02:31:34 UTC","205d, 00:00:00"
901290694.737,18144000,7625.709,False,"2028-07-24 02:31:34 UTC","210d, 00:00:00"
901290694.737,18576000,7064.206,False,"2028-07-24 02:31:34 UTC","215d, 00:00:00"
901290694.737,19008000,6540.248,False,"2028-07-24 02:31:34 UTC","220d, 00:00:00"
901290694.737,19440000,6053.093,False,"2028-07-24 02:31:34 UTC","225d, 00:00:00"
901290694.737,19872000,5601.931,False,"2028-07-24 02:31:34 UTC","230d, 00:00:00"
901290694.737,20304000,5185.853,False,"2028-07-24 02:31:34 UTC","235d, 00:00:00"
901290694.737,20736000,4803.831,False,"2028-07-24 02:31:34 UTC","240d, 00:00:00"
901290694.737,21168000,4454.69,False,"2028-07-24 02:31:34 UTC","245d, 00:00:00"
901290694.737,21600000,4137.081,False,"2028-07-24 02:31:34 UTC","250d, 00:00:00"
901290694.737,22032000,3849.461,False,"2028-07-24 02:31:34 UTC","255d, 00:00:00"
901290694.737,22464000,3590.07,False,"2028-07-24 02:31:34 UTC","260d, 00:00:00"
901290694.737,22896000,3356.917,False,"2028-07-24 02:31:34 UTC","265d, 00:00:00"
901290694.737,23328000,3147.791,False,"2028-07-24 02:31:34 UTC","270d, 00:00:00"
901290694.737,23760000,2960.327,False,"2028-07-24 02:31:34 UTC","275d, 00:00:00"
901290694.737,24192000,2792.241,False,"2028-07-24 02:31:34 UTC","280d, 00:00:00"
901290694.737,24624000,2642.091,False,"2028-07-24 02:31:34 UTC","285d, 00:00:00"
901290694.737,25056000,2511.785,False,"2028-07-24 02:31:34 UTC","290d, 00:00:00"
901290694.737,25488000,2415.676,False,"2028-07-24 02:31:34 UTC","295d, 00:00:00"
901290694.737,25920000,2417.808,False,"2028-07-24 02:31:34 UTC","300d, 00:00:00"
901290694.737,26352000,2797.153,False,"2028-07-24 02:31:34 UTC","305d, 00:00:00"
901290694.737,26784000,4779.41,False,"2028-07-24 02:31:34 UTC","310d, 00:00:00"
901290694.737,27216000,17173.807,True,"2028-07-24 02:31:34 UTC","315d, 00:00:00"
901290694.737,27648000,5209.741,True,"2028-07-24 02:31:34 UTC","320d, 00:00:00"
901290694.737,28080000,3983.863,True,"2028-07-24 02:31:34 UTC","325d, 00:00:00"
901290694.737,28512000,3478.848,True,"2028-07-24 02:31:34 UTC","330d, 00:00:00"
901290694.737,28944000,3199.852,True,"2028-07-24 02:31:34 UTC","335d, 00:00:00"
901290694.737,29376000,3021.013,True,"2028-07-24 02:31:34 UTC","340d, 00:00:00"
901290694.737,29808000,2895.176,True,"2028-07-24 02:31:34 UTC","345d, 00:00:00"
901290694.737,30240000,2801.065,True,"2028-07-24 02:31:34 UTC","350d, 00:00:00"
901290694.737,30672000,2728.034,True,"2028-07-24 02:31:34 UTC","355d, 00:00:00"
901290694.737,31104000,2670.539,True,"2028-07-24 02:31:34 UTC","360d, 00:00:00"
901290694.737,31536000,2625.827,True,"2028-07-24 02:31:34 UTC","365d, 00:00:00"
901290694.737,31968000,2592.867,True,"2028-07-24 02:31:34 UTC","370d, 00:00:00"
901290694.737,32400000,2571.819,True,"2028-07-24 02:31:34 UTC","375d, 00:00:00"
901290694.737,32832000,2563.746,True,"2028-07-24 02:31:34 UTC","380d, 00:00:00"
901290694.737,33264000,2570.452,True,"2028-07-24 02:31:34 UTC","385d, 00:00:00"
901290694.737,33696000,2594.385,True,"2028-07-24 02:31:34 UTC","390d, 00:00:00"
901290694.737,34128000,2638.57,True,"2028-07-24 02:31:34 UTC","395d, 00:00:00"
901290694.737,34560000,2706.584,True,"2028-07-24 02:31:34 UTC","400d, 00:00:00"
901290694.737,34992000,2802.566,True,"2028-07-24 02:31:34 UTC","405d, 00:00:00"
901290694.737,35424000,2931.291,True,"2028-07-24 02:31:34 UTC","410d, 00:00:00"
901290694.737,35856000,3098.301,True,"2028-07-24 02:31:34 UTC","415d, 00:00:00"
901290694.737,36288000,3310.118,True,"2028-07-24 02:31:34 UTC","420d, 00:00:00"
901290694.737,36720000,3574.542,True,"2028-07-24 02:31:34 UTC","425d, 00:00:00"
901290694.737,37152000,3901.047,True,"2028-07-24 02:31:34 UTC","430d, 00:00:00"
901290694.737,37584000,4301.293,True,"2028-07-24 02:31:34 UTC","435d, 00:00:00"
901290694.737,38016000,4789.787,True,"2028-07-24 02:31:34 UTC","440d, 00:00:00"
901290694.737,38448000,5384.741,True,"2028-07-24 02:31:34 UTC","445d, 00:00:00"
901290694.737,38880000,6109.185,True,"2028-07-24 02:31:34 UTC","450d, 00:00:00"
901290694.737,39312000,6992.364,True,"2028-07-24 02:31:34 UTC","455d, 00:00:00"
901290694.737,39744000,8071.396,True,"2028-07-24 02:31:34 UTC","460d, 00:00:00"
901290694.737,40176000,9392.906,True,"2028-07-24 02:31:34 UTC","465d, 00:00:00"
901290694.737,40608000,11013.774,True,"2028-07-24 02:31:34 UTC","470d, 00:00:00"
901290694.737,41040000,12998.78,True,"2028-07-24 02:31:34 UTC","475d, 00:00:00"
901290694.737,41472000,15410.437,True,"2028-07-24 02:31:34 UTC","480d, 00:00:00"
901290694.737,41904000,18283.374,True,"2028-07-24 02:31:34 UTC","485d, 00:00:00"
901290694.737,42336000,21577.916,True,"2028-07-24 02:31:34 UTC","490d, 00:00:00"
901290694.737,42768000,25128.677,True,"2028-07-24 02:31:34 UTC","495d, 00:00:00"
901290694.737,43200000,28366.057,False,"2028-07-24 02:31:34 UTC","500d, 00:00:00"
902710610.526,10368000,23116.571,True,"2028-08-09 12:56:50 UTC","120d, 00:00:00"
902710610.526,10800000,23268.626,True,"2028-08-09 12:56:50 UTC","125d, 00:00:00"
902710610.526,11232000,19753.701,False,"2028-08-09 12:56:50 UTC","130d, 00:00:00"
902710610.526,11664000,18456.731,False,"2028-08-09 12:56:50 UTC","135d, 00:00:00"
902710610.526,12096000,17235.121,False,"2028-08-09 12:56:50 UTC","140d, 00:00:00"
902710610.526,12528000,16082.706,False,"2028-08-09 12:56:50 UTC","145d, 00:00:00"
902710610.526,12960000,14994.409,False,"2028-08-09 12:56:50 UTC","150d, 00:00:00"
902710610.526,13392000,13966.051,False,"2028-08-09 12:56:50 UTC","155d, 00:00:00"
902710610.526,13824000,12994.181,False,"2028-08-09 12:56:50 UTC","160d, 00:00:00"
902710610.526,14256000,12075.946,False,"2028-08-09 12:56:50 UTC","165d, 00:00:00"
902710610.526,14688000,11208.978,False,"2028-08-09 12:56:50 UTC","170d, 00:00:00"
902710610.526,15120000,10391.299,False,"2028-08-09 12:56:50 UTC","175d, 00:00:00"
902710610.526,15552000,9621.245,False,"2028-08-09 12:56:50 UTC","180d, 00:00:00"
902710610.526,15984000,8897.39,False,"2028-08-09 12:56:50 UTC","185d, 00:00:00"
902710610.526,16416000,8218.494,False,"2028-08-09 12:56:50 UTC","190d, 00:00:00"
902710610.526,16848000,7583.446,False,"2028-08-09 12:56:50 UTC","195d, 00:00:00"
902710610.526,17280000,6991.215,False,"2028-08-09 12:56:50 UTC","200d, 00:00:00"
902710610.526,17712000,6440.81,False,"2028-08-09 12:56:50 UTC","205d, 00:00:00"
902710610.526,18144000,5931.234,False,"2028-08-09 12:56:50 UTC","210d, 00:00:00"
902710610.526,18576000,5461.45,False,"2028-08-09 12:56:50 UTC","215d, 00:00:00"
902710610.526,19008000,5030.336,False,"2028-08-09 12:56:50 UTC","220d, 00:00:00"
902710610.526,19440000,4636.654,False,"2028-08-09 12:56:50 UTC","225d, 00:00:00"
902710610.526,19872000,4279.013,False,"2028-08-09 12:56:50 UTC","230d, 00:00:00"
902710610.526,20304000,3955.841,False,"2028-08-09 12:56:50 UTC","235d, 00:00:00"
902710610.526,20736000,3665.355,False,"2028-08-09 12:56:50 UTC","240d, 00:00:00"
902710610.526,21168000,3405.554,False,"2028-08-09 12:56:50 UTC","245d, 00:00:00"
902710610.526,21600000,3174.226,False,"2028-08-09 12:56:50 UTC","250d, 00:00:00"
902710610.526,22032000,2968.991,False,"2028-08-09 12:56:50 UTC","255d, 00:00:00"
902710610.526,22464000,2787.439,False,"2028-08-09 12:56:50 UTC","260d, 00:00:00"
902710610.526,22896000,2627.428,False,"2028-08-09 12:56:50 UTC","265d, 00:00:00"
902710610.526,23328000,2487.82,False,"2028-08-09 12:56:50 UTC","270d, 00:00:00"
902710610.526,23760000,2370.273,False,"2028-08-09 12:56:50 UTC","275d, 00:00:00"
902710610.526,24192000,2283.963,False,"2028-08-09 12:56:50 UTC","280d, 00:00:00"
902710610.526,24624000,2258.592,False,"2028-08-09 12:56:50 UTC","285d, 00:00:00"
902710610.526,25056000,2380.444,False,"2028-08-09 12:56:50 UTC","290d, 00:00:00"
902710610.526,25488000,2881.101,False,"2028-08-09 12:56:50 UTC","295d, 00:00:00"
902710610.526,25920000,4335.359,False,"2028-08-09 12:56:50 UTC","300d, 00:00:00"
902710610.526,26352000,11938.722,False,"2028-08-09 12:56:50 UTC","305d, 00:00:00"
902710610.526,26784000,8033.323,True,"2028-08-09 12:56:50 UTC","310d, 00:00:00"
902710610.526,27216000,5006.644,True,"2028-08-09 12:56:50 UTC","315d, 00:00:00"
902710610.526,27648000,4099.185,True,"2028-08-09 12:56:50 UTC","320d, 00:00:00"
902710610.526,28080000,3624.436,True,"2028-08-09 12:56:50 UTC","325d, 00:00:00"
902710610.526,28512000,3325.868,True,"2028-08-09 12:56:50 UTC","330d, 00:00:00"
902710610.526,28944000,3117.962,True,"2028-08-09 12:56:50 UTC","335d, 00:00:00"
902710610.526,29376000,2963.142,True,"2028-08-09 12:56:50 UTC","340d, 00:00:00"
902710610.526,29808000,2842.54,True,"2028-08-09 12:56:50 UTC","345d, 00:00:00"
902710610.526,30240000,2746.031,True,"2028-08-09 12:56:50 UTC","350d, 00:00:00"
902710610.526,30672000,2668.148,True,"2028-08-09 12:56:50 UTC","355d, 00:00:00"
902710610.526,31104000,2606.203,True,"2028-08-09 12:56:50 UTC","360d, 00:00:00"
902710610.526,31536000,2559.344,True,"2028-08-09 12:56:50 UTC","365d, 00:00:00"
902710610.526,31968000,2528.05,True,"2028-08-09 12:56:50 UTC","370d, 00:00:00"
902710610.526,32400000,2513.811,True,"2028-08-09 12:56:50 UTC","375d, 00:00:00"
902710610.526,32832000,2518.913,True,"2028-08-09 12:56:50 UTC","380d, 00:00:00"
902710610.526,33264000,2546.272,True,"2028-08-09 12:56:50 UTC","385d, 00:00:00"
902710610.526,33696000,2599.325,True,"2028-08-09 12:56:50 UTC","390d, 00:00:00"
902710610.526,34128000,2681.979,True,"2028-08-09 12:56:50 UTC","395d, 00:00:00"
902710610.526,34560000,2798.642,True,"2028-08-09 12:56:50 UTC","400d, 00:00:00"
902710610.526,34992000,2954.339,True,"2028-08-09 12:56:50 UTC","405d, 00:00:00"
902710610.526,35424000,3154.929,True,"2028-08-09 12:56:50 UTC","410d, 00:00:00"
902710610.526,35856000,3407.395,True,"2028-08-09 12:56:50 UTC","415d, 00:00:00"
902710610.526,36288000,3720.217,True,"2028-08-09 12:56:50 UTC","420d, 00:00:00"
902710610.526,36720000,4103.834,True,"2028-08-09 12:56:50 UTC","425d, 00:00:00"
902710610.526,37152000,4571.219,True,"2028-08-09 12:56:50 UTC","430d, 00:00:00"
902710610.526,37584000,5138.6,True,"2028-08-09 12:56:50 UTC","435d, 00:00:00"
902710610.526,38016000,5826.383,True,"2028-08-09 12:56:50 UTC","440d, 00:00:00"
902710610.526,38448000,6660.309,True,"2028-08-09 12:56:50 UTC","445d, 00:00:00"
902710610.526,38880000,7672.829,True,"2028-08-09 12:56:50 UTC","450d, 00:00:00"
902710610.526,39312000,8904.483,True,"2028-08-09 12:56:50 UTC","455d, 00:00:00"
902710610.526,39744000,10404.697,True,"2028-08-09 12:56:50 UTC","460d, 00:00:00"
902710610.526,40176000,12230.38,True,"2028-08-09 12:56:50 UTC","465d, 00:00:00"
902710610.526,40608000,14439.006,True,"2028-08-09 12:56:50 UTC","470d, 00:00:00"
902710610.526,41040000,17070.415,True,"2028-08-09 12:56:50 UTC","475d, 00:00:00"
902710610.526,41472000,20111.767,True,"2028-08-09 12:56:50 UTC","480d, 00:00:00"
902710610.526,41904000,23451.871,True,"2028-08-09 12:56:50 UTC","485d, 00:00:00"
902710610.526,42336000,26861.362,True,"2028-08-09 12:56:50 UTC","490d, 00:00:00"
902710610.526,42768000,27474.088,False,"2028-08-09 12:56:50 UTC","495d, 00:00:00"
902710610.526,43200000,26841.048,False,"2028-08-09 12:56:50 UTC","500d, 00:00:00"
904130526.316,10368000,19640.344,False,"2028-08-25 23:22:06 UTC","120d, 00:00:00"
904130526.316,10800000,18229.428,False,"2028-08-25 23:22:06 UTC","125d, 00:00:00"
904130526.316,11232000,16912.819,False,"2028-08-25 23:22:06 UTC","130d, 00:00:00"
904130526.316,11664000,15681.646,False,"2028-08-25 23:22:06 UTC","135d, 00:00:00"
904130526.316,12096000,14528.61,False,"2028-08-25 23:22:06 UTC","140d, 00:00:00"
904130526.316,12528000,13447.696,False,"2028-08-25 23:22:06 UTC","145d, 00:00:00"
904130526.316,12960000,12433.933,False,"2028-08-25 23:22:06 UTC","150d, 00:00:00"
904130526.316,13392000,11483.205,False,"2028-08-25 23:22:06 UTC","155d, 00:00:00"
904130526.316,13824000,10592.089,False,"2028-08-25 23:22:06 UTC","160d, 00:00:00"
904130526.316,14256000,9757.723,False,"2028-08-25 23:22:06 UTC","165d, 00:00:00"
904130526.316,14688000,8977.697,False,"2028-08-25 23:22:06 UTC","170d, 00:00:00"
904130526.316,15120000,8249.953,False,"2028-08-25 23:22:06 UTC","175d, 00:00:00"
904130526.316,15552000,7572.705,False,"2028-08-25 23:22:06 UTC","180d, 00:00:00"
904130526.316,15984000,6944.363,False,"2028-08-25 23:22:06 UTC","185d, 00:00:00"
904130526.316,16416000,6363.464,False,"2028-08-25 23:22:06 UTC","190d, 00:00:00"
904130526.316,16848000,5828.609,False,"2028-08-25 23:22:06 UTC","195d, 00:00:00"
904130526.316,17280000,5338.407,False,"2028-08-25 23:22:06 UTC","200d, 00:00:00"
904130526.316,17712000,4891.412,False,"2028-08-25 23:22:06 UTC","205d, 00:00:00"
904130526.316,18144000,4486.074,False,"2028-08-25 23:22:06 UTC","210d, 00:00:00"
904130526.316,18576000,4120.687,False,"2028-08-25 23:22:06 UTC","215d, 00:00:00"
904130526.316,19008000,3793.351,False,"2028-08-25 23:22:06 UTC","220d, 00:00:00"
904130526.316,19440000,3501.941,False,"2028-08-25 23:22:06 UTC","225d, 00:00:00"
904130526.316,19872000,3244.101,False,"2028-08-25 23:22:06 UTC","230d, 00:00:00"
904130526.316,20304000,3017.268,False,"2028-08-25 23:22:06 UTC","235d, 00:00:00"
904130526.316,20736000,2818.748,False,"2028-08-25 23:22:06 UTC","240d, 00:00:00"
904130526.316,21168000,2645.89,False,"2028-08-25 23:22:06 UTC","245d, 00:00:00"
904130526.316,21600000,2496.41,False,"2028-08-25 23:22:06 UTC","250d, 00:00:00"
904130526.316,22032000,2369.04,False,"2028-08-25 23:22:06 UTC","255d, 00:00:00"
904130526.316,22464000,2264.806,False,"2028-08-25 23:22:06 UTC","260d, 00:00:00"
904130526.316,22896000,2189.686,False,"2028-08-25 23:22:06 UTC","265d, 00:00:00"
904130526.316,23328000,2160.235,False,"2028-08-25 23:22:06 UTC","270d, 00:00:00"
904130526.316,23760000,2215.305,False,"2028-08-25 23:22:06 UTC","275d, 00:00:00"
904130526.316,24192000,2437.926,False,"2028-08-25 23:22:06 UTC","280d, 00:00:00"
904130526.316,24624000,2988.308,False,"2028-08-25 23:22:06 UTC","285d, 00:00:00"
904130526.316,25056000,4166.271,False,"2028-08-25 23:22:06 UTC","290d, 00:00:00"
904130526.316,25488000,7414.05,False,"2028-08-25 23:22:06 UTC","295d, 00:00:00"
904130526.316,25920000,16834.381,True,"2028-08-25 23:22:06 UTC","300d, 00:00:00"
904130526.316,26352000,6324.841,True,"2028-08-25 23:22:06 UTC","305d, 00:00:00"
904130526.316,26784000,4774.731,True,"2028-08-25 23:22:06 UTC","310d, 00:00:00"
904130526.316,27216000,4069.829,True,"2028-08-25 23:22:06 UTC","315d, 00:00:00"
904130526.316,27648000,3641.107,True,"2028-08-25 23:22:06 UTC","320d, 00:00:00"
904130526.316,28080000,3346.798,True,"2028-08-25 23:22:06 UTC","325d, 00:00:00"
904130526.316,28512000,3129.748,True,"2028-08-25 23:22:06 UTC","330d, 00:00:00"
904130526.316,28944000,2961.701,True,"2028-08-25 23:22:06 UTC","335d, 00:00:00"
904130526.316,29376000,2827.277,True,"2028-08-25 23:22:06 UTC","340d, 00:00:00"
904130526.316,29808000,2717.832,True,"2028-08-25 23:22:06 UTC","345d, 00:00:00"
904130526.316,30240000,2628.699,True,"2028-08-25 23:22:06 UTC","350d, 00:00:00"
904130526.316,30672000,2557.82,True,"2028-08-25 23:22:06 UTC","355d, 00:00:00"
904130526.316,31104000,2504.992,True,"2028-08-25 23:22:06 UTC","360d, 00:00:00"
904130526.316,31536000,2471.389,True,"2028-08-25 23:22:06 UTC","365d, 00:00:00"
904130526.316,31968000,2459.195,True,"2028-08-25 23:22:06 UTC","370d, 00:00:00"
904130526.316,32400000,2471.315,True,"2028-08-25 23:22:06 UTC","375d, 00:00:00"
904130526.316,32832000,2511.138,True,"2028-08-25 23:22:06 UTC","380d, 00:00:00"
904130526.316,33264000,2582.405,True,"2028-08-25 23:22:06 UTC","385d, 00:00:00"
904130526.316,33696000,2689.197,True,"2028-08-25 23:22:06 UTC","390d, 00:00:00"
904130526.316,34128000,2836.053,True,"2028-08-25 23:22:06 UTC","395d, 00:00:00"
904130526.316,34560000,3028.203,True,"2028-08-25 23:22:06 UTC","400d, 00:00:00"
904130526.316,34992000,3271.88,True,"2028-08-25 23:22:06 UTC","405d, 00:00:00"
904130526.316,35424000,3574.694,True,"2028-08-25 23:22:06 UTC","410d, 00:00:00"
904130526.316,35856000,3946.059,True,"2028-08-25 23:22:06 UTC","415d, 00:00:00"
904130526.316,36288000,4397.692,True,"2028-08-25 23:22:06 UTC","420d, 00:00:00"
904130526.316,36720000,4944.225,True,"2028-08-25 23:22:06 UTC","425d, 00:00:00"
904130526.316,37152000,5603.984,True,"2028-08-25 23:22:06 UTC","430d, 00:00:00"
904130526.316,37584000,6399.951,True,"2028-08-25 23:22:06 UTC","435d, 00:00:00"
904130526.316,38016000,7360.918,True,"2028-08-25 23:22:06 UTC","440d, 00:00:00"
904130526.316,38448000,8522.666,True,"2028-08-25 23:22:06 UTC","445d, 00:00:00"
904130526.316,38880000,9928.71,True,"2028-08-25 23:22:06 UTC","450d, 00:00:00"
904130526.316,39312000,11629.434,True,"2028-08-25 23:22:06 UTC","455d, 00:00:00"
904130526.316,39744000,13677.115,True,"2028-08-25 23:22:06 UTC","460d, 00:00:00"
904130526.316,40176000,16112.465,True,"2028-08-25 23:22:06 UTC","465d, 00:00:00"
904130526.316,40608000,18937.699,True,"2028-08-25 23:22:06 UTC","470d, 00:00:00"
904130526.316,41040000,22077.883,True,"2028-08-25 23:22:06 UTC","475d, 00:00:00"
904130526.316,41472000,25353.712,True,"2028-08-25 23:22:06 UTC","480d, 00:00:00"
904130526.316,41904000,27232.38,False,"2028-08-25 23:22:06 UTC","485d, 00:00:00"
904130526.316,42336000,26603.641,False,"2028-08-25 23:22:06 UTC","490d, 00:00:00"
904130526.316,42768000,25971.929,False,"2028-08-25 23:22:06 UTC","495d, 00:00:00"
904130526.316,43200000,25338.301,False,"2028-08-25 23:22:06 UTC","500d, 00:00:00"
905550442.105,10368000,16657.257,False,"2028-09-11 09:47:22 UTC","120d, 00:00:00"
905550442.105,10800000,15329.965,False,"2028-09-11 09:47:22 UTC","125d, 00:00:00"
905550442.105,11232000,14098.859,False,"2028-09-11 09:47:22 UTC","130d, 00:00:00"
905550442.105,11664000,12955.401,False,"2028-09-11 09:47:22 UTC","135d, 00:00:00"
905550442.105,12096000,11892.559,False,"2028-09-11 09:47:22 UTC","140d, 00:00:00"
905550442.105,12528000,10904.519,False,"2028-09-11 09:47:22 UTC","145d, 00:00:00"
905550442.105,12960000,9986.458,False,"2028-09-11 09:47:22 UTC","150d, 00:00:00"
905550442.105,13392000,9134.355,False,"2028-09-11 09:47:22 UTC","155d, 00:00:00"
905550442.105,13824000,8344.826,False,"2028-09-11 09:47:22 UTC","160d, 00:00:00"
905550442.105,14256000,7614.993,False,"2028-09-11 09:47:22 UTC","165d, 00:00:00"
905550442.105,14688000,6942.362,False,"2028-09-11 09:47:22 UTC","170d, 00:00:00"
905550442.105,15120000,6324.716,False,"2028-09-11 09:47:22 UTC","175d, 00:00:00"
905550442.105,15552000,5760.018,False,"2028-09-11 09:47:22 UTC","180d, 00:00:00"
905550442.105,15984000,5246.317,False,"2028-09-11 09:47:22 UTC","185d, 00:00:00"
905550442.105,16416000,4781.662,False,"2028-09-11 09:47:22 UTC","190d, 00:00:00"
905550442.105,16848000,4364.024,False,"2028-09-11 09:47:22 UTC","195d, 00:00:00"
905550442.105,17280000,3991.222,False,"2028-09-11 09:47:22 UTC","200d, 00:00:00"
905550442.105,17712000,3660.866,False,"2028-09-11 09:47:22 UTC","205d, 00:00:00"
905550442.105,18144000,3370.323,False,"2028-09-11 09:47:22 UTC","210d, 00:00:00"
905550442.105,18576000,3116.713,False,"2028-09-11 09:47:22 UTC","215d, 00:00:00"
905550442.105,19008000,2896.953,False,"2028-09-11 09:47:22 UTC","220d, 00:00:00"
905550442.105,19440000,2707.866,False,"2028-09-11 09:47:22 UTC","225d, 00:00:00"
905550442.105,19872000,2546.383,False,"2028-09-11 09:47:22 UTC","230d, 00:00:00"
905550442.105,20304000,2409.87,False,"2028-09-11 09:47:22 UTC","235d, 00:00:00"
905550442.105,20736000,2296.665,False,"2028-09-11 09:47:22 UTC","240d, 00:00:00"
905550442.105,21168000,2206.923,False,"2028-09-11 09:47:22 UTC","245d, 00:00:00"
905550442.105,21600000,2144.037,False,"2028-09-11 09:47:22 UTC","250d, 00:00:00"
905550442.105,22032000,2117.076,False,"2028-09-11 09:47:22 UTC","255d, 00:00:00"
905550442.105,22464000,2145.016,False,"2028-09-11 09:47:22 UTC","260d, 00:00:00"
905550442.105,22896000,2263.75,False,"2028-09-11 09:47:22 UTC","265d, 00:00:00"
905550442.105,23328000,2536.702,False,"2028-09-11 09:47:22 UTC","270d, 00:00:00"
905550442.105,23760000,3070.184,False,"2028-09-11 09:47:22 UTC","275d, 00:00:00"
905550442.105,24192000,4052.89,False,"2028-09-11 09:47:22 UTC","280d, 00:00:00"
905550442.105,24624000,6164.569,False,"2028-09-11 09:47:22 UTC","285d, 00:00:00"
905550442.105,25056000,21570.794,False,"2028-09-11 09:47:22 UTC","290d, 00:00:00"
905550442.105,25488000,8406.916,True,"2028-09-11 09:47:22 UTC","295d, 00:00:00"
905550442.105,25920000,5491.31,True,"2028-09-11 09:47:22 UTC","300d, 00:00:00"
905550442.105,26352000,4482.068,True,"2028-09-11 09:47:22 UTC","305d, 00:00:00"
905550442.105,26784000,3913.283,True,"2028-09-11 09:47:22 UTC","310d, 00:00:00"
905550442.105,27216000,3535.036,True,"2028-09-11 09:47:22 UTC","315d, 00:00:00"
905550442.105,27648000,3261.669,True,"2028-09-11 09:47:22 UTC","320d, 00:00:00"
905550442.105,28080000,3053.125,True,"2028-09-11 09:47:22 UTC","325d, 00:00:00"
905550442.105,28512000,2887.863,True,"2028-09-11 09:47:22 UTC","330d, 00:00:00"
905550442.105,28944000,2753.625,True,"2028-09-11 09:47:22 UTC","335d, 00:00:00"
905550442.105,29376000,2643.523,True,"2028-09-11 09:47:22 UTC","340d, 00:00:00"
905550442.105,29808000,2554.15,True,"2028-09-11 09:47:22 UTC","345d, 00:00:00"
905550442.105,30240000,2484.564,True,"2028-09-11 09:47:22 UTC","350d, 00:00:00"
905550442.105,30672000,2435.643,True,"2028-09-11 09:47:22 UTC","355d, 00:00:00"
905550442.105,31104000,2409.569,True,"2028-09-11 09:47:22 UTC","360d, 00:00:00"
905550442.105,31536000,2409.377,True,"2028-09-11 09:47:22 UTC","365d, 00:00:00"
905550442.105,31968000,2438.568,True,"2028-09-11 09:47:22 UTC","370d, 00:00:00"
905550442.105,32400000,2500.853,True,"2028-09-11 09:47:22 UTC","375d, 00:00:00"
905550442.105,32832000,2600.088,True,"2028-09-11 09:47:22 UTC","380d, 00:00:00"
905550442.105,33264000,2740.402,True,"2028-09-11 09:47:22 UTC","385d, 00:00:00"
905550442.105,33696000,2926.472,True,"2028-09-11 09:47:22 UTC","390d, 00:00:00"
905550442.105,34128000,3163.882,True,"2028-09-11 09:47:22 UTC","395d, 00:00:00"
905550442.105,34560000,3459.506,True,"2028-09-11 09:47:22 UTC","400d, 00:00:00"
905550442.105,34992000,3821.911,True,"2028-09-11 09:47:22 UTC","405d, 00:00:00"
905550442.105,35424000,4261.797,True,"2028-09-11 09:47:22 UTC","410d, 00:00:00"
905550442.105,35856000,4792.515,True,"2028-09-11 09:47:22 UTC","415d, 00:00:00"
905550442.105,36288000,5430.724,True,"2028-09-11 09:47:22 UTC","420d, 00:00:00"
905550442.105,36720000,6197.206,True,"2028-09-11 09:47:22 UTC","425d, 00:00:00"
905550442.105,37152000,7117.85,True,"2028-09-11 09:47:22 UTC","430d, 00:00:00"
905550442.105,37584000,8224.662,True,"2028-09-11 09:47:22 UTC","435d, 00:00:00"
905550442.105,38016000,9556.449,True,"2028-09-11 09:47:22 UTC","440d, 00:00:00"
905550442.105,38448000,11158.253,True,"2028-09-11 09:47:22 UTC","445d, 00:00:00"
905550442.105,38880000,13077.602,True,"2028-09-11 09:47:22 UTC","450d, 00:00:00"
905550442.105,39312000,15354.158,True,"2028-09-11 09:47:22 UTC","455d, 00:00:00"
905550442.105,39744000,17998.487,True,"2028-09-11 09:47:22 UTC","460d, 00:00:00"
905550442.105,40176000,20959.676,True,"2028-09-11 09:47:22 UTC","465d, 00:00:00"
905550442.105,40608000,24096.646,True,"2028-09-11 09:47:22 UTC","470d, 00:00:00"
905550442.105,41040000,27013.983,False,"2028-09-11 09:47:22 UTC","475d, 00:00:00"
905550442.105,41472000,26389.582,False,"2028-09-11 09:47:22 UTC","480d, 00:00:00"
905550442.105,41904000,25762.252,False,"2028-09-11 09:47:22 UTC","485d, 00:00:00"
905550442.105,42336000,25133.061,False,"2028-09-11 09:47:22 UTC","490d, 00:00:00"
905550442.105,42768000,24503.073,False,"2028-09-11 09:47:22 UTC","495d, 00:00:00"
905550442.105,43200000,23873.344,False,"2028-09-11 09:47:22 UTC","500d, 00:00:00"
906970357.895,10368000,13730.672,False,"2028-09-27 20:12:37 UTC","120d, 00:00:00"
906970357.895,10800000,12512.128,False,"2028-09-27 20:12:37 UTC","125d, 00:00:00"
906970357.895,11232000,11391.35,False,"2028-09-27 20:12:37 UTC","130d, 00:00:00"
906970357.895,11664000,10360.23,False,"2028-09-27 20:12:37 UTC","135d, 00:00:00"
906970357.895,12096000,9412.073,False,"2028-09-27 20:12:37 UTC","140d, 00:00:00"
906970357.895,12528000,8541.318,False,"2028-09-27 20:12:37 UTC","145d, 00:00:00"
906970357.895,12960000,7743.305,False,"2028-09-27 20:12:37 UTC","150d, 00:00:00"
906970357.895,13392000,7014.075,False,"2028-09-27 20:12:37 UTC","155d, 00:00:00"
906970357.895,13824000,6350.195,False,"2028-09-27 20:12:37 UTC","160d, 00:00:00"
906970357.895,14256000,5748.603,False,"2028-09-27 20:12:37 UTC","165d, 00:00:00"
906970357.895,14688000,5206.462,False,"2028-09-27 20:12:37 UTC","170d, 00:00:00"
906970357.895,15120000,4721.024,False,"2028-09-27 20:12:37 UTC","175d, 00:00:00"
906970357.895,15552000,4289.512,False,"2028-09-27 20:12:37 UTC","180d, 00:00:00"
906970357.895,15984000,3909.013,False,"2028-09-27 20:12:37 UTC","185d, 00:00:00"
906970357.895,16416000,3576.396,False,"2028-09-27 20:12:37 UTC","190d, 00:00:00"
906970357.895,16848000,3288.273,False,"2028-09-27 20:12:37 UTC","195d, 00:00:00"
906970357.895,17280000,3041.002,False,"2028-09-27 20:12:37 UTC","200d, 00:00:00"
906970357.895,17712000,2830.76,False,"2028-09-27 20:12:37 UTC","205d, 00:00:00"
906970357.895,18144000,2653.684,False,"2028-09-27 20:12:37 UTC","210d, 00:00:00"
906970357.895,18576000,2506.101,False,"2028-09-27 20:12:37 UTC","215d, 00:00:00"
906970357.895,19008000,2384.824,False,"2028-09-27 20:12:37 UTC","220d, 00:00:00"
906970357.895,19440000,2287.533,False,"2028-09-27 20:12:37 UTC","225d, 00:00:00"
906970357.895,19872000,2213.238,False,"2028-09-27 20:12:37 UTC","230d, 00:00:00"
906970357.895,20304000,2162.9,False,"2028-09-27 20:12:37 UTC","235d, 00:00:00"
906970357.895,20736000,2140.361,False,"2028-09-27 20:12:37 UTC","240d, 00:00:00"
906970357.895,21168000,2153.892,False,"2028-09-27 20:12:37 UTC","245d, 00:00:00"
906970357.895,21600000,2218.867,False,"2028-09-27 20:12:37 UTC","250d, 00:00:00"
906970357.895,22032000,2362.352,False,"2028-09-27 20:12:37 UTC","255d, 00:00:00"
906970357.895,22464000,2630.888,False,"2028-09-27 20:12:37 UTC","260d, 00:00:00"
906970357.895,22896000,3104.311,False,"2028-09-27 20:12:37 UTC","265d, 00:00:00"
906970357.895,23328000,3930.434,False,"2028-09-27 20:12:37 UTC","270d, 00:00:00"
906970357.895,23760000,5537.979,False,"2028-09-27 20:12:37 UTC","275d, 00:00:00"
906970357.895,24192000,11941.946,False,"2028-09-27 20:12:37 UTC","280d, 00:00:00"
906970357.895,24624000,12539.531,True,"2028-09-27 20:12:37 UTC","285d, 00:00:00"
906970357.895,25056000,6342.757,True,"2028-09-27 20:12:37 UTC","290d, 00:00:00"
906970357.895,25488000,4868.056,True,"2028-09-27 20:12:37 UTC","295d, 00:00:00"
906970357.895,25920000,4133.271,True,"2028-09-27 20:12:37 UTC","300d, 00:00:00"
906970357.895,26352000,3670.229,True,"2028-09-27 20:12:37 UTC","305d, 00:00:00"
906970357.895,26784000,3346.52,True,"2028-09-27 20:12:37 UTC","310d, 00:00:00"
906970357.895,27216000,3105.423,True,"2028-09-27 20:12:37 UTC","315d, 00:00:00"
906970357.895,27648000,2917.606,True,"2028-09-27 20:12:37 UTC","320d, 00:00:00"
906970357.895,28080000,2766.595,True,"2028-09-27 20:12:37 UTC","325d, 00:00:00"
906970357.895,28512000,2643.029,True,"2028-09-27 20:12:37 UTC","330d, 00:00:00"
906970357.895,28944000,2542.011,True,"2028-09-27 20:12:37 UTC","335d, 00:00:00"
906970357.895,29376000,2461.756,True,"2028-09-27 20:12:37 UTC","340d, 00:00:00"
906970357.895,29808000,2402.779,True,"2028-09-27 20:12:37 UTC","345d, 00:00:00"
906970357.895,30240000,2367.257,True,"2028-09-27 20:12:37 UTC","350d, 00:00:00"
906970357.895,30672000,2358.427,True,"2028-09-27 20:12:37 UTC","355d, 00:00:00"
906970357.895,31104000,2380.022,True,"2028-09-27 20:12:37 UTC","360d, 00:00:00"
906970357.895,31536000,2435.868,True,"2028-09-27 20:12:37 UTC","365d, 00:00:00"
906970357.895,31968000,2529.73,True,"2028-09-27 20:12:37 UTC","370d, 00:00:00"
906970357.895,32400000,2665.447,True,"2028-09-27 20:12:37 UTC","375d, 00:00:00"
906970357.895,32832000,2847.264,True,"2028-09-27 20:12:37 UTC","380d, 00:00:00"
906970357.895,33264000,3080.243,True,"2028-09-27 20:12:37 UTC","385d, 00:00:00"
906970357.895,33696000,3370.672,True,"2028-09-27 20:12:37 UTC","390d, 00:00:00"
906970357.895,34128000,3726.449,True,"2028-09-27 20:12:37 UTC","395d, 00:00:00"
906970357.895,34560000,4157.463,True,"2028-09-27 20:12:37 UTC","400d, 00:00:00"
906970357.895,34992000,4676.036,True,"2028-09-27 20:12:37 UTC","405d, 00:00:00"
906970357.895,35424000,5297.481,True,"2028-09-27 20:12:37 UTC","410d, 00:00:00"
906970357.895,35856000,6040.807,True,"2028-09-27 20:12:37 UTC","415d, 00:00:00"
906970357.895,36288000,6929.561,True,"2028-09-27 20:12:37 UTC","420d, 00:00:00"
906970357.895,36720000,7992.72,True,"2028-09-27 20:12:37 UTC","425d, 00:00:00"
906970357.895,37152000,9265.308,True,"2028-09-27 20:12:37 UTC","430d, 00:00:00"
906970357.895,37584000,10788.009,True,"2028-09-27 20:12:37 UTC","435d, 00:00:00"
906970357.895,38016000,12604.229,True,"2028-09-27 20:12:37 UTC","440d, 00:00:00"
906970357.895,38448000,14751.84,True,"2028-09-27 20:12:37 UTC","445d, 00:00:00"
906970357.895,38880000,17246.001,True,"2028-09-27 20:12:37 UTC","450d, 00:00:00"
906970357.895,39312000,20051.835,True,"2028-09-27 20:12:37 UTC","455d, 00:00:00"
906970357.895,39744000,23056.735,True,"2028-09-27 20:12:37 UTC","460d, 00:00:00"
906970357.895,40176000,26824.128,False,"2028-09-27 20:12:37 UTC","465d, 00:00:00"
906970357.895,40608000,26203.998,False,"2028-09-27 20:12:37 UTC","470d, 00:00:00"
906970357.895,41040000,25581.003,False,"2028-09-27 20:12:37 UTC","475d, 00:00:00"
906970357.895,41472000,24956.22,False,"2028-09-27 20:12:37 UTC","480d, 00:00:00"
906970357.895,41904000,24330.721,False,"2028-09-27 20:12:37 UTC","485d, 00:00:00"
906970357.895,42336000,23705.564,False,"2028-09-27 20:12:37 UTC","490d, 00:00:00"
906970357.895,42768000,23081.795,False,"2028-09-27 20:12:37 UTC","495d, 00:00:00"
906970357.895,43200000,22460.435,False,"2028-09-27 20:12:37 UTC","500d, 00:00:00"
908390273.684,10368000,10960.702,False,"2028-10-14 06:37:53 UTC","120d, 00:00:00"
908390273.684,10800000,9879.8,False,"2028-10-14 06:37:53 UTC","125d, 00:00:00"
908390273.684,11232000,8898.263,False,"2028-10-14 06:37:53 UTC","130d, 00:00:00"
908390273.684,11664000,8008.461,False,"2028-10-14 06:37:53 UTC","135d, 00:00:00"
908390273.684,12096000,7204.016,False,"2028-10-14 06:37:53 UTC","140d, 00:00:00"
908390273.684,12528000,6479.508,False,"2028-10-14 06:37:53 UTC","145d, 00:00:00"
908390273.684,12960000,5830.211,False,"2028-10-14 06:37:53 UTC","150d, 00:00:00"
908390273.684,13392000,5251.856,False,"2028-10-14 06:37:53 UTC","155d, 00:00:00"
908390273.684,13824000,4740.426,False,"2028-10-14 06:37:53 UTC","160d, 00:00:00"
908390273.684,14256000,4291.959,False,"2028-10-14 06:37:53 UTC","165d, 00:00:00"
908390273.684,14688000,3902.405,False,"2028-10-14 06:37:53 UTC","170d, 00:00:00"
908390273.684,15120000,3567.506,False,"2028-10-14 06:37:53 UTC","175d, 00:00:00"
908390273.684,15552000,3282.753,False,"2028-10-14 06:37:53 UTC","180d, 00:00:00"
908390273.684,15984000,3043.413,False,"2028-10-14 06:37:53 UTC","185d, 00:00:00"
908390273.684,16416000,2844.632,False,"2028-10-14 06:37:53 UTC","190d, 00:00:00"
908390273.684,16848000,2681.618,False,"2028-10-14 06:37:53 UTC","195d, 00:00:00"
908390273.684,17280000,2549.861,False,"2028-10-14 06:37:53 UTC","200d, 00:00:00"
908390273.684,17712000,2445.373,False,"2028-10-14 06:37:53 UTC","205d, 00:00:00"
908390273.684,18144000,2364.896,False,"2028-10-14 06:37:53 UTC","210d, 00:00:00"
908390273.684,18576000,2306.093,False,"2028-10-14 06:37:53 UTC","215d, 00:00:00"
908390273.684,19008000,2267.763,False,"2028-10-14 06:37:53 UTC","220d, 00:00:00"
908390273.684,19440000,2250.187,False,"2028-10-14 06:37:53 UTC","225d, 00:00:00"
908390273.684,19872000,2255.754,False,"2028-10-14 06:37:53 UTC","230d, 00:00:00"
908390273.684,20304000,2290.126,False,"2028-10-14 06:37:53 UTC","235d, 00:00:00"
908390273.684,20736000,2364.364,False,"2028-10-14 06:37:53 UTC","240d, 00:00:00"
908390273.684,21168000,2498.776,False,"2028-10-14 06:37:53 UTC","245d, 00:00:00"
908390273.684,21600000,2730.005,False,"2028-10-14 06:37:53 UTC","250d, 00:00:00"
908390273.684,22032000,3124.743,False,"2028-10-14 06:37:53 UTC","255d, 00:00:00"
908390273.684,22464000,3811.822,False,"2028-10-14 06:37:53 UTC","260d, 00:00:00"
908390273.684,22896000,5114.913,False,"2028-10-14 06:37:53 UTC","265d, 00:00:00"
908390273.684,23328000,8882.224,False,"2028-10-14 06:37:53 UTC","270d, 00:00:00"
908390273.684,23760000,21234.871,True,"2028-10-14 06:37:53 UTC","275d, 00:00:00"
908390273.684,24192000,7491.545,True,"2028-10-14 06:37:53 UTC","280d, 00:00:00"
908390273.684,24624000,5267.589,True,"2028-10-14 06:37:53 UTC","285d, 00:00:00"
908390273.684,25056000,4322.547,True,"2028-10-14 06:37:53 UTC","290d, 00:00:00"
908390273.684,25488000,3768.14,True,"2028-10-14 06:37:53 UTC","295d, 00:00:00"
908390273.684,25920000,3397.051,True,"2028-10-14 06:37:53 UTC","300d, 00:00:00"
908390273.684,26352000,3128.952,True,"2028-10-14 06:37:53 UTC","305d, 00:00:00"
908390273.684,26784000,2924.624,True,"2028-10-14 06:37:53 UTC","310d, 00:00:00"
908390273.684,27216000,2762.777,True,"2028-10-14 06:37:53 UTC","315d, 00:00:00"
908390273.684,27648000,2631.444,True,"2028-10-14 06:37:53 UTC","320d, 00:00:00"
908390273.684,28080000,2524.211,True,"2028-10-14 06:37:53 UTC","325d, 00:00:00"
908390273.684,28512000,2438.389,True,"2028-10-14 06:37:53 UTC","330d, 00:00:00"
908390273.684,28944000,2374.014,True,"2028-10-14 06:37:53 UTC","335d, 00:00:00"
908390273.684,29376000,2333.131,True,"2028-10-14 06:37:53 UTC","340d, 00:00:00"
908390273.684,29808000,2319.094,True,"2028-10-14 06:37:53 UTC","345d, 00:00:00"
908390273.684,30240000,2335.868,True,"2028-10-14 06:37:53 UTC","350d, 00:00:00"
908390273.684,30672000,2387.457,True,"2028-10-14 06:37:53 UTC","355d, 00:00:00"
908390273.684,31104000,2477.649,True,"2028-10-14 06:37:53 UTC","360d, 00:00:00"
908390273.684,31536000,2610.126,True,"2028-10-14 06:37:53 UTC","365d, 00:00:00"
908390273.684,31968000,2788.84,True,"2028-10-14 06:37:53 UTC","370d, 00:00:00"
908390273.684,32400000,3018.484,True,"2028-10-14 06:37:53 UTC","375d, 00:00:00"
908390273.684,32832000,3304.917,True,"2028-10-14 06:37:53 UTC","380d, 00:00:00"
908390273.684,33264000,3655.53,True,"2028-10-14 06:37:53 UTC","385d, 00:00:00"
908390273.684,33696000,4079.578,True,"2028-10-14 06:37:53 UTC","390d, 00:00:00"
908390273.684,34128000,4588.557,True,"2028-10-14 06:37:53 UTC","395d, 00:00:00"
908390273.684,34560000,5196.683,True,"2028-10-14 06:37:53 UTC","400d, 00:00:00"
908390273.684,34992000,5921.506,True,"2028-10-14 06:37:53 UTC","405d, 00:00:00"
908390273.684,35424000,6784.665,True,"2028-10-14 06:37:53 UTC","410d, 00:00:00"
908390273.684,35856000,7812.669,True,"2028-10-14 06:37:53 UTC","415d, 00:00:00"
908390273.684,36288000,9037.473,True,"2028-10-14 06:37:53 UTC","420d, 00:00:00"
908390273.684,36720000,10496.201,True,"2028-10-14 06:37:53 UTC","425d, 00:00:00"
908390273.684,37152000,12228.77,True,"2028-10-14 06:37:53 UTC","430d, 00:00:00"
908390273.684,37584000,14271.11,True,"2028-10-14 06:37:53 UTC","435d, 00:00:00"
908390273.684,38016000,16640.884,True,"2028-10-14 06:37:53 UTC","440d, 00:00:00"
908390273.684,38448000,19314.139,True,"2028-10-14 06:37:53 UTC","445d, 00:00:00"
908390273.684,38880000,22199.421,True,"2028-10-14 06:37:53 UTC","450d, 00:00:00"
908390273.684,39312000,25130.871,True,"2028-10-14 06:37:53 UTC","455d, 00:00:00"
908390273.684,39744000,26051.192,False,"2028-10-14 06:37:53 UTC","460d, 00:00:00"
908390273.684,40176000,25432.392,False,"2028-10-14 06:37:53 UTC","465d, 00:00:00"
908390273.684,40608000,24811.889,False,"2028-10-14 06:37:53 UTC","470d, 00:00:00"
908390273.684,41040000,24190.76,False,"2028-10-14 06:37:53 UTC","475d, 00:00:00"
908390273.684,41472000,23570.066,False,"2028-10-14 06:37:53 UTC","480d, 00:00:00"
908390273.684,41904000,22950.855,False,"2028-10-14 06:37:53 UTC","485d, 00:00:00"
908390273.684,42336000,22334.147,False,"2028-10-14 06:37:53 UTC","490d, 00:00:00"
908390273.684,42768000,21720.938,False,"2028-10-14 06:37:53 UTC","495d, 00:00:00"
908390273.684,43200000,21112.193,False,"2028-10-14 06:37:53 UTC","500d, 00:00:00"
909810189.474,10368000,8488.913,False,"2028-10-30 17:03:09 UTC","120d, 00:00:00"
909810189.474,10800000,7580.667,False,"2028-10-30 17:03:09 UTC","125d, 00:00:00"
909810189.474,11232000,6773.422,False,"2028-10-30 17:03:09 UTC","130d, 00:00:00"
909810189.474,11664000,6059.686,False,"2028-10-30 17:03:09 UTC","135d, 00:00:00"
909810189.474,12096000,5432.839,False,"2028-10-30 17:03:09 UTC","140d, 00:00:00"
909810189.474,12528000,4886.793,False,"2028-10-30 17:03:09 UTC","145d, 00:00:00"
909810189.474,12960000,4415.7,False,"2028-10-30 17:03:09 UTC","150d, 00:00:00"
909810189.474,13392000,4013.72,False,"2028-10-30 17:03:09 UTC","155d, 00:00:00"
909810189.474,13824000,3674.884,False,"2028-10-30 17:03:09 UTC","160d, 00:00:00"
909810189.474,14256000,3393.036,False,"2028-10-30 17:03:09 UTC","165d, 00:00:00"
909810189.474,14688000,3161.896,False,"2028-10-30 17:03:09 UTC","170d, 00:00:00"
909810189.474,15120000,2975.202,False,"2028-10-30 17:03:09 UTC","175d, 00:00:00"
909810189.474,15552000,2826.904,False,"2028-10-30 17:03:09 UTC","180d, 00:00:00"
909810189.474,15984000,2711.362,False,"2028-10-30 17:03:09 UTC","185d, 00:00:00"
909810189.474,16416000,2623.508,False,"2028-10-30 17:03:09 UTC","190d, 00:00:00"
909810189.474,16848000,2558.945,False,"2028-10-30 17:03:09 UTC","195d, 00:00:00"
909810189.474,17280000,2514.03,False,"2028-10-30 17:03:09 UTC","200d, 00:00:00"
909810189.474,17712000,2485.958,False,"2028-10-30 17:03:09 UTC","205d, 00:00:00"
909810189.474,18144000,2472.913,False,"2028-10-30 17:03:09 UTC","210d, 00:00:00"
909810189.474,18576000,2474.349,False,"2028-10-30 17:03:09 UTC","215d, 00:00:00"
909810189.474,19008000,2491.488,False,"2028-10-30 17:03:09 UTC","220d, 00:00:00"
909810189.474,19440000,2528.227,False,"2028-10-30 17:03:09 UTC","225d, 00:00:00"
909810189.474,19872000,2592.809,False,"2028-10-30 17:03:09 UTC","230d, 00:00:00"
909810189.474,20304000,2700.991,False,"2028-10-30 17:03:09 UTC","235d, 00:00:00"
909810189.474,20736000,2882.302,False,"2028-10-30 17:03:09 UTC","240d, 00:00:00"
909810189.474,21168000,3192.997,False,"2028-10-30 17:03:09 UTC","245d, 00:00:00"
909810189.474,21600000,3746.186,False,"2028-10-30 17:03:09 UTC","250d, 00:00:00"
909810189.474,22032000,4809.599,False,"2028-10-30 17:03:09 UTC","255d, 00:00:00"
909810189.474,22464000,7467.538,False,"2028-10-30 17:03:09 UTC","260d, 00:00:00"
909810189.474,22896000,24156.315,False,"2028-10-30 17:03:09 UTC","265d, 00:00:00"
909810189.474,23328000,9165.518,True,"2028-10-30 17:03:09 UTC","270d, 00:00:00"
909810189.474,23760000,5722.21,True,"2028-10-30 17:03:09 UTC","275d, 00:00:00"
909810189.474,24192000,4508.37,True,"2028-10-30 17:03:09 UTC","280d, 00:00:00"
909810189.474,24624000,3853.635,True,"2028-10-30 17:03:09 UTC","285d, 00:00:00"
909810189.474,25056000,3436.607,True,"2028-10-30 17:03:09 UTC","290d, 00:00:00"
909810189.474,25488000,3145.045,True,"2028-10-30 17:03:09 UTC","295d, 00:00:00"
909810189.474,25920000,2927.718,True,"2028-10-30 17:03:09 UTC","300d, 00:00:00"
909810189.474,26352000,2758.123,True,"2028-10-30 17:03:09 UTC","305d, 00:00:00"
909810189.474,26784000,2621.804,True,"2028-10-30 17:03:09 UTC","310d, 00:00:00"
909810189.474,27216000,2511.023,True,"2028-10-30 17:03:09 UTC","315d, 00:00:00"
909810189.474,27648000,2422.303,True,"2028-10-30 17:03:09 UTC","320d, 00:00:00"
909810189.474,28080000,2355.19,True,"2028-10-30 17:03:09 UTC","325d, 00:00:00"
909810189.474,28512000,2311.467,True,"2028-10-30 17:03:09 UTC","330d, 00:00:00"
909810189.474,28944000,2294.438,True,"2028-10-30 17:03:09 UTC","335d, 00:00:00"
909810189.474,29376000,2308.168,True,"2028-10-30 17:03:09 UTC","340d, 00:00:00"
909810189.474,29808000,2356.802,True,"2028-10-30 17:03:09 UTC","345d, 00:00:00"
909810189.474,30240000,2444.195,True,"2028-10-30 17:03:09 UTC","350d, 00:00:00"
909810189.474,30672000,2573.979,True,"2028-10-30 17:03:09 UTC","355d, 00:00:00"
909810189.474,31104000,2749.952,True,"2028-10-30 17:03:09 UTC","360d, 00:00:00"
909810189.474,31536000,2976.582,True,"2028-10-30 17:03:09 UTC","365d, 00:00:00"
909810189.474,31968000,3259.448,True,"2028-10-30 17:03:09 UTC","370d, 00:00:00"
909810189.474,32400000,3605.574,True,"2028-10-30 17:03:09 UTC","375d, 00:00:00"
909810189.474,32832000,4023.725,True,"2028-10-30 17:03:09 UTC","380d, 00:00:00"
909810189.474,33264000,4524.724,True,"2028-10-30 17:03:09 UTC","385d, 00:00:00"
909810189.474,33696000,5121.875,True,"2028-10-30 17:03:09 UTC","390d, 00:00:00"
909810189.474,34128000,5831.515,True,"2028-10-30 17:03:09 UTC","395d, 00:00:00"
909810189.474,34560000,6673.693,True,"2028-10-30 17:03:09 UTC","400d, 00:00:00"
909810189.474,34992000,7672.885,True,"2028-10-30 17:03:09 UTC","405d, 00:00:00"
909810189.474,35424000,8858.527,True,"2028-10-30 17:03:09 UTC","410d, 00:00:00"
909810189.474,35856000,10264.83,True,"2028-10-30 17:03:09 UTC","415d, 00:00:00"
909810189.474,36288000,11928.802,True,"2028-10-30 17:03:09 UTC","420d, 00:00:00"
909810189.474,36720000,13884.543,True,"2028-10-30 17:03:09 UTC","425d, 00:00:00"
909810189.474,37152000,16151.111,True,"2028-10-30 17:03:09 UTC","430d, 00:00:00"
909810189.474,37584000,18712.236,True,"2028-10-30 17:03:09 UTC","435d, 00:00:00"
909810189.474,38016000,21492.356,True,"2028-10-30 17:03:09 UTC","440d, 00:00:00"
909810189.474,38448000,24346.146,True,"2028-10-30 17:03:09 UTC","445d, 00:00:00"
909810189.474,38880000,25934.793,False,"2028-10-30 17:03:09 UTC","450d, 00:00:00"
909810189.474,39312000,25319.967,False,"2028-10-30 17:03:09 UTC","455d, 00:00:00"
909810189.474,39744000,24703.53,False,"2028-10-30 17:03:09 UTC","460d, 00:00:00"
909810189.474,40176000,24086.561,False,"2028-10-30 17:03:09 UTC","465d, 00:00:00"
909810189.474,40608000,23470.124,False,"2028-10-30 17:03:09 UTC","470d, 00:00:00"
909810189.474,41040000,22855.263,False,"2028-10-30 17:03:09 UTC","475d, 00:00:00"
909810189.474,41472000,22242.998,False,"2028-10-30 17:03:09 UTC","480d, 00:00:00"
909810189.474,41904000,21634.322,False,"2028-10-30 17:03:09 UTC","485d, 00:00:00"
909810189.474,42336000,21030.193,False,"2028-10-30 17:03:09 UTC","490d, 00:00:00"
909810189.474,42768000,20431.537,False,"2028-10-30 17:03:09 UTC","495d, 00:00:00"
909810189.474,43200000,19839.239,False,"2028-10-30 17:03:09 UTC","500d, 00:00:00"
911230105.263,10368000,6519.791,False,"2028-11-16 03:28:25 UTC","120d, 00:00:00"
911230105.263,10800000,5824.664,False,"2028-11-16 03:28:25 UTC","125d, 00:00:00"
911230105.263,11232000,5229.552,False,"2028-11-16 03:28:25 UTC","130d, 00:00:00"
911230105.263,11664000,4725.538,False,"2028-11-16 03:28:25 UTC","135d, 00:00:00"
911230105.263,12096000,4303.973,False,"2028-11-16 03:28:25 UTC","140d, 00:00:00"
911230105.263,12528000,3956.283,False,"2028-11-16 03:28:25 UTC","145d, 00:00:00"
911230105.263,12960000,3673.913,False,"2028-11-16 03:28:25 UTC","150d, 00:00:00"
911230105.263,13392000,3448.415,False,"2028-11-16 03:28:25 UTC","155d, 00:00:00"
911230105.263,13824000,3271.608,False,"2028-11-16 03:28:25 UTC","160d, 00:00:00"
911230105.263,14256000,3135.773,False,"2028-11-16 03:28:25 UTC","165d, 00:00:00"
911230105.263,14688000,3033.815,False,"2028-11-16 03:28:25 UTC","170d, 00:00:00"
911230105.263,15120000,2959.382,False,"2028-11-16 03:28:25 UTC","175d, 00:00:00"
911230105.263,15552000,2906.93,False,"2028-11-16 03:28:25 UTC","180d, 00:00:00"
911230105.263,15984000,2871.761,False,"2028-11-16 03:28:25 UTC","185d, 00:00:00"
911230105.263,16416000,2850.058,False,"2028-11-16 03:28:25 UTC","190d, 00:00:00"
911230105.263,16848000,2838.929,False,"2028-11-16 03:28:25 UTC","195d, 00:00:00"
911230105.263,17280000,2836.491,False,"2028-11-16 03:28:25 UTC","200d, 00:00:00"
911230105.263,17712000,2842.039,False,"2028-11-16 03:28:25 UTC","205d, 00:00:00"
911230105.263,18144000,2856.375,False,"2028-11-16 03:28:25 UTC","210d, 00:00:00"
911230105.263,18576000,2882.446,False,"2028-11-16 03:28:25 UTC","215d, 00:00:00"
911230105.263,19008000,2926.593,False,"2028-11-16 03:28:25 UTC","220d, 00:00:00"
911230105.263,19440000,3001.053,False,"2028-11-16 03:28:25 UTC","225d, 00:00:00"
911230105.263,19872000,3129.164,False,"2028-11-16 03:28:25 UTC","230d, 00:00:00"
911230105.263,20304000,3356.768,False,"2028-11-16 03:28:25 UTC","235d, 00:00:00"
911230105.263,20736000,3779.561,False,"2028-11-16 03:28:25 UTC","240d, 00:00:00"
911230105.263,21168000,4623.24,False,"2028-11-16 03:28:25 UTC","245d, 00:00:00"
911230105.263,21600000,6637.568,False,"2028-11-16 03:28:25 UTC","250d, 00:00:00"
911230105.263,22032000,16012.344,False,"2028-11-16 03:28:25 UTC","255d, 00:00:00"
911230105.263,22464000,11722.318,True,"2028-11-16 03:28:25 UTC","260d, 00:00:00"
911230105.263,22896000,6265.214,True,"2028-11-16 03:28:25 UTC","265d, 00:00:00"
911230105.263,23328000,4711.276,True,"2028-11-16 03:28:25 UTC","270d, 00:00:00"
911230105.263,23760000,3948.393,True,"2028-11-16 03:28:25 UTC","275d, 00:00:00"
911230105.263,24192000,3487.642,True,"2028-11-16 03:28:25 UTC","280d, 00:00:00"
911230105.263,24624000,3175.658,True,"2028-11-16 03:28:25 UTC","285d, 00:00:00"
911230105.263,25056000,2947.409,True,"2028-11-16 03:28:25 UTC","290d, 00:00:00"
911230105.263,25488000,2771.125,True,"2028-11-16 03:28:25 UTC","295d, 00:00:00"
911230105.263,25920000,2630.201,True,"2028-11-16 03:28:25 UTC","300d, 00:00:00"
911230105.263,26352000,2515.962,True,"2028-11-16 03:28:25 UTC","305d, 00:00:00"
911230105.263,26784000,2424.439,True,"2028-11-16 03:28:25 UTC","310d, 00:00:00"
911230105.263,27216000,2354.837,True,"2028-11-16 03:28:25 UTC","315d, 00:00:00"
911230105.263,27648000,2308.671,True,"2028-11-16 03:28:25 UTC","320d, 00:00:00"
911230105.263,28080000,2289.073,True,"2028-11-16 03:28:25 UTC","325d, 00:00:00"
911230105.263,28512000,2300.053,True,"2028-11-16 03:28:25 UTC","330d, 00:00:00"
911230105.263,28944000,2345.788,True,"2028-11-16 03:28:25 UTC","335d, 00:00:00"
911230105.263,29376000,2430.184,True,"2028-11-16 03:28:25 UTC","340d, 00:00:00"
911230105.263,29808000,2556.883,True,"2028-11-16 03:28:25 UTC","345d, 00:00:00"
911230105.263,30240000,2729.635,True,"2028-11-16 03:28:25 UTC","350d, 00:00:00"
911230105.263,30672000,2952.805,True,"2028-11-16 03:28:25 UTC","355d, 00:00:00"
911230105.263,31104000,3231.807,True,"2028-11-16 03:28:25 UTC","360d, 00:00:00"
911230105.263,31536000,3573.412,True,"2028-11-16 03:28:25 UTC","365d, 00:00:00"
911230105.263,31968000,3985.996,True,"2028-11-16 03:28:25 UTC","370d, 00:00:00"
911230105.263,32400000,4479.826,True,"2028-11-16 03:28:25 UTC","375d, 00:00:00"
911230105.263,32832000,5067.428,True,"2028-11-16 03:28:25 UTC","380d, 00:00:00"
911230105.263,33264000,5764.106,True,"2028-11-16 03:28:25 UTC","385d, 00:00:00"
911230105.263,33696000,6588.562,True,"2028-11-16 03:28:25 UTC","390d, 00:00:00"
911230105.263,34128000,7563.568,True,"2028-11-16 03:28:25 UTC","395d, 00:00:00"
911230105.263,34560000,8716.477,True,"2028-11-16 03:28:25 UTC","400d, 00:00:00"
911230105.263,34992000,10079.104,True,"2028-11-16 03:28:25 UTC","405d, 00:00:00"
911230105.263,35424000,11686.06,True,"2028-11-16 03:28:25 UTC","410d, 00:00:00"
911230105.263,35856000,13569.857,True,"2028-11-16 03:28:25 UTC","415d, 00:00:00"
911230105.263,36288000,15750.399,True,"2028-11-16 03:28:25 UTC","420d, 00:00:00"
911230105.263,36720000,18217.075,True,"2028-11-16 03:28:25 UTC","425d, 00:00:00"
911230105.263,37152000,20906.535,True,"2028-11-16 03:28:25 UTC","430d, 00:00:00"
911230105.263,37584000,23690.089,True,"2028-11-16 03:28:25 UTC","435d, 00:00:00"
911230105.263,38016000,25857.892,False,"2028-11-16 03:28:25 UTC","440d, 00:00:00"
911230105.263,38448000,25246.749,False,"2028-11-16 03:28:25 UTC","445d, 00:00:00"
911230105.263,38880000,24634.089,False,"2028-11-16 03:28:25 UTC","450d, 00:00:00"
911230105.263,39312000,24020.99,False,"2028-11-16 03:28:25 UTC","455d, 00:00:00"
911230105.263,39744000,23408.516,False,"2028-11-16 03:28:25 UTC","460d, 00:00:00"
911230105.263,40176000,22797.707,False,"2028-11-16 03:28:25 UTC","465d, 00:00:00"
911230105.263,40608000,22189.58,False,"2028-11-16 03:28:25 UTC","470d, 00:00:00"
911230105.263,41040000,21585.123,False,"2028-11-16 03:28:25 UTC","475d, 00:00:00"
911230105.263,41472000,20985.287,False,"2028-11-16 03:28:25 UTC","480d, 00:00:00"
911230105.263,41904000,20390.992,False,"2028-11-16 03:28:25 UTC","485d, 00:00:00"
911230105.263,42336000,19803.114,False,"2028-11-16 03:28:25 UTC","490d, 00:00:00"
911230105.263,42768000,19222.491,False,"2028-11-16 03:28:25 UTC","495d, 00:00:00"
911230105.263,43200000,18649.915,False,"2028-11-16 03:28:25 UTC","500d, 00:00:00"
912650021.053,10368000,5313.293,False,"2028-12-02 13:53:41 UTC","120d, 00:00:00"
912650021.053,10800000,4857.932,False,"2028-12-02 13:53:41 UTC","125d, 00:00:00"
912650021.053,11232000,4490.295,False,"2028-12-02 13:53:41 UTC","130d, 00:00:00"
912650021.053,11664000,4198.342,False,"2028-12-02 13:53:41 UTC","135d, 00:00:00"
912650021.053,12096000,3970.605,False,"2028-12-02 13:53:41 UTC","140d, 00:00:00"
912650021.053,12528000,3796.349,False,"2028-12-02 13:53:41 UTC","145d, 00:00:00"
912650021.053,12960000,3665.733,False,"2028-12-02 13:53:41 UTC","150d, 00:00:00"
912650021.053,13392000,3569.95,False,"2028-12-02 13:53:41 UTC","155d, 00:00:00"
912650021.053,13824000,3501.293,False,"2028-12-02 13:53:41 UTC","160d, 00:00:00"
912650021.053,14256000,3453.181,False,"2028-12-02 13:53:41 UTC","165d, 00:00:00"
912650021.053,14688000,3420.133,False,"2028-12-02 13:53:41 UTC","170d, 00:00:00"
912650021.053,15120000,3397.725,False,"2028-12-02 13:53:41 UTC","175d, 00:00:00"
912650021.053,15552000,3382.536,False,"2028-12-02 13:53:41 UTC","180d, 00:00:00"
912650021.053,15984000,3372.101,False,"2028-12-02 13:53:41 UTC","185d, 00:00:00"
912650021.053,16416000,3364.912,False,"2028-12-02 13:53:41 UTC","190d, 00:00:00"
912650021.053,16848000,3360.48,False,"2028-12-02 13:53:41 UTC","195d, 00:00:00"
912650021.053,17280000,3359.53,False,"2028-12-02 13:53:41 UTC","200d, 00:00:00"
912650021.053,17712000,3364.449,False,"2028-12-02 13:53:41 UTC","205d, 00:00:00"
912650021.053,18144000,3380.194,False,"2028-12-02 13:53:41 UTC","210d, 00:00:00"
912650021.053,18576000,3416.2,False,"2028-12-02 13:53:41 UTC","215d, 00:00:00"
912650021.053,19008000,3490.463,False,"2028-12-02 13:53:41 UTC","220d, 00:00:00"
912650021.053,19440000,3638.876,False,"2028-12-02 13:53:41 UTC","225d, 00:00:00"
912650021.053,19872000,3938.482,False,"2028-12-02 13:53:41 UTC","230d, 00:00:00"
912650021.053,20304000,4574.652,False,"2028-12-02 13:53:41 UTC","235d, 00:00:00"
912650021.053,20736000,6113.335,False,"2028-12-02 13:53:41 UTC","240d, 00:00:00"
912650021.053,21168000,11943.279,False,"2028-12-02 13:53:41 UTC","245d, 00:00:00"
912650021.053,21600000,15764.373,True,"2028-12-02 13:53:41 UTC","250d, 00:00:00"
912650021.053,22032000,6926.201,True,"2028-12-02 13:53:41 UTC","255d, 00:00:00"
912650021.053,22464000,4944.248,True,"2028-12-02 13:53:41 UTC","260d, 00:00:00"
912650021.053,22896000,4068.346,True,"2028-12-02 13:53:41 UTC","265d, 00:00:00"
912650021.053,23328000,3567.98,True,"2028-12-02 13:53:41 UTC","270d, 00:00:00"
912650021.053,23760000,3238.882,True,"2028-12-02 13:53:41 UTC","275d, 00:00:00"
912650021.053,24192000,3001.087,True,"2028-12-02 13:53:41 UTC","280d, 00:00:00"
912650021.053,24624000,2817.934,True,"2028-12-02 13:53:41 UTC","285d, 00:00:00"
912650021.053,25056000,2671.227,True,"2028-12-02 13:53:41 UTC","290d, 00:00:00"
912650021.053,25488000,2551.823,True,"2028-12-02 13:53:41 UTC","295d, 00:00:00"
912650021.053,25920000,2455.627,True,"2028-12-02 13:53:41 UTC","300d, 00:00:00"
912650021.053,26352000,2381.751,True,"2028-12-02 13:53:41 UTC","305d, 00:00:00"
912650021.053,26784000,2331.559,True,"2028-12-02 13:53:41 UTC","310d, 00:00:00"
912650021.053,27216000,2308.001,True,"2028-12-02 13:53:41 UTC","315d, 00:00:00"
912650021.053,27648000,2314.941,True,"2028-12-02 13:53:41 UTC","320d, 00:00:00"
912650021.053,28080000,2356.493,True,"2028-12-02 13:53:41 UTC","325d, 00:00:00"
912650021.053,28512000,2436.569,True,"2028-12-02 13:53:41 UTC","330d, 00:00:00"
912650021.053,28944000,2558.841,True,"2028-12-02 13:53:41 UTC","335d, 00:00:00"
912650021.053,29376000,2727.074,True,"2028-12-02 13:53:41 UTC","340d, 00:00:00"
912650021.053,29808000,2945.615,True,"2028-12-02 13:53:41 UTC","345d, 00:00:00"
912650021.053,30240000,3219.792,True,"2028-12-02 13:53:41 UTC","350d, 00:00:00"
912650021.053,30672000,3556.195,True,"2028-12-02 13:53:41 UTC","355d, 00:00:00"
912650021.053,31104000,3962.887,True,"2028-12-02 13:53:41 UTC","360d, 00:00:00"
912650021.053,31536000,4449.649,True,"2028-12-02 13:53:41 UTC","365d, 00:00:00"
912650021.053,31968000,5028.331,True,"2028-12-02 13:53:41 UTC","370d, 00:00:00"
912650021.053,32400000,5713.329,True,"2028-12-02 13:53:41 UTC","375d, 00:00:00"
912650021.053,32832000,6522.184,True,"2028-12-02 13:53:41 UTC","380d, 00:00:00"
912650021.053,33264000,7476.221,True,"2028-12-02 13:53:41 UTC","385d, 00:00:00"
912650021.053,33696000,8601.048,True,"2028-12-02 13:53:41 UTC","390d, 00:00:00"
912650021.053,34128000,9926.503,True,"2028-12-02 13:53:41 UTC","395d, 00:00:00"
912650021.053,34560000,11485.243,True,"2028-12-02 13:53:41 UTC","400d, 00:00:00"
912650021.053,34992000,13308.488,True,"2028-12-02 13:53:41 UTC","405d, 00:00:00"
912650021.053,35424000,15416.778,True,"2028-12-02 13:53:41 UTC","410d, 00:00:00"
912650021.053,35856000,17803.933,True,"2028-12-02 13:53:41 UTC","415d, 00:00:00"
912650021.053,36288000,20416.304,True,"2028-12-02 13:53:41 UTC","420d, 00:00:00"
912650021.053,36720000,23138.803,True,"2028-12-02 13:53:41 UTC","425d, 00:00:00"
912650021.053,37152000,25823.157,False,"2028-12-02 13:53:41 UTC","430d, 00:00:00"
912650021.053,37584000,25215.344,False,"2028-12-02 13:53:41 UTC","435d, 00:00:00"
912650021.053,38016000,24606.104,False,"2028-12-02 13:53:41 UTC","440d, 00:00:00"
912650021.053,38448000,23996.512,False,"2028-12-02 13:53:41 UTC","445d, 00:00:00"
912650021.053,38880000,23387.629,False,"2028-12-02 13:53:41 UTC","450d, 00:00:00"
912650021.053,39312000,22780.491,False,"2028-12-02 13:53:41 UTC","455d, 00:00:00"
912650021.053,39744000,22176.109,False,"2028-12-02 13:53:41 UTC","460d, 00:00:00"
912650021.053,40176000,21575.464,False,"2028-12-02 13:53:41 UTC","465d, 00:00:00"
912650021.053,40608000,20979.502,False,"2028-12-02 13:53:41 UTC","470d, 00:00:00"
912650021.053,41040000,20389.132,False,"2028-12-02 13:53:41 UTC","475d, 00:00:00"
912650021.053,41472000,19805.225,False,"2028-12-02 13:53:41 UTC","480d, 00:00:00"
912650021.053,41904000,19228.608,False,"2028-12-02 13:53:41 UTC","485d, 00:00:00"
912650021.053,42336000,18660.067,False,"2028-12-02 13:53:41 UTC","490d, 00:00:00"
912650021.053,42768000,18100.344,False,"2028-12-02 13:53:41 UTC","495d, 00:00:00"
912650021.053,43200000,17550.134,False,"2028-12-02 13:53:41 UTC","500d, 00:00:00"
914069936.842,10368000,5060.402,False,"2028-12-19 00:18:56 UTC","120d, 00:00:00"
914069936.842,10800000,4813.648,False,"2028-12-19 00:18:56 UTC","125d, 00:00:00"
914069936.842,11232000,4626.512,False,"2028-12-19 00:18:56 UTC","130d, 00:00:00"
914069936.842,11664000,4486.556,False,"2028-12-19 00:18:56 UTC","135d, 00:00:00"
914069936.842,12096000,4383.016,False,"2028-12-19 00:18:56 UTC","140d, 00:00:00"
914069936.842,12528000,4306.773,False,"2028-12-19 00:18:56 UTC","145d, 00:00:00"
914069936.842,12960000,4250.261,False,"2028-12-19 00:18:56 UTC","150d, 00:00:00"
914069936.842,13392000,4207.341,False,"2028-12-19 00:18:56 UTC","155d, 00:00:00"
914069936.842,13824000,4173.149,False,"2028-12-19 00:18:56 UTC","160d, 00:00:00"
914069936.842,14256000,4143.947,False,"2028-12-19 00:18:56 UTC","165d, 00:00:00"
914069936.842,14688000,4116.989,False,"2028-12-19 00:18:56 UTC","170d, 00:00:00"
914069936.842,15120000,4090.414,False,"2028-12-19 00:18:56 UTC","175d, 00:00:00"
914069936.842,15552000,4063.187,False,"2028-12-19 00:18:56 UTC","180d, 00:00:00"
914069936.842,15984000,4035.112,False,"2028-12-19 00:18:56 UTC","185d, 00:00:00"
914069936.842,16416000,4006.94,False,"2028-12-19 00:18:56 UTC","190d, 00:00:00"
914069936.842,16848000,3980.682,False,"2028-12-19 00:18:56 UTC","195d, 00:00:00"
914069936.842,17280000,3960.267,False,"2028-12-19 00:18:56 UTC","200d, 00:00:00"
914069936.842,17712000,3952.944,False,"2028-12-19 00:18:56 UTC","205d, 00:00:00"
914069936.842,18144000,3972.354,False,"2028-12-19 00:18:56 UTC","210d, 00:00:00"
914069936.842,18576000,4045.704,False,"2028-12-19 00:18:56 UTC","215d, 00:00:00"
914069936.842,19008000,4232.215,False,"2028-12-19 00:18:56 UTC","220d, 00:00:00"
914069936.842,19440000,4677.405,False,"2028-12-19 00:18:56 UTC","225d, 00:00:00"
914069936.842,19872000,5816.944,False,"2028-12-19 00:18:56 UTC","230d, 00:00:00"
914069936.842,20304000,9761.186,False,"2028-12-19 00:18:56 UTC","235d, 00:00:00"
914069936.842,20736000,21984.845,True,"2028-12-19 00:18:56 UTC","240d, 00:00:00"
914069936.842,21168000,7741.785,True,"2028-12-19 00:18:56 UTC","245d, 00:00:00"
914069936.842,21600000,5215.96,True,"2028-12-19 00:18:56 UTC","250d, 00:00:00"
914069936.842,22032000,4225.429,True,"2028-12-19 00:18:56 UTC","255d, 00:00:00"
914069936.842,22464000,3691.383,True,"2028-12-19 00:18:56 UTC","260d, 00:00:00"
914069936.842,22896000,3348.572,True,"2028-12-19 00:18:56 UTC","265d, 00:00:00"
914069936.842,23328000,3101.92,True,"2028-12-19 00:18:56 UTC","270d, 00:00:00"
914069936.842,23760000,2910.756,True,"2028-12-19 00:18:56 UTC","275d, 00:00:00"
914069936.842,24192000,2756.013,True,"2028-12-19 00:18:56 UTC","280d, 00:00:00"
914069936.842,24624000,2628.576,True,"2028-12-19 00:18:56 UTC","285d, 00:00:00"
914069936.842,25056000,2524.565,True,"2028-12-19 00:18:56 UTC","290d, 00:00:00"
914069936.842,25488000,2443.24,True,"2028-12-19 00:18:56 UTC","295d, 00:00:00"
914069936.842,25920000,2385.978,True,"2028-12-19 00:18:56 UTC","300d, 00:00:00"
914069936.842,26352000,2355.623,True,"2028-12-19 00:18:56 UTC","305d, 00:00:00"
914069936.842,26784000,2355.892,True,"2028-12-19 00:18:56 UTC","310d, 00:00:00"
914069936.842,27216000,2390.797,True,"2028-12-19 00:18:56 UTC","315d, 00:00:00"
914069936.842,27648000,2464.224,True,"2028-12-19 00:18:56 UTC","320d, 00:00:00"
914069936.842,28080000,2579.875,True,"2028-12-19 00:18:56 UTC","325d, 00:00:00"
914069936.842,28512000,2741.564,True,"2028-12-19 00:18:56 UTC","330d, 00:00:00"
914069936.842,28944000,2953.656,True,"2028-12-19 00:18:56 UTC","335d, 00:00:00"
914069936.842,29376000,3221.442,True,"2028-12-19 00:18:56 UTC","340d, 00:00:00"
914069936.842,29808000,3551.374,True,"2028-12-19 00:18:56 UTC","345d, 00:00:00"
914069936.842,30240000,3951.24,True,"2028-12-19 00:18:56 UTC","350d, 00:00:00"
914069936.842,30672000,4430.388,True,"2028-12-19 00:18:56 UTC","355d, 00:00:00"
914069936.842,31104000,5000.052,True,"2028-12-19 00:18:56 UTC","360d, 00:00:00"
914069936.842,31536000,5673.817,True,"2028-12-19 00:18:56 UTC","365d, 00:00:00"
914069936.842,31968000,6468.203,True,"2028-12-19 00:18:56 UTC","370d, 00:00:00"
914069936.842,32400000,7403.281,True,"2028-12-19 00:18:56 UTC","375d, 00:00:00"
914069936.842,32832000,8503.181,True,"2028-12-19 00:18:56 UTC","380d, 00:00:00"
914069936.842,33264000,9796.107,True,"2028-12-19 00:18:56 UTC","385d, 00:00:00"
914069936.842,33696000,11313.14,True,"2028-12-19 00:18:56 UTC","390d, 00:00:00"
914069936.842,34128000,13084.521,True,"2028-12-19 00:18:56 UTC","395d, 00:00:00"
914069936.842,34560000,15131.421,True,"2028-12-19 00:18:56 UTC","400d, 00:00:00"
914069936.842,34992000,17451.403,True,"2028-12-19 00:18:56 UTC","405d, 00:00:00"
914069936.842,35424000,19998.875,True,"2028-12-19 00:18:56 UTC","410d, 00:00:00"
914069936.842,35856000,22670.098,True,"2028-12-19 00:18:56 UTC","415d, 00:00:00"
914069936.842,36288000,25832.926,False,"2028-12-19 00:18:56 UTC","420d, 00:00:00"
914069936.842,36720000,25228.034,False,"2028-12-19 00:18:56 UTC","425d, 00:00:00"
914069936.842,37152000,24621.794,False,"2028-12-19 00:18:56 UTC","430d, 00:00:00"
914069936.842,37584000,24015.278,False,"2028-12-19 00:18:56 UTC","435d, 00:00:00"
914069936.842,38016000,23409.541,False,"2028-12-19 00:18:56 UTC","440d, 00:00:00"
914069936.842,38448000,22805.616,False,"2028-12-19 00:18:56 UTC","445d, 00:00:00"
914069936.842,38880000,22204.504,False,"2028-12-19 00:18:56 UTC","450d, 00:00:00"
914069936.842,39312000,21607.18,False,"2028-12-19 00:18:56 UTC","455d, 00:00:00"
914069936.842,39744000,21014.582,False,"2028-12-19 00:18:56 UTC","460d, 00:00:00"
914069936.842,40176000,20427.61,False,"2028-12-19 00:18:56 UTC","465d, 00:00:00"
914069936.842,40608000,19847.126,False,"2028-12-19 00:18:56 UTC","470d, 00:00:00"
914069936.842,41040000,19273.949,False,"2028-12-19 00:18:56 UTC","475d, 00:00:00"
914069936.842,41472000,18708.858,False,"2028-12-19 00:18:56 UTC","480d, 00:00:00"
914069936.842,41904000,18152.584,False,"2028-12-19 00:18:56 UTC","485d, 00:00:00"
914069936.842,42336000,17605.818,False,"2028-12-19 00:18:56 UTC","490d, 00:00:00"
914069936.842,42768000,17069.204,False,"2028-12-19 00:18:56 UTC","495d, 00:00:00"
914069936.842,43200000,16543.345,False,"2028-12-19 00:18:56 UTC","500d, 00:00:00"
915489852.632,10368000,5685.858,False,"2029-01-04 10:44:12 UTC","120d, 00:00:00"
915489852.632,10800000,5551.924,False,"2029-01-04 10:44:12 UTC","125d, 00:00:00"
915489852.632,11232000,5447.318,False,"2029-01-04 10:44:12 UTC","130d, 00:00:00"
915489852.632,11664000,5363.311,False,"2029-01-04 10:44:12 UTC","135d, 00:00:00"
915489852.632,12096000,5292.987,False,"2029-01-04 10:44:12 UTC","140d, 00:00:00"
915489852.632,12528000,5230.968,False,"2029-01-04 10:44:12 UTC","145d, 00:00:00"
915489852.632,12960000,5173.169,False,"2029-01-04 10:44:12 UTC","150d, 00:00:00"
915489852.632,13392000,5116.584,False,"2029-01-04 10:44:12 UTC","155d, 00:00:00"
915489852.632,13824000,5059.109,False,"2029-01-04 10:44:12 UTC","160d, 00:00:00"
915489852.632,14256000,4999.416,False,"2029-01-04 10:44:12 UTC","165d, 00:00:00"
915489852.632,14688000,4936.868,False,"2029-01-04 10:44:12 UTC","170d, 00:00:00"
915489852.632,15120000,4871.499,False,"2029-01-04 10:44:12 UTC","175d, 00:00:00"
915489852.632,15552000,4804.082,False,"2029-01-04 10:44:12 UTC","180d, 00:00:00"
915489852.632,15984000,4736.337,False,"2029-01-04 10:44:12 UTC","185d, 00:00:00"
915489852.632,16416000,4671.401,False,"2029-01-04 10:44:12 UTC","190d, 00:00:00"
915489852.632,16848000,4614.838,False,"2029-01-04 10:44:12 UTC","195d, 00:00:00"
915489852.632,17280000,4576.873,False,"2029-01-04 10:44:12 UTC","200d, 00:00:00"
915489852.632,17712000,4577.654,False,"2029-01-04 10:44:12 UTC","205d, 00:00:00"
915489852.632,18144000,4661.021,False,"2029-01-04 10:44:12 UTC","210d, 00:00:00"
915489852.632,18576000,4935.863,False,"2029-01-04 10:44:12 UTC","215d, 00:00:00"
915489852.632,19008000,5729.516,False,"2029-01-04 10:44:12 UTC","220d, 00:00:00"
915489852.632,19440000,8465.717,False,"2029-01-04 10:44:12 UTC","225d, 00:00:00"
915489852.632,19872000,26663.743,False,"2029-01-04 10:44:12 UTC","230d, 00:00:00"
915489852.632,20304000,8772.284,True,"2029-01-04 10:44:12 UTC","235d, 00:00:00"
915489852.632,20736000,5534.097,True,"2029-01-04 10:44:12 UTC","240d, 00:00:00"
915489852.632,21168000,4429.834,True,"2029-01-04 10:44:12 UTC","245d, 00:00:00"
915489852.632,21600000,3869.075,True,"2029-01-04 10:44:12 UTC","250d, 00:00:00"
915489852.632,22032000,3515.37,True,"2029-01-04 10:44:12 UTC","255d, 00:00:00"
915489852.632,22464000,3259.515,True,"2029-01-04 10:44:12 UTC","260d, 00:00:00"
915489852.632,22896000,3058.18,True,"2029-01-04 10:44:12 UTC","265d, 00:00:00"
915489852.632,23328000,2892.252,True,"2029-01-04 10:44:12 UTC","270d, 00:00:00"
915489852.632,23760000,2753.106,True,"2029-01-04 10:44:12 UTC","275d, 00:00:00"
915489852.632,24192000,2637.344,True,"2029-01-04 10:44:12 UTC","280d, 00:00:00"
915489852.632,24624000,2544.559,True,"2029-01-04 10:44:12 UTC","285d, 00:00:00"
915489852.632,25056000,2476.276,True,"2029-01-04 10:44:12 UTC","290d, 00:00:00"
915489852.632,25488000,2435.331,True,"2029-01-04 10:44:12 UTC","295d, 00:00:00"
915489852.632,25920000,2425.35,True,"2029-01-04 10:44:12 UTC","300d, 00:00:00"
915489852.632,26352000,2450.26,True,"2029-01-04 10:44:12 UTC","305d, 00:00:00"
915489852.632,26784000,2513.921,True,"2029-01-04 10:44:12 UTC","310d, 00:00:00"
915489852.632,27216000,2620.066,True,"2029-01-04 10:44:12 UTC","315d, 00:00:00"
915489852.632,27648000,2772.563,True,"2029-01-04 10:44:12 UTC","320d, 00:00:00"
915489852.632,28080000,2975.815,True,"2029-01-04 10:44:12 UTC","325d, 00:00:00"
915489852.632,28512000,3235.09,True,"2029-01-04 10:44:12 UTC","330d, 00:00:00"
915489852.632,28944000,3556.72,True,"2029-01-04 10:44:12 UTC","335d, 00:00:00"
915489852.632,29376000,3948.244,True,"2029-01-04 10:44:12 UTC","340d, 00:00:00"
915489852.632,29808000,4418.605,True,"2029-01-04 10:44:12 UTC","345d, 00:00:00"
915489852.632,30240000,4978.466,True,"2029-01-04 10:44:12 UTC","350d, 00:00:00"
915489852.632,30672000,5640.67,True,"2029-01-04 10:44:12 UTC","355d, 00:00:00"
915489852.632,31104000,6420.813,True,"2029-01-04 10:44:12 UTC","360d, 00:00:00"
915489852.632,31536000,7337.864,True,"2029-01-04 10:44:12 UTC","365d, 00:00:00"
915489852.632,31968000,8414.686,True,"2029-01-04 10:44:12 UTC","370d, 00:00:00"
915489852.632,32400000,9678.12,True,"2029-01-04 10:44:12 UTC","375d, 00:00:00"
915489852.632,32832000,11158,True,"2029-01-04 10:44:12 UTC","380d, 00:00:00"
915489852.632,33264000,12883.89,True,"2029-01-04 10:44:12 UTC","385d, 00:00:00"
915489852.632,33696000,14877.722,True,"2029-01-04 10:44:12 UTC","390d, 00:00:00"
915489852.632,34128000,17140.488,True,"2029-01-04 10:44:12 UTC","395d, 00:00:00"
915489852.632,34560000,19633.65,True,"2029-01-04 10:44:12 UTC","400d, 00:00:00"
915489852.632,34992000,22263.275,True,"2029-01-04 10:44:12 UTC","405d, 00:00:00"
915489852.632,35424000,24883.85,True,"2029-01-04 10:44:12 UTC","410d, 00:00:00"
915489852.632,35856000,25286.846,False,"2029-01-04 10:44:12 UTC","415d, 00:00:00"
915489852.632,36288000,24683.126,False,"2029-01-04 10:44:12 UTC","420d, 00:00:00"
915489852.632,36720000,24079.19,False,"2029-01-04 10:44:12 UTC","425d, 00:00:00"
915489852.632,37152000,23476.087,False,"2029-01-04 10:44:12 UTC","430d, 00:00:00"
915489852.632,37584000,22874.841,False,"2029-01-04 10:44:12 UTC","435d, 00:00:00"
915489852.632,38016000,22276.447,False,"2029-01-04 10:44:12 UTC","440d, 00:00:00"
915489852.632,38448000,21681.871,False,"2029-01-04 10:44:12 UTC","445d, 00:00:00"
915489852.632,38880000,21092.042,False,"2029-01-04 10:44:12 UTC","450d, 00:00:00"
915489852.632,39312000,20507.851,False,"2029-01-04 10:44:12 UTC","455d, 00:00:00"
915489852.632,39744000,19930.152,False,"2029-01-04 10:44:12 UTC","460d, 00:00:00"
915489852.632,40176000,19359.757,False,"2029-01-04 10:44:12 UTC","465d, 00:00:00"
915489852.632,40608000,18797.432,False,"2029-01-04 10:44:12 UTC","470d, 00:00:00"
915489852.632,41040000,18243.906,False,"2029-01-04 10:44:12 UTC","475d, 00:00:00"
915489852.632,41472000,17699.859,False,"2029-01-04 10:44:12 UTC","480d, 00:00:00"
915489852.632,41904000,17165.931,False,"2029-01-04 10:44:12 UTC","485d, 00:00:00"
915489852.632,42336000,16642.718,False,"2029-01-04 10:44:12 UTC","490d, 00:00:00"
915489852.632,42768000,16130.777,False,"2029-01-04 10:44:12 UTC","495d, 00:00:00"
915489852.632,43200000,15630.623,False,"2029-01-04 10:44:12 UTC","500d, 00:00:00"
916909768.421,10368000,6880.189,False,"2029-01-20 21:09:28 UTC","120d, 00:00:00"
916909768.421,10800000,6756.964,False,"2029-01-20 21:09:28 UTC","125d, 00:00:00"
916909768.421,11232000,6644.104,False,"2029-01-20 21:09:28 UTC","130d, 00:00:00"
916909768.421,11664000,6536.888,False,"2029-01-20 21:09:28 UTC","135d, 00:00:00"
916909768.421,12096000,6431.841,False,"2029-01-20 21:09:28 UTC","140d, 00:00:00"
916909768.421,12528000,6326.488,False,"2029-01-20 21:09:28 UTC","145d, 00:00:00"
916909768.421,12960000,6219.174,False,"2029-01-20 21:09:28 UTC","150d, 00:00:00"
916909768.421,13392000,6108.917,False,"2029-01-20 21:09:28 UTC","155d, 00:00:00"
916909768.421,13824000,5995.322,False,"2029-01-20 21:09:28 UTC","160d, 00:00:00"
916909768.421,14256000,5878.54,False,"2029-01-20 21:09:28 UTC","165d, 00:00:00"
916909768.421,14688000,5759.301,False,"2029-01-20 21:09:28 UTC","170d, 00:00:00"
916909768.421,15120000,5639.052,False,"2029-01-20 21:09:28 UTC","175d, 00:00:00"
916909768.421,15552000,5520.284,False,"2029-01-20 21:09:28 UTC","180d, 00:00:00"
916909768.421,15984000,5407.249,False,"2029-01-20 21:09:28 UTC","185d, 00:00:00"
916909768.421,16416000,5307.531,False,"2029-01-20 21:09:28 UTC","190d, 00:00:00"
916909768.421,16848000,5235.779,False,"2029-01-20 21:09:28 UTC","195d, 00:00:00"
916909768.421,17280000,5223.484,False,"2029-01-20 21:09:28 UTC","200d, 00:00:00"
916909768.421,17712000,5348.646,False,"2029-01-20 21:09:28 UTC","205d, 00:00:00"
916909768.421,18144000,5846.454,False,"2029-01-20 21:09:28 UTC","210d, 00:00:00"
916909768.421,18576000,7697.298,False,"2029-01-20 21:09:28 UTC","215d, 00:00:00"
916909768.421,19008000,19600.278,False,"2029-01-20 21:09:28 UTC","220d, 00:00:00"
916909768.421,19440000,10133.496,True,"2029-01-20 21:09:28 UTC","225d, 00:00:00"
916909768.421,19872000,5907.824,True,"2029-01-20 21:09:28 UTC","230d, 00:00:00"
916909768.421,20304000,4691.55,True,"2029-01-20 21:09:28 UTC","235d, 00:00:00"
916909768.421,20736000,4110.954,True,"2029-01-20 21:09:28 UTC","240d, 00:00:00"
916909768.421,21168000,3747.85,True,"2029-01-20 21:09:28 UTC","245d, 00:00:00"
916909768.421,21600000,3481.077,True,"2029-01-20 21:09:28 UTC","250d, 00:00:00"
916909768.421,22032000,3266.314,True,"2029-01-20 21:09:28 UTC","255d, 00:00:00"
916909768.421,22464000,3085.232,True,"2029-01-20 21:09:28 UTC","260d, 00:00:00"
916909768.421,22896000,2930.076,True,"2029-01-20 21:09:28 UTC","265d, 00:00:00"
916909768.421,23328000,2798.114,True,"2029-01-20 21:09:28 UTC","270d, 00:00:00"
916909768.421,23760000,2689.373,True,"2029-01-20 21:09:28 UTC","275d, 00:00:00"
916909768.421,24192000,2605.607,True,"2029-01-20 21:09:28 UTC","280d, 00:00:00"
916909768.421,24624000,2549.722,True,"2029-01-20 21:09:28 UTC","285d, 00:00:00"
916909768.421,25056000,2525.322,True,"2029-01-20 21:09:28 UTC","290d, 00:00:00"
916909768.421,25488000,2536.295,True,"2029-01-20 21:09:28 UTC","295d, 00:00:00"
916909768.421,25920000,2586.498,True,"2029-01-20 21:09:28 UTC","300d, 00:00:00"
916909768.421,26352000,2679.707,True,"2029-01-20 21:09:28 UTC","305d, 00:00:00"
916909768.421,26784000,2819.845,True,"2029-01-20 21:09:28 UTC","310d, 00:00:00"
916909768.421,27216000,3011.347,True,"2029-01-20 21:09:28 UTC","315d, 00:00:00"
916909768.421,27648000,3259.459,True,"2029-01-20 21:09:28 UTC","320d, 00:00:00"
916909768.421,28080000,3570.403,True,"2029-01-20 21:09:28 UTC","325d, 00:00:00"
916909768.421,28512000,3951.481,True,"2029-01-20 21:09:28 UTC","330d, 00:00:00"
916909768.421,28944000,4411.251,True,"2029-01-20 21:09:28 UTC","335d, 00:00:00"
916909768.421,29376000,4959.838,True,"2029-01-20 21:09:28 UTC","340d, 00:00:00"
916909768.421,29808000,5609.388,True,"2029-01-20 21:09:28 UTC","345d, 00:00:00"
916909768.421,30240000,6374.65,True,"2029-01-20 21:09:28 UTC","350d, 00:00:00"
916909768.421,30672000,7273.603,True,"2029-01-20 21:09:28 UTC","355d, 00:00:00"
916909768.421,31104000,8327.998,True,"2029-01-20 21:09:28 UTC","360d, 00:00:00"
916909768.421,31536000,9563.536,True,"2029-01-20 21:09:28 UTC","365d, 00:00:00"
916909768.421,31968000,11009.074,True,"2029-01-20 21:09:28 UTC","370d, 00:00:00"
916909768.421,32400000,12693.79,True,"2029-01-20 21:09:28 UTC","375d, 00:00:00"
916909768.421,32832000,14640.586,True,"2029-01-20 21:09:28 UTC","380d, 00:00:00"
916909768.421,33264000,16853.828,True,"2029-01-20 21:09:28 UTC","385d, 00:00:00"
916909768.421,33696000,19301.542,True,"2029-01-20 21:09:28 UTC","390d, 00:00:00"
916909768.421,34128000,21898.668,True,"2029-01-20 21:09:28 UTC","395d, 00:00:00"
916909768.421,34560000,24507.172,True,"2029-01-20 21:09:28 UTC","400d, 00:00:00"
916909768.421,34992000,25393.594,False,"2029-01-20 21:09:28 UTC","405d, 00:00:00"
916909768.421,35424000,24791.858,False,"2029-01-20 21:09:28 UTC","410d, 00:00:00"
916909768.421,35856000,24189.943,False,"2029-01-20 21:09:28 UTC","415d, 00:00:00"
916909768.421,36288000,23588.893,False,"2029-01-20 21:09:28 UTC","420d, 00:00:00"
916909768.421,36720000,22989.722,False,"2029-01-20 21:09:28 UTC","425d, 00:00:00"
916909768.421,37152000,22393.419,False,"2029-01-20 21:09:28 UTC","430d, 00:00:00"
916909768.421,37584000,21800.939,False,"2029-01-20 21:09:28 UTC","435d, 00:00:00"
916909768.421,38016000,21213.202,False,"2029-01-20 21:09:28 UTC","440d, 00:00:00"
916909768.421,38448000,20631.092,False,"2029-01-20 21:09:28 UTC","445d, 00:00:00"
916909768.421,38880000,20055.453,False,"2029-01-20 21:09:28 UTC","450d, 00:00:00"
916909768.421,39312000,19487.088,False,"2029-01-20 21:09:28 UTC","455d, 00:00:00"
916909768.421,39744000,18926.758,False,"2029-01-20 21:09:28 UTC","460d, 00:00:00"
916909768.421,40176000,18375.182,False,"2029-01-20 21:09:28 UTC","465d, 00:00:00"
916909768.421,40608000,17833.036,False,"2029-01-20 21:09:28 UTC","470d, 00:00:00"
916909768.421,41040000,17300.952,False,"2029-01-20 21:09:28 UTC","475d, 00:00:00"
916909768.421,41472000,16779.524,False,"2029-01-20 21:09:28 UTC","480d, 00:00:00"
916909768.421,41904000,16269.302,False,"2029-01-20 21:09:28 UTC","485d, 00:00:00"
916909768.421,42336000,15770.8,False,"2029-01-20 21:09:28 UTC","490d, 00:00:00"
916909768.421,42768000,15284.496,False,"2029-01-20 21:09:28 UTC","495d, 00:00:00"
916909768.421,43200000,14810.835,False,"2029-01-20 21:09:28 UTC","500d, 00:00:00"
918329684.211,10368000,8330.638,False,"2029-02-06 07:34:44 UTC","120d, 00:00:00"
918329684.211,10800000,8149.502,False,"2029-02-06 07:34:44 UTC","125d, 00:00:00"
918329684.211,11232000,7971.421,False,"2029-02-06 07:34:44 UTC","130d, 00:00:00"
918329684.211,11664000,7794.109,False,"2029-02-06 07:34:44 UTC","135d, 00:00:00"
918329684.211,12096000,7616.055,False,"2029-02-06 07:34:44 UTC","140d, 00:00:00"
918329684.211,12528000,7436.372,False,"2029-02-06 07:34:44 UTC","145d, 00:00:00"
918329684.211,12960000,7254.699,False,"2029-02-06 07:34:44 UTC","150d, 00:00:00"
918329684.211,13392000,7071.146,False,"2029-02-06 07:34:44 UTC","155d, 00:00:00"
918329684.211,13824000,6886.297,False,"2029-02-06 07:34:44 UTC","160d, 00:00:00"
918329684.211,14256000,6701.291,False,"2029-02-06 07:34:44 UTC","165d, 00:00:00"
918329684.211,14688000,6518.044,False,"2029-02-06 07:34:44 UTC","170d, 00:00:00"
918329684.211,15120000,6339.737,False,"2029-02-06 07:34:44 UTC","175d, 00:00:00"
918329684.211,15552000,6171.905,False,"2029-02-06 07:34:44 UTC","180d, 00:00:00"
918329684.211,15984000,6024.988,False,"2029-02-06 07:34:44 UTC","185d, 00:00:00"
918329684.211,16416000,5920.999,False,"2029-02-06 07:34:44 UTC","190d, 00:00:00"
918329684.211,16848000,5913.677,False,"2029-02-06 07:34:44 UTC","195d, 00:00:00"
918329684.211,17280000,6163.651,False,"2029-02-06 07:34:44 UTC","200d, 00:00:00"
918329684.211,17712000,7327.752,False,"2029-02-06 07:34:44 UTC","205d, 00:00:00"
918329684.211,18144000,14567.854,False,"2029-02-06 07:34:44 UTC","210d, 00:00:00"
918329684.211,18576000,12072.11,True,"2029-02-06 07:34:44 UTC","215d, 00:00:00"
918329684.211,19008000,6349.637,True,"2029-02-06 07:34:44 UTC","220d, 00:00:00"
918329684.211,19440000,5021.196,True,"2029-02-06 07:34:44 UTC","225d, 00:00:00"
918329684.211,19872000,4426.412,True,"2029-02-06 07:34:44 UTC","230d, 00:00:00"
918329684.211,20304000,4053.538,True,"2029-02-06 07:34:44 UTC","235d, 00:00:00"
918329684.211,20736000,3772.614,True,"2029-02-06 07:34:44 UTC","240d, 00:00:00"
918329684.211,21168000,3540.097,True,"2029-02-06 07:34:44 UTC","245d, 00:00:00"
918329684.211,21600000,3339.162,True,"2029-02-06 07:34:44 UTC","250d, 00:00:00"
918329684.211,22032000,3163.195,True,"2029-02-06 07:34:44 UTC","255d, 00:00:00"
918329684.211,22464000,3010.217,True,"2029-02-06 07:34:44 UTC","260d, 00:00:00"
918329684.211,22896000,2880.722,True,"2029-02-06 07:34:44 UTC","265d, 00:00:00"
918329684.211,23328000,2776.721,True,"2029-02-06 07:34:44 UTC","270d, 00:00:00"
918329684.211,23760000,2701.23,True,"2029-02-06 07:34:44 UTC","275d, 00:00:00"
918329684.211,24192000,2657.879,True,"2029-02-06 07:34:44 UTC","280d, 00:00:00"
918329684.211,24624000,2650.568,True,"2029-02-06 07:34:44 UTC","285d, 00:00:00"
918329684.211,25056000,2683.191,True,"2029-02-06 07:34:44 UTC","290d, 00:00:00"
918329684.211,25488000,2759.581,True,"2029-02-06 07:34:44 UTC","295d, 00:00:00"
918329684.211,25920000,2883.717,True,"2029-02-06 07:34:44 UTC","300d, 00:00:00"
918329684.211,26352000,3060.058,True,"2029-02-06 07:34:44 UTC","305d, 00:00:00"
918329684.211,26784000,3293.821,True,"2029-02-06 07:34:44 UTC","310d, 00:00:00"
918329684.211,27216000,3591.116,True,"2029-02-06 07:34:44 UTC","315d, 00:00:00"
918329684.211,27648000,3959.02,True,"2029-02-06 07:34:44 UTC","320d, 00:00:00"
918329684.211,28080000,4405.729,True,"2029-02-06 07:34:44 UTC","325d, 00:00:00"
918329684.211,28512000,4940.854,True,"2029-02-06 07:34:44 UTC","330d, 00:00:00"
918329684.211,28944000,5575.881,True,"2029-02-06 07:34:44 UTC","335d, 00:00:00"
918329684.211,29376000,6324.763,True,"2029-02-06 07:34:44 UTC","340d, 00:00:00"
918329684.211,29808000,7204.564,True,"2029-02-06 07:34:44 UTC","345d, 00:00:00"
918329684.211,30240000,8236.046,True,"2029-02-06 07:34:44 UTC","350d, 00:00:00"
918329684.211,30672000,9443.932,True,"2029-02-06 07:34:44 UTC","355d, 00:00:00"
918329684.211,31104000,10856.321,True,"2029-02-06 07:34:44 UTC","360d, 00:00:00"
918329684.211,31536000,12502.27,True,"2029-02-06 07:34:44 UTC","365d, 00:00:00"
918329684.211,31968000,14405.897,True,"2029-02-06 07:34:44 UTC","370d, 00:00:00"
918329684.211,32400000,16575.088,True,"2029-02-06 07:34:44 UTC","375d, 00:00:00"
918329684.211,32832000,18984.339,True,"2029-02-06 07:34:44 UTC","380d, 00:00:00"
918329684.211,33264000,21557.095,True,"2029-02-06 07:34:44 UTC","385d, 00:00:00"
918329684.211,33696000,24162.231,True,"2029-02-06 07:34:44 UTC","390d, 00:00:00"
918329684.211,34128000,25549.907,False,"2029-02-06 07:34:44 UTC","395d, 00:00:00"
918329684.211,34560000,24949.558,False,"2029-02-06 07:34:44 UTC","400d, 00:00:00"
918329684.211,34992000,24349.045,False,"2029-02-06 07:34:44 UTC","405d, 00:00:00"
918329684.211,35424000,23749.4,False,"2029-02-06 07:34:44 UTC","410d, 00:00:00"
918329684.211,35856000,23151.631,False,"2029-02-06 07:34:44 UTC","415d, 00:00:00"
918329684.211,36288000,22556.716,False,"2029-02-06 07:34:44 UTC","420d, 00:00:00"
918329684.211,36720000,21965.603,False,"2029-02-06 07:34:44 UTC","425d, 00:00:00"
918329684.211,37152000,21379.203,False,"2029-02-06 07:34:44 UTC","430d, 00:00:00"
918329684.211,37584000,20798.39,False,"2029-02-06 07:34:44 UTC","435d, 00:00:00"
918329684.211,38016000,20224,False,"2029-02-06 07:34:44 UTC","440d, 00:00:00"
918329684.211,38448000,19656.829,False,"2029-02-06 07:34:44 UTC","445d, 00:00:00"
918329684.211,38880000,19097.632,False,"2029-02-06 07:34:44 UTC","450d, 00:00:00"
918329684.211,39312000,18547.121,False,"2029-02-06 07:34:44 UTC","455d, 00:00:00"
918329684.211,39744000,18005.965,False,"2029-02-06 07:34:44 UTC","460d, 00:00:00"
918329684.211,40176000,17474.794,False,"2029-02-06 07:34:44 UTC","465d, 00:00:00"
918329684.211,40608000,16954.196,False,"2029-02-06 07:34:44 UTC","470d, 00:00:00"
918329684.211,41040000,16444.719,False,"2029-02-06 07:34:44 UTC","475d, 00:00:00"
918329684.211,41472000,15946.873,False,"2029-02-06 07:34:44 UTC","480d, 00:00:00"
918329684.211,41904000,15461.133,False,"2029-02-06 07:34:44 UTC","485d, 00:00:00"
918329684.211,42336000,14987.944,False,"2029-02-06 07:34:44 UTC","490d, 00:00:00"
918329684.211,42768000,14527.722,False,"2029-02-06 07:34:44 UTC","495d, 00:00:00"
918329684.211,43200000,14080.863,False,"2029-02-06 07:34:44 UTC","500d, 00:00:00"
919749600,10368000,9830.112,False,"2029-02-22 18:00:00 UTC","120d, 00:00:00"
919749600,10800000,9553.824,False,"2029-02-22 18:00:00 UTC","125d, 00:00:00"
919749600,11232000,9280.801,False,"2029-02-22 18:00:00 UTC","130d, 00:00:00"
919749600,11664000,9009.901,False,"2029-02-22 18:00:00 UTC","135d, 00:00:00"
919749600,12096000,8740.516,False,"2029-02-22 18:00:00 UTC","140d, 00:00:00"
919749600,12528000,8472.492,False,"2029-02-22 18:00:00 UTC","145d, 00:00:00"
919749600,12960000,8206.106,False,"2029-02-22 18:00:00 UTC","150d, 00:00:00"
919749600,13392000,7942.091,False,"2029-02-22 18:00:00 UTC","155d, 00:00:00"
919749600,13824000,7681.78,False,"2029-02-22 18:00:00 UTC","160d, 00:00:00"
919749600,14256000,7427.422,False,"2029-02-22 18:00:00 UTC","165d, 00:00:00"
919749600,14688000,7182.906,False,"2029-02-22 18:00:00 UTC","170d, 00:00:00"
919749600,15120000,6955.454,False,"2029-02-22 18:00:00 UTC","175d, 00:00:00"
919749600,15552000,6759.988,False,"2029-02-22 18:00:00 UTC","180d, 00:00:00"
919749600,15984000,6632.143,False,"2029-02-22 18:00:00 UTC","185d, 00:00:00"
919749600,16416000,6676.157,False,"2029-02-22 18:00:00 UTC","190d, 00:00:00"
919749600,16848000,7308.309,False,"2029-02-22 18:00:00 UTC","195d, 00:00:00"
919749600,17280000,11521.904,False,"2029-02-22 18:00:00 UTC","200d, 00:00:00"
919749600,17712000,15173.649,True,"2029-02-22 18:00:00 UTC","205d, 00:00:00"
919749600,18144000,6877.213,True,"2029-02-22 18:00:00 UTC","210d, 00:00:00"
919749600,18576000,5430.439,True,"2029-02-22 18:00:00 UTC","215d, 00:00:00"
919749600,19008000,4824.986,True,"2029-02-22 18:00:00 UTC","220d, 00:00:00"
919749600,19440000,4439.869,True,"2029-02-22 18:00:00 UTC","225d, 00:00:00"
919749600,19872000,4140.088,True,"2029-02-22 18:00:00 UTC","230d, 00:00:00"
919749600,20304000,3884.53,True,"2029-02-22 18:00:00 UTC","235d, 00:00:00"
919749600,20736000,3658.418,True,"2029-02-22 18:00:00 UTC","240d, 00:00:00"
919749600,21168000,3456.42,True,"2029-02-22 18:00:00 UTC","245d, 00:00:00"
919749600,21600000,3277.318,True,"2029-02-22 18:00:00 UTC","250d, 00:00:00"
919749600,22032000,3122.047,True,"2029-02-22 18:00:00 UTC","255d, 00:00:00"
919749600,22464000,2992.854,True,"2029-02-22 18:00:00 UTC","260d, 00:00:00"
919749600,22896000,2892.868,True,"2029-02-22 18:00:00 UTC","265d, 00:00:00"
919749600,23328000,2825.77,True,"2029-02-22 18:00:00 UTC","270d, 00:00:00"
919749600,23760000,2795.506,True,"2029-02-22 18:00:00 UTC","275d, 00:00:00"
919749600,24192000,2806.043,True,"2029-02-22 18:00:00 UTC","280d, 00:00:00"
919749600,24624000,2861.299,True,"2029-02-22 18:00:00 UTC","285d, 00:00:00"
919749600,25056000,2965.312,True,"2029-02-22 18:00:00 UTC","290d, 00:00:00"
919749600,25488000,3122.556,True,"2029-02-22 18:00:00 UTC","295d, 00:00:00"
919749600,25920000,3338.204,True,"2029-02-22 18:00:00 UTC","300d, 00:00:00"
919749600,26352000,3618.257,True,"2029-02-22 18:00:00 UTC","305d, 00:00:00"
919749600,26784000,3969.581,True,"2029-02-22 18:00:00 UTC","310d, 00:00:00"
919749600,27216000,4400.033,True,"2029-02-22 18:00:00 UTC","315d, 00:00:00"
919749600,27648000,4918.737,True,"2029-02-22 18:00:00 UTC","320d, 00:00:00"
919749600,28080000,5536.548,True,"2029-02-22 18:00:00 UTC","325d, 00:00:00"
919749600,28512000,6266.657,True,"2029-02-22 18:00:00 UTC","330d, 00:00:00"
919749600,28944000,7125.264,True,"2029-02-22 18:00:00 UTC","335d, 00:00:00"
919749600,29376000,8132.217,True,"2029-02-22 18:00:00 UTC","340d, 00:00:00"
919749600,29808000,9311.375,True,"2029-02-22 18:00:00 UTC","345d, 00:00:00"
919749600,30240000,10690.246,True,"2029-02-22 18:00:00 UTC","350d, 00:00:00"
919749600,30672000,12297.979,True,"2029-02-22 18:00:00 UTC","355d, 00:00:00"
919749600,31104000,14160.173,True,"2029-02-22 18:00:00 UTC","360d, 00:00:00"
919749600,31536000,16288.499,True,"2029-02-22 18:00:00 UTC","365d, 00:00:00"
919749600,31968000,18664.169,True,"2029-02-22 18:00:00 UTC","370d, 00:00:00"
919749600,32400000,21219.291,True,"2029-02-22 18:00:00 UTC","375d, 00:00:00"
919749600,32832000,23829.626,True,"2029-02-22 18:00:00 UTC","380d, 00:00:00"
919749600,33264000,25757.224,False,"2029-02-22 18:00:00 UTC","385d, 00:00:00"
919749600,33696000,25157.608,False,"2029-02-22 18:00:00 UTC","390d, 00:00:00"
919749600,34128000,24557.812,False,"2029-02-22 18:00:00 UTC","395d, 00:00:00"
919749600,34560000,23958.859,False,"2029-02-22 18:00:00 UTC","400d, 00:00:00"
919749600,34992000,23361.748,False,"2029-02-22 18:00:00 UTC","405d, 00:00:00"
919749600,35424000,22767.449,False,"2029-02-22 18:00:00 UTC","410d, 00:00:00"
919749600,35856000,22176.898,False,"2029-02-22 18:00:00 UTC","415d, 00:00:00"
919749600,36288000,21590.999,False,"2029-02-22 18:00:00 UTC","420d, 00:00:00"
919749600,36720000,21010.619,False,"2029-02-22 18:00:00 UTC","425d, 00:00:00"
919749600,37152000,20436.587,False,"2029-02-22 18:00:00 UTC","430d, 00:00:00"
919749600,37584000,19869.69,False,"2029-02-22 18:00:00 UTC","435d, 00:00:00"
919749600,38016000,19310.678,False,"2029-02-22 18:00:00 UTC","440d, 00:00:00"
919749600,38448000,18760.258,False,"2029-02-22 18:00:00 UTC","445d, 00:00:00"
919749600,38880000,18219.095,False,"2029-02-22 18:00:00 UTC","450d, 00:00:00"
919749600,39312000,17687.816,False,"2029-02-22 18:00:00 UTC","455d, 00:00:00"
919749600,39744000,17167.004,False,"2029-02-22 18:00:00 UTC","460d, 00:00:00"
919749600,40176000,16657.206,False,"2029-02-22 18:00:00 UTC","465d, 00:00:00"
919749600,40608000,16158.932,False,"2029-02-22 18:00:00 UTC","470d, 00:00:00"
919749600,41040000,15672.653,False,"2029-02-22 18:00:00 UTC","475d, 00:00:00"
919749600,41472000,15198.814,False,"2029-02-22 18:00:00 UTC","480d, 00:00:00"
919749600,41904000,14737.826,False,"2029-02-22 18:00:00 UTC","485d, 00:00:00"
919749600,42336000,14290.083,False,"2029-02-22 18:00:00 UTC","490d, 00:00:00"
919749600,42768000,13855.962,False,"2029-02-22 18:00:00 UTC","495d, 00:00:00"
919749600,43200000,13435.834,False,"2029-02-22 18:00:00 UTC","500d, 00:00:00"
921169515.789,10368000,11260.663,False,"2029-03-11 04:25:15 UTC","120d, 00:00:00"
921169515.789,10800000,10871.666,False,"2029-03-11 04:25:15 UTC","125d, 00:00:00"
921169515.789,11232000,10490.512,False,"2029-03-11 04:25:15 UTC","130d, 00:00:00"
921169515.789,11664000,10116.445,False,"2029-03-11 04:25:15 UTC","135d, 00:00:00"
921169515.789,12096000,9749.169,False,"2029-03-11 04:25:15 UTC","140d, 00:00:00"
921169515.789,12528000,9388.827,False,"2029-03-11 04:25:15 UTC","145d, 00:00:00"
921169515.789,12960000,9036.067,False,"2029-03-11 04:25:15 UTC","150d, 00:00:00"
921169515.789,13392000,8692.231,False,"2029-03-11 04:25:15 UTC","155d, 00:00:00"
921169515.789,13824000,8359.804,False,"2029-03-11 04:25:15 UTC","160d, 00:00:00"
921169515.789,14256000,8043.497,False,"2029-03-11 04:25:15 UTC","165d, 00:00:00"
921169515.789,14688000,7752.974,False,"2029-03-11 04:25:15 UTC","170d, 00:00:00"
921169515.789,15120000,7510.847,False,"2029-03-11 04:25:15 UTC","175d, 00:00:00"
921169515.789,15552000,7381.282,False,"2029-03-11 04:25:15 UTC","180d, 00:00:00"
921169515.789,15984000,7610.785,False,"2029-03-11 04:25:15 UTC","185d, 00:00:00"
921169515.789,16416000,9850.362,False,"2029-03-11 04:25:15 UTC","190d, 00:00:00"
921169515.789,16848000,20899.445,True,"2029-03-11 04:25:15 UTC","195d, 00:00:00"
921169515.789,17280000,7516.475,True,"2029-03-11 04:25:15 UTC","200d, 00:00:00"
921169515.789,17712000,5932.268,True,"2029-03-11 04:25:15 UTC","205d, 00:00:00"
921169515.789,18144000,5317.033,True,"2029-03-11 04:25:15 UTC","210d, 00:00:00"
921169515.789,18576000,4915.108,True,"2029-03-11 04:25:15 UTC","215d, 00:00:00"
921169515.789,19008000,4590.425,True,"2029-03-11 04:25:15 UTC","220d, 00:00:00"
921169515.789,19440000,4305.695,True,"2029-03-11 04:25:15 UTC","225d, 00:00:00"
921169515.789,19872000,4048.528,True,"2029-03-11 04:25:15 UTC","230d, 00:00:00"
921169515.789,20304000,3814.896,True,"2029-03-11 04:25:15 UTC","235d, 00:00:00"
921169515.789,20736000,3604.286,True,"2029-03-11 04:25:15 UTC","240d, 00:00:00"
921169515.789,21168000,3418.001,True,"2029-03-11 04:25:15 UTC","245d, 00:00:00"
921169515.789,21600000,3258.469,True,"2029-03-11 04:25:15 UTC","250d, 00:00:00"
921169515.789,22032000,3128.894,True,"2029-03-11 04:25:15 UTC","255d, 00:00:00"
921169515.789,22464000,3033.004,True,"2029-03-11 04:25:15 UTC","260d, 00:00:00"
921169515.789,22896000,2974.803,True,"2029-03-11 04:25:15 UTC","265d, 00:00:00"
921169515.789,23328000,2958.355,True,"2029-03-11 04:25:15 UTC","270d, 00:00:00"
921169515.789,23760000,2987.692,True,"2029-03-11 04:25:15 UTC","275d, 00:00:00"
921169515.789,24192000,3066.93,True,"2029-03-11 04:25:15 UTC","280d, 00:00:00"
921169515.789,24624000,3200.552,True,"2029-03-11 04:25:15 UTC","285d, 00:00:00"
921169515.789,25056000,3393.677,True,"2029-03-11 04:25:15 UTC","290d, 00:00:00"
921169515.789,25488000,3652.191,True,"2029-03-11 04:25:15 UTC","295d, 00:00:00"
921169515.789,25920000,3982.771,True,"2029-03-11 04:25:15 UTC","300d, 00:00:00"
921169515.789,26352000,4392.961,True,"2029-03-11 04:25:15 UTC","305d, 00:00:00"
921169515.789,26784000,4891.434,True,"2029-03-11 04:25:15 UTC","310d, 00:00:00"
921169515.789,27216000,5488.44,True,"2029-03-11 04:25:15 UTC","315d, 00:00:00"
921169515.789,27648000,6196.432,True,"2029-03-11 04:25:15 UTC","320d, 00:00:00"
921169515.789,28080000,7030.772,True,"2029-03-11 04:25:15 UTC","325d, 00:00:00"
921169515.789,28512000,8010.427,True,"2029-03-11 04:25:15 UTC","330d, 00:00:00"
921169515.789,28944000,9158.457,True,"2029-03-11 04:25:15 UTC","335d, 00:00:00"
921169515.789,29376000,10501.878,True,"2029-03-11 04:25:15 UTC","340d, 00:00:00"
921169515.789,29808000,12070.086,True,"2029-03-11 04:25:15 UTC","345d, 00:00:00"
921169515.789,30240000,13890.39,True,"2029-03-11 04:25:15 UTC","350d, 00:00:00"
921169515.789,30672000,15978.59,True,"2029-03-11 04:25:15 UTC","355d, 00:00:00"
921169515.789,31104000,18323.11,True,"2029-03-11 04:25:15 UTC","360d, 00:00:00"
921169515.789,31536000,20865.402,True,"2029-03-11 04:25:15 UTC","365d, 00:00:00"
921169515.789,31968000,23488.741,True,"2029-03-11 04:25:15 UTC","370d, 00:00:00"
921169515.789,32400000,26016.771,False,"2029-03-11 04:25:15 UTC","375d, 00:00:00"
921169515.789,32832000,25417.174,False,"2029-03-11 04:25:15 UTC","380d, 00:00:00"
921169515.789,33264000,24817.349,False,"2029-03-11 04:25:15 UTC","385d, 00:00:00"
921169515.789,33696000,24218.309,False,"2029-03-11 04:25:15 UTC","390d, 00:00:00"
921169515.789,34128000,23621.044,False,"2029-03-11 04:25:15 UTC","395d, 00:00:00"
921169515.789,34560000,23026.513,False,"2029-03-11 04:25:15 UTC","400d, 00:00:00"
921169515.789,34992000,22435.646,False,"2029-03-11 04:25:15 UTC","405d, 00:00:00"
921169515.789,35424000,21849.337,False,"2029-03-11 04:25:15 UTC","410d, 00:00:00"
921169515.789,35856000,21268.448,False,"2029-03-11 04:25:15 UTC","415d, 00:00:00"
921169515.789,36288000,20693.799,False,"2029-03-11 04:25:15 UTC","420d, 00:00:00"
921169515.789,36720000,20126.173,False,"2029-03-11 04:25:15 UTC","425d, 00:00:00"
921169515.789,37152000,19566.315,False,"2029-03-11 04:25:15 UTC","430d, 00:00:00"
921169515.789,37584000,19014.928,False,"2029-03-11 04:25:15 UTC","435d, 00:00:00"
921169515.789,38016000,18472.676,False,"2029-03-11 04:25:15 UTC","440d, 00:00:00"
921169515.789,38448000,17940.18,False,"2029-03-11 04:25:15 UTC","445d, 00:00:00"
921169515.789,38880000,17418.026,False,"2029-03-11 04:25:15 UTC","450d, 00:00:00"
921169515.789,39312000,16906.758,False,"2029-03-11 04:25:15 UTC","455d, 00:00:00"
921169515.789,39744000,16406.884,False,"2029-03-11 04:25:15 UTC","460d, 00:00:00"
921169515.789,40176000,15918.879,False,"2029-03-11 04:25:15 UTC","465d, 00:00:00"
921169515.789,40608000,15443.182,False,"2029-03-11 04:25:15 UTC","470d, 00:00:00"
921169515.789,41040000,14980.208,False,"2029-03-11 04:25:15 UTC","475d, 00:00:00"
921169515.789,41472000,14530.343,False,"2029-03-11 04:25:15 UTC","480d, 00:00:00"
921169515.789,41904000,14093.96,False,"2029-03-11 04:25:15 UTC","485d, 00:00:00"
921169515.789,42336000,13671.42,False,"2029-03-11 04:25:15 UTC","490d, 00:00:00"
921169515.789,42768000,13263.089,False,"2029-03-11 04:25:15 UTC","495d, 00:00:00"
921169515.789,43200000,12869.357,False,"2029-03-11 04:25:15 UTC","500d, 00:00:00"
922589431.579,10368000,12558.592,False,"2029-03-27 14:50:31 UTC","120d, 00:00:00"
922589431.579,10800000,12050.871,False,"2029-03-27 14:50:31 UTC","125d, 00:00:00"
922589431.579,11232000,11558.122,False,"2029-03-27 14:50:31 UTC","130d, 00:00:00"
922589431.579,11664000,11079.564,False,"2029-03-27 14:50:31 UTC","135d, 00:00:00"
922589431.579,12096000,10614.925,False,"2029-03-27 14:50:31 UTC","140d, 00:00:00"
922589431.579,12528000,10164.529,False,"2029-03-27 14:50:31 UTC","145d, 00:00:00"
922589431.579,12960000,9729.538,False,"2029-03-27 14:50:31 UTC","150d, 00:00:00"
922589431.579,13392000,9312.597,False,"2029-03-27 14:50:31 UTC","155d, 00:00:00"
922589431.579,13824000,8919.444,False,"2029-03-27 14:50:31 UTC","160d, 00:00:00"
922589431.579,14256000,8563.542,False,"2029-03-27 14:50:31 UTC","165d, 00:00:00"
922589431.579,14688000,8282.045,False,"2029-03-27 14:50:31 UTC","170d, 00:00:00"
922589431.579,15120000,8210.513,False,"2029-03-27 14:50:31 UTC","175d, 00:00:00"
922589431.579,15552000,9183.185,False,"2029-03-27 14:50:31 UTC","180d, 00:00:00"
922589431.579,15984000,27403.005,False,"2029-03-27 14:50:31 UTC","185d, 00:00:00"
922589431.579,16416000,8309.119,True,"2029-03-27 14:50:31 UTC","190d, 00:00:00"
922589431.579,16848000,6541.353,True,"2029-03-27 14:50:31 UTC","195d, 00:00:00"
922589431.579,17280000,5914.499,True,"2029-03-27 14:50:31 UTC","200d, 00:00:00"
922589431.579,17712000,5489.242,True,"2029-03-27 14:50:31 UTC","205d, 00:00:00"
922589431.579,18144000,5132.384,True,"2029-03-27 14:50:31 UTC","210d, 00:00:00"
922589431.579,18576000,4811.553,True,"2029-03-27 14:50:31 UTC","215d, 00:00:00"
922589431.579,19008000,4516.899,True,"2029-03-27 14:50:31 UTC","220d, 00:00:00"
922589431.579,19440000,4245.628,True,"2029-03-27 14:50:31 UTC","225d, 00:00:00"
922589431.579,19872000,3997.819,True,"2029-03-27 14:50:31 UTC","230d, 00:00:00"
922589431.579,20304000,3775.035,True,"2029-03-27 14:50:31 UTC","235d, 00:00:00"
922589431.579,20736000,3579.794,True,"2029-03-27 14:50:31 UTC","240d, 00:00:00"
922589431.579,21168000,3415.316,True,"2029-03-27 14:50:31 UTC","245d, 00:00:00"
922589431.579,21600000,3285.327,True,"2029-03-27 14:50:31 UTC","250d, 00:00:00"
922589431.579,22032000,3193.874,True,"2029-03-27 14:50:31 UTC","255d, 00:00:00"
922589431.579,22464000,3145.121,True,"2029-03-27 14:50:31 UTC","260d, 00:00:00"
922589431.579,22896000,3143.236,True,"2029-03-27 14:50:31 UTC","265d, 00:00:00"
922589431.579,23328000,3192.443,True,"2029-03-27 14:50:31 UTC","270d, 00:00:00"
922589431.579,23760000,3297.248,True,"2029-03-27 14:50:31 UTC","275d, 00:00:00"
922589431.579,24192000,3462.711,True,"2029-03-27 14:50:31 UTC","280d, 00:00:00"
922589431.579,24624000,3694.6,True,"2029-03-27 14:50:31 UTC","285d, 00:00:00"
922589431.579,25056000,3999.417,True,"2029-03-27 14:50:31 UTC","290d, 00:00:00"
922589431.579,25488000,4384.436,True,"2029-03-27 14:50:31 UTC","295d, 00:00:00"
922589431.579,25920000,4857.918,True,"2029-03-27 14:50:31 UTC","300d, 00:00:00"
922589431.579,26352000,5429.543,True,"2029-03-27 14:50:31 UTC","305d, 00:00:00"
922589431.579,26784000,6111.042,True,"2029-03-27 14:50:31 UTC","310d, 00:00:00"
922589431.579,27216000,6916.94,True,"2029-03-27 14:50:31 UTC","315d, 00:00:00"
922589431.579,27648000,7865.328,True,"2029-03-27 14:50:31 UTC","320d, 00:00:00"
922589431.579,28080000,8978.468,True,"2029-03-27 14:50:31 UTC","325d, 00:00:00"
922589431.579,28512000,10282.91,True,"2029-03-27 14:50:31 UTC","330d, 00:00:00"
922589431.579,28944000,11808.37,True,"2029-03-27 14:50:31 UTC","335d, 00:00:00"
922589431.579,29376000,13584.025,True,"2029-03-27 14:50:31 UTC","340d, 00:00:00"
922589431.579,29808000,15630.136,True,"2029-03-27 14:50:31 UTC","345d, 00:00:00"
922589431.579,30240000,17943.011,True,"2029-03-27 14:50:31 UTC","350d, 00:00:00"
922589431.579,30672000,20474.607,True,"2029-03-27 14:50:31 UTC","355d, 00:00:00"
922589431.579,31104000,23117.142,True,"2029-03-27 14:50:31 UTC","360d, 00:00:00"
922589431.579,31536000,26329.513,False,"2029-03-27 14:50:31 UTC","365d, 00:00:00"
922589431.579,31968000,25729.162,False,"2029-03-27 14:50:31 UTC","370d, 00:00:00"
922589431.579,32400000,25128.498,False,"2029-03-27 14:50:31 UTC","375d, 00:00:00"
922589431.579,32832000,24528.525,False,"2029-03-27 14:50:31 UTC","380d, 00:00:00"
922589431.579,33264000,23930.222,False,"2029-03-27 14:50:31 UTC","385d, 00:00:00"
922589431.579,33696000,23334.543,False,"2029-03-27 14:50:31 UTC","390d, 00:00:00"
922589431.579,34128000,22742.407,False,"2029-03-27 14:50:31 UTC","395d, 00:00:00"
922589431.579,34560000,22154.703,False,"2029-03-27 14:50:31 UTC","400d, 00:00:00"
922589431.579,34992000,21572.284,False,"2029-03-27 14:50:31 UTC","405d, 00:00:00"
922589431.579,35424000,20995.966,False,"2029-03-27 14:50:31 UTC","410d, 00:00:00"
922589431.579,35856000,20426.53,False,"2029-03-27 14:50:31 UTC","415d, 00:00:00"
922589431.579,36288000,19864.714,False,"2029-03-27 14:50:31 UTC","420d, 00:00:00"
922589431.579,36720000,19311.221,False,"2029-03-27 14:50:31 UTC","425d, 00:00:00"
922589431.579,37152000,18766.713,False,"2029-03-27 14:50:31 UTC","430d, 00:00:00"
922589431.579,37584000,18231.812,False,"2029-03-27 14:50:31 UTC","435d, 00:00:00"
922589431.579,38016000,17707.103,False,"2029-03-27 14:50:31 UTC","440d, 00:00:00"
922589431.579,38448000,17193.131,False,"2029-03-27 14:50:31 UTC","445d, 00:00:00"
922589431.579,38880000,16690.406,False,"2029-03-27 14:50:31 UTC","450d, 00:00:00"
922589431.579,39312000,16199.404,False,"2029-03-27 14:50:31 UTC","455d, 00:00:00"
922589431.579,39744000,15720.565,False,"2029-03-27 14:50:31 UTC","460d, 00:00:00"
922589431.579,40176000,15254.303,False,"2029-03-27 14:50:31 UTC","465d, 00:00:00"
922589431.579,40608000,14801.004,False,"2029-03-27 14:50:31 UTC","470d, 00:00:00"
922589431.579,41040000,14361.034,False,"2029-03-27 14:50:31 UTC","475d, 00:00:00"
922589431.579,41472000,13934.745,False,"2029-03-27 14:50:31 UTC","480d, 00:00:00"
922589431.579,41904000,13522.487,False,"2029-03-27 14:50:31 UTC","485d, 00:00:00"
922589431.579,42336000,13124.62,False,"2029-03-27 14:50:31 UTC","490d, 00:00:00"
922589431.579,42768000,12741.54,False,"2029-03-27 14:50:31 UTC","495d, 00:00:00"
922589431.579,43200000,12373.715,False,"2029-03-27 14:50:31 UTC","500d, 00:00:00"
924009347.368,10368000,13691.942,False,"2029-04-13 01:15:47 UTC","120d, 00:00:00"
924009347.368,10800000,13066.51,False,"2029-04-13 01:15:47 UTC","125d, 00:00:00"
924009347.368,11232000,12464.699,False,"2029-04-13 01:15:47 UTC","130d, 00:00:00"
924009347.368,11664000,11885.512,False,"2029-04-13 01:15:47 UTC","135d, 00:00:00"
924009347.368,12096000,11328.675,False,"2029-04-13 01:15:47 UTC","140d, 00:00:00"
924009347.368,12528000,10794.959,False,"2029-04-13 01:15:47 UTC","145d, 00:00:00"
924009347.368,12960000,10287.051,False,"2029-04-13 01:15:47 UTC","150d, 00:00:00"
924009347.368,13392000,9812.04,False,"2029-04-13 01:15:47 UTC","155d, 00:00:00"
924009347.368,13824000,9389.645,False,"2029-04-13 01:15:47 UTC","160d, 00:00:00"
924009347.368,14256000,9088.343,False,"2029-04-13 01:15:47 UTC","165d, 00:00:00"
924009347.368,14688000,9286.465,False,"2029-04-13 01:15:47 UTC","170d, 00:00:00"
924009347.368,15120000,16900.677,False,"2029-04-13 01:15:47 UTC","175d, 00:00:00"
924009347.368,15552000,9336.693,True,"2029-04-13 01:15:47 UTC","180d, 00:00:00"
924009347.368,15984000,7274.599,True,"2029-04-13 01:15:47 UTC","185d, 00:00:00"
924009347.368,16416000,6631.838,True,"2029-04-13 01:15:47 UTC","190d, 00:00:00"
924009347.368,16848000,6174.859,True,"2029-04-13 01:15:47 UTC","195d, 00:00:00"
924009347.368,17280000,5777.318,True,"2029-04-13 01:15:47 UTC","200d, 00:00:00"
924009347.368,17712000,5412.596,True,"2029-04-13 01:15:47 UTC","205d, 00:00:00"
924009347.368,18144000,5073.384,True,"2029-04-13 01:15:47 UTC","210d, 00:00:00"
924009347.368,18576000,4757.974,True,"2029-04-13 01:15:47 UTC","215d, 00:00:00"
924009347.368,19008000,4466.88,True,"2029-04-13 01:15:47 UTC","220d, 00:00:00"
924009347.368,19440000,4201.792,True,"2029-04-13 01:15:47 UTC","225d, 00:00:00"
924009347.368,19872000,3965.204,True,"2029-04-13 01:15:47 UTC","230d, 00:00:00"
924009347.368,20304000,3760.252,True,"2029-04-13 01:15:47 UTC","235d, 00:00:00"
924009347.368,20736000,3590.587,True,"2029-04-13 01:15:47 UTC","240d, 00:00:00"
924009347.368,21168000,3460.234,True,"2029-04-13 01:15:47 UTC","245d, 00:00:00"
924009347.368,21600000,3373.43,True,"2029-04-13 01:15:47 UTC","250d, 00:00:00"
924009347.368,22032000,3334.481,True,"2029-04-13 01:15:47 UTC","255d, 00:00:00"
924009347.368,22464000,3347.747,True,"2029-04-13 01:15:47 UTC","260d, 00:00:00"
924009347.368,22896000,3417.794,True,"2029-04-13 01:15:47 UTC","265d, 00:00:00"
924009347.368,23328000,3549.639,True,"2029-04-13 01:15:47 UTC","270d, 00:00:00"
924009347.368,23760000,3748.936,True,"2029-04-13 01:15:47 UTC","275d, 00:00:00"
924009347.368,24192000,4022.026,True,"2029-04-13 01:15:47 UTC","280d, 00:00:00"
924009347.368,24624000,4375.955,True,"2029-04-13 01:15:47 UTC","285d, 00:00:00"
924009347.368,25056000,4818.625,True,"2029-04-13 01:15:47 UTC","290d, 00:00:00"
924009347.368,25488000,5359.191,True,"2029-04-13 01:15:47 UTC","295d, 00:00:00"
924009347.368,25920000,6008.681,True,"2029-04-13 01:15:47 UTC","300d, 00:00:00"
924009347.368,26352000,6780.779,True,"2029-04-13 01:15:47 UTC","305d, 00:00:00"
924009347.368,26784000,7692.657,True,"2029-04-13 01:15:47 UTC","310d, 00:00:00"
924009347.368,27216000,8765.732,True,"2029-04-13 01:15:47 UTC","315d, 00:00:00"
924009347.368,27648000,10026.031,True,"2029-04-13 01:15:47 UTC","320d, 00:00:00"
924009347.368,28080000,11503.546,True,"2029-04-13 01:15:47 UTC","325d, 00:00:00"
924009347.368,28512000,13229.35,True,"2029-04-13 01:15:47 UTC","330d, 00:00:00"
924009347.368,28944000,15228.404,True,"2029-04-13 01:15:47 UTC","335d, 00:00:00"
924009347.368,29376000,17505.622,True,"2029-04-13 01:15:47 UTC","340d, 00:00:00"
924009347.368,29808000,20025.023,True,"2029-04-13 01:15:47 UTC","345d, 00:00:00"
924009347.368,30240000,22690.112,True,"2029-04-13 01:15:47 UTC","350d, 00:00:00"
924009347.368,30672000,25345.539,True,"2029-04-13 01:15:47 UTC","355d, 00:00:00"
924009347.368,31104000,26094.135,False,"2029-04-13 01:15:47 UTC","360d, 00:00:00"
924009347.368,31536000,25491.759,False,"2029-04-13 01:15:47 UTC","365d, 00:00:00"
924009347.368,31968000,24889.942,False,"2029-04-13 01:15:47 UTC","370d, 00:00:00"
924009347.368,32400000,24289.654,False,"2029-04-13 01:15:47 UTC","375d, 00:00:00"
924009347.368,32832000,23691.839,False,"2029-04-13 01:15:47 UTC","380d, 00:00:00"
924009347.368,33264000,23097.411,False,"2029-04-13 01:15:47 UTC","385d, 00:00:00"
924009347.368,33696000,22507.251,False,"2029-04-13 01:15:47 UTC","390d, 00:00:00"
924009347.368,34128000,21922.208,False,"2029-04-13 01:15:47 UTC","395d, 00:00:00"
924009347.368,34560000,21343.095,False,"2029-04-13 01:15:47 UTC","400d, 00:00:00"
924009347.368,34992000,20770.688,False,"2029-04-13 01:15:47 UTC","405d, 00:00:00"
924009347.368,35424000,20205.726,False,"2029-04-13 01:15:47 UTC","410d, 00:00:00"
924009347.368,35856000,19648.909,False,"2029-04-13 01:15:47 UTC","415d, 00:00:00"
924009347.368,36288000,19100.902,False,"2029-04-13 01:15:47 UTC","420d, 00:00:00"
924009347.368,36720000,18562.327,False,"2029-04-13 01:15:47 UTC","425d, 00:00:00"
924009347.368,37152000,18033.771,False,"2029-04-13 01:15:47 UTC","430d, 00:00:00"
924009347.368,37584000,17515.785,False,"2029-04-13 01:15:47 UTC","435d, 00:00:00"
924009347.368,38016000,17008.879,False,"2029-04-13 01:15:47 UTC","440d, 00:00:00"
924009347.368,38448000,16513.534,False,"2029-04-13 01:15:47 UTC","445d, 00:00:00"
924009347.368,38880000,16030.192,False,"2029-04-13 01:15:47 UTC","450d, 00:00:00"
924009347.368,39312000,15559.268,False,"2029-04-13 01:15:47 UTC","455d, 00:00:00"
924009347.368,39744000,15101.15,False,"2029-04-13 01:15:47 UTC","460d, 00:00:00"
924009347.368,40176000,14656.199,False,"2029-04-13 01:15:47 UTC","465d, 00:00:00"
924009347.368,40608000,14224.761,False,"2029-04-13 01:15:47 UTC","470d, 00:00:00"
924009347.368,41040000,13807.171,False,"2029-04-13 01:15:47 UTC","475d, 00:00:00"
924009347.368,41472000,13403.766,False,"2029-04-13 01:15:47 UTC","480d, 00:00:00"
924009347.368,41904000,13014.897,False,"2029-04-13 01:15:47 UTC","485d, 00:00:00"
924009347.368,42336000,12640.965,False,"2029-04-13 01:15:47 UTC","490d, 00:00:00"
924009347.368,42768000,12282.457,False,"2029-04-13 01:15:47 UTC","495d, 00:00:00"
924009347.368,43200000,11940.031,False,"2029-04-13 01:15:47 UTC","500d, 00:00:00"
925429263.158,10368000,14648.444,False,"2029-04-29 11:41:03 UTC","120d, 00:00:00"
925429263.158,10800000,13910.836,False,"2029-04-29 11:41:03 UTC","125d, 00:00:00"
925429263.158,11232000,13206.402,False,"2029-04-29 11:41:03 UTC","130d, 00:00:00"
925429263.158,11664000,12533.944,False,"2029-04-29 11:41:03 UTC","135d, 00:00:00"
925429263.158,12096000,11893.539,False,"2029-04-29 11:41:03 UTC","140d, 00:00:00"
925429263.158,12528000,11287.72,False,"2029-04-29 11:41:03 UTC","145d, 00:00:00"
925429263.158,12960000,10725.291,False,"2029-04-29 11:41:03 UTC","150d, 00:00:00"
925429263.158,13392000,10236.956,False,"2029-04-29 11:41:03 UTC","155d, 00:00:00"
925429263.158,13824000,9974.565,False,"2029-04-29 11:41:03 UTC","160d, 00:00:00"
925429263.158,14256000,12006.291,False,"2029-04-29 11:41:03 UTC","165d, 00:00:00"
925429263.158,14688000,10827.034,True,"2029-04-29 11:41:03 UTC","170d, 00:00:00"
925429263.158,15120000,8151.951,True,"2029-04-29 11:41:03 UTC","175d, 00:00:00"
925429263.158,15552000,7487.13,True,"2029-04-29 11:41:03 UTC","180d, 00:00:00"
925429263.158,15984000,6988.074,True,"2029-04-29 11:41:03 UTC","185d, 00:00:00"
925429263.158,16416000,6539.916,True,"2029-04-29 11:41:03 UTC","190d, 00:00:00"
925429263.158,16848000,6122.453,True,"2029-04-29 11:41:03 UTC","195d, 00:00:00"
925429263.158,17280000,5730.78,True,"2029-04-29 11:41:03 UTC","200d, 00:00:00"
925429263.158,17712000,5364.066,True,"2029-04-29 11:41:03 UTC","205d, 00:00:00"
925429263.158,18144000,5023.068,True,"2029-04-29 11:41:03 UTC","210d, 00:00:00"
925429263.158,18576000,4709.44,True,"2029-04-29 11:41:03 UTC","215d, 00:00:00"
925429263.158,19008000,4425.515,True,"2029-04-29 11:41:03 UTC","220d, 00:00:00"
925429263.158,19440000,4174.221,True,"2029-04-29 11:41:03 UTC","225d, 00:00:00"
925429263.158,19872000,3959.017,True,"2029-04-29 11:41:03 UTC","230d, 00:00:00"
925429263.158,20304000,3783.811,True,"2029-04-29 11:41:03 UTC","235d, 00:00:00"
925429263.158,20736000,3652.826,True,"2029-04-29 11:41:03 UTC","240d, 00:00:00"
925429263.158,21168000,3570.467,True,"2029-04-29 11:41:03 UTC","245d, 00:00:00"
925429263.158,21600000,3541.241,True,"2029-04-29 11:41:03 UTC","250d, 00:00:00"
925429263.158,22032000,3569.821,True,"2029-04-29 11:41:03 UTC","255d, 00:00:00"
925429263.158,22464000,3661.223,True,"2029-04-29 11:41:03 UTC","260d, 00:00:00"
925429263.158,22896000,3821.009,True,"2029-04-29 11:41:03 UTC","265d, 00:00:00"
925429263.158,23328000,4055.379,True,"2029-04-29 11:41:03 UTC","270d, 00:00:00"
925429263.158,23760000,4371.19,True,"2029-04-29 11:41:03 UTC","275d, 00:00:00"
925429263.158,24192000,4776.053,True,"2029-04-29 11:41:03 UTC","280d, 00:00:00"
925429263.158,24624000,5278.66,True,"2029-04-29 11:41:03 UTC","285d, 00:00:00"
925429263.158,25056000,5889.371,True,"2029-04-29 11:41:03 UTC","290d, 00:00:00"
925429263.158,25488000,6621.014,True,"2029-04-29 11:41:03 UTC","295d, 00:00:00"
925429263.158,25920000,7489.788,True,"2029-04-29 11:41:03 UTC","300d, 00:00:00"
925429263.158,26352000,8516.157,True,"2029-04-29 11:41:03 UTC","305d, 00:00:00"
925429263.158,26784000,9725.473,True,"2029-04-29 11:41:03 UTC","310d, 00:00:00"
925429263.158,27216000,11147.828,True,"2029-04-29 11:41:03 UTC","315d, 00:00:00"
925429263.158,27648000,12816.037,True,"2029-04-29 11:41:03 UTC","320d, 00:00:00"
925429263.158,28080000,14759.785,True,"2029-04-29 11:41:03 UTC","325d, 00:00:00"
925429263.158,28512000,16993.175,True,"2029-04-29 11:41:03 UTC","330d, 00:00:00"
925429263.158,28944000,19494.07,True,"2029-04-29 11:41:03 UTC","335d, 00:00:00"
925429263.158,29376000,22180.547,True,"2029-04-29 11:41:03 UTC","340d, 00:00:00"
925429263.158,29808000,24903.391,True,"2029-04-29 11:41:03 UTC","345d, 00:00:00"
925429263.158,30240000,26512.217,False,"2029-04-29 11:41:03 UTC","350d, 00:00:00"
925429263.158,30672000,25907.193,False,"2029-04-29 11:41:03 UTC","355d, 00:00:00"
925429263.158,31104000,25302.556,False,"2029-04-29 11:41:03 UTC","360d, 00:00:00"
925429263.158,31536000,24699.268,False,"2029-04-29 11:41:03 UTC","365d, 00:00:00"
925429263.158,31968000,24098.264,False,"2029-04-29 11:41:03 UTC","370d, 00:00:00"
925429263.158,32400000,23500.451,False,"2029-04-29 11:41:03 UTC","375d, 00:00:00"
925429263.158,32832000,22906.707,False,"2029-04-29 11:41:03 UTC","380d, 00:00:00"
925429263.158,33264000,22317.876,False,"2029-04-29 11:41:03 UTC","385d, 00:00:00"
925429263.158,33696000,21734.769,False,"2029-04-29 11:41:03 UTC","390d, 00:00:00"
925429263.158,34128000,21158.16,False,"2029-04-29 11:41:03 UTC","395d, 00:00:00"
925429263.158,34560000,20588.788,False,"2029-04-29 11:41:03 UTC","400d, 00:00:00"
925429263.158,34992000,20027.358,False,"2029-04-29 11:41:03 UTC","405d, 00:00:00"
925429263.158,35424000,19474.533,False,"2029-04-29 11:41:03 UTC","410d, 00:00:00"
925429263.158,35856000,18930.942,False,"2029-04-29 11:41:03 UTC","415d, 00:00:00"
925429263.158,36288000,18397.177,False,"2029-04-29 11:41:03 UTC","420d, 00:00:00"
925429263.158,36720000,17873.791,False,"2029-04-29 11:41:03 UTC","425d, 00:00:00"
925429263.158,37152000,17361.302,False,"2029-04-29 11:41:03 UTC","430d, 00:00:00"
925429263.158,37584000,16860.195,False,"2029-04-29 11:41:03 UTC","435d, 00:00:00"
925429263.158,38016000,16370.919,False,"2029-04-29 11:41:03 UTC","440d, 00:00:00"
925429263.158,38448000,15893.892,False,"2029-04-29 11:41:03 UTC","445d, 00:00:00"
925429263.158,38880000,15429.504,False,"2029-04-29 11:41:03 UTC","450d, 00:00:00"
925429263.158,39312000,14978.117,False,"2029-04-29 11:41:03 UTC","455d, 00:00:00"
925429263.158,39744000,14540.072,False,"2029-04-29 11:41:03 UTC","460d, 00:00:00"
925429263.158,40176000,14115.694,False,"2029-04-29 11:41:03 UTC","465d, 00:00:00"
925429263.158,40608000,13705.298,False,"2029-04-29 11:41:03 UTC","470d, 00:00:00"
925429263.158,41040000,13309.203,False,"2029-04-29 11:41:03 UTC","475d, 00:00:00"
925429263.158,41472000,12927.75,False,"2029-04-29 11:41:03 UTC","480d, 00:00:00"
925429263.158,41904000,12561.328,False,"2029-04-29 11:41:03 UTC","485d, 00:00:00"
925429263.158,42336000,12210.432,False,"2029-04-29 11:41:03 UTC","490d, 00:00:00"
925429263.158,42768000,11875.75,False,"2029-04-29 11:41:03 UTC","495d, 00:00:00"
925429263.158,43200000,11558.367,False,"2029-04-29 11:41:03 UTC","500d, 00:00:00"
926849178.947,10368000,15429.116,False,"2029-05-15 22:06:18 UTC","120d, 00:00:00"
926849178.947,10800000,14587.828,False,"2029-05-15 22:06:18 UTC","125d, 00:00:00"
926849178.947,11232000,13789.782,False,"2029-05-15 22:06:18 UTC","130d, 00:00:00"
926849178.947,11664000,13033.926,False,"2029-05-15 22:06:18 UTC","135d, 00:00:00"
926849178.947,12096000,12322.194,False,"2029-05-15 22:06:18 UTC","140d, 00:00:00"
926849178.947,12528000,11665.285,False,"2029-05-15 22:06:18 UTC","145d, 00:00:00"
926849178.947,12960000,11114.662,False,"2029-05-15 22:06:18 UTC","150d, 00:00:00"
926849178.947,13392000,11173.205,False,"2029-05-15 22:06:18 UTC","155d, 00:00:00"
926849178.947,13824000,14001.873,True,"2029-05-15 22:06:18 UTC","160d, 00:00:00"
926849178.947,14256000,9197.536,True,"2029-05-15 22:06:18 UTC","165d, 00:00:00"
926849178.947,14688000,8503.573,True,"2029-05-15 22:06:18 UTC","170d, 00:00:00"
926849178.947,15120000,7949.625,True,"2029-05-15 22:06:18 UTC","175d, 00:00:00"
926849178.947,15552000,7439.045,True,"2029-05-15 22:06:18 UTC","180d, 00:00:00"
926849178.947,15984000,6958.556,True,"2029-05-15 22:06:18 UTC","185d, 00:00:00"
926849178.947,16416000,6505.382,True,"2029-05-15 22:06:18 UTC","190d, 00:00:00"
926849178.947,16848000,6079.273,True,"2029-05-15 22:06:18 UTC","195d, 00:00:00"
926849178.947,17280000,5681,True,"2029-05-15 22:06:18 UTC","200d, 00:00:00"
926849178.947,17712000,5311.994,True,"2029-05-15 22:06:18 UTC","205d, 00:00:00"
926849178.947,18144000,4974.265,True,"2029-05-15 22:06:18 UTC","210d, 00:00:00"
926849178.947,18576000,4670.383,True,"2029-05-15 22:06:18 UTC","215d, 00:00:00"
926849178.947,19008000,4403.475,True,"2029-05-15 22:06:18 UTC","220d, 00:00:00"
926849178.947,19440000,4177.184,True,"2029-05-15 22:06:18 UTC","225d, 00:00:00"
926849178.947,19872000,3995.588,True,"2029-05-15 22:06:18 UTC","230d, 00:00:00"
926849178.947,20304000,3863.084,True,"2029-05-15 22:06:18 UTC","235d, 00:00:00"
926849178.947,20736000,3784.285,True,"2029-05-15 22:06:18 UTC","240d, 00:00:00"
926849178.947,21168000,3763.99,True,"2029-05-15 22:06:18 UTC","245d, 00:00:00"
926849178.947,21600000,3807.278,True,"2029-05-15 22:06:18 UTC","250d, 00:00:00"
926849178.947,22032000,3919.669,True,"2029-05-15 22:06:18 UTC","255d, 00:00:00"
926849178.947,22464000,4107.257,True,"2029-05-15 22:06:18 UTC","260d, 00:00:00"
926849178.947,22896000,4376.754,True,"2029-05-15 22:06:18 UTC","265d, 00:00:00"
926849178.947,23328000,4735.551,True,"2029-05-15 22:06:18 UTC","270d, 00:00:00"
926849178.947,23760000,5191.962,True,"2029-05-15 22:06:18 UTC","275d, 00:00:00"
926849178.947,24192000,5755.741,True,"2029-05-15 22:06:18 UTC","280d, 00:00:00"
926849178.947,24624000,6438.867,True,"2029-05-15 22:06:18 UTC","285d, 00:00:00"
926849178.947,25056000,7256.502,True,"2029-05-15 22:06:18 UTC","290d, 00:00:00"
926849178.947,25488000,8228.004,True,"2029-05-15 22:06:18 UTC","295d, 00:00:00"
926849178.947,25920000,9377.817,True,"2029-05-15 22:06:18 UTC","300d, 00:00:00"
926849178.947,26352000,10735.805,True,"2029-05-15 22:06:18 UTC","305d, 00:00:00"
926849178.947,26784000,12336.128,True,"2029-05-15 22:06:18 UTC","310d, 00:00:00"
926849178.947,27216000,14212.884,True,"2029-05-15 22:06:18 UTC","315d, 00:00:00"
926849178.947,27648000,16389.579,True,"2029-05-15 22:06:18 UTC","320d, 00:00:00"
926849178.947,28080000,18859.573,True,"2029-05-15 22:06:18 UTC","325d, 00:00:00"
926849178.947,28512000,21559.562,True,"2029-05-15 22:06:18 UTC","330d, 00:00:00"
926849178.947,28944000,24352.056,True,"2029-05-15 22:06:18 UTC","335d, 00:00:00"
926849178.947,29376000,26982.947,False,"2029-05-15 22:06:18 UTC","340d, 00:00:00"
926849178.947,29808000,26374.28,False,"2029-05-15 22:06:18 UTC","345d, 00:00:00"
926849178.947,30240000,25765.787,False,"2029-05-15 22:06:18 UTC","350d, 00:00:00"
926849178.947,30672000,25158.421,False,"2029-05-15 22:06:18 UTC","355d, 00:00:00"
926849178.947,31104000,24553.112,False,"2029-05-15 22:06:18 UTC","360d, 00:00:00"
926849178.947,31536000,23950.76,False,"2029-05-15 22:06:18 UTC","365d, 00:00:00"
926849178.947,31968000,23352.239,False,"2029-05-15 22:06:18 UTC","370d, 00:00:00"
926849178.947,32400000,22758.39,False,"2029-05-15 22:06:18 UTC","375d, 00:00:00"
926849178.947,32832000,22170.024,False,"2029-05-15 22:06:18 UTC","380d, 00:00:00"
926849178.947,33264000,21587.916,False,"2029-05-15 22:06:18 UTC","385d, 00:00:00"
926849178.947,33696000,21012.807,False,"2029-05-15 22:06:18 UTC","390d, 00:00:00"
926849178.947,34128000,20445.405,False,"2029-05-15 22:06:18 UTC","395d, 00:00:00"
926849178.947,34560000,19886.379,False,"2029-05-15 22:06:18 UTC","400d, 00:00:00"
926849178.947,34992000,19336.364,False,"2029-05-15 22:06:18 UTC","405d, 00:00:00"
926849178.947,35424000,18795.958,False,"2029-05-15 22:06:18 UTC","410d, 00:00:00"
926849178.947,35856000,18265.722,False,"2029-05-15 22:06:18 UTC","415d, 00:00:00"
926849178.947,36288000,17746.183,False,"2029-05-15 22:06:18 UTC","420d, 00:00:00"
926849178.947,36720000,17237.832,False,"2029-05-15 22:06:18 UTC","425d, 00:00:00"
926849178.947,37152000,16741.129,False,"2029-05-15 22:06:18 UTC","430d, 00:00:00"
926849178.947,37584000,16256.496,False,"2029-05-15 22:06:18 UTC","435d, 00:00:00"
926849178.947,38016000,15784.331,False,"2029-05-15 22:06:18 UTC","440d, 00:00:00"
926849178.947,38448000,15324.997,False,"2029-05-15 22:06:18 UTC","445d, 00:00:00"
926849178.947,38880000,14878.836,False,"2029-05-15 22:06:18 UTC","450d, 00:00:00"
926849178.947,39312000,14446.167,False,"2029-05-15 22:06:18 UTC","455d, 00:00:00"
926849178.947,39744000,14027.29,False,"2029-05-15 22:06:18 UTC","460d, 00:00:00"
926849178.947,40176000,13622.5,False,"2029-05-15 22:06:18 UTC","465d, 00:00:00"
926849178.947,40608000,13232.09,False,"2029-05-15 22:06:18 UTC","470d, 00:00:00"
926849178.947,41040000,12856.376,False,"2029-05-15 22:06:18 UTC","475d, 00:00:00"
926849178.947,41472000,12495.72,False,"2029-05-15 22:06:18 UTC","480d, 00:00:00"
926849178.947,41904000,12150.586,False,"2029-05-15 22:06:18 UTC","485d, 00:00:00"
926849178.947,42336000,11821.647,False,"2029-05-15 22:06:18 UTC","490d, 00:00:00"
926849178.947,42768000,11509.999,False,"2029-05-15 22:06:18 UTC","495d, 00:00:00"
926849178.947,43200000,11217.715,False,"2029-05-15 22:06:18 UTC","500d, 00:00:00"
928269094.737,10368000,16044.516,False,"2029-06-01 08:31:34 UTC","120d, 00:00:00"
928269094.737,10800000,15109.76,False,"2029-06-01 08:31:34 UTC","125d, 00:00:00"
928269094.737,11232000,14228.512,False,"2029-06-01 08:31:34 UTC","130d, 00:00:00"
928269094.737,11664000,13401.145,False,"2029-06-01 08:31:34 UTC","135d, 00:00:00"
928269094.737,12096000,12639.166,False,"2029-06-01 08:31:34 UTC","140d, 00:00:00"
928269094.737,12528000,12037.941,False,"2029-06-01 08:31:34 UTC","145d, 00:00:00"
928269094.737,12960000,25663.55,False,"2029-06-01 08:31:34 UTC","150d, 00:00:00"
928269094.737,13392000,10441.701,True,"2029-06-01 08:31:34 UTC","155d, 00:00:00"
928269094.737,13824000,9711.792,True,"2029-06-01 08:31:34 UTC","160d, 00:00:00"
928269094.737,14256000,9086.34,True,"2029-06-01 08:31:34 UTC","165d, 00:00:00"
928269094.737,14688000,8498.826,True,"2029-06-01 08:31:34 UTC","170d, 00:00:00"
928269094.737,15120000,7943,True,"2029-06-01 08:31:34 UTC","175d, 00:00:00"
928269094.737,15552000,7417.673,True,"2029-06-01 08:31:34 UTC","180d, 00:00:00"
928269094.737,15984000,6922.77,True,"2029-06-01 08:31:34 UTC","185d, 00:00:00"
928269094.737,16416000,6458.787,True,"2029-06-01 08:31:34 UTC","190d, 00:00:00"
928269094.737,16848000,6026.709,True,"2029-06-01 08:31:34 UTC","195d, 00:00:00"
928269094.737,17280000,5628.034,True,"2029-06-01 08:31:34 UTC","200d, 00:00:00"
928269094.737,17712000,5264.809,True,"2029-06-01 08:31:34 UTC","205d, 00:00:00"
928269094.737,18144000,4939.657,True,"2029-06-01 08:31:34 UTC","210d, 00:00:00"
928269094.737,18576000,4655.78,True,"2029-06-01 08:31:34 UTC","215d, 00:00:00"
928269094.737,19008000,4416.928,True,"2029-06-01 08:31:34 UTC","220d, 00:00:00"
928269094.737,19440000,4227.318,True,"2029-06-01 08:31:34 UTC","225d, 00:00:00"
928269094.737,19872000,4091.54,True,"2029-06-01 08:31:34 UTC","230d, 00:00:00"
928269094.737,20304000,4014.474,True,"2029-06-01 08:31:34 UTC","235d, 00:00:00"
928269094.737,20736000,4001.293,True,"2029-06-01 08:31:34 UTC","240d, 00:00:00"
928269094.737,21168000,4057.544,True,"2029-06-01 08:31:34 UTC","245d, 00:00:00"
928269094.737,21600000,4189.274,True,"2029-06-01 08:31:34 UTC","250d, 00:00:00"
928269094.737,22032000,4403.104,True,"2029-06-01 08:31:34 UTC","255d, 00:00:00"
928269094.737,22464000,4706.282,True,"2029-06-01 08:31:34 UTC","260d, 00:00:00"
928269094.737,22896000,5106.852,True,"2029-06-01 08:31:34 UTC","265d, 00:00:00"
928269094.737,23328000,5614.062,True,"2029-06-01 08:31:34 UTC","270d, 00:00:00"
928269094.737,23760000,6239.09,True,"2029-06-01 08:31:34 UTC","275d, 00:00:00"
928269094.737,24192000,6996.015,True,"2029-06-01 08:31:34 UTC","280d, 00:00:00"
928269094.737,24624000,7902.934,True,"2029-06-01 08:31:34 UTC","285d, 00:00:00"
928269094.737,25056000,8983.078,True,"2029-06-01 08:31:34 UTC","290d, 00:00:00"
928269094.737,25488000,10265.607,True,"2029-06-01 08:31:34 UTC","295d, 00:00:00"
928269094.737,25920000,11785.373,True,"2029-06-01 08:31:34 UTC","300d, 00:00:00"
928269094.737,26352000,13580.126,True,"2029-06-01 08:31:34 UTC","305d, 00:00:00"
928269094.737,26784000,15682.348,True,"2029-06-01 08:31:34 UTC","310d, 00:00:00"
928269094.737,27216000,18101.909,True,"2029-06-01 08:31:34 UTC","315d, 00:00:00"
928269094.737,27648000,20798.348,True,"2029-06-01 08:31:34 UTC","320d, 00:00:00"
928269094.737,28080000,23653.703,True,"2029-06-01 08:31:34 UTC","325d, 00:00:00"
928269094.737,28512000,27505.118,False,"2029-06-01 08:31:34 UTC","330d, 00:00:00"
928269094.737,28944000,26891.754,False,"2029-06-01 08:31:34 UTC","335d, 00:00:00"
928269094.737,29376000,26278.312,False,"2029-06-01 08:31:34 UTC","340d, 00:00:00"
928269094.737,29808000,25665.737,False,"2029-06-01 08:31:34 UTC","345d, 00:00:00"
928269094.737,30240000,25054.949,False,"2029-06-01 08:31:34 UTC","350d, 00:00:00"
928269094.737,30672000,24446.846,False,"2029-06-01 08:31:34 UTC","355d, 00:00:00"
928269094.737,31104000,23842.298,False,"2029-06-01 08:31:34 UTC","360d, 00:00:00"
928269094.737,31536000,23242.145,False,"2029-06-01 08:31:34 UTC","365d, 00:00:00"
928269094.737,31968000,22647.199,False,"2029-06-01 08:31:34 UTC","370d, 00:00:00"
928269094.737,32400000,22058.237,False,"2029-06-01 08:31:34 UTC","375d, 00:00:00"
928269094.737,32832000,21476.007,False,"2029-06-01 08:31:34 UTC","380d, 00:00:00"
928269094.737,33264000,20901.219,False,"2029-06-01 08:31:34 UTC","385d, 00:00:00"
928269094.737,33696000,20334.551,False,"2029-06-01 08:31:34 UTC","390d, 00:00:00"
928269094.737,34128000,19776.647,False,"2029-06-01 08:31:34 UTC","395d, 00:00:00"
928269094.737,34560000,19228.112,False,"2029-06-01 08:31:34 UTC","400d, 00:00:00"
928269094.737,34992000,18689.521,False,"2029-06-01 08:31:34 UTC","405d, 00:00:00"
928269094.737,35424000,18161.409,False,"2029-06-01 08:31:34 UTC","410d, 00:00:00"
928269094.737,35856000,17644.281,False,"2029-06-01 08:31:34 UTC","415d, 00:00:00"
928269094.737,36288000,17138.603,False,"2029-06-01 08:31:34 UTC","420d, 00:00:00"
928269094.737,36720000,16644.814,False,"2029-06-01 08:31:34 UTC","425d, 00:00:00"
928269094.737,37152000,16163.314,False,"2029-06-01 08:31:34 UTC","430d, 00:00:00"
928269094.737,37584000,15694.479,False,"2029-06-01 08:31:34 UTC","435d, 00:00:00"
928269094.737,38016000,15238.652,False,"2029-06-01 08:31:34 UTC","440d, 00:00:00"
928269094.737,38448000,14796.152,False,"2029-06-01 08:31:34 UTC","445d, 00:00:00"
928269094.737,38880000,14367.274,False,"2029-06-01 08:31:34 UTC","450d, 00:00:00"
928269094.737,39312000,13952.295,False,"2029-06-01 08:31:34 UTC","455d, 00:00:00"
928269094.737,39744000,13551.478,False,"2029-06-01 08:31:34 UTC","460d, 00:00:00"
928269094.737,40176000,13165.084,False,"2029-06-01 08:31:34 UTC","465d, 00:00:00"
928269094.737,40608000,12793.384,False,"2029-06-01 08:31:34 UTC","470d, 00:00:00"
928269094.737,41040000,12436.684,False,"2029-06-01 08:31:34 UTC","475d, 00:00:00"
928269094.737,41472000,12095.371,False,"2029-06-01 08:31:34 UTC","480d, 00:00:00"
928269094.737,41904000,11770.004,False,"2029-06-01 08:31:34 UTC","485d, 00:00:00"
928269094.737,42336000,11461.525,False,"2029-06-01 08:31:34 UTC","490d, 00:00:00"
928269094.737,42768000,11171.824,False,"2029-06-01 08:31:34 UTC","495d, 00:00:00"
928269094.737,43200000,10905.586,False,"2029-06-01 08:31:34 UTC","500d, 00:00:00"
929689010.526,10368000,16512.014,False,"2029-06-17 18:56:50 UTC","120d, 00:00:00"
929689010.526,10800000,15494.062,False,"2029-06-17 18:56:50 UTC","125d, 00:00:00"
929689010.526,11232000,14539.098,False,"2029-06-17 18:56:50 UTC","130d, 00:00:00"
929689010.526,11664000,13653.361,False,"2029-06-17 18:56:50 UTC","135d, 00:00:00"
929689010.526,12096000,13060.625,False,"2029-06-17 18:56:50 UTC","140d, 00:00:00"
929689010.526,12528000,11930.334,True,"2029-06-17 18:56:50 UTC","145d, 00:00:00"
929689010.526,12960000,11154.396,True,"2029-06-17 18:56:50 UTC","150d, 00:00:00"
929689010.526,13392000,10433.355,True,"2029-06-17 18:56:50 UTC","155d, 00:00:00"
929689010.526,13824000,9750.127,True,"2029-06-17 18:56:50 UTC","160d, 00:00:00"
929689010.526,14256000,9103.688,True,"2029-06-17 18:56:50 UTC","165d, 00:00:00"
929689010.526,14688000,8493.263,True,"2029-06-17 18:56:50 UTC","170d, 00:00:00"
929689010.526,15120000,7918.317,True,"2029-06-17 18:56:50 UTC","175d, 00:00:00"
929689010.526,15552000,7378.673,True,"2029-06-17 18:56:50 UTC","180d, 00:00:00"
929689010.526,15984000,6874.597,True,"2029-06-17 18:56:50 UTC","185d, 00:00:00"
929689010.526,16416000,6406.861,True,"2029-06-17 18:56:50 UTC","190d, 00:00:00"
929689010.526,16848000,5976.793,True,"2029-06-17 18:56:50 UTC","195d, 00:00:00"
929689010.526,17280000,5586.328,True,"2029-06-17 18:56:50 UTC","200d, 00:00:00"
929689010.526,17712000,5238.029,True,"2029-06-17 18:56:50 UTC","205d, 00:00:00"
929689010.526,18144000,4935.098,True,"2029-06-17 18:56:50 UTC","210d, 00:00:00"
929689010.526,18576000,4681.345,True,"2029-06-17 18:56:50 UTC","215d, 00:00:00"
929689010.526,19008000,4481.118,True,"2029-06-17 18:56:50 UTC","220d, 00:00:00"
929689010.526,19440000,4339.226,True,"2029-06-17 18:56:50 UTC","225d, 00:00:00"
929689010.526,19872000,4260.876,True,"2029-06-17 18:56:50 UTC","230d, 00:00:00"
929689010.526,20304000,4251.671,True,"2029-06-17 18:56:50 UTC","235d, 00:00:00"
929689010.526,20736000,4317.678,True,"2029-06-17 18:56:50 UTC","240d, 00:00:00"
929689010.526,21168000,4465.493,True,"2029-06-17 18:56:50 UTC","245d, 00:00:00"
929689010.526,21600000,4702.307,True,"2029-06-17 18:56:50 UTC","250d, 00:00:00"
929689010.526,22032000,5036.011,True,"2029-06-17 18:56:50 UTC","255d, 00:00:00"
929689010.526,22464000,5475.496,True,"2029-06-17 18:56:50 UTC","260d, 00:00:00"
929689010.526,22896000,6031.251,True,"2029-06-17 18:56:50 UTC","265d, 00:00:00"
929689010.526,23328000,6716.293,True,"2029-06-17 18:56:50 UTC","270d, 00:00:00"
929689010.526,23760000,7547.331,True,"2029-06-17 18:56:50 UTC","275d, 00:00:00"
929689010.526,24192000,8546.062,True,"2029-06-17 18:56:50 UTC","280d, 00:00:00"
929689010.526,24624000,9740.37,True,"2029-06-17 18:56:50 UTC","285d, 00:00:00"
929689010.526,25056000,11164.898,True,"2029-06-17 18:56:50 UTC","290d, 00:00:00"
929689010.526,25488000,12859.809,True,"2029-06-17 18:56:50 UTC","295d, 00:00:00"
929689010.526,25920000,14865.251,True,"2029-06-17 18:56:50 UTC","300d, 00:00:00"
929689010.526,26352000,17207.365,True,"2029-06-17 18:56:50 UTC","305d, 00:00:00"
929689010.526,26784000,19871.863,True,"2029-06-17 18:56:50 UTC","310d, 00:00:00"
929689010.526,27216000,22769.569,True,"2029-06-17 18:56:50 UTC","315d, 00:00:00"
929689010.526,27648000,25720.085,True,"2029-06-17 18:56:50 UTC","320d, 00:00:00"
929689010.526,28080000,27457.411,False,"2029-06-17 18:56:50 UTC","325d, 00:00:00"
929689010.526,28512000,26837.876,False,"2029-06-17 18:56:50 UTC","330d, 00:00:00"
929689010.526,28944000,26218.907,False,"2029-06-17 18:56:50 UTC","335d, 00:00:00"
929689010.526,29376000,25601.42,False,"2029-06-17 18:56:50 UTC","340d, 00:00:00"
929689010.526,29808000,24986.307,False,"2029-06-17 18:56:50 UTC","345d, 00:00:00"
929689010.526,30240000,24374.435,False,"2029-06-17 18:56:50 UTC","350d, 00:00:00"
929689010.526,30672000,23766.647,False,"2029-06-17 18:56:50 UTC","355d, 00:00:00"
929689010.526,31104000,23163.754,False,"2029-06-17 18:56:50 UTC","360d, 00:00:00"
929689010.526,31536000,22566.541,False,"2029-06-17 18:56:50 UTC","365d, 00:00:00"
929689010.526,31968000,21975.758,False,"2029-06-17 18:56:50 UTC","370d, 00:00:00"
929689010.526,32400000,21392.126,False,"2029-06-17 18:56:50 UTC","375d, 00:00:00"
929689010.526,32832000,20816.332,False,"2029-06-17 18:56:50 UTC","380d, 00:00:00"
929689010.526,33264000,20249.029,False,"2029-06-17 18:56:50 UTC","385d, 00:00:00"
929689010.526,33696000,19690.838,False,"2029-06-17 18:56:50 UTC","390d, 00:00:00"
929689010.526,34128000,19142.344,False,"2029-06-17 18:56:50 UTC","395d, 00:00:00"
929689010.526,34560000,18604.097,False,"2029-06-17 18:56:50 UTC","400d, 00:00:00"
929689010.526,34992000,18076.616,False,"2029-06-17 18:56:50 UTC","405d, 00:00:00"
929689010.526,35424000,17560.382,False,"2029-06-17 18:56:50 UTC","410d, 00:00:00"
929689010.526,35856000,17055.847,False,"2029-06-17 18:56:50 UTC","415d, 00:00:00"
929689010.526,36288000,16563.425,False,"2029-06-17 18:56:50 UTC","420d, 00:00:00"
929689010.526,36720000,16083.502,False,"2029-06-17 18:56:50 UTC","425d, 00:00:00"
929689010.526,37152000,15616.432,False,"2029-06-17 18:56:50 UTC","430d, 00:00:00"
929689010.526,37584000,15162.539,False,"2029-06-17 18:56:50 UTC","435d, 00:00:00"
929689010.526,38016000,14722.119,False,"2029-06-17 18:56:50 UTC","440d, 00:00:00"
929689010.526,38448000,14295.443,False,"2029-06-17 18:56:50 UTC","445d, 00:00:00"
929689010.526,38880000,13882.76,False,"2029-06-17 18:56:50 UTC","450d, 00:00:00"
929689010.526,39312000,13484.298,False,"2029-06-17 18:56:50 UTC","455d, 00:00:00"
929689010.526,39744000,13100.273,False,"2029-06-17 18:56:50 UTC","460d, 00:00:00"
929689010.526,40176000,12730.892,False,"2029-06-17 18:56:50 UTC","465d, 00:00:00"
929689010.526,40608000,12376.372,False,"2029-06-17 18:56:50 UTC","470d, 00:00:00"
929689010.526,41040000,12036.96,False,"2029-06-17 18:56:50 UTC","475d, 00:00:00"
929689010.526,41472000,11712.98,False,"2029-06-17 18:56:50 UTC","480d, 00:00:00"
929689010.526,41904000,11404.953,False,"2029-06-17 18:56:50 UTC","485d, 00:00:00"
929689010.526,42336000,11113.936,False,"2029-06-17 18:56:50 UTC","490d, 00:00:00"
929689010.526,42768000,10842.804,False,"2029-06-17 18:56:50 UTC","495d, 00:00:00"
929689010.526,43200000,10604.149,False,"2029-06-17 18:56:50 UTC","500d, 00:00:00"
931108926.316,10368000,16853.369,False,"2029-07-04 05:22:06 UTC","120d, 00:00:00"
931108926.316,10800000,15758.861,False,"2029-07-04 05:22:06 UTC","125d, 00:00:00"
931108926.316,11232000,14726.842,False,"2029-07-04 05:22:06 UTC","130d, 00:00:00"
931108926.316,11664000,13916.341,True,"2029-07-04 05:22:06 UTC","135d, 00:00:00"
931108926.316,12096000,12898.67,True,"2029-07-04 05:22:06 UTC","140d, 00:00:00"
931108926.316,12528000,12037.957,True,"2029-07-04 05:22:06 UTC","145d, 00:00:00"
931108926.316,12960000,11232.794,True,"2029-07-04 05:22:06 UTC","150d, 00:00:00"
931108926.316,13392000,10475.972,True,"2029-07-04 05:22:06 UTC","155d, 00:00:00"
931108926.316,13824000,9764.194,True,"2029-07-04 05:22:06 UTC","160d, 00:00:00"
931108926.316,14256000,9095.316,True,"2029-07-04 05:22:06 UTC","165d, 00:00:00"
931108926.316,14688000,8467.907,True,"2029-07-04 05:22:06 UTC","170d, 00:00:00"
931108926.316,15120000,7881.145,True,"2029-07-04 05:22:06 UTC","175d, 00:00:00"
931108926.316,15552000,7334.808,True,"2029-07-04 05:22:06 UTC","180d, 00:00:00"
931108926.316,15984000,6829.289,True,"2029-07-04 05:22:06 UTC","185d, 00:00:00"
931108926.316,16416000,6365.624,True,"2029-07-04 05:22:06 UTC","190d, 00:00:00"
931108926.316,16848000,5945.533,True,"2029-07-04 05:22:06 UTC","195d, 00:00:00"
931108926.316,17280000,5571.439,True,"2029-07-04 05:22:06 UTC","200d, 00:00:00"
931108926.316,17712000,5246.479,True,"2029-07-04 05:22:06 UTC","205d, 00:00:00"
931108926.316,18144000,4974.482,True,"2029-07-04 05:22:06 UTC","210d, 00:00:00"
931108926.316,18576000,4759.916,True,"2029-07-04 05:22:06 UTC","215d, 00:00:00"
931108926.316,19008000,4607.83,True,"2029-07-04 05:22:06 UTC","220d, 00:00:00"
931108926.316,19440000,4523.793,True,"2029-07-04 05:22:06 UTC","225d, 00:00:00"
931108926.316,19872000,4513.893,True,"2029-07-04 05:22:06 UTC","230d, 00:00:00"
931108926.316,20304000,4584.756,True,"2029-07-04 05:22:06 UTC","235d, 00:00:00"
931108926.316,20736000,4743.591,True,"2029-07-04 05:22:06 UTC","240d, 00:00:00"
931108926.316,21168000,4998.262,True,"2029-07-04 05:22:06 UTC","245d, 00:00:00"
931108926.316,21600000,5357.474,True,"2029-07-04 05:22:06 UTC","250d, 00:00:00"
931108926.316,22032000,5831.224,True,"2029-07-04 05:22:06 UTC","255d, 00:00:00"
931108926.316,22464000,6431.588,True,"2029-07-04 05:22:06 UTC","260d, 00:00:00"
931108926.316,22896000,7173.864,True,"2029-07-04 05:22:06 UTC","265d, 00:00:00"
931108926.316,23328000,8077.961,True,"2029-07-04 05:22:06 UTC","270d, 00:00:00"
931108926.316,23760000,9169.899,True,"2029-07-04 05:22:06 UTC","275d, 00:00:00"
931108926.316,24192000,10483.065,True,"2029-07-04 05:22:06 UTC","280d, 00:00:00"
931108926.316,24624000,12058.378,True,"2029-07-04 05:22:06 UTC","285d, 00:00:00"
931108926.316,25056000,13941.406,True,"2029-07-04 05:22:06 UTC","290d, 00:00:00"
931108926.316,25488000,16172.552,True,"2029-07-04 05:22:06 UTC","295d, 00:00:00"
931108926.316,25920000,18764.676,True,"2029-07-04 05:22:06 UTC","300d, 00:00:00"
931108926.316,26352000,21666.016,True,"2029-07-04 05:22:06 UTC","305d, 00:00:00"
931108926.316,26784000,24724.955,True,"2029-07-04 05:22:06 UTC","310d, 00:00:00"
931108926.316,27216000,28067.882,False,"2029-07-04 05:22:06 UTC","315d, 00:00:00"
931108926.316,27648000,27441.068,False,"2029-07-04 05:22:06 UTC","320d, 00:00:00"
931108926.316,28080000,26814.484,False,"2029-07-04 05:22:06 UTC","325d, 00:00:00"
931108926.316,28512000,26189.038,False,"2029-07-04 05:22:06 UTC","330d, 00:00:00"
931108926.316,28944000,25565.62,False,"2029-07-04 05:22:06 UTC","335d, 00:00:00"
931108926.316,29376000,24945.095,False,"2029-07-04 05:22:06 UTC","340d, 00:00:00"
931108926.316,29808000,24328.307,False,"2029-07-04 05:22:06 UTC","345d, 00:00:00"
931108926.316,30240000,23716.071,False,"2029-07-04 05:22:06 UTC","350d, 00:00:00"
931108926.316,30672000,23109.177,False,"2029-07-04 05:22:06 UTC","355d, 00:00:00"
931108926.316,31104000,22508.384,False,"2029-07-04 05:22:06 UTC","360d, 00:00:00"
931108926.316,31536000,21914.423,False,"2029-07-04 05:22:06 UTC","365d, 00:00:00"
931108926.316,31968000,21327.992,False,"2029-07-04 05:22:06 UTC","370d, 00:00:00"
931108926.316,32400000,20749.758,False,"2029-07-04 05:22:06 UTC","375d, 00:00:00"
931108926.316,32832000,20180.357,False,"2029-07-04 05:22:06 UTC","380d, 00:00:00"
931108926.316,33264000,19620.39,False,"2029-07-04 05:22:06 UTC","385d, 00:00:00"
931108926.316,33696000,19070.425,False,"2029-07-04 05:22:06 UTC","390d, 00:00:00"
931108926.316,34128000,18530.996,False,"2029-07-04 05:22:06 UTC","395d, 00:00:00"
931108926.316,34560000,18002.605,False,"2029-07-04 05:22:06 UTC","400d, 00:00:00"
931108926.316,34992000,17485.718,False,"2029-07-04 05:22:06 UTC","405d, 00:00:00"
931108926.316,35424000,16980.771,False,"2029-07-04 05:22:06 UTC","410d, 00:00:00"
931108926.316,35856000,16488.163,False,"2029-07-04 05:22:06 UTC","415d, 00:00:00"
931108926.316,36288000,16008.263,False,"2029-07-04 05:22:06 UTC","420d, 00:00:00"
931108926.316,36720000,15541.409,False,"2029-07-04 05:22:06 UTC","425d, 00:00:00"
931108926.316,37152000,15087.905,False,"2029-07-04 05:22:06 UTC","430d, 00:00:00"
931108926.316,37584000,14648.028,False,"2029-07-04 05:22:06 UTC","435d, 00:00:00"
931108926.316,38016000,14222.024,False,"2029-07-04 05:22:06 UTC","440d, 00:00:00"
931108926.316,38448000,13810.112,False,"2029-07-04 05:22:06 UTC","445d, 00:00:00"
931108926.316,38880000,13412.483,False,"2029-07-04 05:22:06 UTC","450d, 00:00:00"
931108926.316,39312000,13029.301,False,"2029-07-04 05:22:06 UTC","455d, 00:00:00"
931108926.316,39744000,12660.703,False,"2029-07-04 05:22:06 UTC","460d, 00:00:00"
931108926.316,40176000,12306.797,False,"2029-07-04 05:22:06 UTC","465d, 00:00:00"
931108926.316,40608000,11967.651,False,"2029-07-04 05:22:06 UTC","470d, 00:00:00"
931108926.316,41040000,11643.281,False,"2029-07-04 05:22:06 UTC","475d, 00:00:00"
931108926.316,41472000,11333.597,False,"2029-07-04 05:22:06 UTC","480d, 00:00:00"
931108926.316,41904000,11038.257,False,"2029-07-04 05:22:06 UTC","485d, 00:00:00"
931108926.316,42336000,10756.115,False,"2029-07-04 05:22:06 UTC","490d, 00:00:00"
931108926.316,42768000,10483.078,False,"2029-07-04 05:22:06 UTC","495d, 00:00:00"
931108926.316,43200000,10500.487,True,"2029-07-04 05:22:06 UTC","500d, 00:00:00"
932528842.105,10368000,17123.216,False,"2029-07-20 15:47:22 UTC","120d, 00:00:00"
932528842.105,10800000,20915.734,False,"2029-07-20 15:47:22 UTC","125d, 00:00:00"
932528842.105,11232000,15093.579,True,"2029-07-20 15:47:22 UTC","130d, 00:00:00"
932528842.105,11664000,13967.738,True,"2029-07-20 15:47:22 UTC","135d, 00:00:00"
932528842.105,12096000,12999.218,True,"2029-07-20 15:47:22 UTC","140d, 00:00:00"
932528842.105,12528000,12105.051,True,"2029-07-20 15:47:22 UTC","145d, 00:00:00"
932528842.105,12960000,11270.788,True,"2029-07-20 15:47:22 UTC","150d, 00:00:00"
932528842.105,13392000,10490.316,True,"2029-07-20 15:47:22 UTC","155d, 00:00:00"
932528842.105,13824000,9759.97,True,"2029-07-20 15:47:22 UTC","160d, 00:00:00"
932528842.105,14256000,9077.309,True,"2029-07-20 15:47:22 UTC","165d, 00:00:00"
932528842.105,14688000,8440.76,True,"2029-07-20 15:47:22 UTC","170d, 00:00:00"
932528842.105,15120000,7849.513,True,"2029-07-20 15:47:22 UTC","175d, 00:00:00"
932528842.105,15552000,7303.481,True,"2029-07-20 15:47:22 UTC","180d, 00:00:00"
932528842.105,15984000,6803.317,True,"2029-07-20 15:47:22 UTC","185d, 00:00:00"
932528842.105,16416000,6350.436,True,"2029-07-20 15:47:22 UTC","190d, 00:00:00"
932528842.105,16848000,5947.036,True,"2029-07-20 15:47:22 UTC","195d, 00:00:00"
932528842.105,17280000,5596.122,True,"2029-07-20 15:47:22 UTC","200d, 00:00:00"
932528842.105,17712000,5301.489,True,"2029-07-20 15:47:22 UTC","205d, 00:00:00"
932528842.105,18144000,5067.7,True,"2029-07-20 15:47:22 UTC","210d, 00:00:00"
932528842.105,18576000,4900.037,True,"2029-07-20 15:47:22 UTC","215d, 00:00:00"
932528842.105,19008000,4804.455,True,"2029-07-20 15:47:22 UTC","220d, 00:00:00"
932528842.105,19440000,4787.556,True,"2029-07-20 15:47:22 UTC","225d, 00:00:00"
932528842.105,19872000,4856.592,True,"2029-07-20 15:47:22 UTC","230d, 00:00:00"
932528842.105,20304000,5019.483,True,"2029-07-20 15:47:22 UTC","235d, 00:00:00"
932528842.105,20736000,5284.924,True,"2029-07-20 15:47:22 UTC","240d, 00:00:00"
932528842.105,21168000,5662.659,True,"2029-07-20 15:47:22 UTC","245d, 00:00:00"
932528842.105,21600000,6164.081,True,"2029-07-20 15:47:22 UTC","250d, 00:00:00"
932528842.105,22032000,6803.215,True,"2029-07-20 15:47:22 UTC","255d, 00:00:00"
932528842.105,22464000,7598.097,True,"2029-07-20 15:47:22 UTC","260d, 00:00:00"
932528842.105,22896000,8572.426,True,"2029-07-20 15:47:22 UTC","265d, 00:00:00"
932528842.105,23328000,9757.316,True,"2029-07-20 15:47:22 UTC","270d, 00:00:00"
932528842.105,23760000,11192.58,True,"2029-07-20 15:47:22 UTC","275d, 00:00:00"
932528842.105,24192000,12926.227,True,"2029-07-20 15:47:22 UTC","280d, 00:00:00"
932528842.105,24624000,15009.031,True,"2029-07-20 15:47:22 UTC","285d, 00:00:00"
932528842.105,25056000,17478.381,True,"2029-07-20 15:47:22 UTC","290d, 00:00:00"
932528842.105,25488000,20324.59,True,"2029-07-20 15:47:22 UTC","295d, 00:00:00"
932528842.105,25920000,23443.536,True,"2029-07-20 15:47:22 UTC","300d, 00:00:00"
932528842.105,26352000,26612.791,True,"2029-07-20 15:47:22 UTC","305d, 00:00:00"
932528842.105,26784000,28083.1,False,"2029-07-20 15:47:22 UTC","310d, 00:00:00"
932528842.105,27216000,27447.649,False,"2029-07-20 15:47:22 UTC","315d, 00:00:00"
932528842.105,27648000,26812.961,False,"2029-07-20 15:47:22 UTC","320d, 00:00:00"
932528842.105,28080000,26179.923,False,"2029-07-20 15:47:22 UTC","325d, 00:00:00"
932528842.105,28512000,25549.398,False,"2029-07-20 15:47:22 UTC","330d, 00:00:00"
932528842.105,28944000,24922.231,False,"2029-07-20 15:47:22 UTC","335d, 00:00:00"
932528842.105,29376000,24299.243,False,"2029-07-20 15:47:22 UTC","340d, 00:00:00"
932528842.105,29808000,23681.23,False,"2029-07-20 15:47:22 UTC","345d, 00:00:00"
932528842.105,30240000,23068.962,False,"2029-07-20 15:47:22 UTC","350d, 00:00:00"
932528842.105,30672000,22463.181,False,"2029-07-20 15:47:22 UTC","355d, 00:00:00"
932528842.105,31104000,21864.599,False,"2029-07-20 15:47:22 UTC","360d, 00:00:00"
932528842.105,31536000,21273.9,False,"2029-07-20 15:47:22 UTC","365d, 00:00:00"
932528842.105,31968000,20691.736,False,"2029-07-20 15:47:22 UTC","370d, 00:00:00"
932528842.105,32400000,20118.727,False,"2029-07-20 15:47:22 UTC","375d, 00:00:00"
932528842.105,32832000,19555.462,False,"2029-07-20 15:47:22 UTC","380d, 00:00:00"
932528842.105,33264000,19002.497,False,"2029-07-20 15:47:22 UTC","385d, 00:00:00"
932528842.105,33696000,18460.353,False,"2029-07-20 15:47:22 UTC","390d, 00:00:00"
932528842.105,34128000,17929.521,False,"2029-07-20 15:47:22 UTC","395d, 00:00:00"
932528842.105,34560000,17410.455,False,"2029-07-20 15:47:22 UTC","400d, 00:00:00"
932528842.105,34992000,16903.578,False,"2029-07-20 15:47:22 UTC","405d, 00:00:00"
932528842.105,35424000,16409.278,False,"2029-07-20 15:47:22 UTC","410d, 00:00:00"
932528842.105,35856000,15927.913,False,"2029-07-20 15:47:22 UTC","415d, 00:00:00"
932528842.105,36288000,15459.804,False,"2029-07-20 15:47:22 UTC","420d, 00:00:00"
932528842.105,36720000,15005.242,False,"2029-07-20 15:47:22 UTC","425d, 00:00:00"
932528842.105,37152000,14564.487,False,"2029-07-20 15:47:22 UTC","430d, 00:00:00"
932528842.105,37584000,14137.764,False,"2029-07-20 15:47:22 UTC","435d, 00:00:00"
932528842.105,38016000,13725.268,False,"2029-07-20 15:47:22 UTC","440d, 00:00:00"
932528842.105,38448000,13327.16,False,"2029-07-20 15:47:22 UTC","445d, 00:00:00"
932528842.105,38880000,12943.568,False,"2029-07-20 15:47:22 UTC","450d, 00:00:00"
932528842.105,39312000,12574.578,False,"2029-07-20 15:47:22 UTC","455d, 00:00:00"
932528842.105,39744000,12220.236,False,"2029-07-20 15:47:22 UTC","460d, 00:00:00"
932528842.105,40176000,11880.538,False,"2029-07-20 15:47:22 UTC","465d, 00:00:00"
932528842.105,40608000,11555.442,False,"2029-07-20 15:47:22 UTC","470d, 00:00:00"
932528842.105,41040000,11245.039,False,"2029-07-20 15:47:22 UTC","475d, 00:00:00"
932528842.105,41472000,10950.984,False,"2029-07-20 15:47:22 UTC","480d, 00:00:00"
932528842.105,41904000,10696.227,False,"2029-07-20 15:47:22 UTC","485d, 00:00:00"
932528842.105,42336000,14050.145,False,"2029-07-20 15:47:22 UTC","490d, 00:00:00"
932528842.105,42768000,10496.075,True,"2029-07-20 15:47:22 UTC","495d, 00:00:00"
932528842.105,43200000,10065.411,True,"2029-07-20 15:47:22 UTC","500d, 00:00:00"
933948757.895,10368000,18502.606,True,"2029-08-06 02:12:37 UTC","120d, 00:00:00"
933948757.895,10800000,16334.086,True,"2029-08-06 02:12:37 UTC","125d, 00:00:00"
933948757.895,11232000,15120.787,True,"2029-08-06 02:12:37 UTC","130d, 00:00:00"
933948757.895,11664000,14049.661,True,"2029-08-06 02:12:37 UTC","135d, 00:00:00"
933948757.895,12096000,13064.355,True,"2029-08-06 02:12:37 UTC","140d, 00:00:00"
933948757.895,12528000,12149.15,True,"2029-08-06 02:12:37 UTC","145d, 00:00:00"
933948757.895,12960000,11296.314,True,"2029-08-06 02:12:37 UTC","150d, 00:00:00"
933948757.895,13392000,10500.927,True,"2029-08-06 02:12:37 UTC","155d, 00:00:00"
933948757.895,13824000,9759.562,True,"2029-08-06 02:12:37 UTC","160d, 00:00:00"
933948757.895,14256000,9069.846,True,"2029-08-06 02:12:37 UTC","165d, 00:00:00"
933948757.895,14688000,8430.296,True,"2029-08-06 02:12:37 UTC","170d, 00:00:00"
933948757.895,15120000,7840.259,True,"2029-08-06 02:12:37 UTC","175d, 00:00:00"
933948757.895,15552000,7299.907,True,"2029-08-06 02:12:37 UTC","180d, 00:00:00"
933948757.895,15984000,6810.254,True,"2029-08-06 02:12:37 UTC","185d, 00:00:00"
933948757.895,16416000,6373.185,True,"2029-08-06 02:12:37 UTC","190d, 00:00:00"
933948757.895,16848000,5991.482,True,"2029-08-06 02:12:37 UTC","195d, 00:00:00"
933948757.895,17280000,5668.839,True,"2029-08-06 02:12:37 UTC","200d, 00:00:00"
933948757.895,17712000,5409.854,True,"2029-08-06 02:12:37 UTC","205d, 00:00:00"
933948757.895,18144000,5220.008,True,"2029-08-06 02:12:37 UTC","210d, 00:00:00"
933948757.895,18576000,5105.632,True,"2029-08-06 02:12:37 UTC","215d, 00:00:00"
933948757.895,19008000,5073.873,True,"2029-08-06 02:12:37 UTC","220d, 00:00:00"
933948757.895,19440000,5132.675,True,"2029-08-06 02:12:37 UTC","225d, 00:00:00"
933948757.895,19872000,5290.803,True,"2029-08-06 02:12:37 UTC","230d, 00:00:00"
933948757.895,20304000,5557.976,True,"2029-08-06 02:12:37 UTC","235d, 00:00:00"
933948757.895,20736000,5945.229,True,"2029-08-06 02:12:37 UTC","240d, 00:00:00"
933948757.895,21168000,6465.657,True,"2029-08-06 02:12:37 UTC","245d, 00:00:00"
933948757.895,21600000,7135.594,True,"2029-08-06 02:12:37 UTC","250d, 00:00:00"
933948757.895,22032000,7976.26,True,"2029-08-06 02:12:37 UTC","255d, 00:00:00"
933948757.895,22464000,9015.741,True,"2029-08-06 02:12:37 UTC","260d, 00:00:00"
933948757.895,22896000,10291.043,True,"2029-08-06 02:12:37 UTC","265d, 00:00:00"
933948757.895,23328000,11849.392,True,"2029-08-06 02:12:37 UTC","270d, 00:00:00"
933948757.895,23760000,13746.712,True,"2029-08-06 02:12:37 UTC","275d, 00:00:00"
933948757.895,24192000,16038.482,True,"2029-08-06 02:12:37 UTC","280d, 00:00:00"
933948757.895,24624000,18754.641,True,"2029-08-06 02:12:37 UTC","285d, 00:00:00"
933948757.895,25056000,21851.731,True,"2029-08-06 02:12:37 UTC","290d, 00:00:00"
933948757.895,25488000,25159.079,True,"2029-08-06 02:12:37 UTC","295d, 00:00:00"
933948757.895,25920000,28757.598,False,"2029-08-06 02:12:37 UTC","300d, 00:00:00"
933948757.895,26352000,28112.01,False,"2029-08-06 02:12:37 UTC","305d, 00:00:00"
933948757.895,26784000,27466.786,False,"2029-08-06 02:12:37 UTC","310d, 00:00:00"
933948757.895,27216000,26822.807,False,"2029-08-06 02:12:37 UTC","315d, 00:00:00"
933948757.895,27648000,26180.935,False,"2029-08-06 02:12:37 UTC","320d, 00:00:00"
933948757.895,28080000,25542.017,False,"2029-08-06 02:12:37 UTC","325d, 00:00:00"
933948757.895,28512000,24906.878,False,"2029-08-06 02:12:37 UTC","330d, 00:00:00"
933948757.895,28944000,24276.323,False,"2029-08-06 02:12:37 UTC","335d, 00:00:00"
933948757.895,29376000,23651.133,False,"2029-08-06 02:12:37 UTC","340d, 00:00:00"
933948757.895,29808000,23032.061,False,"2029-08-06 02:12:37 UTC","345d, 00:00:00"
933948757.895,30240000,22419.838,False,"2029-08-06 02:12:37 UTC","350d, 00:00:00"
933948757.895,30672000,21815.165,False,"2029-08-06 02:12:37 UTC","355d, 00:00:00"
933948757.895,31104000,21218.714,False,"2029-08-06 02:12:37 UTC","360d, 00:00:00"
933948757.895,31536000,20631.127,False,"2029-08-06 02:12:37 UTC","365d, 00:00:00"
933948757.895,31968000,20053.016,False,"2029-08-06 02:12:37 UTC","370d, 00:00:00"
933948757.895,32400000,19484.961,False,"2029-08-06 02:12:37 UTC","375d, 00:00:00"
933948757.895,32832000,18927.509,False,"2029-08-06 02:12:37 UTC","380d, 00:00:00"
933948757.895,33264000,18381.176,False,"2029-08-06 02:12:37 UTC","385d, 00:00:00"
933948757.895,33696000,17846.443,False,"2029-08-06 02:12:37 UTC","390d, 00:00:00"
933948757.895,34128000,17323.759,False,"2029-08-06 02:12:37 UTC","395d, 00:00:00"
933948757.895,34560000,16813.538,False,"2029-08-06 02:12:37 UTC","400d, 00:00:00"
933948757.895,34992000,16316.161,False,"2029-08-06 02:12:37 UTC","405d, 00:00:00"
933948757.895,35424000,15831.977,False,"2029-08-06 02:12:37 UTC","410d, 00:00:00"
933948757.895,35856000,15361.3,False,"2029-08-06 02:12:37 UTC","415d, 00:00:00"
933948757.895,36288000,14904.412,False,"2029-08-06 02:12:37 UTC","420d, 00:00:00"
933948757.895,36720000,14461.562,False,"2029-08-06 02:12:37 UTC","425d, 00:00:00"
933948757.895,37152000,14032.97,False,"2029-08-06 02:12:37 UTC","430d, 00:00:00"
933948757.895,37584000,13618.823,False,"2029-08-06 02:12:37 UTC","435d, 00:00:00"
933948757.895,38016000,13219.283,False,"2029-08-06 02:12:37 UTC","440d, 00:00:00"
933948757.895,38448000,12834.493,False,"2029-08-06 02:12:37 UTC","445d, 00:00:00"
933948757.895,38880000,12464.595,False,"2029-08-06 02:12:37 UTC","450d, 00:00:00"
933948757.895,39312000,12109.785,False,"2029-08-06 02:12:37 UTC","455d, 00:00:00"
933948757.895,39744000,11770.497,False,"2029-08-06 02:12:37 UTC","460d, 00:00:00"
933948757.895,40176000,11448.091,False,"2029-08-06 02:12:37 UTC","465d, 00:00:00"
933948757.895,40608000,11148.221,False,"2029-08-06 02:12:37 UTC","470d, 00:00:00"
933948757.895,41040000,10906.387,False,"2029-08-06 02:12:37 UTC","475d, 00:00:00"
933948757.895,41472000,11370.35,False,"2029-08-06 02:12:37 UTC","480d, 00:00:00"
933948757.895,41904000,12550.539,True,"2029-08-06 02:12:37 UTC","485d, 00:00:00"
933948757.895,42336000,10419.513,True,"2029-08-06 02:12:37 UTC","490d, 00:00:00"
933948757.895,42768000,10014.776,True,"2029-08-06 02:12:37 UTC","495d, 00:00:00"
933948757.895,43200000,9747.212,True,"2029-08-06 02:12:37 UTC","500d, 00:00:00"
935368673.684,10368000,17702.168,True,"2029-08-22 12:37:53 UTC","120d, 00:00:00"
935368673.684,10800000,16388.183,True,"2029-08-22 12:37:53 UTC","125d, 00:00:00"
935368673.684,11232000,15211.284,True,"2029-08-22 12:37:53 UTC","130d, 00:00:00"
935368673.684,11664000,14130.082,True,"2029-08-22 12:37:53 UTC","135d, 00:00:00"
935368673.684,12096000,13128.879,True,"2029-08-22 12:37:53 UTC","140d, 00:00:00"
935368673.684,12528000,12198.771,True,"2029-08-22 12:37:53 UTC","145d, 00:00:00"
935368673.684,12960000,11333.679,True,"2029-08-22 12:37:53 UTC","150d, 00:00:00"
935368673.684,13392000,10529.161,True,"2029-08-22 12:37:53 UTC","155d, 00:00:00"
935368673.684,13824000,9781.966,True,"2029-08-22 12:37:53 UTC","160d, 00:00:00"
935368673.684,14256000,9089.846,True,"2029-08-22 12:37:53 UTC","165d, 00:00:00"
935368673.684,14688000,8451.477,True,"2029-08-22 12:37:53 UTC","170d, 00:00:00"
935368673.684,15120000,7866.449,True,"2029-08-22 12:37:53 UTC","175d, 00:00:00"
935368673.684,15552000,7335.27,True,"2029-08-22 12:37:53 UTC","180d, 00:00:00"
935368673.684,15984000,6859.404,True,"2029-08-22 12:37:53 UTC","185d, 00:00:00"
935368673.684,16416000,6441.307,True,"2029-08-22 12:37:53 UTC","190d, 00:00:00"
935368673.684,16848000,6084.469,True,"2029-08-22 12:37:53 UTC","195d, 00:00:00"
935368673.684,17280000,5793.434,True,"2029-08-22 12:37:53 UTC","200d, 00:00:00"
935368673.684,17712000,5573.81,True,"2029-08-22 12:37:53 UTC","205d, 00:00:00"
935368673.684,18144000,5432.258,True,"2029-08-22 12:37:53 UTC","210d, 00:00:00"
935368673.684,18576000,5376.468,True,"2029-08-22 12:37:53 UTC","215d, 00:00:00"
935368673.684,19008000,5415.146,True,"2029-08-22 12:37:53 UTC","220d, 00:00:00"
935368673.684,19440000,5558.035,True,"2029-08-22 12:37:53 UTC","225d, 00:00:00"
935368673.684,19872000,5816.085,True,"2029-08-22 12:37:53 UTC","230d, 00:00:00"
935368673.684,20304000,6201.886,True,"2029-08-22 12:37:53 UTC","235d, 00:00:00"
935368673.684,20736000,6730.531,True,"2029-08-22 12:37:53 UTC","240d, 00:00:00"
935368673.684,21168000,7421.009,True,"2029-08-22 12:37:53 UTC","245d, 00:00:00"
935368673.684,21600000,8298.146,True,"2029-08-22 12:37:53 UTC","250d, 00:00:00"
935368673.684,22032000,9394.982,True,"2029-08-22 12:37:53 UTC","255d, 00:00:00"
935368673.684,22464000,10755.203,True,"2029-08-22 12:37:53 UTC","260d, 00:00:00"
935368673.684,22896000,12434.463,True,"2029-08-22 12:37:53 UTC","265d, 00:00:00"
935368673.684,23328000,14497.438,True,"2029-08-22 12:37:53 UTC","270d, 00:00:00"
935368673.684,23760000,17003.544,True,"2029-08-22 12:37:53 UTC","275d, 00:00:00"
935368673.684,24192000,19969.878,True,"2029-08-22 12:37:53 UTC","280d, 00:00:00"
935368673.684,24624000,23307.028,True,"2029-08-22 12:37:53 UTC","285d, 00:00:00"
935368673.684,25056000,26767.009,True,"2029-08-22 12:37:53 UTC","290d, 00:00:00"
935368673.684,25488000,28799.446,False,"2029-08-22 12:37:53 UTC","295d, 00:00:00"
935368673.684,25920000,28142.394,False,"2029-08-22 12:37:53 UTC","300d, 00:00:00"
935368673.684,26352000,27486.164,False,"2029-08-22 12:37:53 UTC","305d, 00:00:00"
935368673.684,26784000,26831.619,False,"2029-08-22 12:37:53 UTC","310d, 00:00:00"
935368673.684,27216000,26179.604,False,"2029-08-22 12:37:53 UTC","315d, 00:00:00"
935368673.684,27648000,25530.951,False,"2029-08-22 12:37:53 UTC","320d, 00:00:00"
935368673.684,28080000,24886.471,False,"2029-08-22 12:37:53 UTC","325d, 00:00:00"
935368673.684,28512000,24246.956,False,"2029-08-22 12:37:53 UTC","330d, 00:00:00"
935368673.684,28944000,23613.176,False,"2029-08-22 12:37:53 UTC","335d, 00:00:00"
935368673.684,29376000,22985.878,False,"2029-08-22 12:37:53 UTC","340d, 00:00:00"
935368673.684,29808000,22365.782,False,"2029-08-22 12:37:53 UTC","345d, 00:00:00"
935368673.684,30240000,21753.584,False,"2029-08-22 12:37:53 UTC","350d, 00:00:00"
935368673.684,30672000,21149.95,False,"2029-08-22 12:37:53 UTC","355d, 00:00:00"
935368673.684,31104000,20555.518,False,"2029-08-22 12:37:53 UTC","360d, 00:00:00"
935368673.684,31536000,19970.894,False,"2029-08-22 12:37:53 UTC","365d, 00:00:00"
935368673.684,31968000,19396.656,False,"2029-08-22 12:37:53 UTC","370d, 00:00:00"
935368673.684,32400000,18833.348,False,"2029-08-22 12:37:53 UTC","375d, 00:00:00"
935368673.684,32832000,18281.482,False,"2029-08-22 12:37:53 UTC","380d, 00:00:00"
935368673.684,33264000,17741.537,False,"2029-08-22 12:37:53 UTC","385d, 00:00:00"
935368673.684,33696000,17213.96,False,"2029-08-22 12:37:53 UTC","390d, 00:00:00"
935368673.684,34128000,16699.162,False,"2029-08-22 12:37:53 UTC","395d, 00:00:00"
935368673.684,34560000,16197.522,False,"2029-08-22 12:37:53 UTC","400d, 00:00:00"
935368673.684,34992000,15709.387,False,"2029-08-22 12:37:53 UTC","405d, 00:00:00"
935368673.684,35424000,15235.072,False,"2029-08-22 12:37:53 UTC","410d, 00:00:00"
935368673.684,35856000,14774.86,False,"2029-08-22 12:37:53 UTC","415d, 00:00:00"
935368673.684,36288000,14329.007,False,"2029-08-22 12:37:53 UTC","420d, 00:00:00"
935368673.684,36720000,13897.748,False,"2029-08-22 12:37:53 UTC","425d, 00:00:00"
935368673.684,37152000,13481.306,False,"2029-08-22 12:37:53 UTC","430d, 00:00:00"
935368673.684,37584000,13079.91,False,"2029-08-22 12:37:53 UTC","435d, 00:00:00"
935368673.684,38016000,12693.844,False,"2029-08-22 12:37:53 UTC","440d, 00:00:00"
935368673.684,38448000,12323.559,False,"2029-08-22 12:37:53 UTC","445d, 00:00:00"
935368673.684,38880000,11969.983,False,"2029-08-22 12:37:53 UTC","450d, 00:00:00"
935368673.684,39312000,11635.498,False,"2029-08-22 12:37:53 UTC","455d, 00:00:00"
935368673.684,39744000,11327.806,False,"2029-08-22 12:37:53 UTC","460d, 00:00:00"
935368673.684,40176000,11081.098,False,"2029-08-22 12:37:53 UTC","465d, 00:00:00"
935368673.684,40608000,11178.456,False,"2029-08-22 12:37:53 UTC","470d, 00:00:00"
935368673.684,41040000,28362.891,False,"2029-08-22 12:37:53 UTC","475d, 00:00:00"
935368673.684,41472000,11274.104,True,"2029-08-22 12:37:53 UTC","480d, 00:00:00"
935368673.684,41904000,10291.711,True,"2029-08-22 12:37:53 UTC","485d, 00:00:00"
935368673.684,42336000,9904.957,True,"2029-08-22 12:37:53 UTC","490d, 00:00:00"
935368673.684,42768000,9631.264,True,"2029-08-22 12:37:53 UTC","495d, 00:00:00"
935368673.684,43200000,9404.548,True,"2029-08-22 12:37:53 UTC","500d, 00:00:00"
936788589.474,10368000,17799.553,True,"2029-09-07 23:03:09 UTC","120d, 00:00:00"
936788589.474,10800000,16508.555,True,"2029-09-07 23:03:09 UTC","125d, 00:00:00"
936788589.474,11232000,15323.835,True,"2029-09-07 23:03:09 UTC","130d, 00:00:00"
936788589.474,11664000,14229.556,True,"2029-09-07 23:03:09 UTC","135d, 00:00:00"
936788589.474,12096000,13215.648,True,"2029-09-07 23:03:09 UTC","140d, 00:00:00"
936788589.474,12528000,12274.809,True,"2029-09-07 23:03:09 UTC","145d, 00:00:00"
936788589.474,12960000,11401.481,True,"2029-09-07 23:03:09 UTC","150d, 00:00:00"
936788589.474,13392000,10591.422,True,"2029-09-07 23:03:09 UTC","155d, 00:00:00"
936788589.474,13824000,9841.504,True,"2029-09-07 23:03:09 UTC","160d, 00:00:00"
936788589.474,14256000,9149.622,True,"2029-09-07 23:03:09 UTC","165d, 00:00:00"
936788589.474,14688000,8514.665,True,"2029-09-07 23:03:09 UTC","170d, 00:00:00"
936788589.474,15120000,7936.522,True,"2029-09-07 23:03:09 UTC","175d, 00:00:00"
936788589.474,15552000,7416.113,True,"2029-09-07 23:03:09 UTC","180d, 00:00:00"
936788589.474,15984000,6955.45,True,"2029-09-07 23:03:09 UTC","185d, 00:00:00"
936788589.474,16416000,6557.691,True,"2029-09-07 23:03:09 UTC","190d, 00:00:00"
936788589.474,16848000,6227.198,True,"2029-09-07 23:03:09 UTC","195d, 00:00:00"
936788589.474,17280000,5969.589,True,"2029-09-07 23:03:09 UTC","200d, 00:00:00"
936788589.474,17712000,5791.763,True,"2029-09-07 23:03:09 UTC","205d, 00:00:00"
936788589.474,18144000,5701.913,True,"2029-09-07 23:03:09 UTC","210d, 00:00:00"
936788589.474,18576000,5709.528,True,"2029-09-07 23:03:09 UTC","215d, 00:00:00"
936788589.474,19008000,5825.44,True,"2029-09-07 23:03:09 UTC","220d, 00:00:00"
936788589.474,19440000,6062.019,True,"2029-09-07 23:03:09 UTC","225d, 00:00:00"
936788589.474,19872000,6433.655,True,"2029-09-07 23:03:09 UTC","230d, 00:00:00"
936788589.474,20304000,6957.73,True,"2029-09-07 23:03:09 UTC","235d, 00:00:00"
936788589.474,20736000,7656.2,True,"2029-09-07 23:03:09 UTC","240d, 00:00:00"
936788589.474,21168000,8557.869,True,"2029-09-07 23:03:09 UTC","245d, 00:00:00"
936788589.474,21600000,9701.229,True,"2029-09-07 23:03:09 UTC","250d, 00:00:00"
936788589.474,22032000,11137.373,True,"2029-09-07 23:03:09 UTC","255d, 00:00:00"
936788589.474,22464000,12931.347,True,"2029-09-07 23:03:09 UTC","260d, 00:00:00"
936788589.474,22896000,15157.395,True,"2029-09-07 23:03:09 UTC","265d, 00:00:00"
936788589.474,23328000,17877.96,True,"2029-09-07 23:03:09 UTC","270d, 00:00:00"
936788589.474,23760000,21091.437,True,"2029-09-07 23:03:09 UTC","275d, 00:00:00"
936788589.474,24192000,24650.838,True,"2029-09-07 23:03:09 UTC","280d, 00:00:00"
936788589.474,24624000,29500.06,False,"2029-09-07 23:03:09 UTC","285d, 00:00:00"
936788589.474,25056000,28829.899,False,"2029-09-07 23:03:09 UTC","290d, 00:00:00"
936788589.474,25488000,28160.136,False,"2029-09-07 23:03:09 UTC","295d, 00:00:00"
936788589.474,25920000,27491.628,False,"2029-09-07 23:03:09 UTC","300d, 00:00:00"
936788589.474,26352000,26825.22,False,"2029-09-07 23:03:09 UTC","305d, 00:00:00"
936788589.474,26784000,26161.745,False,"2029-09-07 23:03:09 UTC","310d, 00:00:00"
936788589.474,27216000,25502.024,False,"2029-09-07 23:03:09 UTC","315d, 00:00:00"
936788589.474,27648000,24846.859,False,"2029-09-07 23:03:09 UTC","320d, 00:00:00"
936788589.474,28080000,24197.036,False,"2029-09-07 23:03:09 UTC","325d, 00:00:00"
936788589.474,28512000,23553.318,False,"2029-09-07 23:03:09 UTC","330d, 00:00:00"
936788589.474,28944000,22916.449,False,"2029-09-07 23:03:09 UTC","335d, 00:00:00"
936788589.474,29376000,22287.146,False,"2029-09-07 23:03:09 UTC","340d, 00:00:00"
936788589.474,29808000,21666.103,False,"2029-09-07 23:03:09 UTC","345d, 00:00:00"
936788589.474,30240000,21053.986,False,"2029-09-07 23:03:09 UTC","350d, 00:00:00"
936788589.474,30672000,20451.433,False,"2029-09-07 23:03:09 UTC","355d, 00:00:00"
936788589.474,31104000,19859.052,False,"2029-09-07 23:03:09 UTC","360d, 00:00:00"
936788589.474,31536000,19277.42,False,"2029-09-07 23:03:09 UTC","365d, 00:00:00"
936788589.474,31968000,18707.085,False,"2029-09-07 23:03:09 UTC","370d, 00:00:00"
936788589.474,32400000,18148.559,False,"2029-09-07 23:03:09 UTC","375d, 00:00:00"
936788589.474,32832000,17602.325,False,"2029-09-07 23:03:09 UTC","380d, 00:00:00"
936788589.474,33264000,17068.831,False,"2029-09-07 23:03:09 UTC","385d, 00:00:00"
936788589.474,33696000,16548.492,False,"2029-09-07 23:03:09 UTC","390d, 00:00:00"
936788589.474,34128000,16041.693,False,"2029-09-07 23:03:09 UTC","395d, 00:00:00"
936788589.474,34560000,15548.787,False,"2029-09-07 23:03:09 UTC","400d, 00:00:00"
936788589.474,34992000,15070.1,False,"2029-09-07 23:03:09 UTC","405d, 00:00:00"
936788589.474,35424000,14605.934,False,"2029-09-07 23:03:09 UTC","410d, 00:00:00"
936788589.474,35856000,14156.579,False,"2029-09-07 23:03:09 UTC","415d, 00:00:00"
936788589.474,36288000,13722.326,False,"2029-09-07 23:03:09 UTC","420d, 00:00:00"
936788589.474,36720000,13303.498,False,"2029-09-07 23:03:09 UTC","425d, 00:00:00"
936788589.474,37152000,12900.517,False,"2029-09-07 23:03:09 UTC","430d, 00:00:00"
936788589.474,37584000,12514.049,False,"2029-09-07 23:03:09 UTC","435d, 00:00:00"
936788589.474,38016000,12145.365,False,"2029-09-07 23:03:09 UTC","440d, 00:00:00"
936788589.474,38448000,11797.364,False,"2029-09-07 23:03:09 UTC","445d, 00:00:00"
936788589.474,38880000,11478.006,False,"2029-09-07 23:03:09 UTC","450d, 00:00:00"
936788589.474,39312000,11215.201,False,"2029-09-07 23:03:09 UTC","455d, 00:00:00"
936788589.474,39744000,11156.489,False,"2029-09-07 23:03:09 UTC","460d, 00:00:00"
936788589.474,40176000,13288.371,False,"2029-09-07 23:03:09 UTC","465d, 00:00:00"
936788589.474,40608000,15495.989,True,"2029-09-07 23:03:09 UTC","470d, 00:00:00"
936788589.474,41040000,10830.059,True,"2029-09-07 23:03:09 UTC","475d, 00:00:00"
936788589.474,41472000,10106.758,True,"2029-09-07 23:03:09 UTC","480d, 00:00:00"
936788589.474,41904000,9732.678,True,"2029-09-07 23:03:09 UTC","485d, 00:00:00"
936788589.474,42336000,9455.786,True,"2029-09-07 23:03:09 UTC","490d, 00:00:00"
936788589.474,42768000,9225.179,True,"2029-09-07 23:03:09 UTC","495d, 00:00:00"
936788589.474,43200000,9025.081,True,"2029-09-07 23:03:09 UTC","500d, 00:00:00"
938208505.263,10368000,17967.288,True,"2029-09-24 09:28:25 UTC","120d, 00:00:00"
938208505.263,10800000,16668.489,True,"2029-09-24 09:28:25 UTC","125d, 00:00:00"
938208505.263,11232000,15471.75,True,"2029-09-24 09:28:25 UTC","130d, 00:00:00"
938208505.263,11664000,14365.608,True,"2029-09-24 09:28:25 UTC","135d, 00:00:00"
938208505.263,12096000,13341.362,True,"2029-09-24 09:28:25 UTC","140d, 00:00:00"
938208505.263,12528000,12392.176,True,"2029-09-24 09:28:25 UTC","145d, 00:00:00"
938208505.263,12960000,11512.668,True,"2029-09-24 09:28:25 UTC","150d, 00:00:00"
938208505.263,13392000,10698.697,True,"2029-09-24 09:28:25 UTC","155d, 00:00:00"
938208505.263,13824000,9947.246,True,"2029-09-24 09:28:25 UTC","160d, 00:00:00"
938208505.263,14256000,9256.381,True,"2029-09-24 09:28:25 UTC","165d, 00:00:00"
938208505.263,14688000,8625.246,True,"2029-09-24 09:28:25 UTC","170d, 00:00:00"
938208505.263,15120000,8054.095,True,"2029-09-24 09:28:25 UTC","175d, 00:00:00"
938208505.263,15552000,7544.356,True,"2029-09-24 09:28:25 UTC","180d, 00:00:00"
938208505.263,15984000,7098.71,True,"2029-09-24 09:28:25 UTC","185d, 00:00:00"
938208505.263,16416000,6721.183,True,"2029-09-24 09:28:25 UTC","190d, 00:00:00"
938208505.263,16848000,6417.243,True,"2029-09-24 09:28:25 UTC","195d, 00:00:00"
938208505.263,17280000,6193.882,True,"2029-09-24 09:28:25 UTC","200d, 00:00:00"
938208505.263,17712000,6059.683,True,"2029-09-24 09:28:25 UTC","205d, 00:00:00"
938208505.263,18144000,6024.874,True,"2029-09-24 09:28:25 UTC","210d, 00:00:00"
938208505.263,18576000,6101.422,True,"2029-09-24 09:28:25 UTC","215d, 00:00:00"
938208505.263,19008000,6303.248,True,"2029-09-24 09:28:25 UTC","220d, 00:00:00"
938208505.263,19440000,6646.753,True,"2029-09-24 09:28:25 UTC","225d, 00:00:00"
938208505.263,19872000,7151.861,True,"2029-09-24 09:28:25 UTC","230d, 00:00:00"
938208505.263,20304000,7843.778,True,"2029-09-24 09:28:25 UTC","235d, 00:00:00"
938208505.263,20736000,8755.593,True,"2029-09-24 09:28:25 UTC","240d, 00:00:00"
938208505.263,21168000,9931.635,True,"2029-09-24 09:28:25 UTC","245d, 00:00:00"
938208505.263,21600000,11430.979,True,"2029-09-24 09:28:25 UTC","250d, 00:00:00"
938208505.263,22032000,13328.872,True,"2029-09-24 09:28:25 UTC","255d, 00:00:00"
938208505.263,22464000,15709.842,True,"2029-09-24 09:28:25 UTC","260d, 00:00:00"
938208505.263,22896000,18638.416,True,"2029-09-24 09:28:25 UTC","265d, 00:00:00"
938208505.263,23328000,22088.695,True,"2029-09-24 09:28:25 UTC","270d, 00:00:00"
938208505.263,23760000,25846.796,True,"2029-09-24 09:28:25 UTC","275d, 00:00:00"
938208505.263,24192000,29517.769,False,"2029-09-24 09:28:25 UTC","280d, 00:00:00"
938208505.263,24624000,28833.22,False,"2029-09-24 09:28:25 UTC","285d, 00:00:00"
938208505.263,25056000,28149.508,False,"2029-09-24 09:28:25 UTC","290d, 00:00:00"
938208505.263,25488000,27467.473,False,"2029-09-24 09:28:25 UTC","295d, 00:00:00"
938208505.263,25920000,26787.949,False,"2029-09-24 09:28:25 UTC","300d, 00:00:00"
938208505.263,26352000,26111.763,False,"2029-09-24 09:28:25 UTC","305d, 00:00:00"
938208505.263,26784000,25439.726,False,"2029-09-24 09:28:25 UTC","310d, 00:00:00"
938208505.263,27216000,24772.637,False,"2029-09-24 09:28:25 UTC","315d, 00:00:00"
938208505.263,27648000,24111.28,False,"2029-09-24 09:28:25 UTC","320d, 00:00:00"
938208505.263,28080000,23456.419,False,"2029-09-24 09:28:25 UTC","325d, 00:00:00"
938208505.263,28512000,22808.796,False,"2029-09-24 09:28:25 UTC","330d, 00:00:00"
938208505.263,28944000,22169.132,False,"2029-09-24 09:28:25 UTC","335d, 00:00:00"
938208505.263,29376000,21538.124,False,"2029-09-24 09:28:25 UTC","340d, 00:00:00"
938208505.263,29808000,20916.443,False,"2029-09-24 09:28:25 UTC","345d, 00:00:00"
938208505.263,30240000,20304.73,False,"2029-09-24 09:28:25 UTC","350d, 00:00:00"
938208505.263,30672000,19703.6,False,"2029-09-24 09:28:25 UTC","355d, 00:00:00"
938208505.263,31104000,19113.637,False,"2029-09-24 09:28:25 UTC","360d, 00:00:00"
938208505.263,31536000,18535.393,False,"2029-09-24 09:28:25 UTC","365d, 00:00:00"
938208505.263,31968000,17969.388,False,"2029-09-24 09:28:25 UTC","370d, 00:00:00"
938208505.263,32400000,17416.112,False,"2029-09-24 09:28:25 UTC","375d, 00:00:00"
938208505.263,32832000,16876.02,False,"2029-09-24 09:28:25 UTC","380d, 00:00:00"
938208505.263,33264000,16349.538,False,"2029-09-24 09:28:25 UTC","385d, 00:00:00"
938208505.263,33696000,15837.064,False,"2029-09-24 09:28:25 UTC","390d, 00:00:00"
938208505.263,34128000,15338.968,False,"2029-09-24 09:28:25 UTC","395d, 00:00:00"
938208505.263,34560000,14855.603,False,"2029-09-24 09:28:25 UTC","400d, 00:00:00"
938208505.263,34992000,14387.315,False,"2029-09-24 09:28:25 UTC","405d, 00:00:00"
938208505.263,35424000,13934.459,False,"2029-09-24 09:28:25 UTC","410d, 00:00:00"
938208505.263,35856000,13497.443,False,"2029-09-24 09:28:25 UTC","415d, 00:00:00"
938208505.263,36288000,13076.794,False,"2029-09-24 09:28:25 UTC","420d, 00:00:00"
938208505.263,36720000,12673.319,False,"2029-09-24 09:28:25 UTC","425d, 00:00:00"
938208505.263,37152000,12288.452,False,"2029-09-24 09:28:25 UTC","430d, 00:00:00"
938208505.263,37584000,11925.163,False,"2029-09-24 09:28:25 UTC","435d, 00:00:00"
938208505.263,38016000,11590.633,False,"2029-09-24 09:28:25 UTC","440d, 00:00:00"
938208505.263,38448000,11305.917,False,"2029-09-24 09:28:25 UTC","445d, 00:00:00"
938208505.263,38880000,11153.493,False,"2029-09-24 09:28:25 UTC","450d, 00:00:00"
938208505.263,39312000,11683.605,False,"2029-09-24 09:28:25 UTC","455d, 00:00:00"
938208505.263,39744000,25497.106,False,"2029-09-24 09:28:25 UTC","460d, 00:00:00"
938208505.263,40176000,12548.036,True,"2029-09-24 09:28:25 UTC","465d, 00:00:00"
938208505.263,40608000,10470.208,True,"2029-09-24 09:28:25 UTC","470d, 00:00:00"
938208505.263,41040000,9858.163,True,"2029-09-24 09:28:25 UTC","475d, 00:00:00"
938208505.263,41472000,9493.962,True,"2029-09-24 09:28:25 UTC","480d, 00:00:00"
938208505.263,41904000,9215.777,True,"2029-09-24 09:28:25 UTC","485d, 00:00:00"
938208505.263,42336000,8982.634,True,"2029-09-24 09:28:25 UTC","490d, 00:00:00"
938208505.263,42768000,8780.282,True,"2029-09-24 09:28:25 UTC","495d, 00:00:00"
938208505.263,43200000,8602.806,True,"2029-09-24 09:28:25 UTC","500d, 00:00:00"
939628421.053,10368000,18187.649,True,"2029-10-10 19:53:41 UTC","120d, 00:00:00"
939628421.053,10800000,16876.417,True,"2029-10-10 19:53:41 UTC","125d, 00:00:00"
939628421.053,11232000,15667.393,True,"2029-10-10 19:53:41 UTC","130d, 00:00:00"
939628421.053,11664000,14550.204,True,"2029-10-10 19:53:41 UTC","135d, 00:00:00"
939628421.053,12096000,13516.52,True,"2029-10-10 19:53:41 UTC","140d, 00:00:00"
939628421.053,12528000,12559.634,True,"2029-10-10 19:53:41 UTC","145d, 00:00:00"
939628421.053,12960000,11674.229,True,"2029-10-10 19:53:41 UTC","150d, 00:00:00"
939628421.053,13392000,10856.235,True,"2029-10-10 19:53:41 UTC","155d, 00:00:00"
939628421.053,13824000,10102.762,True,"2029-10-10 19:53:41 UTC","160d, 00:00:00"
939628421.053,14256000,9412.083,True,"2029-10-10 19:53:41 UTC","165d, 00:00:00"
939628421.053,14688000,8783.655,True,"2029-10-10 19:53:41 UTC","170d, 00:00:00"
939628421.053,15120000,8218.182,True,"2029-10-10 19:53:41 UTC","175d, 00:00:00"
939628421.053,15552000,7717.716,True,"2029-10-10 19:53:41 UTC","180d, 00:00:00"
939628421.053,15984000,7285.773,True,"2029-10-10 19:53:41 UTC","185d, 00:00:00"
939628421.053,16416000,6927.482,True,"2029-10-10 19:53:41 UTC","190d, 00:00:00"
939628421.053,16848000,6649.731,True,"2029-10-10 19:53:41 UTC","195d, 00:00:00"
939628421.053,17280000,6461.31,True,"2029-10-10 19:53:41 UTC","200d, 00:00:00"
939628421.053,17712000,6373.054,True,"2029-10-10 19:53:41 UTC","205d, 00:00:00"
939628421.053,18144000,6397.999,True,"2029-10-10 19:53:41 UTC","210d, 00:00:00"
939628421.053,18576000,6551.663,True,"2029-10-10 19:53:41 UTC","215d, 00:00:00"
939628421.053,19008000,6852.593,True,"2029-10-10 19:53:41 UTC","220d, 00:00:00"
939628421.053,19440000,7323.465,True,"2029-10-10 19:53:41 UTC","225d, 00:00:00"
939628421.053,19872000,7992.967,True,"2029-10-10 19:53:41 UTC","230d, 00:00:00"
939628421.053,20304000,8898.709,True,"2029-10-10 19:53:41 UTC","235d, 00:00:00"
939628421.053,20736000,10091.112,True,"2029-10-10 19:53:41 UTC","240d, 00:00:00"
939628421.053,21168000,11637.564,True,"2029-10-10 19:53:41 UTC","245d, 00:00:00"
939628421.053,21600000,13624.018,True,"2029-10-10 19:53:41 UTC","250d, 00:00:00"
939628421.053,22032000,16145.717,True,"2029-10-10 19:53:41 UTC","255d, 00:00:00"
939628421.053,22464000,19268.348,True,"2029-10-10 19:53:41 UTC","260d, 00:00:00"
939628421.053,22896000,22937.125,True,"2029-10-10 19:53:41 UTC","265d, 00:00:00"
939628421.053,23328000,26865.814,True,"2029-10-10 19:53:41 UTC","270d, 00:00:00"
939628421.053,23760000,29492.61,False,"2029-10-10 19:53:41 UTC","275d, 00:00:00"
939628421.053,24192000,28792.5,False,"2029-10-10 19:53:41 UTC","280d, 00:00:00"
939628421.053,24624000,28093.673,False,"2029-10-10 19:53:41 UTC","285d, 00:00:00"
939628421.053,25056000,27396.962,False,"2029-10-10 19:53:41 UTC","290d, 00:00:00"
939628421.053,25488000,26703.191,False,"2029-10-10 19:53:41 UTC","295d, 00:00:00"
939628421.053,25920000,26013.182,False,"2029-10-10 19:53:41 UTC","300d, 00:00:00"
939628421.053,26352000,25327.746,False,"2029-10-10 19:53:41 UTC","305d, 00:00:00"
939628421.053,26784000,24647.682,False,"2029-10-10 19:53:41 UTC","310d, 00:00:00"
939628421.053,27216000,23973.774,False,"2029-10-10 19:53:41 UTC","315d, 00:00:00"
939628421.053,27648000,23306.792,False,"2029-10-10 19:53:41 UTC","320d, 00:00:00"
939628421.053,28080000,22647.483,False,"2029-10-10 19:53:41 UTC","325d, 00:00:00"
939628421.053,28512000,21996.575,False,"2029-10-10 19:53:41 UTC","330d, 00:00:00"
939628421.053,28944000,21354.773,False,"2029-10-10 19:53:41 UTC","335d, 00:00:00"
939628421.053,29376000,20722.756,False,"2029-10-10 19:53:41 UTC","340d, 00:00:00"
939628421.053,29808000,20101.175,False,"2029-10-10 19:53:41 UTC","345d, 00:00:00"
939628421.053,30240000,19490.655,False,"2029-10-10 19:53:41 UTC","350d, 00:00:00"
939628421.053,30672000,18891.788,False,"2029-10-10 19:53:41 UTC","355d, 00:00:00"
939628421.053,31104000,18305.137,False,"2029-10-10 19:53:41 UTC","360d, 00:00:00"
939628421.053,31536000,17731.234,False,"2029-10-10 19:53:41 UTC","365d, 00:00:00"
939628421.053,31968000,17170.578,False,"2029-10-10 19:53:41 UTC","370d, 00:00:00"
939628421.053,32400000,16623.641,False,"2029-10-10 19:53:41 UTC","375d, 00:00:00"
939628421.053,32832000,16090.863,False,"2029-10-10 19:53:41 UTC","380d, 00:00:00"
939628421.053,33264000,15572.664,False,"2029-10-10 19:53:41 UTC","385d, 00:00:00"
939628421.053,33696000,15069.444,False,"2029-10-10 19:53:41 UTC","390d, 00:00:00"
939628421.053,34128000,14581.6,False,"2029-10-10 19:53:41 UTC","395d, 00:00:00"
939628421.053,34560000,14109.547,False,"2029-10-10 19:53:41 UTC","400d, 00:00:00"
939628421.053,34992000,13653.754,False,"2029-10-10 19:53:41 UTC","405d, 00:00:00"
939628421.053,35424000,13214.818,False,"2029-10-10 19:53:41 UTC","410d, 00:00:00"
939628421.053,35856000,12793.604,False,"2029-10-10 19:53:41 UTC","415d, 00:00:00"
939628421.053,36288000,12391.561,False,"2029-10-10 19:53:41 UTC","420d, 00:00:00"
939628421.053,36720000,12011.44,False,"2029-10-10 19:53:41 UTC","425d, 00:00:00"
939628421.053,37152000,11659.225,False,"2029-10-10 19:53:41 UTC","430d, 00:00:00"
939628421.053,37584000,11350.123,False,"2029-10-10 19:53:41 UTC","435d, 00:00:00"
939628421.053,38016000,11132.042,False,"2029-10-10 19:53:41 UTC","440d, 00:00:00"
939628421.053,38448000,11218.079,False,"2029-10-10 19:53:41 UTC","445d, 00:00:00"
939628421.053,38880000,13470.286,False,"2029-10-10 19:53:41 UTC","450d, 00:00:00"
939628421.053,39312000,22938.503,True,"2029-10-10 19:53:41 UTC","455d, 00:00:00"
939628421.053,39744000,11457.937,True,"2029-10-10 19:53:41 UTC","460d, 00:00:00"
939628421.053,40176000,10089.785,True,"2029-10-10 19:53:41 UTC","465d, 00:00:00"
939628421.053,40608000,9541.207,True,"2029-10-10 19:53:41 UTC","470d, 00:00:00"
939628421.053,41040000,9186.086,True,"2029-10-10 19:53:41 UTC","475d, 00:00:00"
939628421.053,41472000,8908.509,True,"2029-10-10 19:53:41 UTC","480d, 00:00:00"
939628421.053,41904000,8674.458,True,"2029-10-10 19:53:41 UTC","485d, 00:00:00"
939628421.053,42336000,8471.09,True,"2029-10-10 19:53:41 UTC","490d, 00:00:00"
939628421.053,42768000,8292.783,True,"2029-10-10 19:53:41 UTC","495d, 00:00:00"
939628421.053,43200000,8136.898,True,"2029-10-10 19:53:41 UTC","500d, 00:00:00"
941048336.842,10368000,18464.378,True,"2029-10-27 06:18:56 UTC","120d, 00:00:00"
941048336.842,10800000,17139.233,True,"2029-10-27 06:18:56 UTC","125d, 00:00:00"
941048336.842,11232000,15917.388,True,"2029-10-27 06:18:56 UTC","130d, 00:00:00"
941048336.842,11664000,14788.732,True,"2029-10-27 06:18:56 UTC","135d, 00:00:00"
941048336.842,12096000,13745.006,True,"2029-10-27 06:18:56 UTC","140d, 00:00:00"
941048336.842,12528000,12779.522,True,"2029-10-27 06:18:56 UTC","145d, 00:00:00"
941048336.842,12960000,11886.997,True,"2029-10-27 06:18:56 UTC","150d, 00:00:00"
941048336.842,13392000,11063.444,True,"2029-10-27 06:18:56 UTC","155d, 00:00:00"
941048336.842,13824000,10306.131,True,"2029-10-27 06:18:56 UTC","160d, 00:00:00"
941048336.842,14256000,9613.59,True,"2029-10-27 06:18:56 UTC","165d, 00:00:00"
941048336.842,14688000,8985.669,True,"2029-10-27 06:18:56 UTC","170d, 00:00:00"
941048336.842,15120000,8423.639,True,"2029-10-27 06:18:56 UTC","175d, 00:00:00"
941048336.842,15552000,7930.336,True,"2029-10-27 06:18:56 UTC","180d, 00:00:00"
941048336.842,15984000,7510.347,True,"2029-10-27 06:18:56 UTC","185d, 00:00:00"
941048336.842,16416000,7170.23,True,"2029-10-27 06:18:56 UTC","190d, 00:00:00"
941048336.842,16848000,6918.744,True,"2029-10-27 06:18:56 UTC","195d, 00:00:00"
941048336.842,17280000,6767.099,True,"2029-10-27 06:18:56 UTC","200d, 00:00:00"
941048336.842,17712000,6729.231,True,"2029-10-27 06:18:56 UTC","205d, 00:00:00"
941048336.842,18144000,6822.163,True,"2029-10-27 06:18:56 UTC","210d, 00:00:00"
941048336.842,18576000,7066.624,True,"2029-10-27 06:18:56 UTC","215d, 00:00:00"
941048336.842,19008000,7488.168,True,"2029-10-27 06:18:56 UTC","220d, 00:00:00"
941048336.842,19440000,8119.156,True,"2029-10-27 06:18:56 UTC","225d, 00:00:00"
941048336.842,19872000,9001.892,True,"2029-10-27 06:18:56 UTC","230d, 00:00:00"
941048336.842,20304000,10192.995,True,"2029-10-27 06:18:56 UTC","235d, 00:00:00"
941048336.842,20736000,11768.218,True,"2029-10-27 06:18:56 UTC","240d, 00:00:00"
941048336.842,21168000,13824.248,True,"2029-10-27 06:18:56 UTC","245d, 00:00:00"
941048336.842,21600000,16466.927,True,"2029-10-27 06:18:56 UTC","250d, 00:00:00"
941048336.842,22032000,19761.993,True,"2029-10-27 06:18:56 UTC","255d, 00:00:00"
941048336.842,22464000,23622.644,True,"2029-10-27 06:18:56 UTC","260d, 00:00:00"
941048336.842,22896000,27689.651,True,"2029-10-27 06:18:56 UTC","265d, 00:00:00"
941048336.842,23328000,29407.137,False,"2029-10-27 06:18:56 UTC","270d, 00:00:00"
941048336.842,23760000,28690.41,False,"2029-10-27 06:18:56 UTC","275d, 00:00:00"
941048336.842,24192000,27975.452,False,"2029-10-27 06:18:56 UTC","280d, 00:00:00"
941048336.842,24624000,27263.085,False,"2029-10-27 06:18:56 UTC","285d, 00:00:00"
941048336.842,25056000,26554.133,False,"2029-10-27 06:18:56 UTC","290d, 00:00:00"
941048336.842,25488000,25849.415,False,"2029-10-27 06:18:56 UTC","295d, 00:00:00"
941048336.842,25920000,25149.743,False,"2029-10-27 06:18:56 UTC","300d, 00:00:00"
941048336.842,26352000,24455.921,False,"2029-10-27 06:18:56 UTC","305d, 00:00:00"
941048336.842,26784000,23768.741,False,"2029-10-27 06:18:56 UTC","310d, 00:00:00"
941048336.842,27216000,23088.977,False,"2029-10-27 06:18:56 UTC","315d, 00:00:00"
941048336.842,27648000,22417.39,False,"2029-10-27 06:18:56 UTC","320d, 00:00:00"
941048336.842,28080000,21754.717,False,"2029-10-27 06:18:56 UTC","325d, 00:00:00"
941048336.842,28512000,21101.674,False,"2029-10-27 06:18:56 UTC","330d, 00:00:00"
941048336.842,28944000,20458.952,False,"2029-10-27 06:18:56 UTC","335d, 00:00:00"
941048336.842,29376000,19827.216,False,"2029-10-27 06:18:56 UTC","340d, 00:00:00"
941048336.842,29808000,19207.102,False,"2029-10-27 06:18:56 UTC","345d, 00:00:00"
941048336.842,30240000,18599.215,False,"2029-10-27 06:18:56 UTC","350d, 00:00:00"
941048336.842,30672000,18004.133,False,"2029-10-27 06:18:56 UTC","355d, 00:00:00"
941048336.842,31104000,17422.399,False,"2029-10-27 06:18:56 UTC","360d, 00:00:00"
941048336.842,31536000,16854.529,False,"2029-10-27 06:18:56 UTC","365d, 00:00:00"
941048336.842,31968000,16301.011,False,"2029-10-27 06:18:56 UTC","370d, 00:00:00"
941048336.842,32400000,15762.309,False,"2029-10-27 06:18:56 UTC","375d, 00:00:00"
941048336.842,32832000,15238.87,False,"2029-10-27 06:18:56 UTC","380d, 00:00:00"
941048336.842,33264000,14731.136,False,"2029-10-27 06:18:56 UTC","385d, 00:00:00"
941048336.842,33696000,14239.567,False,"2029-10-27 06:18:56 UTC","390d, 00:00:00"
941048336.842,34128000,13764.673,False,"2029-10-27 06:18:56 UTC","395d, 00:00:00"
941048336.842,34560000,13307.082,False,"2029-10-27 06:18:56 UTC","400d, 00:00:00"
941048336.842,34992000,12867.663,False,"2029-10-27 06:18:56 UTC","405d, 00:00:00"
941048336.842,35424000,12447.769,False,"2029-10-27 06:18:56 UTC","410d, 00:00:00"
941048336.842,35856000,12049.792,False,"2029-10-27 06:18:56 UTC","415d, 00:00:00"
941048336.842,36288000,11678.467,False,"2029-10-27 06:18:56 UTC","420d, 00:00:00"
941048336.842,36720000,11344.495,False,"2029-10-27 06:18:56 UTC","425d, 00:00:00"
941048336.842,37152000,11076.413,False,"2029-10-27 06:18:56 UTC","430d, 00:00:00"
941048336.842,37584000,10971.095,False,"2029-10-27 06:18:56 UTC","435d, 00:00:00"
941048336.842,38016000,11522.158,False,"2029-10-27 06:18:56 UTC","440d, 00:00:00"
941048336.842,38448000,18388.298,False,"2029-10-27 06:18:56 UTC","445d, 00:00:00"
941048336.842,38880000,15849.532,True,"2029-10-27 06:18:56 UTC","450d, 00:00:00"
941048336.842,39312000,10711.6,True,"2029-10-27 06:18:56 UTC","455d, 00:00:00"
941048336.842,39744000,9658.19,True,"2029-10-27 06:18:56 UTC","460d, 00:00:00"
941048336.842,40176000,9154.023,True,"2029-10-27 06:18:56 UTC","465d, 00:00:00"
941048336.842,40608000,8808.886,True,"2029-10-27 06:18:56 UTC","470d, 00:00:00"
941048336.842,41040000,8534.297,True,"2029-10-27 06:18:56 UTC","475d, 00:00:00"
941048336.842,41472000,8301.494,True,"2029-10-27 06:18:56 UTC","480d, 00:00:00"
941048336.842,41904000,8098.937,True,"2029-10-27 06:18:56 UTC","485d, 00:00:00"
941048336.842,42336000,7921.371,True,"2029-10-27 06:18:56 UTC","490d, 00:00:00"
941048336.842,42768000,7766.259,True,"2029-10-27 06:18:56 UTC","495d, 00:00:00"
941048336.842,43200000,7632.425,True,"2029-10-27 06:18:56 UTC","500d, 00:00:00"
942468252.632,10368000,18798.395,True,"2029-11-12 16:44:12 UTC","120d, 00:00:00"
942468252.632,10800000,17457.634,True,"2029-11-12 16:44:12 UTC","125d, 00:00:00"
942468252.632,11232000,16221.405,True,"2029-11-12 16:44:12 UTC","130d, 00:00:00"
942468252.632,11664000,15079.603,True,"2029-11-12 16:44:12 UTC","135d, 00:00:00"
942468252.632,12096000,14023.943,True,"2029-11-12 16:44:12 UTC","140d, 00:00:00"
942468252.632,12528000,13047.732,True,"2029-11-12 16:44:12 UTC","145d, 00:00:00"
942468252.632,12960000,12145.729,True,"2029-11-12 16:44:12 UTC","150d, 00:00:00"
942468252.632,13392000,11314.06,True,"2029-11-12 16:44:12 UTC","155d, 00:00:00"
942468252.632,13824000,10550.202,True,"2029-11-12 16:44:12 UTC","160d, 00:00:00"
942468252.632,14256000,9853.023,True,"2029-11-12 16:44:12 UTC","165d, 00:00:00"
942468252.632,14688000,9222.878,True,"2029-11-12 16:44:12 UTC","170d, 00:00:00"
942468252.632,15120000,8661.767,True,"2029-11-12 16:44:12 UTC","175d, 00:00:00"
942468252.632,15552000,8173.55,True,"2029-11-12 16:44:12 UTC","180d, 00:00:00"
942468252.632,15984000,7764.222,True,"2029-11-12 16:44:12 UTC","185d, 00:00:00"
942468252.632,16416000,7442.248,True,"2029-11-12 16:44:12 UTC","190d, 00:00:00"
942468252.632,16848000,7218.927,True,"2029-11-12 16:44:12 UTC","195d, 00:00:00"
942468252.632,17280000,7108.816,True,"2029-11-12 16:44:12 UTC","200d, 00:00:00"
942468252.632,17712000,7130.237,True,"2029-11-12 16:44:12 UTC","205d, 00:00:00"
942468252.632,18144000,7305.991,True,"2029-11-12 16:44:12 UTC","210d, 00:00:00"
942468252.632,18576000,7664.546,True,"2029-11-12 16:44:12 UTC","215d, 00:00:00"
942468252.632,19008000,8242.057,True,"2029-11-12 16:44:12 UTC","220d, 00:00:00"
942468252.632,19440000,9085.65,True,"2029-11-12 16:44:12 UTC","225d, 00:00:00"
942468252.632,19872000,10258.152,True,"2029-11-12 16:44:12 UTC","230d, 00:00:00"
942468252.632,20304000,11843.446,True,"2029-11-12 16:44:12 UTC","235d, 00:00:00"
942468252.632,20736000,13948.401,True,"2029-11-12 16:44:12 UTC","240d, 00:00:00"
942468252.632,21168000,16688.45,True,"2029-11-12 16:44:12 UTC","245d, 00:00:00"
942468252.632,21600000,20127.626,True,"2029-11-12 16:44:12 UTC","250d, 00:00:00"
942468252.632,22032000,24145.299,True,"2029-11-12 16:44:12 UTC","255d, 00:00:00"
942468252.632,22464000,29980.133,False,"2029-11-12 16:44:12 UTC","260d, 00:00:00"
942468252.632,22896000,29244.408,False,"2029-11-12 16:44:12 UTC","265d, 00:00:00"
942468252.632,23328000,28510.194,False,"2029-11-12 16:44:12 UTC","270d, 00:00:00"
942468252.632,23760000,27778.301,False,"2029-11-12 16:44:12 UTC","275d, 00:00:00"
942468252.632,24192000,27049.545,False,"2029-11-12 16:44:12 UTC","280d, 00:00:00"
942468252.632,24624000,26324.748,False,"2029-11-12 16:44:12 UTC","285d, 00:00:00"
942468252.632,25056000,25604.732,False,"2029-11-12 16:44:12 UTC","290d, 00:00:00"
942468252.632,25488000,24890.313,False,"2029-11-12 16:44:12 UTC","295d, 00:00:00"
942468252.632,25920000,24182.303,False,"2029-11-12 16:44:12 UTC","300d, 00:00:00"
942468252.632,26352000,23481.503,False,"2029-11-12 16:44:12 UTC","305d, 00:00:00"
942468252.632,26784000,22788.699,False,"2029-11-12 16:44:12 UTC","310d, 00:00:00"
942468252.632,27216000,22104.665,False,"2029-11-12 16:44:12 UTC","315d, 00:00:00"
942468252.632,27648000,21430.15,False,"2029-11-12 16:44:12 UTC","320d, 00:00:00"
942468252.632,28080000,20765.885,False,"2029-11-12 16:44:12 UTC","325d, 00:00:00"
942468252.632,28512000,20112.576,False,"2029-11-12 16:44:12 UTC","330d, 00:00:00"
942468252.632,28944000,19470.9,False,"2029-11-12 16:44:12 UTC","335d, 00:00:00"
942468252.632,29376000,18841.509,False,"2029-11-12 16:44:12 UTC","340d, 00:00:00"
942468252.632,29808000,18225.021,False,"2029-11-12 16:44:12 UTC","345d, 00:00:00"
942468252.632,30240000,17622.029,False,"2029-11-12 16:44:12 UTC","350d, 00:00:00"
942468252.632,30672000,17033.09,False,"2029-11-12 16:44:12 UTC","355d, 00:00:00"
942468252.632,31104000,16458.738,False,"2029-11-12 16:44:12 UTC","360d, 00:00:00"
942468252.632,31536000,15899.478,False,"2029-11-12 16:44:12 UTC","365d, 00:00:00"
942468252.632,31968000,15355.8,False,"2029-11-12 16:44:12 UTC","370d, 00:00:00"
942468252.632,32400000,14828.185,False,"2029-11-12 16:44:12 UTC","375d, 00:00:00"
942468252.632,32832000,14317.124,False,"2029-11-12 16:44:12 UTC","380d, 00:00:00"
942468252.632,33264000,13823.151,False,"2029-11-12 16:44:12 UTC","385d, 00:00:00"
942468252.632,33696000,13346.897,False,"2029-11-12 16:44:12 UTC","390d, 00:00:00"
942468252.632,34128000,12889.188,False,"2029-11-12 16:44:12 UTC","395d, 00:00:00"
942468252.632,34560000,12451.233,False,"2029-11-12 16:44:12 UTC","400d, 00:00:00"
942468252.632,34992000,12035.016,False,"2029-11-12 16:44:12 UTC","405d, 00:00:00"
942468252.632,35424000,11644.16,False,"2029-11-12 16:44:12 UTC","410d, 00:00:00"
942468252.632,35856000,11286.07,False,"2029-11-12 16:44:12 UTC","415d, 00:00:00"
942468252.632,36288000,10978.051,False,"2029-11-12 16:44:12 UTC","420d, 00:00:00"
942468252.632,36720000,10768.438,False,"2029-11-12 16:44:12 UTC","425d, 00:00:00"
942468252.632,37152000,10834.2,False,"2029-11-12 16:44:12 UTC","430d, 00:00:00"
942468252.632,37584000,12212.339,False,"2029-11-12 16:44:12 UTC","435d, 00:00:00"
942468252.632,38016000,28802.634,False,"2029-11-12 16:44:12 UTC","440d, 00:00:00"
942468252.632,38448000,13111.146,True,"2029-11-12 16:44:12 UTC","445d, 00:00:00"
942468252.632,38880000,10035.893,True,"2029-11-12 16:44:12 UTC","450d, 00:00:00"
942468252.632,39312000,9165.334,True,"2029-11-12 16:44:12 UTC","455d, 00:00:00"
942468252.632,39744000,8698.401,True,"2029-11-12 16:44:12 UTC","460d, 00:00:00"
942468252.632,40176000,8365.643,True,"2029-11-12 16:44:12 UTC","465d, 00:00:00"
942468252.632,40608000,8097.123,True,"2029-11-12 16:44:12 UTC","470d, 00:00:00"
942468252.632,41040000,7868.37,True,"2029-11-12 16:44:12 UTC","475d, 00:00:00"
942468252.632,41472000,7669.111,True,"2029-11-12 16:44:12 UTC","480d, 00:00:00"
942468252.632,41904000,7494.527,True,"2029-11-12 16:44:12 UTC","485d, 00:00:00"
942468252.632,42336000,7342.243,True,"2029-11-12 16:44:12 UTC","490d, 00:00:00"
942468252.632,42768000,7211.145,True,"2029-11-12 16:44:12 UTC","495d, 00:00:00"
942468252.632,43200000,7100.857,True,"2029-11-12 16:44:12 UTC","500d, 00:00:00"
943888168.421,10368000,19184.077,True,"2029-11-29 03:09:28 UTC","120d, 00:00:00"
943888168.421,10800000,17825.195,True,"2029-11-29 03:09:28 UTC","125d, 00:00:00"
943888168.421,11232000,16572.028,True,"2029-11-29 03:09:28 UTC","130d, 00:00:00"
943888168.421,11664000,15414.399,True,"2029-11-29 03:09:28 UTC","135d, 00:00:00"
943888168.421,12096000,14343.978,True,"2029-11-29 03:09:28 UTC","140d, 00:00:00"
943888168.421,12528000,13354.078,True,"2029-11-29 03:09:28 UTC","145d, 00:00:00"
943888168.421,12960000,12439.529,True,"2029-11-29 03:09:28 UTC","150d, 00:00:00"
943888168.421,13392000,11596.625,True,"2029-11-29 03:09:28 UTC","155d, 00:00:00"
943888168.421,13824000,10823.133,True,"2029-11-29 03:09:28 UTC","160d, 00:00:00"
943888168.421,14256000,10118.375,True,"2029-11-29 03:09:28 UTC","165d, 00:00:00"
943888168.421,14688000,9483.381,True,"2029-11-29 03:09:28 UTC","170d, 00:00:00"
943888168.421,15120000,8921.127,True,"2029-11-29 03:09:28 UTC","175d, 00:00:00"
943888168.421,15552000,8436.854,True,"2029-11-29 03:09:28 UTC","180d, 00:00:00"
943888168.421,15984000,8038.477,True,"2029-11-29 03:09:28 UTC","185d, 00:00:00"
943888168.421,16416000,7737.089,True,"2029-11-29 03:09:28 UTC","190d, 00:00:00"
943888168.421,16848000,7547.544,True,"2029-11-29 03:09:28 UTC","195d, 00:00:00"
943888168.421,17280000,7489.15,True,"2029-11-29 03:09:28 UTC","200d, 00:00:00"
943888168.421,17712000,7586.567,True,"2029-11-29 03:09:28 UTC","205d, 00:00:00"
943888168.421,18144000,7871.088,True,"2029-11-29 03:09:28 UTC","210d, 00:00:00"
943888168.421,18576000,8382.723,True,"2029-11-29 03:09:28 UTC","215d, 00:00:00"
943888168.421,19008000,9173.523,True,"2029-11-29 03:09:28 UTC","220d, 00:00:00"
943888168.421,19440000,10312.479,True,"2029-11-29 03:09:28 UTC","225d, 00:00:00"
943888168.421,19872000,11891.165,True,"2029-11-29 03:09:28 UTC","230d, 00:00:00"
943888168.421,20304000,14025.466,True,"2029-11-29 03:09:28 UTC","235d, 00:00:00"
943888168.421,20736000,16838.226,True,"2029-11-29 03:09:28 UTC","240d, 00:00:00"
943888168.421,21168000,20388.675,True,"2029-11-29 03:09:28 UTC","245d, 00:00:00"
943888168.421,21600000,24521.123,True,"2029-11-29 03:09:28 UTC","250d, 00:00:00"
943888168.421,22032000,29743.623,False,"2029-11-29 03:09:28 UTC","255d, 00:00:00"
943888168.421,22464000,28989.127,False,"2029-11-29 03:09:28 UTC","260d, 00:00:00"
943888168.421,22896000,28236.8,False,"2029-11-29 03:09:28 UTC","265d, 00:00:00"
943888168.421,23328000,27487.444,False,"2029-11-29 03:09:28 UTC","270d, 00:00:00"
943888168.421,23760000,26741.87,False,"2029-11-29 03:09:28 UTC","275d, 00:00:00"
943888168.421,24192000,26000.901,False,"2029-11-29 03:09:28 UTC","280d, 00:00:00"
943888168.421,24624000,25265.363,False,"2029-11-29 03:09:28 UTC","285d, 00:00:00"
943888168.421,25056000,24536.079,False,"2029-11-29 03:09:28 UTC","290d, 00:00:00"
943888168.421,25488000,23813.871,False,"2029-11-29 03:09:28 UTC","295d, 00:00:00"
943888168.421,25920000,23099.55,False,"2029-11-29 03:09:28 UTC","300d, 00:00:00"
943888168.421,26352000,22393.919,False,"2029-11-29 03:09:28 UTC","305d, 00:00:00"
943888168.421,26784000,21697.761,False,"2029-11-29 03:09:28 UTC","310d, 00:00:00"
943888168.421,27216000,21011.843,False,"2029-11-29 03:09:28 UTC","315d, 00:00:00"
943888168.421,27648000,20336.909,False,"2029-11-29 03:09:28 UTC","320d, 00:00:00"
943888168.421,28080000,19673.68,False,"2029-11-29 03:09:28 UTC","325d, 00:00:00"
943888168.421,28512000,19022.847,False,"2029-11-29 03:09:28 UTC","330d, 00:00:00"
943888168.421,28944000,18385.075,False,"2029-11-29 03:09:28 UTC","335d, 00:00:00"
943888168.421,29376000,17760.996,False,"2029-11-29 03:09:28 UTC","340d, 00:00:00"
943888168.421,29808000,17151.213,False,"2029-11-29 03:09:28 UTC","345d, 00:00:00"
943888168.421,30240000,16556.3,False,"2029-11-29 03:09:28 UTC","350d, 00:00:00"
943888168.421,30672000,15976.802,False,"2029-11-29 03:09:28 UTC","355d, 00:00:00"
943888168.421,31104000,15413.245,False,"2029-11-29 03:09:28 UTC","360d, 00:00:00"
943888168.421,31536000,14866.139,False,"2029-11-29 03:09:28 UTC","365d, 00:00:00"
943888168.421,31968000,14336,False,"2029-11-29 03:09:28 UTC","370d, 00:00:00"
943888168.421,32400000,13823.369,False,"2029-11-29 03:09:28 UTC","375d, 00:00:00"
943888168.421,32832000,13328.862,False,"2029-11-29 03:09:28 UTC","380d, 00:00:00"
943888168.421,33264000,12853.238,False,"2029-11-29 03:09:28 UTC","385d, 00:00:00"
943888168.421,33696000,12397.542,False,"2029-11-29 03:09:28 UTC","390d, 00:00:00"
943888168.421,34128000,11963.371,False,"2029-11-29 03:09:28 UTC","395d, 00:00:00"
943888168.421,34560000,11553.43,False,"2029-11-29 03:09:28 UTC","400d, 00:00:00"
943888168.421,34992000,11172.786,False,"2029-11-29 03:09:28 UTC","405d, 00:00:00"
943888168.421,35424000,10832.07,False,"2029-11-29 03:09:28 UTC","410d, 00:00:00"
943888168.421,35856000,10556.887,False,"2029-11-29 03:09:28 UTC","415d, 00:00:00"
943888168.421,36288000,10422.083,False,"2029-11-29 03:09:28 UTC","420d, 00:00:00"
943888168.421,36720000,10723.239,False,"2029-11-29 03:09:28 UTC","425d, 00:00:00"
943888168.421,37152000,13462.346,False,"2029-11-29 03:09:28 UTC","430d, 00:00:00"
943888168.421,37584000,28254.212,True,"2029-11-29 03:09:28 UTC","435d, 00:00:00"
943888168.421,38016000,11481.753,True,"2029-11-29 03:09:28 UTC","440d, 00:00:00"
943888168.421,38448000,9352.169,True,"2029-11-29 03:09:28 UTC","445d, 00:00:00"
943888168.421,38880000,8611.15,True,"2029-11-29 03:09:28 UTC","450d, 00:00:00"
943888168.421,39312000,8180.358,True,"2029-11-29 03:09:28 UTC","455d, 00:00:00"
943888168.421,39744000,7863.626,True,"2029-11-29 03:09:28 UTC","460d, 00:00:00"
943888168.421,40176000,7604.969,True,"2029-11-29 03:09:28 UTC","465d, 00:00:00"
943888168.421,40608000,7383.711,True,"2029-11-29 03:09:28 UTC","470d, 00:00:00"
943888168.421,41040000,7190.868,True,"2029-11-29 03:09:28 UTC","475d, 00:00:00"
943888168.421,41472000,7022.132,True,"2029-11-29 03:09:28 UTC","480d, 00:00:00"
943888168.421,41904000,6875.354,True,"2029-11-29 03:09:28 UTC","485d, 00:00:00"
943888168.421,42336000,6749.523,True,"2029-11-29 03:09:28 UTC","490d, 00:00:00"
943888168.421,42768000,6644.315,True,"2029-11-29 03:09:28 UTC","495d, 00:00:00"
943888168.421,43200000,6559.888,True,"2029-11-29 03:09:28 UTC","500d, 00:00:00"
945308084.211,10368000,19608.923,True,"2029-12-15 13:34:44 UTC","120d, 00:00:00"
945308084.211,10800000,18228.722,True,"2029-12-15 13:34:44 UTC","125d, 00:00:00"
945308084.211,11232000,16955.371,True,"2029-12-15 13:34:44 UTC","130d, 00:00:00"
945308084.211,11664000,15778.608,True,"2029-12-15 13:34:44 UTC","135d, 00:00:00"
945308084.211,12096000,14690.073,True,"2029-12-15 13:34:44 UTC","140d, 00:00:00"
945308084.211,12528000,13683.118,True,"2029-12-15 13:34:44 UTC","145d, 00:00:00"
945308084.211,12960000,12752.706,True,"2029-12-15 13:34:44 UTC","150d, 00:00:00"
945308084.211,13392000,11895.383,True,"2029-12-15 13:34:44 UTC","155d, 00:00:00"
945308084.211,13824000,11109.329,True,"2029-12-15 13:34:44 UTC","160d, 00:00:00"
945308084.211,14256000,10394.502,True,"2029-12-15 13:34:44 UTC","165d, 00:00:00"
945308084.211,14688000,9752.87,True,"2029-12-15 13:34:44 UTC","170d, 00:00:00"
945308084.211,15120000,9188.77,True,"2029-12-15 13:34:44 UTC","175d, 00:00:00"
945308084.211,15552000,8709.374,True,"2029-12-15 13:34:44 UTC","180d, 00:00:00"
945308084.211,15984000,8325.311,True,"2029-12-15 13:34:44 UTC","185d, 00:00:00"
945308084.211,16416000,8051.42,True,"2029-12-15 13:34:44 UTC","190d, 00:00:00"
945308084.211,16848000,7907.668,True,"2029-12-15 13:34:44 UTC","195d, 00:00:00"
945308084.211,17280000,7920.278,True,"2029-12-15 13:34:44 UTC","200d, 00:00:00"
945308084.211,17712000,8123.208,True,"2029-12-15 13:34:44 UTC","205d, 00:00:00"
945308084.211,18144000,8560.313,True,"2029-12-15 13:34:44 UTC","210d, 00:00:00"
945308084.211,18576000,9288.667,True,"2029-12-15 13:34:44 UTC","215d, 00:00:00"
945308084.211,19008000,10383.402,True,"2029-12-15 13:34:44 UTC","220d, 00:00:00"
945308084.211,19440000,11943.208,True,"2029-12-15 13:34:44 UTC","225d, 00:00:00"
945308084.211,19872000,14091.284,True,"2029-12-15 13:34:44 UTC","230d, 00:00:00"
945308084.211,20304000,16954.345,True,"2029-12-15 13:34:44 UTC","235d, 00:00:00"
945308084.211,20736000,20581.723,True,"2029-12-15 13:34:44 UTC","240d, 00:00:00"
945308084.211,21168000,24780.999,True,"2029-12-15 13:34:44 UTC","245d, 00:00:00"
945308084.211,21600000,29402.533,False,"2029-12-15 13:34:44 UTC","250d, 00:00:00"
945308084.211,22032000,28628.797,False,"2029-12-15 13:34:44 UTC","255d, 00:00:00"
945308084.211,22464000,27858.019,False,"2029-12-15 13:34:44 UTC","260d, 00:00:00"
945308084.211,22896000,27090.994,False,"2029-12-15 13:34:44 UTC","265d, 00:00:00"
945308084.211,23328000,26328.529,False,"2029-12-15 13:34:44 UTC","270d, 00:00:00"
945308084.211,23760000,25571.448,False,"2029-12-15 13:34:44 UTC","275d, 00:00:00"
945308084.211,24192000,24820.581,False,"2029-12-15 13:34:44 UTC","280d, 00:00:00"
945308084.211,24624000,24076.759,False,"2029-12-15 13:34:44 UTC","285d, 00:00:00"
945308084.211,25056000,23340.815,False,"2029-12-15 13:34:44 UTC","290d, 00:00:00"
945308084.211,25488000,22613.572,False,"2029-12-15 13:34:44 UTC","295d, 00:00:00"
945308084.211,25920000,21895.844,False,"2029-12-15 13:34:44 UTC","300d, 00:00:00"
945308084.211,26352000,21188.429,False,"2029-12-15 13:34:44 UTC","305d, 00:00:00"
945308084.211,26784000,20492.107,False,"2029-12-15 13:34:44 UTC","310d, 00:00:00"
945308084.211,27216000,19807.635,False,"2029-12-15 13:34:44 UTC","315d, 00:00:00"
945308084.211,27648000,19135.744,False,"2029-12-15 13:34:44 UTC","320d, 00:00:00"
945308084.211,28080000,18477.139,False,"2029-12-15 13:34:44 UTC","325d, 00:00:00"
945308084.211,28512000,17832.493,False,"2029-12-15 13:34:44 UTC","330d, 00:00:00"
945308084.211,28944000,17202.447,False,"2029-12-15 13:34:44 UTC","335d, 00:00:00"
945308084.211,29376000,16587.613,False,"2029-12-15 13:34:44 UTC","340d, 00:00:00"
945308084.211,29808000,15988.571,False,"2029-12-15 13:34:44 UTC","345d, 00:00:00"
945308084.211,30240000,15405.877,False,"2029-12-15 13:34:44 UTC","350d, 00:00:00"
945308084.211,30672000,14840.065,False,"2029-12-15 13:34:44 UTC","355d, 00:00:00"
945308084.211,31104000,14291.665,False,"2029-12-15 13:34:44 UTC","360d, 00:00:00"
945308084.211,31536000,13761.217,False,"2029-12-15 13:34:44 UTC","365d, 00:00:00"
945308084.211,31968000,13249.309,False,"2029-12-15 13:34:44 UTC","370d, 00:00:00"
945308084.211,32400000,12756.624,False,"2029-12-15 13:34:44 UTC","375d, 00:00:00"
945308084.211,32832000,12284.048,False,"2029-12-15 13:34:44 UTC","380d, 00:00:00"
945308084.211,33264000,11832.84,False,"2029-12-15 13:34:44 UTC","385d, 00:00:00"
945308084.211,33696000,11404.982,False,"2029-12-15 13:34:44 UTC","390d, 00:00:00"
945308084.211,34128000,11003.914,False,"2029-12-15 13:34:44 UTC","395d, 00:00:00"
945308084.211,34560000,10636.223,False,"2029-12-15 13:34:44 UTC","400d, 00:00:00"
945308084.211,34992000,10316.028,False,"2029-12-15 13:34:44 UTC","405d, 00:00:00"
945308084.211,35424000,10078.358,False,"2029-12-15 13:34:44 UTC","410d, 00:00:00"
945308084.211,35856000,10030.315,False,"2029-12-15 13:34:44 UTC","415d, 00:00:00"
945308084.211,36288000,10629.387,False,"2029-12-15 13:34:44 UTC","420d, 00:00:00"
945308084.211,36720000,15511.803,False,"2029-12-15 13:34:44 UTC","425d, 00:00:00"
945308084.211,37152000,19796.585,True,"2029-12-15 13:34:44 UTC","430d, 00:00:00"
945308084.211,37584000,10211.763,True,"2029-12-15 13:34:44 UTC","435d, 00:00:00"
945308084.211,38016000,8636.848,True,"2029-12-15 13:34:44 UTC","440d, 00:00:00"
945308084.211,38448000,8002.816,True,"2029-12-15 13:34:44 UTC","445d, 00:00:00"
945308084.211,38880000,7610.429,True,"2029-12-15 13:34:44 UTC","450d, 00:00:00"
945308084.211,39312000,7314.247,True,"2029-12-15 13:34:44 UTC","455d, 00:00:00"
945308084.211,39744000,7069.796,True,"2029-12-15 13:34:44 UTC","460d, 00:00:00"
945308084.211,40176000,6859.969,True,"2029-12-15 13:34:44 UTC","465d, 00:00:00"
945308084.211,40608000,6677.142,True,"2029-12-15 13:34:44 UTC","470d, 00:00:00"
945308084.211,41040000,6517.599,True,"2029-12-15 13:34:44 UTC","475d, 00:00:00"
945308084.211,41472000,6379.479,True,"2029-12-15 13:34:44 UTC","480d, 00:00:00"
945308084.211,41904000,6261.916,True,"2029-12-15 13:34:44 UTC","485d, 00:00:00"
945308084.211,42336000,6164.664,True,"2029-12-15 13:34:44 UTC","490d, 00:00:00"
945308084.211,42768000,6087.922,True,"2029-12-15 13:34:44 UTC","495d, 00:00:00"
945308084.211,43200000,6032.266,True,"2029-12-15 13:34:44 UTC","500d, 00:00:00"
946728000,10368000,20054.522,True,"2030-01-01 00:00:00 UTC","120d, 00:00:00"
946728000,10800000,18649.437,True,"2030-01-01 00:00:00 UTC","125d, 00:00:00"
946728000,11232000,17352.349,True,"2030-01-01 00:00:00 UTC","130d, 00:00:00"
946728000,11664000,16152.931,True,"2030-01-01 00:00:00 UTC","135d, 00:00:00"
946728000,12096000,15042.832,True,"2030-01-01 00:00:00 UTC","140d, 00:00:00"
946728000,12528000,14015.509,True,"2030-01-01 00:00:00 UTC","145d, 00:00:00"
946728000,12960000,13066.148,True,"2030-01-01 00:00:00 UTC","150d, 00:00:00"
946728000,13392000,12191.681,True,"2030-01-01 00:00:00 UTC","155d, 00:00:00"
946728000,13824000,11390.9,True,"2030-01-01 00:00:00 UTC","160d, 00:00:00"
946728000,14256000,10664.685,True,"2030-01-01 00:00:00 UTC","165d, 00:00:00"
946728000,14688000,10016.364,True,"2030-01-01 00:00:00 UTC","170d, 00:00:00"
946728000,15120000,9452.238,True,"2030-01-01 00:00:00 UTC","175d, 00:00:00"
946728000,15552000,8982.295,True,"2030-01-01 00:00:00 UTC","180d, 00:00:00"
946728000,15984000,8621.122,True,"2030-01-01 00:00:00 UTC","185d, 00:00:00"
946728000,16416000,8389.065,True,"2030-01-01 00:00:00 UTC","190d, 00:00:00"
946728000,16848000,8313.636,True,"2030-01-01 00:00:00 UTC","195d, 00:00:00"
946728000,17280000,8431.267,True,"2030-01-01 00:00:00 UTC","200d, 00:00:00"
946728000,17712000,8789.635,True,"2030-01-01 00:00:00 UTC","205d, 00:00:00"
946728000,18144000,9450.945,True,"2030-01-01 00:00:00 UTC","210d, 00:00:00"
946728000,18576000,10496.474,True,"2030-01-01 00:00:00 UTC","215d, 00:00:00"
946728000,19008000,12031.406,True,"2030-01-01 00:00:00 UTC","220d, 00:00:00"
946728000,19440000,14184.039,True,"2030-01-01 00:00:00 UTC","225d, 00:00:00"
946728000,19872000,17080,True,"2030-01-01 00:00:00 UTC","230d, 00:00:00"
946728000,20304000,20751.281,True,"2030-01-01 00:00:00 UTC","235d, 00:00:00"
946728000,20736000,24966.003,True,"2030-01-01 00:00:00 UTC","240d, 00:00:00"
946728000,21168000,28947.839,False,"2030-01-01 00:00:00 UTC","245d, 00:00:00"
946728000,21600000,28154.677,False,"2030-01-01 00:00:00 UTC","250d, 00:00:00"
946728000,22032000,27365.433,False,"2030-01-01 00:00:00 UTC","255d, 00:00:00"
946728000,22464000,26580.889,False,"2030-01-01 00:00:00 UTC","260d, 00:00:00"
946728000,22896000,25801.85,False,"2030-01-01 00:00:00 UTC","265d, 00:00:00"
946728000,23328000,25029.137,False,"2030-01-01 00:00:00 UTC","270d, 00:00:00"
946728000,23760000,24263.585,False,"2030-01-01 00:00:00 UTC","275d, 00:00:00"
946728000,24192000,23506.032,False,"2030-01-01 00:00:00 UTC","280d, 00:00:00"
946728000,24624000,22757.317,False,"2030-01-01 00:00:00 UTC","285d, 00:00:00"
946728000,25056000,22018.275,False,"2030-01-01 00:00:00 UTC","290d, 00:00:00"
946728000,25488000,21289.728,False,"2030-01-01 00:00:00 UTC","295d, 00:00:00"
946728000,25920000,20572.486,False,"2030-01-01 00:00:00 UTC","300d, 00:00:00"
946728000,26352000,19867.337,False,"2030-01-01 00:00:00 UTC","305d, 00:00:00"
946728000,26784000,19175.046,False,"2030-01-01 00:00:00 UTC","310d, 00:00:00"
946728000,27216000,18496.353,False,"2030-01-01 00:00:00 UTC","315d, 00:00:00"
946728000,27648000,17831.966,False,"2030-01-01 00:00:00 UTC","320d, 00:00:00"
946728000,28080000,17182.56,False,"2030-01-01 00:00:00 UTC","325d, 00:00:00"
946728000,28512000,16548.78,False,"2030-01-01 00:00:00 UTC","330d, 00:00:00"
946728000,28944000,15931.234,False,"2030-01-01 00:00:00 UTC","335d, 00:00:00"
946728000,29376000,15330.503,False,"2030-01-01 00:00:00 UTC","340d, 00:00:00"
946728000,29808000,14747.139,False,"2030-01-01 00:00:00 UTC","345d, 00:00:00"
946728000,30240000,14181.678,False,"2030-01-01 00:00:00 UTC","350d, 00:00:00"
946728000,30672000,13634.654,False,"2030-01-01 00:00:00 UTC","355d, 00:00:00"
946728000,31104000,13106.618,False,"2030-01-01 00:00:00 UTC","360d, 00:00:00"
946728000,31536000,12598.183,False,"2030-01-01 00:00:00 UTC","365d, 00:00:00"
946728000,31968000,12110.087,False,"2030-01-01 00:00:00 UTC","370d, 00:00:00"
946728000,32400000,11643.308,False,"2030-01-01 00:00:00 UTC","375d, 00:00:00"
946728000,32832000,11199.283,False,"2030-01-01 00:00:00 UTC","380d, 00:00:00"
946728000,33264000,10780.327,False,"2030-01-01 00:00:00 UTC","385d, 00:00:00"
946728000,33696000,10390.535,False,"2030-01-01 00:00:00 UTC","390d, 00:00:00"
946728000,34128000,10037.896,False,"2030-01-01 00:00:00 UTC","395d, 00:00:00"
946728000,34560000,9739.901,False,"2030-01-01 00:00:00 UTC","400d, 00:00:00"
946728000,34992000,9541.243,False,"2030-01-01 00:00:00 UTC","405d, 00:00:00"
946728000,35424000,9585.179,False,"2030-01-01 00:00:00 UTC","410d, 00:00:00"
946728000,35856000,10539.198,False,"2030-01-01 00:00:00 UTC","415d, 00:00:00"
946728000,36288000,18850.203,False,"2030-01-01 00:00:00 UTC","420d, 00:00:00"
946728000,36720000,14796.484,True,"2030-01-01 00:00:00 UTC","425d, 00:00:00"
946728000,37152000,9077.684,True,"2030-01-01 00:00:00 UTC","430d, 00:00:00"
946728000,37584000,7889.978,True,"2030-01-01 00:00:00 UTC","435d, 00:00:00"
946728000,38016000,7353.751,True,"2030-01-01 00:00:00 UTC","440d, 00:00:00"
946728000,38448000,7003.569,True,"2030-01-01 00:00:00 UTC","445d, 00:00:00"
946728000,38880000,6732.796,True,"2030-01-01 00:00:00 UTC","450d, 00:00:00"
946728000,39312000,6507.095,True,"2030-01-01 00:00:00 UTC","455d, 00:00:00"
946728000,39744000,6312.841,True,"2030-01-01 00:00:00 UTC","460d, 00:00:00"
946728000,40176000,6143.848,True,"2030-01-01 00:00:00 UTC","465d, 00:00:00"
946728000,40608000,5997.07,True,"2030-01-01 00:00:00 UTC","470d, 00:00:00"
946728000,41040000,5870.983,True,"2030-01-01 00:00:00 UTC","475d, 00:00:00"
946728000,41472000,5764.907,True,"2030-01-01 00:00:00 UTC","480d, 00:00:00"
946728000,41904000,5678.695,True,"2030-01-01 00:00:00 UTC","485d, 00:00:00"
946728000,42336000,5612.605,True,"2030-01-01 00:00:00 UTC","490d, 00:00:00"
946728000,42768000,5567.244,True,"2030-01-01 00:00:00 UTC","495d, 00:00:00"
946728000,43200000,5543.578,True,"2030-01-01 00:00:00 UTC","500d, 00:00:00"
